{
  "type": "FeatureCollection",
  "properties": {
    "purpose": "selection audit only; excluded points are not capacity resources",
    "reh_reference_max_distance_m": 500,
    "name_matching": "accent/case/separator normalization and documented aliases; no unrestricted fuzzy matching",
    "sources": {
      "uam": {
        "file": "scenario_horizontal_3000ft_expanded_displaced.csv",
        "sha256": "22a7773a304d67de1faf665f6ab0dca4aa2634df0feb120361ec443d39310ff1"
      },
      "reh": {
        "file": "CV_REH_XP_SAO_PAULO.xml",
        "sha256": "2e11d7bd59fafa426444132d2911ffae2b097de54da11e489bb48656fd59ef3b"
      }
    }
  },
  "features": [
    {
      "type": "Feature",
      "properties": {
        "resource_id": "UAM-WP-6539e95335dc013c62c7",
        "label": "ALCANTARA_MACHADO",
        "node_name": "ALCANTARA_MACHADO",
        "original_names": [
          "ALCANTARA_MACHADO"
        ],
        "normalized_name": "ALCANTARA_MACHADO",
        "network": "UAM",
        "criterion": "uam_named_waypoint",
        "network_degree": 3,
        "altitude_m": 1219.0,
        "vertical_intervals_m": [
          [
            1066.5,
            1371.5
          ]
        ],
        "altitude_status": "known_envelopes",
        "dimensions_m": [
          305.0,
          457.0
        ],
        "uam_route_ids": [
          "UAM002",
          "UAM004",
          "UAM021",
          "UAM023",
          "UAM033",
          "UAM035"
        ],
        "reh_resource_ids": [],
        "uam_route_labels": [
          "SBGR-VP-002 (Parallel 1)",
          "SBGR-VP-003 (Parallel 1)",
          "SBMT-VP-002 (Parallel 1)",
          "SBMT-VP-003 (Parallel 1)",
          "SBSP-SBGR (Parallel 2)",
          "SBSP-SBMT (Parallel 2)"
        ],
        "reh_labels": [],
        "status": "geometry_only_pending_recomputation",
        "method": "explicit_named_export_position",
        "name_group_id": "UAM:ALCANTARA_MACHADO",
        "name_position_count": 2,
        "name_position_ids": [
          "UAM-WP-6539e95335dc013c62c7",
          "UAM-WP-8ba3a2f86f6f972185f3"
        ],
        "grouping_rule": "name index only; exact coordinates/levels/dimensions remain independent; no analytical name total",
        "analysis_method_version": "reh-anchored-uam-junctions-v2",
        "distinct_edge_neighbors": [
          [
            -23.542081085594123,
            -46.621318761506515,
            1219.0,
            305.0,
            457.0
          ],
          [
            -23.544921516049907,
            -46.619454729019914,
            1219.0,
            305.0,
            457.0
          ],
          [
            -23.556416918805503,
            -46.61755958582767,
            1219.0,
            305.0,
            457.0
          ]
        ],
        "terminal_route_ids": [],
        "interior_route_ids": [
          "UAM002",
          "UAM004",
          "UAM021",
          "UAM023",
          "UAM033",
          "UAM035"
        ],
        "terminal_only": false,
        "reh_reference": {
          "resource_id": "REH-WP-0a627d59ccdba547fb36",
          "label": "Alcântara Machado",
          "horizontal_distance_m": 307.34405525993725,
          "max_distance_m": 500.0,
          "match_method": "normalized_exact_name",
          "coordinates": [
            -46.6113888899999,
            -23.5527777799999
          ]
        },
        "capacity_eligible": true,
        "selection_reasons": [],
        "selection_rule": "uam_degree_at_least_3_and_reh_reference_within_500m_and_nonterminal_use",
        "source": {
          "file": "scenario_horizontal_3000ft_expanded_displaced.csv",
          "sha256": "22a7773a304d67de1faf665f6ab0dca4aa2634df0feb120361ec443d39310ff1"
        }
      },
      "geometry": {
        "type": "Point",
        "coordinates": [
          -46.61439946562285,
          -23.552624774559753
        ]
      }
    },
    {
      "type": "Feature",
      "properties": {
        "resource_id": "UAM-WP-8ba3a2f86f6f972185f3",
        "label": "ALCANTARA_MACHADO",
        "node_name": "ALCANTARA_MACHADO",
        "original_names": [
          "ALCANTARA_MACHADO"
        ],
        "normalized_name": "ALCANTARA_MACHADO",
        "network": "UAM",
        "criterion": "uam_named_waypoint",
        "network_degree": 3,
        "altitude_m": 1219.0,
        "vertical_intervals_m": [
          [
            1066.5,
            1371.5
          ]
        ],
        "altitude_status": "known_envelopes",
        "dimensions_m": [
          305.0,
          457.0
        ],
        "uam_route_ids": [
          "UAM001",
          "UAM003",
          "UAM022",
          "UAM024",
          "UAM034",
          "UAM036"
        ],
        "reh_resource_ids": [],
        "uam_route_labels": [
          "SBGR-VP-002 (Parallel 2)",
          "SBGR-VP-003 (Parallel 2)",
          "SBMT-VP-002 (Parallel 2)",
          "SBMT-VP-003 (Parallel 2)",
          "SBSP-SBGR (Parallel 1)",
          "SBSP-SBMT (Parallel 1)"
        ],
        "reh_labels": [],
        "status": "geometry_only_pending_recomputation",
        "method": "explicit_named_export_position",
        "name_group_id": "UAM:ALCANTARA_MACHADO",
        "name_position_count": 2,
        "name_position_ids": [
          "UAM-WP-6539e95335dc013c62c7",
          "UAM-WP-8ba3a2f86f6f972185f3"
        ],
        "grouping_rule": "name index only; exact coordinates/levels/dimensions remain independent; no analytical name total",
        "analysis_method_version": "reh-anchored-uam-junctions-v2",
        "distinct_edge_neighbors": [
          [
            -23.542856261727895,
            -46.61498971542449,
            1219.0,
            305.0,
            457.0
          ],
          [
            -23.54569669218368,
            -46.61312568293789,
            1219.0,
            305.0,
            457.0
          ],
          [
            -23.5591386367501,
            -46.61355152528353,
            1219.0,
            305.0,
            457.0
          ]
        ],
        "terminal_route_ids": [],
        "interior_route_ids": [
          "UAM001",
          "UAM003",
          "UAM022",
          "UAM024",
          "UAM034",
          "UAM036"
        ],
        "terminal_only": false,
        "reh_reference": {
          "resource_id": "REH-WP-0a627d59ccdba547fb36",
          "label": "Alcântara Machado",
          "horizontal_distance_m": 307.3438973817858,
          "max_distance_m": 500.0,
          "match_method": "normalized_exact_name",
          "coordinates": [
            -46.6113888899999,
            -23.5527777799999
          ]
        },
        "capacity_eligible": true,
        "selection_reasons": [],
        "selection_rule": "uam_degree_at_least_3_and_reh_reference_within_500m_and_nonterminal_use",
        "source": {
          "file": "scenario_horizontal_3000ft_expanded_displaced.csv",
          "sha256": "22a7773a304d67de1faf665f6ab0dca4aa2634df0feb120361ec443d39310ff1"
        }
      },
      "geometry": {
        "type": "Point",
        "coordinates": [
          -46.60837831215494,
          -23.552930780995844
        ]
      }
    },
    {
      "type": "Feature",
      "properties": {
        "resource_id": "UAM-WP-750da41a1b933cd712e3",
        "label": "ANA_ROSA",
        "node_name": "ANA_ROSA",
        "original_names": [
          "ANA_ROSA"
        ],
        "normalized_name": "ANA_ROSA",
        "network": "UAM",
        "criterion": "uam_named_waypoint",
        "network_degree": 3,
        "altitude_m": 1219.0,
        "vertical_intervals_m": [
          [
            1066.5,
            1371.5
          ]
        ],
        "altitude_status": "known_envelopes",
        "dimensions_m": [
          305.0,
          457.0
        ],
        "uam_route_ids": [
          "UAM002",
          "UAM004",
          "UAM023",
          "UAM035"
        ],
        "reh_resource_ids": [],
        "uam_route_labels": [
          "SBGR-VP-003 (Parallel 1)",
          "SBMT-VP-003 (Parallel 1)",
          "SBSP-SBGR (Parallel 2)",
          "SBSP-SBMT (Parallel 2)"
        ],
        "reh_labels": [],
        "status": "geometry_only_pending_recomputation",
        "method": "explicit_named_export_position",
        "name_group_id": "UAM:ANA_ROSA",
        "name_position_count": 4,
        "name_position_ids": [
          "UAM-WP-750da41a1b933cd712e3",
          "UAM-WP-af1798ccba9d59d9f195",
          "UAM-WP-60873acbc7cb36d26f7e",
          "UAM-WP-7a2be92cfca3f1b02b87"
        ],
        "grouping_rule": "name index only; exact coordinates/levels/dimensions remain independent; no analytical name total",
        "analysis_method_version": "reh-anchored-uam-junctions-v2",
        "distinct_edge_neighbors": [
          [
            -23.572879167604274,
            -46.630455014053375,
            1219.0,
            305.0,
            457.0
          ],
          [
            -23.58936597520106,
            -46.65172978950229,
            1219.0,
            305.0,
            457.0
          ],
          [
            -23.590511689651272,
            -46.653202850938264,
            1219.0,
            305.0,
            457.0
          ]
        ],
        "terminal_route_ids": [],
        "interior_route_ids": [
          "UAM002",
          "UAM004",
          "UAM023",
          "UAM035"
        ],
        "terminal_only": false,
        "reh_reference": {
          "resource_id": "REH-WP-74ca2fc3f89b8b1a72f5",
          "label": "Ana Rosa",
          "horizontal_distance_m": 254.1669214479087,
          "max_distance_m": 500.0,
          "match_method": "normalized_exact_name",
          "coordinates": [
            -46.63833333,
            -23.58194444
          ]
        },
        "capacity_eligible": true,
        "selection_reasons": [],
        "selection_rule": "uam_degree_at_least_3_and_reh_reference_within_500m_and_nonterminal_use",
        "source": {
          "file": "scenario_horizontal_3000ft_expanded_displaced.csv",
          "sha256": "22a7773a304d67de1faf665f6ab0dca4aa2634df0feb120361ec443d39310ff1"
        }
      },
      "geometry": {
        "type": "Point",
        "coordinates": [
          -46.63994281006619,
          -23.58019832452846
        ]
      }
    },
    {
      "type": "Feature",
      "properties": {
        "resource_id": "UAM-WP-af1798ccba9d59d9f195",
        "label": "ANA_ROSA",
        "node_name": "ANA_ROSA",
        "original_names": [
          "ANA_ROSA"
        ],
        "normalized_name": "ANA_ROSA",
        "network": "UAM",
        "criterion": "uam_named_waypoint",
        "network_degree": 3,
        "altitude_m": 1219.0,
        "vertical_intervals_m": [
          [
            1066.5,
            1371.5
          ]
        ],
        "altitude_status": "known_envelopes",
        "dimensions_m": [
          305.0,
          457.0
        ],
        "uam_route_ids": [
          "UAM008",
          "UAM053"
        ],
        "reh_resource_ids": [],
        "uam_route_labels": [
          "SBSP-VP-002 (Parallel 2)",
          "VP-002-VP-003 (Parallel 1)"
        ],
        "reh_labels": [],
        "status": "geometry_only_pending_recomputation",
        "method": "explicit_named_export_position",
        "name_group_id": "UAM:ANA_ROSA",
        "name_position_count": 4,
        "name_position_ids": [
          "UAM-WP-750da41a1b933cd712e3",
          "UAM-WP-af1798ccba9d59d9f195",
          "UAM-WP-60873acbc7cb36d26f7e",
          "UAM-WP-7a2be92cfca3f1b02b87"
        ],
        "grouping_rule": "name index only; exact coordinates/levels/dimensions remain independent; no analytical name total",
        "analysis_method_version": "reh-anchored-uam-junctions-v2",
        "distinct_edge_neighbors": [
          [
            -23.5622222222222,
            -46.655,
            760.0,
            305.0,
            457.0
          ],
          [
            -23.58936597520106,
            -46.65172978950229,
            1219.0,
            305.0,
            457.0
          ],
          [
            -23.590511689651272,
            -46.653202850938264,
            1219.0,
            305.0,
            457.0
          ]
        ],
        "terminal_route_ids": [
          "UAM008",
          "UAM053"
        ],
        "interior_route_ids": [],
        "terminal_only": true,
        "reh_reference": {
          "resource_id": "REH-WP-74ca2fc3f89b8b1a72f5",
          "label": "Ana Rosa",
          "horizontal_distance_m": 351.6628554838917,
          "max_distance_m": 500.0,
          "match_method": "normalized_exact_name",
          "coordinates": [
            -46.63833333,
            -23.58194444
          ]
        },
        "capacity_eligible": false,
        "selection_reasons": [
          "terminal_gateway_only"
        ],
        "selection_rule": "uam_degree_at_least_3_and_reh_reference_within_500m_and_nonterminal_use",
        "source": {
          "file": "scenario_horizontal_3000ft_expanded_displaced.csv",
          "sha256": "22a7773a304d67de1faf665f6ab0dca4aa2634df0feb120361ec443d39310ff1"
        }
      },
      "geometry": {
        "type": "Point",
        "coordinates": [
          -46.64176541246878,
          -23.581615904174935
        ]
      }
    },
    {
      "type": "Feature",
      "properties": {
        "resource_id": "UAM-WP-60873acbc7cb36d26f7e",
        "label": "ANA_ROSA",
        "node_name": "ANA_ROSA",
        "original_names": [
          "ANA_ROSA"
        ],
        "normalized_name": "ANA_ROSA",
        "network": "UAM",
        "criterion": "uam_named_waypoint",
        "network_degree": 3,
        "altitude_m": 1219.0,
        "vertical_intervals_m": [
          [
            1066.5,
            1371.5
          ]
        ],
        "altitude_status": "known_envelopes",
        "dimensions_m": [
          305.0,
          457.0
        ],
        "uam_route_ids": [
          "UAM007",
          "UAM054"
        ],
        "reh_resource_ids": [],
        "uam_route_labels": [
          "SBSP-VP-002 (Parallel 1)",
          "VP-002-VP-003 (Parallel 2)"
        ],
        "reh_labels": [],
        "status": "geometry_only_pending_recomputation",
        "method": "explicit_named_export_position",
        "name_group_id": "UAM:ANA_ROSA",
        "name_position_count": 4,
        "name_position_ids": [
          "UAM-WP-750da41a1b933cd712e3",
          "UAM-WP-af1798ccba9d59d9f195",
          "UAM-WP-60873acbc7cb36d26f7e",
          "UAM-WP-7a2be92cfca3f1b02b87"
        ],
        "grouping_rule": "name index only; exact coordinates/levels/dimensions remain independent; no analytical name total",
        "analysis_method_version": "reh-anchored-uam-junctions-v2",
        "distinct_edge_neighbors": [
          [
            -23.5622222222222,
            -46.655,
            760.0,
            305.0,
            457.0
          ],
          [
            -23.59282164368213,
            -46.64846381572834,
            1219.0,
            305.0,
            457.0
          ],
          [
            -23.593967358132343,
            -46.649936877164315,
            1219.0,
            305.0,
            457.0
          ]
        ],
        "terminal_route_ids": [
          "UAM007",
          "UAM054"
        ],
        "interior_route_ids": [],
        "terminal_only": true,
        "reh_reference": {
          "resource_id": "REH-WP-74ca2fc3f89b8b1a72f5",
          "label": "Ana Rosa",
          "horizontal_distance_m": 351.66141173395044,
          "max_distance_m": 500.0,
          "match_method": "normalized_exact_name",
          "coordinates": [
            -46.63833333,
            -23.58194444
          ]
        },
        "capacity_eligible": false,
        "selection_reasons": [
          "terminal_gateway_only"
        ],
        "selection_rule": "uam_degree_at_least_3_and_reh_reference_within_500m_and_nonterminal_use",
        "source": {
          "file": "scenario_horizontal_3000ft_expanded_displaced.csv",
          "sha256": "22a7773a304d67de1faf665f6ab0dca4aa2634df0feb120361ec443d39310ff1"
        }
      },
      "geometry": {
        "type": "Point",
        "coordinates": [
          -46.63490125419782,
          -23.582272984713864
        ]
      }
    },
    {
      "type": "Feature",
      "properties": {
        "resource_id": "UAM-WP-7a2be92cfca3f1b02b87",
        "label": "ANA_ROSA",
        "node_name": "ANA_ROSA",
        "original_names": [
          "ANA_ROSA"
        ],
        "normalized_name": "ANA_ROSA",
        "network": "UAM",
        "criterion": "uam_named_waypoint",
        "network_degree": 3,
        "altitude_m": 1219.0,
        "vertical_intervals_m": [
          [
            1066.5,
            1371.5
          ]
        ],
        "altitude_status": "known_envelopes",
        "dimensions_m": [
          305.0,
          457.0
        ],
        "uam_route_ids": [
          "UAM001",
          "UAM003",
          "UAM024",
          "UAM036"
        ],
        "reh_resource_ids": [],
        "uam_route_labels": [
          "SBGR-VP-003 (Parallel 2)",
          "SBMT-VP-003 (Parallel 2)",
          "SBSP-SBGR (Parallel 1)",
          "SBSP-SBMT (Parallel 1)"
        ],
        "reh_labels": [],
        "status": "geometry_only_pending_recomputation",
        "method": "explicit_named_export_position",
        "name_group_id": "UAM:ANA_ROSA",
        "name_position_count": 4,
        "name_position_ids": [
          "UAM-WP-750da41a1b933cd712e3",
          "UAM-WP-af1798ccba9d59d9f195",
          "UAM-WP-60873acbc7cb36d26f7e",
          "UAM-WP-7a2be92cfca3f1b02b87"
        ],
        "grouping_rule": "name index only; exact coordinates/levels/dimensions remain independent; no analytical name total",
        "analysis_method_version": "reh-anchored-uam-junctions-v2",
        "distinct_edge_neighbors": [
          [
            -23.576009721284525,
            -46.62676720816882,
            1219.0,
            305.0,
            457.0
          ],
          [
            -23.59282164368213,
            -46.64846381572834,
            1219.0,
            305.0,
            457.0
          ],
          [
            -23.593967358132343,
            -46.649936877164315,
            1219.0,
            305.0,
            457.0
          ]
        ],
        "terminal_route_ids": [],
        "interior_route_ids": [
          "UAM001",
          "UAM003",
          "UAM024",
          "UAM036"
        ],
        "terminal_only": false,
        "reh_reference": {
          "resource_id": "REH-WP-74ca2fc3f89b8b1a72f5",
          "label": "Ana Rosa",
          "horizontal_distance_m": 254.165829988039,
          "max_distance_m": 500.0,
          "match_method": "normalized_exact_name",
          "coordinates": [
            -46.63833333,
            -23.58194444
          ]
        },
        "capacity_eligible": true,
        "selection_reasons": [],
        "selection_rule": "uam_degree_at_least_3_and_reh_reference_within_500m_and_nonterminal_use",
        "source": {
          "file": "scenario_horizontal_3000ft_expanded_displaced.csv",
          "sha256": "22a7773a304d67de1faf665f6ab0dca4aa2634df0feb120361ec443d39310ff1"
        }
      },
      "geometry": {
        "type": "Point",
        "coordinates": [
          -46.63672385660041,
          -23.58369056436034
        ]
      }
    },
    {
      "type": "Feature",
      "properties": {
        "resource_id": "UAM-WP-b5e4a5e00f0fb293afc0",
        "label": "AVENIDA_MORUMBI",
        "node_name": "AVENIDA_MORUMBI",
        "original_names": [
          "AVENIDA_MORUMBI"
        ],
        "normalized_name": "AVENIDA_MORUMBI",
        "network": "UAM",
        "criterion": "uam_named_waypoint",
        "network_degree": 3,
        "altitude_m": 1219.0,
        "vertical_intervals_m": [
          [
            1066.5,
            1371.5
          ]
        ],
        "altitude_status": "known_envelopes",
        "dimensions_m": [
          305.0,
          457.0
        ],
        "uam_route_ids": [
          "UAM013",
          "UAM063"
        ],
        "reh_resource_ids": [],
        "uam_route_labels": [
          "SBSP-VP-005 (Parallel 1)",
          "VP-003-VP-005 (Parallel 1)"
        ],
        "reh_labels": [],
        "status": "geometry_only_pending_recomputation",
        "method": "explicit_named_export_position",
        "name_group_id": "UAM:AVENIDA_MORUMBI",
        "name_position_count": 4,
        "name_position_ids": [
          "UAM-WP-b5e4a5e00f0fb293afc0",
          "UAM-WP-4b71a58d06166b97110e",
          "UAM-WP-c86af79208000c39af2f",
          "UAM-WP-1dd073392f122fa825ed"
        ],
        "grouping_rule": "name index only; exact coordinates/levels/dimensions remain independent; no analytical name total",
        "analysis_method_version": "reh-anchored-uam-junctions-v2",
        "distinct_edge_neighbors": [
          [
            -23.606354090644885,
            -46.75119116437716,
            1219.0,
            305.0,
            457.0
          ],
          [
            -23.61036994370059,
            -46.70079334234522,
            1219.0,
            305.0,
            457.0
          ],
          [
            -23.610516853220588,
            -46.69903042810522,
            1219.0,
            305.0,
            457.0
          ]
        ],
        "terminal_route_ids": [],
        "interior_route_ids": [
          "UAM013",
          "UAM063"
        ],
        "terminal_only": false,
        "reh_reference": {
          "resource_id": "REH-WP-66c5260ef599f42adcf4",
          "label": "Avenida Morumbi",
          "horizontal_distance_m": 254.19192906066306,
          "max_distance_m": 500.0,
          "match_method": "normalized_exact_name",
          "coordinates": [
            -46.71277778,
            -23.61166667
          ]
        },
        "capacity_eligible": true,
        "selection_reasons": [],
        "selection_rule": "uam_degree_at_least_3_and_reh_reference_within_500m_and_nonterminal_use",
        "source": {
          "file": "scenario_horizontal_3000ft_expanded_displaced.csv",
          "sha256": "22a7773a304d67de1faf665f6ab0dca4aa2634df0feb120361ec443d39310ff1"
        }
      },
      "geometry": {
        "type": "Point",
        "coordinates": [
          -46.71255842051052,
          -23.609389520520164
        ]
      }
    },
    {
      "type": "Feature",
      "properties": {
        "resource_id": "UAM-WP-4b71a58d06166b97110e",
        "label": "AVENIDA_MORUMBI",
        "node_name": "AVENIDA_MORUMBI",
        "original_names": [
          "AVENIDA_MORUMBI"
        ],
        "normalized_name": "AVENIDA_MORUMBI",
        "network": "UAM",
        "criterion": "uam_named_waypoint",
        "network_degree": 2,
        "altitude_m": 1219.0,
        "vertical_intervals_m": [
          [
            1066.5,
            1371.5
          ]
        ],
        "altitude_status": "known_envelopes",
        "dimensions_m": [
          305.0,
          457.0
        ],
        "uam_route_ids": [
          "UAM005"
        ],
        "reh_resource_ids": [],
        "uam_route_labels": [
          "SBSP-VP-001 (Parallel 1)"
        ],
        "reh_labels": [],
        "status": "geometry_only_pending_recomputation",
        "method": "explicit_named_export_position",
        "name_group_id": "UAM:AVENIDA_MORUMBI",
        "name_position_count": 4,
        "name_position_ids": [
          "UAM-WP-b5e4a5e00f0fb293afc0",
          "UAM-WP-4b71a58d06166b97110e",
          "UAM-WP-c86af79208000c39af2f",
          "UAM-WP-1dd073392f122fa825ed"
        ],
        "grouping_rule": "name index only; exact coordinates/levels/dimensions remain independent; no analytical name total",
        "analysis_method_version": "reh-anchored-uam-junctions-v2",
        "distinct_edge_neighbors": [
          [
            -23.600798797887954,
            -46.72108787857553,
            1219.0,
            305.0,
            457.0
          ],
          [
            -23.610516853220588,
            -46.69903042810522,
            1219.0,
            305.0,
            457.0
          ]
        ],
        "terminal_route_ids": [],
        "interior_route_ids": [
          "UAM005"
        ],
        "terminal_only": false,
        "reh_reference": {
          "resource_id": "REH-WP-66c5260ef599f42adcf4",
          "label": "Avenida Morumbi",
          "horizontal_distance_m": 270.3617268777711,
          "max_distance_m": 500.0,
          "match_method": "normalized_exact_name",
          "coordinates": [
            -46.71277778,
            -23.61166667
          ]
        },
        "capacity_eligible": false,
        "selection_reasons": [
          "fewer_than_three_distinct_physical_edges"
        ],
        "selection_rule": "uam_degree_at_least_3_and_reh_reference_within_500m_and_nonterminal_use",
        "source": {
          "file": "scenario_horizontal_3000ft_expanded_displaced.csv",
          "sha256": "22a7773a304d67de1faf665f6ab0dca4aa2634df0feb120361ec443d39310ff1"
        }
      },
      "geometry": {
        "type": "Point",
        "coordinates": [
          -46.71165158665334,
          -23.60946509000826
        ]
      }
    },
    {
      "type": "Feature",
      "properties": {
        "resource_id": "UAM-WP-c86af79208000c39af2f",
        "label": "AVENIDA_MORUMBI",
        "node_name": "AVENIDA_MORUMBI",
        "original_names": [
          "AVENIDA_MORUMBI"
        ],
        "normalized_name": "AVENIDA_MORUMBI",
        "network": "UAM",
        "criterion": "uam_named_waypoint",
        "network_degree": 2,
        "altitude_m": 1219.0,
        "vertical_intervals_m": [
          [
            1066.5,
            1371.5
          ]
        ],
        "altitude_status": "known_envelopes",
        "dimensions_m": [
          305.0,
          457.0
        ],
        "uam_route_ids": [
          "UAM006"
        ],
        "reh_resource_ids": [],
        "uam_route_labels": [
          "SBSP-VP-001 (Parallel 2)"
        ],
        "reh_labels": [],
        "status": "geometry_only_pending_recomputation",
        "method": "explicit_named_export_position",
        "name_group_id": "UAM:AVENIDA_MORUMBI",
        "name_position_count": 4,
        "name_position_ids": [
          "UAM-WP-b5e4a5e00f0fb293afc0",
          "UAM-WP-4b71a58d06166b97110e",
          "UAM-WP-c86af79208000c39af2f",
          "UAM-WP-1dd073392f122fa825ed"
        ],
        "grouping_rule": "name index only; exact coordinates/levels/dimensions remain independent; no analytical name total",
        "analysis_method_version": "reh-anchored-uam-junctions-v2",
        "distinct_edge_neighbors": [
          [
            -23.60350120211205,
            -46.72519212142447,
            1219.0,
            305.0,
            457.0
          ],
          [
            -23.615038702335013,
            -46.69985846078359,
            1219.0,
            305.0,
            457.0
          ]
        ],
        "terminal_route_ids": [],
        "interior_route_ids": [
          "UAM006"
        ],
        "terminal_only": false,
        "reh_reference": {
          "resource_id": "REH-WP-66c5260ef599f42adcf4",
          "label": "Avenida Morumbi",
          "horizontal_distance_m": 270.36004551926754,
          "max_distance_m": 500.0,
          "match_method": "normalized_exact_name",
          "coordinates": [
            -46.71277778,
            -23.61166667
          ]
        },
        "capacity_eligible": false,
        "selection_reasons": [
          "fewer_than_three_distinct_physical_edges"
        ],
        "selection_rule": "uam_degree_at_least_3_and_reh_reference_within_500m_and_nonterminal_use",
        "source": {
          "file": "scenario_horizontal_3000ft_expanded_displaced.csv",
          "sha256": "22a7773a304d67de1faf665f6ab0dca4aa2634df0feb120361ec443d39310ff1"
        }
      },
      "geometry": {
        "type": "Point",
        "coordinates": [
          -46.713903968902265,
          -23.61386824332514
        ]
      }
    },
    {
      "type": "Feature",
      "properties": {
        "resource_id": "UAM-WP-1dd073392f122fa825ed",
        "label": "AVENIDA_MORUMBI",
        "node_name": "AVENIDA_MORUMBI",
        "original_names": [
          "AVENIDA_MORUMBI"
        ],
        "normalized_name": "AVENIDA_MORUMBI",
        "network": "UAM",
        "criterion": "uam_named_waypoint",
        "network_degree": 3,
        "altitude_m": 1219.0,
        "vertical_intervals_m": [
          [
            1066.5,
            1371.5
          ]
        ],
        "altitude_status": "known_envelopes",
        "dimensions_m": [
          305.0,
          457.0
        ],
        "uam_route_ids": [
          "UAM014",
          "UAM064"
        ],
        "reh_resource_ids": [],
        "uam_route_labels": [
          "SBSP-VP-005 (Parallel 2)",
          "VP-003-VP-005 (Parallel 2)"
        ],
        "reh_labels": [],
        "status": "geometry_only_pending_recomputation",
        "method": "explicit_named_export_position",
        "name_group_id": "UAM:AVENIDA_MORUMBI",
        "name_position_count": 4,
        "name_position_ids": [
          "UAM-WP-b5e4a5e00f0fb293afc0",
          "UAM-WP-4b71a58d06166b97110e",
          "UAM-WP-c86af79208000c39af2f",
          "UAM-WP-1dd073392f122fa825ed"
        ],
        "grouping_rule": "name index only; exact coordinates/levels/dimensions remain independent; no analytical name total",
        "analysis_method_version": "reh-anchored-uam-junctions-v2",
        "distinct_edge_neighbors": [
          [
            -23.610868131577313,
            -46.75214216895624,
            1219.0,
            305.0,
            457.0
          ],
          [
            -23.615038702335013,
            -46.69985846078359,
            1219.0,
            305.0,
            457.0
          ],
          [
            -23.61518561185501,
            -46.698095546543584,
            1219.0,
            305.0,
            457.0
          ]
        ],
        "terminal_route_ids": [],
        "interior_route_ids": [
          "UAM014",
          "UAM064"
        ],
        "terminal_only": false,
        "reh_reference": {
          "resource_id": "REH-WP-66c5260ef599f42adcf4",
          "label": "Avenida Morumbi",
          "horizontal_distance_m": 254.19111668639533,
          "max_distance_m": 500.0,
          "match_method": "normalized_exact_name",
          "coordinates": [
            -46.71277778,
            -23.61166667
          ]
        },
        "capacity_eligible": true,
        "selection_reasons": [],
        "selection_rule": "uam_degree_at_least_3_and_reh_reference_within_500m_and_nonterminal_use",
        "source": {
          "file": "scenario_horizontal_3000ft_expanded_displaced.csv",
          "sha256": "22a7773a304d67de1faf665f6ab0dca4aa2634df0feb120361ec443d39310ff1"
        }
      },
      "geometry": {
        "type": "Point",
        "coordinates": [
          -46.712997135045086,
          -23.613943812813236
        ]
      }
    },
    {
      "type": "Feature",
      "properties": {
        "resource_id": "UAM-WP-050891b97893f7c6e5c6",
        "label": "BARRAGEM_TIETE",
        "node_name": "BARRAGEM_TIETE",
        "original_names": [
          "BARRAGEM_TIETE"
        ],
        "normalized_name": "BARRAGEM_TIETE",
        "network": "UAM",
        "criterion": "uam_named_waypoint",
        "network_degree": 0,
        "altitude_m": 914.4000000000001,
        "vertical_intervals_m": [
          [
            761.9,
            1066.9
          ]
        ],
        "altitude_status": "known_envelopes",
        "dimensions_m": [
          305.0,
          457.0
        ],
        "uam_route_ids": [
          "UAM002",
          "UAM017",
          "UAM019",
          "UAM021",
          "UAM023",
          "UAM025",
          "UAM027",
          "UAM029"
        ],
        "reh_resource_ids": [],
        "uam_route_labels": [
          "SBGR-SBMT (Parallel 1)",
          "SBGR-VP-001 (Parallel 1)",
          "SBGR-VP-002 (Parallel 1)",
          "SBGR-VP-003 (Parallel 1)",
          "SBGR-VP-004 (Parallel 1)",
          "SBGR-VP-005 (Parallel 1)",
          "SBGR-VP-006 (Parallel 1)",
          "SBSP-SBGR (Parallel 2)"
        ],
        "reh_labels": [],
        "status": "geometry_only_pending_recomputation",
        "method": "explicit_named_export_position",
        "name_group_id": "UAM:BARRAGEM_TIETE",
        "name_position_count": 2,
        "name_position_ids": [
          "UAM-WP-050891b97893f7c6e5c6",
          "UAM-WP-f33f6a87e38a7d6f6229"
        ],
        "grouping_rule": "name index only; exact coordinates/levels/dimensions remain independent; no analytical name total",
        "analysis_method_version": "reh-anchored-uam-junctions-v2",
        "distinct_edge_neighbors": [],
        "terminal_route_ids": [],
        "interior_route_ids": [],
        "terminal_only": true,
        "reh_reference": {
          "resource_id": "REH-WP-e7eb58686127cfbdc141",
          "label": "Barragem Tietê",
          "horizontal_distance_m": 1266.1902630412196,
          "max_distance_m": 500.0,
          "match_method": "normalized_exact_name",
          "coordinates": [
            -46.54194444,
            -23.50222222
          ]
        },
        "capacity_eligible": false,
        "selection_reasons": [
          "fewer_than_three_distinct_physical_edges",
          "terminal_gateway_only",
          "reh_reference_outside_distance_threshold"
        ],
        "selection_rule": "uam_degree_at_least_3_and_reh_reference_within_500m_and_nonterminal_use",
        "source": {
          "file": "scenario_horizontal_3000ft_expanded_displaced.csv",
          "sha256": "22a7773a304d67de1faf665f6ab0dca4aa2634df0feb120361ec443d39310ff1"
        }
      },
      "geometry": {
        "type": "Point",
        "coordinates": [
          -46.54928049261596,
          -23.49303503774274
        ]
      }
    },
    {
      "type": "Feature",
      "properties": {
        "resource_id": "UAM-WP-f33f6a87e38a7d6f6229",
        "label": "BARRAGEM_TIETE",
        "node_name": "BARRAGEM_TIETE",
        "original_names": [
          "BARRAGEM_TIETE"
        ],
        "normalized_name": "BARRAGEM_TIETE",
        "network": "UAM",
        "criterion": "uam_named_waypoint",
        "network_degree": 0,
        "altitude_m": 914.4000000000001,
        "vertical_intervals_m": [
          [
            761.9,
            1066.9
          ]
        ],
        "altitude_status": "known_envelopes",
        "dimensions_m": [
          305.0,
          457.0
        ],
        "uam_route_ids": [
          "UAM001",
          "UAM018",
          "UAM020",
          "UAM022",
          "UAM024",
          "UAM026",
          "UAM028",
          "UAM030"
        ],
        "reh_resource_ids": [],
        "uam_route_labels": [
          "SBGR-SBMT (Parallel 2)",
          "SBGR-VP-001 (Parallel 2)",
          "SBGR-VP-002 (Parallel 2)",
          "SBGR-VP-003 (Parallel 2)",
          "SBGR-VP-004 (Parallel 2)",
          "SBGR-VP-005 (Parallel 2)",
          "SBGR-VP-006 (Parallel 2)",
          "SBSP-SBGR (Parallel 1)"
        ],
        "reh_labels": [],
        "status": "geometry_only_pending_recomputation",
        "method": "explicit_named_export_position",
        "name_group_id": "UAM:BARRAGEM_TIETE",
        "name_position_count": 2,
        "name_position_ids": [
          "UAM-WP-050891b97893f7c6e5c6",
          "UAM-WP-f33f6a87e38a7d6f6229"
        ],
        "grouping_rule": "name index only; exact coordinates/levels/dimensions remain independent; no analytical name total",
        "analysis_method_version": "reh-anchored-uam-junctions-v2",
        "distinct_edge_neighbors": [],
        "terminal_route_ids": [],
        "interior_route_ids": [],
        "terminal_only": true,
        "reh_reference": {
          "resource_id": "REH-WP-e7eb58686127cfbdc141",
          "label": "Barragem Tietê",
          "horizontal_distance_m": 731.5833285250544,
          "max_distance_m": 500.0,
          "match_method": "normalized_exact_name",
          "coordinates": [
            -46.54194444,
            -23.50222222
          ]
        },
        "capacity_eligible": false,
        "selection_reasons": [
          "fewer_than_three_distinct_physical_edges",
          "terminal_gateway_only",
          "reh_reference_outside_distance_threshold"
        ],
        "selection_rule": "uam_degree_at_least_3_and_reh_reference_within_500m_and_nonterminal_use",
        "source": {
          "file": "scenario_horizontal_3000ft_expanded_displaced.csv",
          "sha256": "22a7773a304d67de1faf665f6ab0dca4aa2634df0feb120361ec443d39310ff1"
        }
      },
      "geometry": {
        "type": "Point",
        "coordinates": [
          -46.54618316219257,
          -23.496914029887687
        ]
      }
    },
    {
      "type": "Feature",
      "properties": {
        "resource_id": "UAM-WP-914a8ea8fe4744523814",
        "label": "BRAS",
        "node_name": "BRAS",
        "original_names": [
          "BRAS"
        ],
        "normalized_name": "BRAS",
        "network": "UAM",
        "criterion": "uam_named_waypoint",
        "network_degree": 2,
        "altitude_m": 1219.0,
        "vertical_intervals_m": [
          [
            1066.5,
            1371.5
          ]
        ],
        "altitude_status": "known_envelopes",
        "dimensions_m": [
          305.0,
          457.0
        ],
        "uam_route_ids": [
          "UAM017"
        ],
        "reh_resource_ids": [],
        "uam_route_labels": [
          "SBGR-SBMT (Parallel 1)"
        ],
        "reh_labels": [],
        "status": "geometry_only_pending_recomputation",
        "method": "explicit_named_export_position",
        "name_group_id": "UAM:BRAS",
        "name_position_count": 8,
        "name_position_ids": [
          "UAM-WP-914a8ea8fe4744523814",
          "UAM-WP-8f4ff71c09ce841f821f",
          "UAM-WP-119b7cba03ad6159da5b",
          "UAM-WP-e4ee930e686f148759f9",
          "UAM-WP-debaf83e1f45eaad62aa",
          "UAM-WP-c2306558f8feb121a961",
          "UAM-WP-d63fe13095328a419bba",
          "UAM-WP-e205d75d01331fb1274b"
        ],
        "grouping_rule": "name index only; exact coordinates/levels/dimensions remain independent; no analytical name total",
        "analysis_method_version": "reh-anchored-uam-junctions-v2",
        "distinct_edge_neighbors": [
          [
            -23.509,
            -46.633,
            760.0,
            305.0,
            457.0
          ],
          [
            -23.528639113561262,
            -46.581531783014945,
            914.4,
            305.0,
            457.0
          ]
        ],
        "terminal_route_ids": [
          "UAM017"
        ],
        "interior_route_ids": [],
        "terminal_only": true,
        "reh_reference": {
          "resource_id": "REH-WP-a390412db8d2951dc250",
          "label": "Brás",
          "horizontal_distance_m": 320.4923891424673,
          "max_distance_m": 500.0,
          "match_method": "normalized_exact_name",
          "coordinates": [
            -46.617222222,
            -23.543888889
          ]
        },
        "capacity_eligible": false,
        "selection_reasons": [
          "fewer_than_three_distinct_physical_edges",
          "terminal_gateway_only"
        ],
        "selection_rule": "uam_degree_at_least_3_and_reh_reference_within_500m_and_nonterminal_use",
        "source": {
          "file": "scenario_horizontal_3000ft_expanded_displaced.csv",
          "sha256": "22a7773a304d67de1faf665f6ab0dca4aa2634df0feb120361ec443d39310ff1"
        }
      },
      "geometry": {
        "type": "Point",
        "coordinates": [
          -46.615651952175185,
          -23.541391879053826
        ]
      }
    },
    {
      "type": "Feature",
      "properties": {
        "resource_id": "UAM-WP-8f4ff71c09ce841f821f",
        "label": "BRAS",
        "node_name": "BRAS",
        "original_names": [
          "BRAS"
        ],
        "normalized_name": "BRAS",
        "network": "UAM",
        "criterion": "uam_named_waypoint",
        "network_degree": 2,
        "altitude_m": 1219.0,
        "vertical_intervals_m": [
          [
            1066.5,
            1371.5
          ]
        ],
        "altitude_status": "known_envelopes",
        "dimensions_m": [
          305.0,
          457.0
        ],
        "uam_route_ids": [
          "UAM019",
          "UAM025",
          "UAM027",
          "UAM029"
        ],
        "reh_resource_ids": [],
        "uam_route_labels": [
          "SBGR-VP-001 (Parallel 1)",
          "SBGR-VP-004 (Parallel 1)",
          "SBGR-VP-005 (Parallel 1)",
          "SBGR-VP-006 (Parallel 1)"
        ],
        "reh_labels": [],
        "status": "geometry_only_pending_recomputation",
        "method": "explicit_named_export_position",
        "name_group_id": "UAM:BRAS",
        "name_position_count": 8,
        "name_position_ids": [
          "UAM-WP-914a8ea8fe4744523814",
          "UAM-WP-8f4ff71c09ce841f821f",
          "UAM-WP-119b7cba03ad6159da5b",
          "UAM-WP-e4ee930e686f148759f9",
          "UAM-WP-debaf83e1f45eaad62aa",
          "UAM-WP-c2306558f8feb121a961",
          "UAM-WP-d63fe13095328a419bba",
          "UAM-WP-e205d75d01331fb1274b"
        ],
        "grouping_rule": "name index only; exact coordinates/levels/dimensions remain independent; no analytical name total",
        "analysis_method_version": "reh-anchored-uam-junctions-v2",
        "distinct_edge_neighbors": [
          [
            -23.528639113561262,
            -46.581531783014945,
            914.4,
            305.0,
            457.0
          ],
          [
            -23.5332060376752,
            -46.634218645125785,
            1219.0,
            305.0,
            457.0
          ]
        ],
        "terminal_route_ids": [],
        "interior_route_ids": [
          "UAM019",
          "UAM025",
          "UAM027",
          "UAM029"
        ],
        "terminal_only": false,
        "reh_reference": {
          "resource_id": "REH-WP-a390412db8d2951dc250",
          "label": "Brás",
          "horizontal_distance_m": 266.55951164973163,
          "max_distance_m": 500.0,
          "match_method": "normalized_exact_name",
          "coordinates": [
            -46.617222222,
            -23.543888889
          ]
        },
        "capacity_eligible": false,
        "selection_reasons": [
          "fewer_than_three_distinct_physical_edges"
        ],
        "selection_rule": "uam_degree_at_least_3_and_reh_reference_within_500m_and_nonterminal_use",
        "source": {
          "file": "scenario_horizontal_3000ft_expanded_displaced.csv",
          "sha256": "22a7773a304d67de1faf665f6ab0dca4aa2634df0feb120361ec443d39310ff1"
        }
      },
      "geometry": {
        "type": "Point",
        "coordinates": [
          -46.61676973494606,
          -23.54152782560704
        ]
      }
    },
    {
      "type": "Feature",
      "properties": {
        "resource_id": "UAM-WP-119b7cba03ad6159da5b",
        "label": "BRAS",
        "node_name": "BRAS",
        "original_names": [
          "BRAS"
        ],
        "normalized_name": "BRAS",
        "network": "UAM",
        "criterion": "uam_named_waypoint",
        "network_degree": 2,
        "altitude_m": 1219.0,
        "vertical_intervals_m": [
          [
            1066.5,
            1371.5
          ]
        ],
        "altitude_status": "known_envelopes",
        "dimensions_m": [
          305.0,
          457.0
        ],
        "uam_route_ids": [
          "UAM002",
          "UAM021",
          "UAM023"
        ],
        "reh_resource_ids": [],
        "uam_route_labels": [
          "SBGR-VP-002 (Parallel 1)",
          "SBGR-VP-003 (Parallel 1)",
          "SBSP-SBGR (Parallel 2)"
        ],
        "reh_labels": [],
        "status": "geometry_only_pending_recomputation",
        "method": "explicit_named_export_position",
        "name_group_id": "UAM:BRAS",
        "name_position_count": 8,
        "name_position_ids": [
          "UAM-WP-914a8ea8fe4744523814",
          "UAM-WP-8f4ff71c09ce841f821f",
          "UAM-WP-119b7cba03ad6159da5b",
          "UAM-WP-e4ee930e686f148759f9",
          "UAM-WP-debaf83e1f45eaad62aa",
          "UAM-WP-c2306558f8feb121a961",
          "UAM-WP-d63fe13095328a419bba",
          "UAM-WP-e205d75d01331fb1274b"
        ],
        "grouping_rule": "name index only; exact coordinates/levels/dimensions remain independent; no analytical name total",
        "analysis_method_version": "reh-anchored-uam-junctions-v2",
        "distinct_edge_neighbors": [
          [
            -23.528639113561262,
            -46.581531783014945,
            914.4,
            305.0,
            457.0
          ],
          [
            -23.552624774559753,
            -46.61439946562285,
            1219.0,
            305.0,
            457.0
          ]
        ],
        "terminal_route_ids": [],
        "interior_route_ids": [
          "UAM002",
          "UAM021",
          "UAM023"
        ],
        "terminal_only": false,
        "reh_reference": {
          "resource_id": "REH-WP-a390412db8d2951dc250",
          "label": "Brás",
          "horizontal_distance_m": 463.4612141500385,
          "max_distance_m": 500.0,
          "match_method": "normalized_exact_name",
          "coordinates": [
            -46.617222222,
            -23.543888889
          ]
        },
        "capacity_eligible": false,
        "selection_reasons": [
          "fewer_than_three_distinct_physical_edges"
        ],
        "selection_rule": "uam_degree_at_least_3_and_reh_reference_within_500m_and_nonterminal_use",
        "source": {
          "file": "scenario_horizontal_3000ft_expanded_displaced.csv",
          "sha256": "22a7773a304d67de1faf665f6ab0dca4aa2634df0feb120361ec443d39310ff1"
        }
      },
      "geometry": {
        "type": "Point",
        "coordinates": [
          -46.621318761506515,
          -23.542081085594123
        ]
      }
    },
    {
      "type": "Feature",
      "properties": {
        "resource_id": "UAM-WP-e4ee930e686f148759f9",
        "label": "BRAS",
        "node_name": "BRAS",
        "original_names": [
          "BRAS"
        ],
        "normalized_name": "BRAS",
        "network": "UAM",
        "criterion": "uam_named_waypoint",
        "network_degree": 2,
        "altitude_m": 1219.0,
        "vertical_intervals_m": [
          [
            1066.5,
            1371.5
          ]
        ],
        "altitude_status": "known_envelopes",
        "dimensions_m": [
          305.0,
          457.0
        ],
        "uam_route_ids": [
          "UAM003",
          "UAM034",
          "UAM036"
        ],
        "reh_resource_ids": [],
        "uam_route_labels": [
          "SBMT-VP-002 (Parallel 2)",
          "SBMT-VP-003 (Parallel 2)",
          "SBSP-SBMT (Parallel 1)"
        ],
        "reh_labels": [],
        "status": "geometry_only_pending_recomputation",
        "method": "explicit_named_export_position",
        "name_group_id": "UAM:BRAS",
        "name_position_count": 8,
        "name_position_ids": [
          "UAM-WP-914a8ea8fe4744523814",
          "UAM-WP-8f4ff71c09ce841f821f",
          "UAM-WP-119b7cba03ad6159da5b",
          "UAM-WP-e4ee930e686f148759f9",
          "UAM-WP-debaf83e1f45eaad62aa",
          "UAM-WP-c2306558f8feb121a961",
          "UAM-WP-d63fe13095328a419bba",
          "UAM-WP-e205d75d01331fb1274b"
        ],
        "grouping_rule": "name index only; exact coordinates/levels/dimensions remain independent; no analytical name total",
        "analysis_method_version": "reh-anchored-uam-junctions-v2",
        "distinct_edge_neighbors": [
          [
            -23.509,
            -46.633,
            760.0,
            305.0,
            457.0
          ],
          [
            -23.552930780995844,
            -46.60837831215494,
            1219.0,
            305.0,
            457.0
          ]
        ],
        "terminal_route_ids": [
          "UAM003",
          "UAM034",
          "UAM036"
        ],
        "interior_route_ids": [],
        "terminal_only": true,
        "reh_reference": {
          "resource_id": "REH-WP-a390412db8d2951dc250",
          "label": "Brás",
          "horizontal_distance_m": 254.90499471208273,
          "max_distance_m": 500.0,
          "match_method": "normalized_exact_name",
          "coordinates": [
            -46.617222222,
            -23.543888889
          ]
        },
        "capacity_eligible": false,
        "selection_reasons": [
          "fewer_than_three_distinct_physical_edges",
          "terminal_gateway_only"
        ],
        "selection_rule": "uam_degree_at_least_3_and_reh_reference_within_500m_and_nonterminal_use",
        "source": {
          "file": "scenario_horizontal_3000ft_expanded_displaced.csv",
          "sha256": "22a7773a304d67de1faf665f6ab0dca4aa2634df0feb120361ec443d39310ff1"
        }
      },
      "geometry": {
        "type": "Point",
        "coordinates": [
          -46.61498971542449,
          -23.542856261727895
        ]
      }
    },
    {
      "type": "Feature",
      "properties": {
        "resource_id": "UAM-WP-debaf83e1f45eaad62aa",
        "label": "BRAS",
        "node_name": "BRAS",
        "original_names": [
          "BRAS"
        ],
        "normalized_name": "BRAS",
        "network": "UAM",
        "criterion": "uam_named_waypoint",
        "network_degree": 2,
        "altitude_m": 1219.0,
        "vertical_intervals_m": [
          [
            1066.5,
            1371.5
          ]
        ],
        "altitude_status": "known_envelopes",
        "dimensions_m": [
          305.0,
          457.0
        ],
        "uam_route_ids": [
          "UAM004",
          "UAM033",
          "UAM035"
        ],
        "reh_resource_ids": [],
        "uam_route_labels": [
          "SBMT-VP-002 (Parallel 1)",
          "SBMT-VP-003 (Parallel 1)",
          "SBSP-SBMT (Parallel 2)"
        ],
        "reh_labels": [],
        "status": "geometry_only_pending_recomputation",
        "method": "explicit_named_export_position",
        "name_group_id": "UAM:BRAS",
        "name_position_count": 8,
        "name_position_ids": [
          "UAM-WP-914a8ea8fe4744523814",
          "UAM-WP-8f4ff71c09ce841f821f",
          "UAM-WP-119b7cba03ad6159da5b",
          "UAM-WP-e4ee930e686f148759f9",
          "UAM-WP-debaf83e1f45eaad62aa",
          "UAM-WP-c2306558f8feb121a961",
          "UAM-WP-d63fe13095328a419bba",
          "UAM-WP-e205d75d01331fb1274b"
        ],
        "grouping_rule": "name index only; exact coordinates/levels/dimensions remain independent; no analytical name total",
        "analysis_method_version": "reh-anchored-uam-junctions-v2",
        "distinct_edge_neighbors": [
          [
            -23.509,
            -46.633,
            760.0,
            305.0,
            457.0
          ],
          [
            -23.552624774559753,
            -46.61439946562285,
            1219.0,
            305.0,
            457.0
          ]
        ],
        "terminal_route_ids": [
          "UAM004",
          "UAM033",
          "UAM035"
        ],
        "interior_route_ids": [],
        "terminal_only": true,
        "reh_reference": {
          "resource_id": "REH-WP-a390412db8d2951dc250",
          "label": "Brás",
          "horizontal_distance_m": 254.9034284557411,
          "max_distance_m": 500.0,
          "match_method": "normalized_exact_name",
          "coordinates": [
            -46.617222222,
            -23.543888889
          ]
        },
        "capacity_eligible": false,
        "selection_reasons": [
          "fewer_than_three_distinct_physical_edges",
          "terminal_gateway_only"
        ],
        "selection_rule": "uam_degree_at_least_3_and_reh_reference_within_500m_and_nonterminal_use",
        "source": {
          "file": "scenario_horizontal_3000ft_expanded_displaced.csv",
          "sha256": "22a7773a304d67de1faf665f6ab0dca4aa2634df0feb120361ec443d39310ff1"
        }
      },
      "geometry": {
        "type": "Point",
        "coordinates": [
          -46.619454729019914,
          -23.544921516049907
        ]
      }
    },
    {
      "type": "Feature",
      "properties": {
        "resource_id": "UAM-WP-c2306558f8feb121a961",
        "label": "BRAS",
        "node_name": "BRAS",
        "original_names": [
          "BRAS"
        ],
        "normalized_name": "BRAS",
        "network": "UAM",
        "criterion": "uam_named_waypoint",
        "network_degree": 2,
        "altitude_m": 1219.0,
        "vertical_intervals_m": [
          [
            1066.5,
            1371.5
          ]
        ],
        "altitude_status": "known_envelopes",
        "dimensions_m": [
          305.0,
          457.0
        ],
        "uam_route_ids": [
          "UAM001",
          "UAM022",
          "UAM024"
        ],
        "reh_resource_ids": [],
        "uam_route_labels": [
          "SBGR-VP-002 (Parallel 2)",
          "SBGR-VP-003 (Parallel 2)",
          "SBSP-SBGR (Parallel 1)"
        ],
        "reh_labels": [],
        "status": "geometry_only_pending_recomputation",
        "method": "explicit_named_export_position",
        "name_group_id": "UAM:BRAS",
        "name_position_count": 8,
        "name_position_ids": [
          "UAM-WP-914a8ea8fe4744523814",
          "UAM-WP-8f4ff71c09ce841f821f",
          "UAM-WP-119b7cba03ad6159da5b",
          "UAM-WP-e4ee930e686f148759f9",
          "UAM-WP-debaf83e1f45eaad62aa",
          "UAM-WP-c2306558f8feb121a961",
          "UAM-WP-d63fe13095328a419bba",
          "UAM-WP-e205d75d01331fb1274b"
        ],
        "grouping_rule": "name index only; exact coordinates/levels/dimensions remain independent; no analytical name total",
        "analysis_method_version": "reh-anchored-uam-junctions-v2",
        "distinct_edge_neighbors": [
          [
            -23.532972445391017,
            -46.579240141706286,
            914.4,
            305.0,
            457.0
          ],
          [
            -23.552930780995844,
            -46.60837831215494,
            1219.0,
            305.0,
            457.0
          ]
        ],
        "terminal_route_ids": [],
        "interior_route_ids": [
          "UAM001",
          "UAM022",
          "UAM024"
        ],
        "terminal_only": false,
        "reh_reference": {
          "resource_id": "REH-WP-a390412db8d2951dc250",
          "label": "Brás",
          "horizontal_distance_m": 463.45598965932436,
          "max_distance_m": 500.0,
          "match_method": "normalized_exact_name",
          "coordinates": [
            -46.617222222,
            -23.543888889
          ]
        },
        "capacity_eligible": false,
        "selection_reasons": [
          "fewer_than_three_distinct_physical_edges"
        ],
        "selection_rule": "uam_degree_at_least_3_and_reh_reference_within_500m_and_nonterminal_use",
        "source": {
          "file": "scenario_horizontal_3000ft_expanded_displaced.csv",
          "sha256": "22a7773a304d67de1faf665f6ab0dca4aa2634df0feb120361ec443d39310ff1"
        }
      },
      "geometry": {
        "type": "Point",
        "coordinates": [
          -46.61312568293789,
          -23.54569669218368
        ]
      }
    },
    {
      "type": "Feature",
      "properties": {
        "resource_id": "UAM-WP-d63fe13095328a419bba",
        "label": "BRAS",
        "node_name": "BRAS",
        "original_names": [
          "BRAS"
        ],
        "normalized_name": "BRAS",
        "network": "UAM",
        "criterion": "uam_named_waypoint",
        "network_degree": 2,
        "altitude_m": 1219.0,
        "vertical_intervals_m": [
          [
            1066.5,
            1371.5
          ]
        ],
        "altitude_status": "known_envelopes",
        "dimensions_m": [
          305.0,
          457.0
        ],
        "uam_route_ids": [
          "UAM020",
          "UAM026",
          "UAM028",
          "UAM030"
        ],
        "reh_resource_ids": [],
        "uam_route_labels": [
          "SBGR-VP-001 (Parallel 2)",
          "SBGR-VP-004 (Parallel 2)",
          "SBGR-VP-005 (Parallel 2)",
          "SBGR-VP-006 (Parallel 2)"
        ],
        "reh_labels": [],
        "status": "geometry_only_pending_recomputation",
        "method": "explicit_named_export_position",
        "name_group_id": "UAM:BRAS",
        "name_position_count": 8,
        "name_position_ids": [
          "UAM-WP-914a8ea8fe4744523814",
          "UAM-WP-8f4ff71c09ce841f821f",
          "UAM-WP-119b7cba03ad6159da5b",
          "UAM-WP-e4ee930e686f148759f9",
          "UAM-WP-debaf83e1f45eaad62aa",
          "UAM-WP-c2306558f8feb121a961",
          "UAM-WP-d63fe13095328a419bba",
          "UAM-WP-e205d75d01331fb1274b"
        ],
        "grouping_rule": "name index only; exact coordinates/levels/dimensions remain independent; no analytical name total",
        "analysis_method_version": "reh-anchored-uam-junctions-v2",
        "distinct_edge_neighbors": [
          [
            -23.532972445391017,
            -46.579240141706286,
            914.4,
            305.0,
            457.0
          ],
          [
            -23.5373495178804,
            -46.63633691042982,
            1219.0,
            305.0,
            457.0
          ]
        ],
        "terminal_route_ids": [],
        "interior_route_ids": [
          "UAM020",
          "UAM026",
          "UAM028",
          "UAM030"
        ],
        "terminal_only": false,
        "reh_reference": {
          "resource_id": "REH-WP-a390412db8d2951dc250",
          "label": "Brás",
          "horizontal_distance_m": 266.55935183925345,
          "max_distance_m": 500.0,
          "match_method": "normalized_exact_name",
          "coordinates": [
            -46.617222222,
            -23.543888889
          ]
        },
        "capacity_eligible": false,
        "selection_reasons": [
          "fewer_than_three_distinct_physical_edges"
        ],
        "selection_rule": "uam_degree_at_least_3_and_reh_reference_within_500m_and_nonterminal_use",
        "source": {
          "file": "scenario_horizontal_3000ft_expanded_displaced.csv",
          "sha256": "22a7773a304d67de1faf665f6ab0dca4aa2634df0feb120361ec443d39310ff1"
        }
      },
      "geometry": {
        "type": "Point",
        "coordinates": [
          -46.617674709498345,
          -23.54624995217076
        ]
      }
    },
    {
      "type": "Feature",
      "properties": {
        "resource_id": "UAM-WP-e205d75d01331fb1274b",
        "label": "BRAS",
        "node_name": "BRAS",
        "original_names": [
          "BRAS"
        ],
        "normalized_name": "BRAS",
        "network": "UAM",
        "criterion": "uam_named_waypoint",
        "network_degree": 2,
        "altitude_m": 1219.0,
        "vertical_intervals_m": [
          [
            1066.5,
            1371.5
          ]
        ],
        "altitude_status": "known_envelopes",
        "dimensions_m": [
          305.0,
          457.0
        ],
        "uam_route_ids": [
          "UAM018"
        ],
        "reh_resource_ids": [],
        "uam_route_labels": [
          "SBGR-SBMT (Parallel 2)"
        ],
        "reh_labels": [],
        "status": "geometry_only_pending_recomputation",
        "method": "explicit_named_export_position",
        "name_group_id": "UAM:BRAS",
        "name_position_count": 8,
        "name_position_ids": [
          "UAM-WP-914a8ea8fe4744523814",
          "UAM-WP-8f4ff71c09ce841f821f",
          "UAM-WP-119b7cba03ad6159da5b",
          "UAM-WP-e4ee930e686f148759f9",
          "UAM-WP-debaf83e1f45eaad62aa",
          "UAM-WP-c2306558f8feb121a961",
          "UAM-WP-d63fe13095328a419bba",
          "UAM-WP-e205d75d01331fb1274b"
        ],
        "grouping_rule": "name index only; exact coordinates/levels/dimensions remain independent; no analytical name total",
        "analysis_method_version": "reh-anchored-uam-junctions-v2",
        "distinct_edge_neighbors": [
          [
            -23.509,
            -46.633,
            760.0,
            305.0,
            457.0
          ],
          [
            -23.532972445391017,
            -46.579240141706286,
            914.4,
            305.0,
            457.0
          ]
        ],
        "terminal_route_ids": [
          "UAM018"
        ],
        "interior_route_ids": [],
        "terminal_only": true,
        "reh_reference": {
          "resource_id": "REH-WP-a390412db8d2951dc250",
          "label": "Brás",
          "horizontal_distance_m": 320.4908722069105,
          "max_distance_m": 500.0,
          "match_method": "normalized_exact_name",
          "coordinates": [
            -46.617222222,
            -23.543888889
          ]
        },
        "capacity_eligible": false,
        "selection_reasons": [
          "fewer_than_three_distinct_physical_edges",
          "terminal_gateway_only"
        ],
        "selection_rule": "uam_degree_at_least_3_and_reh_reference_within_500m_and_nonterminal_use",
        "source": {
          "file": "scenario_horizontal_3000ft_expanded_displaced.csv",
          "sha256": "22a7773a304d67de1faf665f6ab0dca4aa2634df0feb120361ec443d39310ff1"
        }
      },
      "geometry": {
        "type": "Point",
        "coordinates": [
          -46.61879249226922,
          -23.546385898723976
        ]
      }
    },
    {
      "type": "Feature",
      "properties": {
        "resource_id": "UAM-WP-4fc48239bff03d9b25a1",
        "label": "CEBOLAO",
        "node_name": "CEBOLAO",
        "original_names": [
          "CEBOLAO"
        ],
        "normalized_name": "CEBOLAO",
        "network": "UAM",
        "criterion": "uam_named_waypoint",
        "network_degree": 2,
        "altitude_m": 1219.0,
        "vertical_intervals_m": [
          [
            1066.5,
            1371.5
          ]
        ],
        "altitude_status": "known_envelopes",
        "dimensions_m": [
          305.0,
          457.0
        ],
        "uam_route_ids": [
          "UAM019",
          "UAM027",
          "UAM031",
          "UAM039",
          "UAM044",
          "UAM057"
        ],
        "reh_resource_ids": [],
        "uam_route_labels": [
          "SBGR-VP-001 (Parallel 1)",
          "SBGR-VP-005 (Parallel 1)",
          "SBMT-VP-001 (Parallel 1)",
          "SBMT-VP-005 (Parallel 1)",
          "VP-001-VP-002 (Parallel 2)",
          "VP-002-VP-005 (Parallel 1)"
        ],
        "reh_labels": [],
        "status": "geometry_only_pending_recomputation",
        "method": "explicit_named_export_position",
        "name_group_id": "UAM:CEBOLAO",
        "name_position_count": 8,
        "name_position_ids": [
          "UAM-WP-4fc48239bff03d9b25a1",
          "UAM-WP-2198bcdb887510a1025a",
          "UAM-WP-79f2e37e0c36d1845d94",
          "UAM-WP-4936756086e784a288e0",
          "UAM-WP-124dc6c5f396b0543864",
          "UAM-WP-bb6c5c0b3e41ee1c455d",
          "UAM-WP-e9735b8c108e6225ee5e",
          "UAM-WP-db4164c80df09a40a3a5"
        ],
        "grouping_rule": "name index only; exact coordinates/levels/dimensions remain independent; no analytical name total",
        "analysis_method_version": "reh-anchored-uam-junctions-v2",
        "distinct_edge_neighbors": [
          [
            -23.51606374594118,
            -46.744986135177214,
            1219.0,
            305.0,
            457.0
          ],
          [
            -23.531514765733224,
            -46.78514040623323,
            914.4,
            305.0,
            457.0
          ]
        ],
        "terminal_route_ids": [],
        "interior_route_ids": [
          "UAM019",
          "UAM027",
          "UAM031",
          "UAM039",
          "UAM044",
          "UAM057"
        ],
        "terminal_only": false,
        "reh_reference": {
          "resource_id": "REH-WP-1c5fd6543fef6083f7e8",
          "label": "Cebolão",
          "horizontal_distance_m": 297.8358929565385,
          "max_distance_m": 500.0,
          "match_method": "normalized_exact_name",
          "coordinates": [
            -46.75027778,
            -23.5261111099999
          ]
        },
        "capacity_eligible": false,
        "selection_reasons": [
          "fewer_than_three_distinct_physical_edges"
        ],
        "selection_rule": "uam_degree_at_least_3_and_reh_reference_within_500m_and_nonterminal_use",
        "source": {
          "file": "scenario_horizontal_3000ft_expanded_displaced.csv",
          "sha256": "22a7773a304d67de1faf665f6ab0dca4aa2634df0feb120361ec443d39310ff1"
        }
      },
      "geometry": {
        "type": "Point",
        "coordinates": [
          -46.75132475098874,
          -23.523610537257223
        ]
      }
    },
    {
      "type": "Feature",
      "properties": {
        "resource_id": "UAM-WP-2198bcdb887510a1025a",
        "label": "CEBOLAO",
        "node_name": "CEBOLAO",
        "original_names": [
          "CEBOLAO"
        ],
        "normalized_name": "CEBOLAO",
        "network": "UAM",
        "criterion": "uam_named_waypoint",
        "network_degree": 3,
        "altitude_m": 1219.0,
        "vertical_intervals_m": [
          [
            1066.5,
            1371.5
          ]
        ],
        "altitude_status": "known_envelopes",
        "dimensions_m": [
          305.0,
          457.0
        ],
        "uam_route_ids": [
          "UAM046",
          "UAM052",
          "UAM072"
        ],
        "reh_resource_ids": [],
        "uam_route_labels": [
          "VP-001-VP-003 (Parallel 2)",
          "VP-001-VP-006 (Parallel 2)",
          "VP-005-VP-006 (Parallel 2)"
        ],
        "reh_labels": [],
        "status": "geometry_only_pending_recomputation",
        "method": "explicit_named_export_position",
        "name_group_id": "UAM:CEBOLAO",
        "name_position_count": 8,
        "name_position_ids": [
          "UAM-WP-4fc48239bff03d9b25a1",
          "UAM-WP-2198bcdb887510a1025a",
          "UAM-WP-79f2e37e0c36d1845d94",
          "UAM-WP-4936756086e784a288e0",
          "UAM-WP-124dc6c5f396b0543864",
          "UAM-WP-bb6c5c0b3e41ee1c455d",
          "UAM-WP-e9735b8c108e6225ee5e",
          "UAM-WP-db4164c80df09a40a3a5"
        ],
        "grouping_rule": "name index only; exact coordinates/levels/dimensions remain independent; no analytical name total",
        "analysis_method_version": "reh-anchored-uam-junctions-v2",
        "distinct_edge_neighbors": [
          [
            -23.531514765733224,
            -46.78514040623323,
            914.4,
            305.0,
            457.0
          ],
          [
            -23.53284476902972,
            -46.74563799576516,
            1219.0,
            305.0,
            457.0
          ],
          [
            -23.532990942991656,
            -46.74559347868451,
            1219.0,
            305.0,
            457.0
          ]
        ],
        "terminal_route_ids": [
          "UAM052",
          "UAM072"
        ],
        "interior_route_ids": [
          "UAM046"
        ],
        "terminal_only": false,
        "reh_reference": {
          "resource_id": "REH-WP-1c5fd6543fef6083f7e8",
          "label": "Cebolão",
          "horizontal_distance_m": 299.7491664838096,
          "max_distance_m": 500.0,
          "match_method": "normalized_exact_name",
          "coordinates": [
            -46.75027778,
            -23.5261111099999
          ]
        },
        "capacity_eligible": true,
        "selection_reasons": [],
        "selection_rule": "uam_degree_at_least_3_and_reh_reference_within_500m_and_nonterminal_use",
        "source": {
          "file": "scenario_horizontal_3000ft_expanded_displaced.csv",
          "sha256": "22a7773a304d67de1faf665f6ab0dca4aa2634df0feb120361ec443d39310ff1"
        }
      },
      "geometry": {
        "type": "Point",
        "coordinates": [
          -46.748294870483576,
          -23.524120793908853
        ]
      }
    },
    {
      "type": "Feature",
      "properties": {
        "resource_id": "UAM-WP-79f2e37e0c36d1845d94",
        "label": "CEBOLAO",
        "node_name": "CEBOLAO",
        "original_names": [
          "CEBOLAO"
        ],
        "normalized_name": "CEBOLAO",
        "network": "UAM",
        "criterion": "uam_named_waypoint",
        "network_degree": 2,
        "altitude_m": 1219.0,
        "vertical_intervals_m": [
          [
            1066.5,
            1371.5
          ]
        ],
        "altitude_status": "known_envelopes",
        "dimensions_m": [
          305.0,
          457.0
        ],
        "uam_route_ids": [
          "UAM005"
        ],
        "reh_resource_ids": [],
        "uam_route_labels": [
          "SBSP-VP-001 (Parallel 1)"
        ],
        "reh_labels": [],
        "status": "geometry_only_pending_recomputation",
        "method": "explicit_named_export_position",
        "name_group_id": "UAM:CEBOLAO",
        "name_position_count": 8,
        "name_position_ids": [
          "UAM-WP-4fc48239bff03d9b25a1",
          "UAM-WP-2198bcdb887510a1025a",
          "UAM-WP-79f2e37e0c36d1845d94",
          "UAM-WP-4936756086e784a288e0",
          "UAM-WP-124dc6c5f396b0543864",
          "UAM-WP-bb6c5c0b3e41ee1c455d",
          "UAM-WP-e9735b8c108e6225ee5e",
          "UAM-WP-db4164c80df09a40a3a5"
        ],
        "grouping_rule": "name index only; exact coordinates/levels/dimensions remain independent; no analytical name total",
        "analysis_method_version": "reh-anchored-uam-junctions-v2",
        "distinct_edge_neighbors": [
          [
            -23.531514765733224,
            -46.78514040623323,
            914.4,
            305.0,
            457.0
          ],
          [
            -23.54748722357915,
            -46.75260077320909,
            1219.0,
            305.0,
            457.0
          ]
        ],
        "terminal_route_ids": [],
        "interior_route_ids": [
          "UAM005"
        ],
        "terminal_only": false,
        "reh_reference": {
          "resource_id": "REH-WP-1c5fd6543fef6083f7e8",
          "label": "Cebolão",
          "horizontal_distance_m": 363.96359335597293,
          "max_distance_m": 500.0,
          "match_method": "normalized_exact_name",
          "coordinates": [
            -46.75027778,
            -23.5261111099999
          ]
        },
        "capacity_eligible": false,
        "selection_reasons": [
          "fewer_than_three_distinct_physical_edges"
        ],
        "selection_rule": "uam_degree_at_least_3_and_reh_reference_within_500m_and_nonterminal_use",
        "source": {
          "file": "scenario_horizontal_3000ft_expanded_displaced.csv",
          "sha256": "22a7773a304d67de1faf665f6ab0dca4aa2634df0feb120361ec443d39310ff1"
        }
      },
      "geometry": {
        "type": "Point",
        "coordinates": [
          -46.74731439873086,
          -23.52428591336908
        ]
      }
    },
    {
      "type": "Feature",
      "properties": {
        "resource_id": "UAM-WP-4936756086e784a288e0",
        "label": "CEBOLAO",
        "node_name": "CEBOLAO",
        "original_names": [
          "CEBOLAO"
        ],
        "normalized_name": "CEBOLAO",
        "network": "UAM",
        "criterion": "uam_named_waypoint",
        "network_degree": 3,
        "altitude_m": 1219.0,
        "vertical_intervals_m": [
          [
            1066.5,
            1371.5
          ]
        ],
        "altitude_status": "known_envelopes",
        "dimensions_m": [
          305.0,
          457.0
        ],
        "uam_route_ids": [
          "UAM029",
          "UAM041",
          "UAM059",
          "UAM062",
          "UAM069"
        ],
        "reh_resource_ids": [],
        "uam_route_labels": [
          "SBGR-VP-006 (Parallel 1)",
          "SBMT-VP-006 (Parallel 1)",
          "VP-002-VP-006 (Parallel 1)",
          "VP-003-VP-004 (Parallel 2)",
          "VP-004-VP-006 (Parallel 1)"
        ],
        "reh_labels": [],
        "status": "geometry_only_pending_recomputation",
        "method": "explicit_named_export_position",
        "name_group_id": "UAM:CEBOLAO",
        "name_position_count": 8,
        "name_position_ids": [
          "UAM-WP-4fc48239bff03d9b25a1",
          "UAM-WP-2198bcdb887510a1025a",
          "UAM-WP-79f2e37e0c36d1845d94",
          "UAM-WP-4936756086e784a288e0",
          "UAM-WP-124dc6c5f396b0543864",
          "UAM-WP-bb6c5c0b3e41ee1c455d",
          "UAM-WP-e9735b8c108e6225ee5e",
          "UAM-WP-db4164c80df09a40a3a5"
        ],
        "grouping_rule": "name index only; exact coordinates/levels/dimensions remain independent; no analytical name total",
        "analysis_method_version": "reh-anchored-uam-junctions-v2",
        "distinct_edge_neighbors": [
          [
            -23.51606374594118,
            -46.744986135177214,
            1219.0,
            305.0,
            457.0
          ],
          [
            -23.535109057008345,
            -46.750126521315494,
            1219.0,
            305.0,
            457.0
          ],
          [
            -23.535255230970282,
            -46.75008200423485,
            1219.0,
            305.0,
            457.0
          ]
        ],
        "terminal_route_ids": [
          "UAM029",
          "UAM041",
          "UAM059",
          "UAM069"
        ],
        "interior_route_ids": [
          "UAM062"
        ],
        "terminal_only": false,
        "reh_reference": {
          "resource_id": "REH-WP-1c5fd6543fef6083f7e8",
          "label": "Cebolão",
          "horizontal_distance_m": 284.3235110522067,
          "max_distance_m": 500.0,
          "match_method": "normalized_exact_name",
          "coordinates": [
            -46.75027778,
            -23.5261111099999
          ]
        },
        "capacity_eligible": true,
        "selection_reasons": [],
        "selection_rule": "uam_degree_at_least_3_and_reh_reference_within_500m_and_nonterminal_use",
        "source": {
          "file": "scenario_horizontal_3000ft_expanded_displaced.csv",
          "sha256": "22a7773a304d67de1faf665f6ab0dca4aa2634df0feb120361ec443d39310ff1"
        }
      },
      "geometry": {
        "type": "Point",
        "coordinates": [
          -46.75301536700669,
          -23.525623394111516
        ]
      }
    },
    {
      "type": "Feature",
      "properties": {
        "resource_id": "UAM-WP-124dc6c5f396b0543864",
        "label": "CEBOLAO",
        "node_name": "CEBOLAO",
        "original_names": [
          "CEBOLAO"
        ],
        "normalized_name": "CEBOLAO",
        "network": "UAM",
        "criterion": "uam_named_waypoint",
        "network_degree": 3,
        "altitude_m": 1219.0,
        "vertical_intervals_m": [
          [
            1066.5,
            1371.5
          ]
        ],
        "altitude_status": "known_envelopes",
        "dimensions_m": [
          305.0,
          457.0
        ],
        "uam_route_ids": [
          "UAM030",
          "UAM042",
          "UAM060",
          "UAM061",
          "UAM070"
        ],
        "reh_resource_ids": [],
        "uam_route_labels": [
          "SBGR-VP-006 (Parallel 2)",
          "SBMT-VP-006 (Parallel 2)",
          "VP-002-VP-006 (Parallel 2)",
          "VP-003-VP-004 (Parallel 1)",
          "VP-004-VP-006 (Parallel 2)"
        ],
        "reh_labels": [],
        "status": "geometry_only_pending_recomputation",
        "method": "explicit_named_export_position",
        "name_group_id": "UAM:CEBOLAO",
        "name_position_count": 8,
        "name_position_ids": [
          "UAM-WP-4fc48239bff03d9b25a1",
          "UAM-WP-2198bcdb887510a1025a",
          "UAM-WP-79f2e37e0c36d1845d94",
          "UAM-WP-4936756086e784a288e0",
          "UAM-WP-124dc6c5f396b0543864",
          "UAM-WP-bb6c5c0b3e41ee1c455d",
          "UAM-WP-e9735b8c108e6225ee5e",
          "UAM-WP-db4164c80df09a40a3a5"
        ],
        "grouping_rule": "name index only; exact coordinates/levels/dimensions remain independent; no analytical name total",
        "analysis_method_version": "reh-anchored-uam-junctions-v2",
        "distinct_edge_neighbors": [
          [
            -23.520153648065616,
            -46.74212682564658,
            1219.0,
            305.0,
            457.0
          ],
          [
            -23.53284476902972,
            -46.74563799576516,
            1219.0,
            305.0,
            457.0
          ],
          [
            -23.532990942991656,
            -46.74559347868451,
            1219.0,
            305.0,
            457.0
          ]
        ],
        "terminal_route_ids": [
          "UAM030",
          "UAM042",
          "UAM060",
          "UAM070"
        ],
        "interior_route_ids": [
          "UAM061"
        ],
        "terminal_only": false,
        "reh_reference": {
          "resource_id": "REH-WP-1c5fd6543fef6083f7e8",
          "label": "Cebolão",
          "horizontal_distance_m": 284.322987659041,
          "max_distance_m": 500.0,
          "match_method": "normalized_exact_name",
          "coordinates": [
            -46.75027778,
            -23.5261111099999
          ]
        },
        "capacity_eligible": true,
        "selection_reasons": [],
        "selection_rule": "uam_degree_at_least_3_and_reh_reference_within_500m_and_nonterminal_use",
        "source": {
          "file": "scenario_horizontal_3000ft_expanded_displaced.csv",
          "sha256": "22a7773a304d67de1faf665f6ab0dca4aa2634df0feb120361ec443d39310ff1"
        }
      },
      "geometry": {
        "type": "Point",
        "coordinates": [
          -46.7475401885489,
          -23.526598828110682
        ]
      }
    },
    {
      "type": "Feature",
      "properties": {
        "resource_id": "UAM-WP-bb6c5c0b3e41ee1c455d",
        "label": "CEBOLAO",
        "node_name": "CEBOLAO",
        "original_names": [
          "CEBOLAO"
        ],
        "normalized_name": "CEBOLAO",
        "network": "UAM",
        "criterion": "uam_named_waypoint",
        "network_degree": 2,
        "altitude_m": 1219.0,
        "vertical_intervals_m": [
          [
            1066.5,
            1371.5
          ]
        ],
        "altitude_status": "known_envelopes",
        "dimensions_m": [
          305.0,
          457.0
        ],
        "uam_route_ids": [
          "UAM006"
        ],
        "reh_resource_ids": [],
        "uam_route_labels": [
          "SBSP-VP-001 (Parallel 2)"
        ],
        "reh_labels": [],
        "status": "geometry_only_pending_recomputation",
        "method": "explicit_named_export_position",
        "name_group_id": "UAM:CEBOLAO",
        "name_position_count": 8,
        "name_position_ids": [
          "UAM-WP-4fc48239bff03d9b25a1",
          "UAM-WP-2198bcdb887510a1025a",
          "UAM-WP-79f2e37e0c36d1845d94",
          "UAM-WP-4936756086e784a288e0",
          "UAM-WP-124dc6c5f396b0543864",
          "UAM-WP-bb6c5c0b3e41ee1c455d",
          "UAM-WP-e9735b8c108e6225ee5e",
          "UAM-WP-db4164c80df09a40a3a5"
        ],
        "grouping_rule": "name index only; exact coordinates/levels/dimensions remain independent; no analytical name total",
        "analysis_method_version": "reh-anchored-uam-junctions-v2",
        "distinct_edge_neighbors": [
          [
            -23.535910743800176,
            -46.786640075771494,
            914.4,
            305.0,
            457.0
          ],
          [
            -23.54862388753205,
            -46.75795478234651,
            1219.0,
            305.0,
            457.0
          ]
        ],
        "terminal_route_ids": [],
        "interior_route_ids": [
          "UAM006"
        ],
        "terminal_only": false,
        "reh_reference": {
          "resource_id": "REH-WP-1c5fd6543fef6083f7e8",
          "label": "Cebolão",
          "horizontal_distance_m": 363.95987692404424,
          "max_distance_m": 500.0,
          "match_method": "normalized_exact_name",
          "coordinates": [
            -46.75027778,
            -23.5261111099999
          ]
        },
        "capacity_eligible": false,
        "selection_reasons": [
          "fewer_than_three_distinct_physical_edges"
        ],
        "selection_rule": "uam_degree_at_least_3_and_reh_reference_within_500m_and_nonterminal_use",
        "source": {
          "file": "scenario_horizontal_3000ft_expanded_displaced.csv",
          "sha256": "22a7773a304d67de1faf665f6ab0dca4aa2634df0feb120361ec443d39310ff1"
        }
      },
      "geometry": {
        "type": "Point",
        "coordinates": [
          -46.753241156824735,
          -23.527936308853118
        ]
      }
    },
    {
      "type": "Feature",
      "properties": {
        "resource_id": "UAM-WP-e9735b8c108e6225ee5e",
        "label": "CEBOLAO",
        "node_name": "CEBOLAO",
        "original_names": [
          "CEBOLAO"
        ],
        "normalized_name": "CEBOLAO",
        "network": "UAM",
        "criterion": "uam_named_waypoint",
        "network_degree": 3,
        "altitude_m": 1219.0,
        "vertical_intervals_m": [
          [
            1066.5,
            1371.5
          ]
        ],
        "altitude_status": "known_envelopes",
        "dimensions_m": [
          305.0,
          457.0
        ],
        "uam_route_ids": [
          "UAM045",
          "UAM051",
          "UAM071"
        ],
        "reh_resource_ids": [],
        "uam_route_labels": [
          "VP-001-VP-003 (Parallel 1)",
          "VP-001-VP-006 (Parallel 1)",
          "VP-005-VP-006 (Parallel 1)"
        ],
        "reh_labels": [],
        "status": "geometry_only_pending_recomputation",
        "method": "explicit_named_export_position",
        "name_group_id": "UAM:CEBOLAO",
        "name_position_count": 8,
        "name_position_ids": [
          "UAM-WP-4fc48239bff03d9b25a1",
          "UAM-WP-2198bcdb887510a1025a",
          "UAM-WP-79f2e37e0c36d1845d94",
          "UAM-WP-4936756086e784a288e0",
          "UAM-WP-124dc6c5f396b0543864",
          "UAM-WP-bb6c5c0b3e41ee1c455d",
          "UAM-WP-e9735b8c108e6225ee5e",
          "UAM-WP-db4164c80df09a40a3a5"
        ],
        "grouping_rule": "name index only; exact coordinates/levels/dimensions remain independent; no analytical name total",
        "analysis_method_version": "reh-anchored-uam-junctions-v2",
        "distinct_edge_neighbors": [
          [
            -23.535109057008345,
            -46.750126521315494,
            1219.0,
            305.0,
            457.0
          ],
          [
            -23.535255230970282,
            -46.75008200423485,
            1219.0,
            305.0,
            457.0
          ],
          [
            -23.535910743800176,
            -46.786640075771494,
            914.4,
            305.0,
            457.0
          ]
        ],
        "terminal_route_ids": [
          "UAM051",
          "UAM071"
        ],
        "interior_route_ids": [
          "UAM045"
        ],
        "terminal_only": false,
        "reh_reference": {
          "resource_id": "REH-WP-1c5fd6543fef6083f7e8",
          "label": "Cebolão",
          "horizontal_distance_m": 299.74698136104513,
          "max_distance_m": 500.0,
          "match_method": "normalized_exact_name",
          "coordinates": [
            -46.75027778,
            -23.5261111099999
          ]
        },
        "capacity_eligible": true,
        "selection_reasons": [],
        "selection_rule": "uam_degree_at_least_3_and_reh_reference_within_500m_and_nonterminal_use",
        "source": {
          "file": "scenario_horizontal_3000ft_expanded_displaced.csv",
          "sha256": "22a7773a304d67de1faf665f6ab0dca4aa2634df0feb120361ec443d39310ff1"
        }
      },
      "geometry": {
        "type": "Point",
        "coordinates": [
          -46.75226068507202,
          -23.528101428313345
        ]
      }
    },
    {
      "type": "Feature",
      "properties": {
        "resource_id": "UAM-WP-db4164c80df09a40a3a5",
        "label": "CEBOLAO",
        "node_name": "CEBOLAO",
        "original_names": [
          "CEBOLAO"
        ],
        "normalized_name": "CEBOLAO",
        "network": "UAM",
        "criterion": "uam_named_waypoint",
        "network_degree": 2,
        "altitude_m": 1219.0,
        "vertical_intervals_m": [
          [
            1066.5,
            1371.5
          ]
        ],
        "altitude_status": "known_envelopes",
        "dimensions_m": [
          305.0,
          457.0
        ],
        "uam_route_ids": [
          "UAM020",
          "UAM028",
          "UAM032",
          "UAM040",
          "UAM043",
          "UAM058"
        ],
        "reh_resource_ids": [],
        "uam_route_labels": [
          "SBGR-VP-001 (Parallel 2)",
          "SBGR-VP-005 (Parallel 2)",
          "SBMT-VP-001 (Parallel 2)",
          "SBMT-VP-005 (Parallel 2)",
          "VP-001-VP-002 (Parallel 1)",
          "VP-002-VP-005 (Parallel 2)"
        ],
        "reh_labels": [],
        "status": "geometry_only_pending_recomputation",
        "method": "explicit_named_export_position",
        "name_group_id": "UAM:CEBOLAO",
        "name_position_count": 8,
        "name_position_ids": [
          "UAM-WP-4fc48239bff03d9b25a1",
          "UAM-WP-2198bcdb887510a1025a",
          "UAM-WP-79f2e37e0c36d1845d94",
          "UAM-WP-4936756086e784a288e0",
          "UAM-WP-124dc6c5f396b0543864",
          "UAM-WP-bb6c5c0b3e41ee1c455d",
          "UAM-WP-e9735b8c108e6225ee5e",
          "UAM-WP-db4164c80df09a40a3a5"
        ],
        "grouping_rule": "name index only; exact coordinates/levels/dimensions remain independent; no analytical name total",
        "analysis_method_version": "reh-anchored-uam-junctions-v2",
        "distinct_edge_neighbors": [
          [
            -23.520153648065616,
            -46.74212682564658,
            1219.0,
            305.0,
            457.0
          ],
          [
            -23.535910743800176,
            -46.786640075771494,
            914.4,
            305.0,
            457.0
          ]
        ],
        "terminal_route_ids": [],
        "interior_route_ids": [
          "UAM020",
          "UAM028",
          "UAM032",
          "UAM040",
          "UAM043",
          "UAM058"
        ],
        "terminal_only": false,
        "reh_reference": {
          "resource_id": "REH-WP-1c5fd6543fef6083f7e8",
          "label": "Cebolão",
          "horizontal_distance_m": 297.8355591981116,
          "max_distance_m": 500.0,
          "match_method": "normalized_exact_name",
          "coordinates": [
            -46.75027778,
            -23.5261111099999
          ]
        },
        "capacity_eligible": false,
        "selection_reasons": [
          "fewer_than_three_distinct_physical_edges"
        ],
        "selection_rule": "uam_degree_at_least_3_and_reh_reference_within_500m_and_nonterminal_use",
        "source": {
          "file": "scenario_horizontal_3000ft_expanded_displaced.csv",
          "sha256": "22a7773a304d67de1faf665f6ab0dca4aa2634df0feb120361ec443d39310ff1"
        }
      },
      "geometry": {
        "type": "Point",
        "coordinates": [
          -46.74923080456685,
          -23.528611684964975
        ]
      }
    },
    {
      "type": "Feature",
      "properties": {
        "resource_id": "UAM-WP-78851ba3f15ffa849592",
        "label": "CEBOLINHA",
        "node_name": "CEBOLINHA",
        "original_names": [
          "CEBOLINHA"
        ],
        "normalized_name": "CEBOLINHA",
        "network": "UAM",
        "criterion": "uam_named_waypoint",
        "network_degree": 3,
        "altitude_m": 1219.0,
        "vertical_intervals_m": [
          [
            1066.5,
            1371.5
          ]
        ],
        "altitude_status": "known_envelopes",
        "dimensions_m": [
          305.0,
          457.0
        ],
        "uam_route_ids": [
          "UAM023",
          "UAM035",
          "UAM053"
        ],
        "reh_resource_ids": [],
        "uam_route_labels": [
          "SBGR-VP-003 (Parallel 1)",
          "SBMT-VP-003 (Parallel 1)",
          "VP-002-VP-003 (Parallel 1)"
        ],
        "reh_labels": [],
        "status": "geometry_only_pending_recomputation",
        "method": "explicit_named_export_position",
        "name_group_id": "UAM:CEBOLINHA",
        "name_position_count": 8,
        "name_position_ids": [
          "UAM-WP-78851ba3f15ffa849592",
          "UAM-WP-de9ad65336450675a012",
          "UAM-WP-e14f66247d65ce0caf2d",
          "UAM-WP-3f94ccb02dc42f88a4ba",
          "UAM-WP-059d53d65a451a1f9102",
          "UAM-WP-393c0f9e7a61aa5770f9",
          "UAM-WP-a66147879661cab6052d",
          "UAM-WP-7e76a392fe807fd258df"
        ],
        "grouping_rule": "name index only; exact coordinates/levels/dimensions remain independent; no analytical name total",
        "analysis_method_version": "reh-anchored-uam-junctions-v2",
        "distinct_edge_neighbors": [
          [
            -23.58019832452846,
            -46.63994281006619,
            1219.0,
            305.0,
            457.0
          ],
          [
            -23.581615904174935,
            -46.64176541246878,
            1219.0,
            305.0,
            457.0
          ],
          [
            -23.5911111111111,
            -46.6855555555556,
            760.0,
            305.0,
            457.0
          ]
        ],
        "terminal_route_ids": [
          "UAM023",
          "UAM035",
          "UAM053"
        ],
        "interior_route_ids": [],
        "terminal_only": true,
        "reh_reference": {
          "resource_id": "REH-WP-db16861257baeed3a737",
          "label": "Cebolinha",
          "horizontal_distance_m": 271.6464280599274,
          "max_distance_m": 500.0,
          "match_method": "normalized_exact_name",
          "coordinates": [
            -46.65083333,
            -23.5916666699999
          ]
        },
        "capacity_eligible": false,
        "selection_reasons": [
          "terminal_gateway_only"
        ],
        "selection_rule": "uam_degree_at_least_3_and_reh_reference_within_500m_and_nonterminal_use",
        "source": {
          "file": "scenario_horizontal_3000ft_expanded_displaced.csv",
          "sha256": "22a7773a304d67de1faf665f6ab0dca4aa2634df0feb120361ec443d39310ff1"
        }
      },
      "geometry": {
        "type": "Point",
        "coordinates": [
          -46.65172978950229,
          -23.58936597520106
        ]
      }
    },
    {
      "type": "Feature",
      "properties": {
        "resource_id": "UAM-WP-de9ad65336450675a012",
        "label": "CEBOLINHA",
        "node_name": "CEBOLINHA",
        "original_names": [
          "CEBOLINHA"
        ],
        "normalized_name": "CEBOLINHA",
        "network": "UAM",
        "criterion": "uam_named_waypoint",
        "network_degree": 2,
        "altitude_m": 1219.0,
        "vertical_intervals_m": [
          [
            1066.5,
            1371.5
          ]
        ],
        "altitude_status": "known_envelopes",
        "dimensions_m": [
          305.0,
          457.0
        ],
        "uam_route_ids": [
          "UAM009"
        ],
        "reh_resource_ids": [],
        "uam_route_labels": [
          "SBSP-VP-003 (Parallel 1)"
        ],
        "reh_labels": [],
        "status": "geometry_only_pending_recomputation",
        "method": "explicit_named_export_position",
        "name_group_id": "UAM:CEBOLINHA",
        "name_position_count": 8,
        "name_position_ids": [
          "UAM-WP-78851ba3f15ffa849592",
          "UAM-WP-de9ad65336450675a012",
          "UAM-WP-e14f66247d65ce0caf2d",
          "UAM-WP-3f94ccb02dc42f88a4ba",
          "UAM-WP-059d53d65a451a1f9102",
          "UAM-WP-393c0f9e7a61aa5770f9",
          "UAM-WP-a66147879661cab6052d",
          "UAM-WP-7e76a392fe807fd258df"
        ],
        "grouping_rule": "name index only; exact coordinates/levels/dimensions remain independent; no analytical name total",
        "analysis_method_version": "reh-anchored-uam-junctions-v2",
        "distinct_edge_neighbors": [
          [
            -23.5911111111111,
            -46.6855555555556,
            760.0,
            305.0,
            457.0
          ],
          [
            -23.60810696321042,
            -46.65030859567146,
            1219.0,
            305.0,
            457.0
          ]
        ],
        "terminal_route_ids": [
          "UAM009"
        ],
        "interior_route_ids": [],
        "terminal_only": true,
        "reh_reference": {
          "resource_id": "REH-WP-db16861257baeed3a737",
          "label": "Cebolinha",
          "horizontal_distance_m": 377.3135123377588,
          "max_distance_m": 500.0,
          "match_method": "normalized_exact_name",
          "coordinates": [
            -46.65083333,
            -23.5916666699999
          ]
        },
        "capacity_eligible": false,
        "selection_reasons": [
          "fewer_than_three_distinct_physical_edges",
          "terminal_gateway_only"
        ],
        "selection_rule": "uam_degree_at_least_3_and_reh_reference_within_500m_and_nonterminal_use",
        "source": {
          "file": "scenario_horizontal_3000ft_expanded_displaced.csv",
          "sha256": "22a7773a304d67de1faf665f6ab0dca4aa2634df0feb120361ec443d39310ff1"
        }
      },
      "geometry": {
        "type": "Point",
        "coordinates": [
          -46.64805385065563,
          -23.58942479022261
        ]
      }
    },
    {
      "type": "Feature",
      "properties": {
        "resource_id": "UAM-WP-e14f66247d65ce0caf2d",
        "label": "CEBOLINHA",
        "node_name": "CEBOLINHA",
        "original_names": [
          "CEBOLINHA"
        ],
        "normalized_name": "CEBOLINHA",
        "network": "UAM",
        "criterion": "uam_named_waypoint",
        "network_degree": 3,
        "altitude_m": 1219.0,
        "vertical_intervals_m": [
          [
            1066.5,
            1371.5
          ]
        ],
        "altitude_status": "known_envelopes",
        "dimensions_m": [
          305.0,
          457.0
        ],
        "uam_route_ids": [
          "UAM002",
          "UAM004",
          "UAM008"
        ],
        "reh_resource_ids": [],
        "uam_route_labels": [
          "SBSP-SBGR (Parallel 2)",
          "SBSP-SBMT (Parallel 2)",
          "SBSP-VP-002 (Parallel 2)"
        ],
        "reh_labels": [],
        "status": "geometry_only_pending_recomputation",
        "method": "explicit_named_export_position",
        "name_group_id": "UAM:CEBOLINHA",
        "name_position_count": 8,
        "name_position_ids": [
          "UAM-WP-78851ba3f15ffa849592",
          "UAM-WP-de9ad65336450675a012",
          "UAM-WP-e14f66247d65ce0caf2d",
          "UAM-WP-3f94ccb02dc42f88a4ba",
          "UAM-WP-059d53d65a451a1f9102",
          "UAM-WP-393c0f9e7a61aa5770f9",
          "UAM-WP-a66147879661cab6052d",
          "UAM-WP-7e76a392fe807fd258df"
        ],
        "grouping_rule": "name index only; exact coordinates/levels/dimensions remain independent; no analytical name total",
        "analysis_method_version": "reh-anchored-uam-junctions-v2",
        "distinct_edge_neighbors": [
          [
            -23.58019832452846,
            -46.63994281006619,
            1219.0,
            305.0,
            457.0
          ],
          [
            -23.581615904174935,
            -46.64176541246878,
            1219.0,
            305.0,
            457.0
          ],
          [
            -23.607448592345182,
            -46.65524695988414,
            1219.0,
            305.0,
            457.0
          ]
        ],
        "terminal_route_ids": [],
        "interior_route_ids": [
          "UAM002",
          "UAM004",
          "UAM008"
        ],
        "terminal_only": false,
        "reh_reference": {
          "resource_id": "REH-WP-db16861257baeed3a737",
          "label": "Cebolinha",
          "horizontal_distance_m": 273.4884495334451,
          "max_distance_m": 500.0,
          "match_method": "normalized_exact_name",
          "coordinates": [
            -46.65083333,
            -23.5916666699999
          ]
        },
        "capacity_eligible": true,
        "selection_reasons": [],
        "selection_rule": "uam_degree_at_least_3_and_reh_reference_within_500m_and_nonterminal_use",
        "source": {
          "file": "scenario_horizontal_3000ft_expanded_displaced.csv",
          "sha256": "22a7773a304d67de1faf665f6ab0dca4aa2634df0feb120361ec443d39310ff1"
        }
      },
      "geometry": {
        "type": "Point",
        "coordinates": [
          -46.653202850938264,
          -23.590511689651272
        ]
      }
    },
    {
      "type": "Feature",
      "properties": {
        "resource_id": "UAM-WP-3f94ccb02dc42f88a4ba",
        "label": "CEBOLINHA",
        "node_name": "CEBOLINHA",
        "original_names": [
          "CEBOLINHA"
        ],
        "normalized_name": "CEBOLINHA",
        "network": "UAM",
        "criterion": "uam_named_waypoint",
        "network_degree": 2,
        "altitude_m": 1219.0,
        "vertical_intervals_m": [
          [
            1066.5,
            1371.5
          ]
        ],
        "altitude_status": "known_envelopes",
        "dimensions_m": [
          305.0,
          457.0
        ],
        "uam_route_ids": [
          "UAM011"
        ],
        "reh_resource_ids": [],
        "uam_route_labels": [
          "SBSP-VP-004 (Parallel 1)"
        ],
        "reh_labels": [],
        "status": "geometry_only_pending_recomputation",
        "method": "explicit_named_export_position",
        "name_group_id": "UAM:CEBOLINHA",
        "name_position_count": 8,
        "name_position_ids": [
          "UAM-WP-78851ba3f15ffa849592",
          "UAM-WP-de9ad65336450675a012",
          "UAM-WP-e14f66247d65ce0caf2d",
          "UAM-WP-3f94ccb02dc42f88a4ba",
          "UAM-WP-059d53d65a451a1f9102",
          "UAM-WP-393c0f9e7a61aa5770f9",
          "UAM-WP-a66147879661cab6052d",
          "UAM-WP-7e76a392fe807fd258df"
        ],
        "grouping_rule": "name index only; exact coordinates/levels/dimensions remain independent; no analytical name total",
        "analysis_method_version": "reh-anchored-uam-junctions-v2",
        "distinct_edge_neighbors": [
          [
            -23.580448517696226,
            -46.6556796985332,
            1219.0,
            305.0,
            457.0
          ],
          [
            -23.60810696321042,
            -46.65030859567146,
            1219.0,
            305.0,
            457.0
          ]
        ],
        "terminal_route_ids": [],
        "interior_route_ids": [
          "UAM011"
        ],
        "terminal_only": false,
        "reh_reference": {
          "resource_id": "REH-WP-db16861257baeed3a737",
          "label": "Cebolinha",
          "horizontal_distance_m": 269.4447853672097,
          "max_distance_m": 500.0,
          "match_method": "normalized_exact_name",
          "coordinates": [
            -46.65083333,
            -23.5916666699999
          ]
        },
        "capacity_eligible": false,
        "selection_reasons": [
          "fewer_than_three_distinct_physical_edges"
        ],
        "selection_rule": "uam_degree_at_least_3_and_reh_reference_within_500m_and_nonterminal_use",
        "source": {
          "file": "scenario_horizontal_3000ft_expanded_displaced.csv",
          "sha256": "22a7773a304d67de1faf665f6ab0dca4aa2634df0feb120361ec443d39310ff1"
        }
      },
      "geometry": {
        "type": "Point",
        "coordinates": [
          -46.64825808522988,
          -23.591117019552055
        ]
      }
    },
    {
      "type": "Feature",
      "properties": {
        "resource_id": "UAM-WP-059d53d65a451a1f9102",
        "label": "CEBOLINHA",
        "node_name": "CEBOLINHA",
        "original_names": [
          "CEBOLINHA"
        ],
        "normalized_name": "CEBOLINHA",
        "network": "UAM",
        "criterion": "uam_named_waypoint",
        "network_degree": 2,
        "altitude_m": 1219.0,
        "vertical_intervals_m": [
          [
            1066.5,
            1371.5
          ]
        ],
        "altitude_status": "known_envelopes",
        "dimensions_m": [
          305.0,
          457.0
        ],
        "uam_route_ids": [
          "UAM012"
        ],
        "reh_resource_ids": [],
        "uam_route_labels": [
          "SBSP-VP-004 (Parallel 2)"
        ],
        "reh_labels": [],
        "status": "geometry_only_pending_recomputation",
        "method": "explicit_named_export_position",
        "name_group_id": "UAM:CEBOLINHA",
        "name_position_count": 8,
        "name_position_ids": [
          "UAM-WP-78851ba3f15ffa849592",
          "UAM-WP-de9ad65336450675a012",
          "UAM-WP-e14f66247d65ce0caf2d",
          "UAM-WP-3f94ccb02dc42f88a4ba",
          "UAM-WP-059d53d65a451a1f9102",
          "UAM-WP-393c0f9e7a61aa5770f9",
          "UAM-WP-a66147879661cab6052d",
          "UAM-WP-7e76a392fe807fd258df"
        ],
        "grouping_rule": "name index only; exact coordinates/levels/dimensions remain independent; no analytical name total",
        "analysis_method_version": "reh-anchored-uam-junctions-v2",
        "distinct_edge_neighbors": [
          [
            -23.583449155568573,
            -46.659507512561596,
            1219.0,
            305.0,
            457.0
          ],
          [
            -23.607448592345182,
            -46.65524695988414,
            1219.0,
            305.0,
            457.0
          ]
        ],
        "terminal_route_ids": [],
        "interior_route_ids": [
          "UAM012"
        ],
        "terminal_only": false,
        "reh_reference": {
          "resource_id": "REH-WP-db16861257baeed3a737",
          "label": "Cebolinha",
          "horizontal_distance_m": 269.4442081018217,
          "max_distance_m": 500.0,
          "match_method": "normalized_exact_name",
          "coordinates": [
            -46.65083333,
            -23.5916666699999
          ]
        },
        "capacity_eligible": false,
        "selection_reasons": [
          "fewer_than_three_distinct_physical_edges"
        ],
        "selection_rule": "uam_degree_at_least_3_and_reh_reference_within_500m_and_nonterminal_use",
        "source": {
          "file": "scenario_horizontal_3000ft_expanded_displaced.csv",
          "sha256": "22a7773a304d67de1faf665f6ab0dca4aa2634df0feb120361ec443d39310ff1"
        }
      },
      "geometry": {
        "type": "Point",
        "coordinates": [
          -46.65340858143673,
          -23.592216313781346
        ]
      }
    },
    {
      "type": "Feature",
      "properties": {
        "resource_id": "UAM-WP-393c0f9e7a61aa5770f9",
        "label": "CEBOLINHA",
        "node_name": "CEBOLINHA",
        "original_names": [
          "CEBOLINHA"
        ],
        "normalized_name": "CEBOLINHA",
        "network": "UAM",
        "criterion": "uam_named_waypoint",
        "network_degree": 3,
        "altitude_m": 1219.0,
        "vertical_intervals_m": [
          [
            1066.5,
            1371.5
          ]
        ],
        "altitude_status": "known_envelopes",
        "dimensions_m": [
          305.0,
          457.0
        ],
        "uam_route_ids": [
          "UAM001",
          "UAM003",
          "UAM007"
        ],
        "reh_resource_ids": [],
        "uam_route_labels": [
          "SBSP-SBGR (Parallel 1)",
          "SBSP-SBMT (Parallel 1)",
          "SBSP-VP-002 (Parallel 1)"
        ],
        "reh_labels": [],
        "status": "geometry_only_pending_recomputation",
        "method": "explicit_named_export_position",
        "name_group_id": "UAM:CEBOLINHA",
        "name_position_count": 8,
        "name_position_ids": [
          "UAM-WP-78851ba3f15ffa849592",
          "UAM-WP-de9ad65336450675a012",
          "UAM-WP-e14f66247d65ce0caf2d",
          "UAM-WP-3f94ccb02dc42f88a4ba",
          "UAM-WP-059d53d65a451a1f9102",
          "UAM-WP-393c0f9e7a61aa5770f9",
          "UAM-WP-a66147879661cab6052d",
          "UAM-WP-7e76a392fe807fd258df"
        ],
        "grouping_rule": "name index only; exact coordinates/levels/dimensions remain independent; no analytical name total",
        "analysis_method_version": "reh-anchored-uam-junctions-v2",
        "distinct_edge_neighbors": [
          [
            -23.582272984713864,
            -46.63490125419782,
            1219.0,
            305.0,
            457.0
          ],
          [
            -23.58369056436034,
            -46.63672385660041,
            1219.0,
            305.0,
            457.0
          ],
          [
            -23.60810696321042,
            -46.65030859567146,
            1219.0,
            305.0,
            457.0
          ]
        ],
        "terminal_route_ids": [],
        "interior_route_ids": [
          "UAM001",
          "UAM003",
          "UAM007"
        ],
        "terminal_only": false,
        "reh_reference": {
          "resource_id": "REH-WP-db16861257baeed3a737",
          "label": "Cebolinha",
          "horizontal_distance_m": 273.48562497181223,
          "max_distance_m": 500.0,
          "match_method": "normalized_exact_name",
          "coordinates": [
            -46.65083333,
            -23.5916666699999
          ]
        },
        "capacity_eligible": true,
        "selection_reasons": [],
        "selection_rule": "uam_degree_at_least_3_and_reh_reference_within_500m_and_nonterminal_use",
        "source": {
          "file": "scenario_horizontal_3000ft_expanded_displaced.csv",
          "sha256": "22a7773a304d67de1faf665f6ab0dca4aa2634df0feb120361ec443d39310ff1"
        }
      },
      "geometry": {
        "type": "Point",
        "coordinates": [
          -46.64846381572834,
          -23.59282164368213
        ]
      }
    },
    {
      "type": "Feature",
      "properties": {
        "resource_id": "UAM-WP-a66147879661cab6052d",
        "label": "CEBOLINHA",
        "node_name": "CEBOLINHA",
        "original_names": [
          "CEBOLINHA"
        ],
        "normalized_name": "CEBOLINHA",
        "network": "UAM",
        "criterion": "uam_named_waypoint",
        "network_degree": 2,
        "altitude_m": 1219.0,
        "vertical_intervals_m": [
          [
            1066.5,
            1371.5
          ]
        ],
        "altitude_status": "known_envelopes",
        "dimensions_m": [
          305.0,
          457.0
        ],
        "uam_route_ids": [
          "UAM010"
        ],
        "reh_resource_ids": [],
        "uam_route_labels": [
          "SBSP-VP-003 (Parallel 2)"
        ],
        "reh_labels": [],
        "status": "geometry_only_pending_recomputation",
        "method": "explicit_named_export_position",
        "name_group_id": "UAM:CEBOLINHA",
        "name_position_count": 8,
        "name_position_ids": [
          "UAM-WP-78851ba3f15ffa849592",
          "UAM-WP-de9ad65336450675a012",
          "UAM-WP-e14f66247d65ce0caf2d",
          "UAM-WP-3f94ccb02dc42f88a4ba",
          "UAM-WP-059d53d65a451a1f9102",
          "UAM-WP-393c0f9e7a61aa5770f9",
          "UAM-WP-a66147879661cab6052d",
          "UAM-WP-7e76a392fe807fd258df"
        ],
        "grouping_rule": "name index only; exact coordinates/levels/dimensions remain independent; no analytical name total",
        "analysis_method_version": "reh-anchored-uam-junctions-v2",
        "distinct_edge_neighbors": [
          [
            -23.5911111111111,
            -46.6855555555556,
            760.0,
            305.0,
            457.0
          ],
          [
            -23.607448592345182,
            -46.65524695988414,
            1219.0,
            305.0,
            457.0
          ]
        ],
        "terminal_route_ids": [
          "UAM010"
        ],
        "interior_route_ids": [],
        "terminal_only": true,
        "reh_reference": {
          "resource_id": "REH-WP-db16861257baeed3a737",
          "label": "Cebolinha",
          "horizontal_distance_m": 377.3098994539505,
          "max_distance_m": 500.0,
          "match_method": "normalized_exact_name",
          "coordinates": [
            -46.65083333,
            -23.5916666699999
          ]
        },
        "capacity_eligible": false,
        "selection_reasons": [
          "fewer_than_three_distinct_physical_edges",
          "terminal_gateway_only"
        ],
        "selection_rule": "uam_degree_at_least_3_and_reh_reference_within_500m_and_nonterminal_use",
        "source": {
          "file": "scenario_horizontal_3000ft_expanded_displaced.csv",
          "sha256": "22a7773a304d67de1faf665f6ab0dca4aa2634df0feb120361ec443d39310ff1"
        }
      },
      "geometry": {
        "type": "Point",
        "coordinates": [
          -46.65361281601098,
          -23.593908543110793
        ]
      }
    },
    {
      "type": "Feature",
      "properties": {
        "resource_id": "UAM-WP-7e76a392fe807fd258df",
        "label": "CEBOLINHA",
        "node_name": "CEBOLINHA",
        "original_names": [
          "CEBOLINHA"
        ],
        "normalized_name": "CEBOLINHA",
        "network": "UAM",
        "criterion": "uam_named_waypoint",
        "network_degree": 3,
        "altitude_m": 1219.0,
        "vertical_intervals_m": [
          [
            1066.5,
            1371.5
          ]
        ],
        "altitude_status": "known_envelopes",
        "dimensions_m": [
          305.0,
          457.0
        ],
        "uam_route_ids": [
          "UAM024",
          "UAM036",
          "UAM054"
        ],
        "reh_resource_ids": [],
        "uam_route_labels": [
          "SBGR-VP-003 (Parallel 2)",
          "SBMT-VP-003 (Parallel 2)",
          "VP-002-VP-003 (Parallel 2)"
        ],
        "reh_labels": [],
        "status": "geometry_only_pending_recomputation",
        "method": "explicit_named_export_position",
        "name_group_id": "UAM:CEBOLINHA",
        "name_position_count": 8,
        "name_position_ids": [
          "UAM-WP-78851ba3f15ffa849592",
          "UAM-WP-de9ad65336450675a012",
          "UAM-WP-e14f66247d65ce0caf2d",
          "UAM-WP-3f94ccb02dc42f88a4ba",
          "UAM-WP-059d53d65a451a1f9102",
          "UAM-WP-393c0f9e7a61aa5770f9",
          "UAM-WP-a66147879661cab6052d",
          "UAM-WP-7e76a392fe807fd258df"
        ],
        "grouping_rule": "name index only; exact coordinates/levels/dimensions remain independent; no analytical name total",
        "analysis_method_version": "reh-anchored-uam-junctions-v2",
        "distinct_edge_neighbors": [
          [
            -23.582272984713864,
            -46.63490125419782,
            1219.0,
            305.0,
            457.0
          ],
          [
            -23.58369056436034,
            -46.63672385660041,
            1219.0,
            305.0,
            457.0
          ],
          [
            -23.5911111111111,
            -46.6855555555556,
            760.0,
            305.0,
            457.0
          ]
        ],
        "terminal_route_ids": [
          "UAM024",
          "UAM036",
          "UAM054"
        ],
        "interior_route_ids": [],
        "terminal_only": true,
        "reh_reference": {
          "resource_id": "REH-WP-db16861257baeed3a737",
          "label": "Cebolinha",
          "horizontal_distance_m": 271.6449628074392,
          "max_distance_m": 500.0,
          "match_method": "normalized_exact_name",
          "coordinates": [
            -46.65083333,
            -23.5916666699999
          ]
        },
        "capacity_eligible": false,
        "selection_reasons": [
          "terminal_gateway_only"
        ],
        "selection_rule": "uam_degree_at_least_3_and_reh_reference_within_500m_and_nonterminal_use",
        "source": {
          "file": "scenario_horizontal_3000ft_expanded_displaced.csv",
          "sha256": "22a7773a304d67de1faf665f6ab0dca4aa2634df0feb120361ec443d39310ff1"
        }
      },
      "geometry": {
        "type": "Point",
        "coordinates": [
          -46.649936877164315,
          -23.593967358132343
        ]
      }
    },
    {
      "type": "Feature",
      "properties": {
        "resource_id": "UAM-WP-ce0c9012dfb2a77a10ee",
        "label": "CLUBE_SIRIO",
        "node_name": "CLUBE_SIRIO",
        "original_names": [
          "CLUBE_SIRIO"
        ],
        "normalized_name": "CLUBE_SIRIO",
        "network": "UAM",
        "criterion": "uam_named_waypoint",
        "network_degree": 4,
        "altitude_m": 1219.0,
        "vertical_intervals_m": [
          [
            1066.5,
            1371.5
          ]
        ],
        "altitude_status": "known_envelopes",
        "dimensions_m": [
          305.0,
          457.0
        ],
        "uam_route_ids": [
          "UAM002",
          "UAM004",
          "UAM008",
          "UAM010",
          "UAM012"
        ],
        "reh_resource_ids": [],
        "uam_route_labels": [
          "SBSP-SBGR (Parallel 2)",
          "SBSP-SBMT (Parallel 2)",
          "SBSP-VP-002 (Parallel 2)",
          "SBSP-VP-003 (Parallel 2)",
          "SBSP-VP-004 (Parallel 2)"
        ],
        "reh_labels": [],
        "status": "geometry_only_pending_recomputation",
        "method": "explicit_named_export_position",
        "name_group_id": "UAM:CLUBE_SIRIO",
        "name_position_count": 2,
        "name_position_ids": [
          "UAM-WP-ce0c9012dfb2a77a10ee",
          "UAM-WP-5166da539596b168b1c0"
        ],
        "grouping_rule": "name index only; exact coordinates/levels/dimensions remain independent; no analytical name total",
        "analysis_method_version": "reh-anchored-uam-junctions-v2",
        "distinct_edge_neighbors": [
          [
            -23.590511689651272,
            -46.653202850938264,
            1219.0,
            305.0,
            457.0
          ],
          [
            -23.592216313781346,
            -46.65340858143673,
            1219.0,
            305.0,
            457.0
          ],
          [
            -23.593908543110793,
            -46.65361281601098,
            1219.0,
            305.0,
            457.0
          ],
          [
            -23.626111,
            -46.656389,
            760.0,
            305.0,
            457.0
          ]
        ],
        "terminal_route_ids": [
          "UAM002",
          "UAM004",
          "UAM008",
          "UAM010",
          "UAM012"
        ],
        "interior_route_ids": [],
        "terminal_only": true,
        "reh_reference": {
          "resource_id": "REH-WP-3c2366c44b8e35b78130",
          "label": "Clube Sírio",
          "horizontal_distance_m": 254.23110359544887,
          "max_distance_m": 500.0,
          "match_method": "normalized_exact_name",
          "coordinates": [
            -46.65277778,
            -23.6077777799999
          ]
        },
        "capacity_eligible": false,
        "selection_reasons": [
          "terminal_gateway_only"
        ],
        "selection_rule": "uam_degree_at_least_3_and_reh_reference_within_500m_and_nonterminal_use",
        "source": {
          "file": "scenario_horizontal_3000ft_expanded_displaced.csv",
          "sha256": "22a7773a304d67de1faf665f6ab0dca4aa2634df0feb120361ec443d39310ff1"
        }
      },
      "geometry": {
        "type": "Point",
        "coordinates": [
          -46.65524695988414,
          -23.607448592345182
        ]
      }
    },
    {
      "type": "Feature",
      "properties": {
        "resource_id": "UAM-WP-5166da539596b168b1c0",
        "label": "CLUBE_SIRIO",
        "node_name": "CLUBE_SIRIO",
        "original_names": [
          "CLUBE_SIRIO"
        ],
        "normalized_name": "CLUBE_SIRIO",
        "network": "UAM",
        "criterion": "uam_named_waypoint",
        "network_degree": 4,
        "altitude_m": 1219.0,
        "vertical_intervals_m": [
          [
            1066.5,
            1371.5
          ]
        ],
        "altitude_status": "known_envelopes",
        "dimensions_m": [
          305.0,
          457.0
        ],
        "uam_route_ids": [
          "UAM001",
          "UAM003",
          "UAM007",
          "UAM009",
          "UAM011"
        ],
        "reh_resource_ids": [],
        "uam_route_labels": [
          "SBSP-SBGR (Parallel 1)",
          "SBSP-SBMT (Parallel 1)",
          "SBSP-VP-002 (Parallel 1)",
          "SBSP-VP-003 (Parallel 1)",
          "SBSP-VP-004 (Parallel 1)"
        ],
        "reh_labels": [],
        "status": "geometry_only_pending_recomputation",
        "method": "explicit_named_export_position",
        "name_group_id": "UAM:CLUBE_SIRIO",
        "name_position_count": 2,
        "name_position_ids": [
          "UAM-WP-ce0c9012dfb2a77a10ee",
          "UAM-WP-5166da539596b168b1c0"
        ],
        "grouping_rule": "name index only; exact coordinates/levels/dimensions remain independent; no analytical name total",
        "analysis_method_version": "reh-anchored-uam-junctions-v2",
        "distinct_edge_neighbors": [
          [
            -23.58942479022261,
            -46.64805385065563,
            1219.0,
            305.0,
            457.0
          ],
          [
            -23.591117019552055,
            -46.64825808522988,
            1219.0,
            305.0,
            457.0
          ],
          [
            -23.59282164368213,
            -46.64846381572834,
            1219.0,
            305.0,
            457.0
          ],
          [
            -23.626111,
            -46.656389,
            760.0,
            305.0,
            457.0
          ]
        ],
        "terminal_route_ids": [
          "UAM001",
          "UAM003",
          "UAM007",
          "UAM009",
          "UAM011"
        ],
        "interior_route_ids": [],
        "terminal_only": true,
        "reh_reference": {
          "resource_id": "REH-WP-3c2366c44b8e35b78130",
          "label": "Clube Sírio",
          "horizontal_distance_m": 254.23085541680612,
          "max_distance_m": 500.0,
          "match_method": "normalized_exact_name",
          "coordinates": [
            -46.65277778,
            -23.6077777799999
          ]
        },
        "capacity_eligible": false,
        "selection_reasons": [
          "terminal_gateway_only"
        ],
        "selection_rule": "uam_degree_at_least_3_and_reh_reference_within_500m_and_nonterminal_use",
        "source": {
          "file": "scenario_horizontal_3000ft_expanded_displaced.csv",
          "sha256": "22a7773a304d67de1faf665f6ab0dca4aa2634df0feb120361ec443d39310ff1"
        }
      },
      "geometry": {
        "type": "Point",
        "coordinates": [
          -46.65030859567146,
          -23.60810696321042
        ]
      }
    },
    {
      "type": "Feature",
      "properties": {
        "resource_id": "UAM-WP-4ca4827bcdcaa3488c47",
        "label": "DUMONT",
        "node_name": "DUMONT",
        "original_names": [
          "DUMONT"
        ],
        "normalized_name": "DUMONT",
        "network": "UAM",
        "criterion": "uam_named_waypoint",
        "network_degree": 0,
        "altitude_m": 914.4000000000001,
        "vertical_intervals_m": [
          [
            761.9,
            1066.9
          ]
        ],
        "altitude_status": "known_envelopes",
        "dimensions_m": [
          305.0,
          457.0
        ],
        "uam_route_ids": [
          "UAM002",
          "UAM017",
          "UAM019",
          "UAM021",
          "UAM023",
          "UAM025",
          "UAM027",
          "UAM029"
        ],
        "reh_resource_ids": [],
        "uam_route_labels": [
          "SBGR-SBMT (Parallel 1)",
          "SBGR-VP-001 (Parallel 1)",
          "SBGR-VP-002 (Parallel 1)",
          "SBGR-VP-003 (Parallel 1)",
          "SBGR-VP-004 (Parallel 1)",
          "SBGR-VP-005 (Parallel 1)",
          "SBGR-VP-006 (Parallel 1)",
          "SBSP-SBGR (Parallel 2)"
        ],
        "reh_labels": [],
        "status": "geometry_only_pending_recomputation",
        "method": "explicit_named_export_position",
        "name_group_id": "UAM:DUMONT",
        "name_position_count": 2,
        "name_position_ids": [
          "UAM-WP-4ca4827bcdcaa3488c47",
          "UAM-WP-6e904fca962e1342fd0c"
        ],
        "grouping_rule": "name index only; exact coordinates/levels/dimensions remain independent; no analytical name total",
        "analysis_method_version": "reh-anchored-uam-junctions-v2",
        "distinct_edge_neighbors": [],
        "terminal_route_ids": [],
        "interior_route_ids": [],
        "terminal_only": true,
        "reh_reference": {
          "resource_id": "REH-WP-caf56fd05bf7db6c83c8",
          "label": "Dumont",
          "horizontal_distance_m": 1322.3586746794676,
          "max_distance_m": 500.0,
          "match_method": "normalized_exact_name",
          "coordinates": [
            -46.4691666699999,
            -23.4802777799999
          ]
        },
        "capacity_eligible": false,
        "selection_reasons": [
          "fewer_than_three_distinct_physical_edges",
          "terminal_gateway_only",
          "reh_reference_outside_distance_threshold"
        ],
        "selection_rule": "uam_degree_at_least_3_and_reh_reference_within_500m_and_nonterminal_use",
        "source": {
          "file": "scenario_horizontal_3000ft_expanded_displaced.csv",
          "sha256": "22a7773a304d67de1faf665f6ab0dca4aa2634df0feb120361ec443d39310ff1"
        }
      },
      "geometry": {
        "type": "Point",
        "coordinates": [
          -46.479965480183,
          -23.473696062246297
        ]
      }
    },
    {
      "type": "Feature",
      "properties": {
        "resource_id": "UAM-WP-6e904fca962e1342fd0c",
        "label": "DUMONT",
        "node_name": "DUMONT",
        "original_names": [
          "DUMONT"
        ],
        "normalized_name": "DUMONT",
        "network": "UAM",
        "criterion": "uam_named_waypoint",
        "network_degree": 0,
        "altitude_m": 914.4000000000001,
        "vertical_intervals_m": [
          [
            761.9,
            1066.9
          ]
        ],
        "altitude_status": "known_envelopes",
        "dimensions_m": [
          305.0,
          457.0
        ],
        "uam_route_ids": [
          "UAM001",
          "UAM018",
          "UAM020",
          "UAM022",
          "UAM024",
          "UAM026",
          "UAM028",
          "UAM030"
        ],
        "reh_resource_ids": [],
        "uam_route_labels": [
          "SBGR-SBMT (Parallel 2)",
          "SBGR-VP-001 (Parallel 2)",
          "SBGR-VP-002 (Parallel 2)",
          "SBGR-VP-003 (Parallel 2)",
          "SBGR-VP-004 (Parallel 2)",
          "SBGR-VP-005 (Parallel 2)",
          "SBGR-VP-006 (Parallel 2)",
          "SBSP-SBGR (Parallel 1)"
        ],
        "reh_labels": [],
        "status": "geometry_only_pending_recomputation",
        "method": "explicit_named_export_position",
        "name_group_id": "UAM:DUMONT",
        "name_position_count": 2,
        "name_position_ids": [
          "UAM-WP-4ca4827bcdcaa3488c47",
          "UAM-WP-6e904fca962e1342fd0c"
        ],
        "grouping_rule": "name index only; exact coordinates/levels/dimensions remain independent; no analytical name total",
        "analysis_method_version": "reh-anchored-uam-junctions-v2",
        "distinct_edge_neighbors": [],
        "terminal_route_ids": [],
        "interior_route_ids": [],
        "terminal_only": true,
        "reh_reference": {
          "resource_id": "REH-WP-caf56fd05bf7db6c83c8",
          "label": "Dumont",
          "horizontal_distance_m": 675.4227924531393,
          "max_distance_m": 500.0,
          "match_method": "normalized_exact_name",
          "coordinates": [
            -46.4691666699999,
            -23.4802777799999
          ]
        },
        "capacity_eligible": false,
        "selection_reasons": [
          "fewer_than_three_distinct_physical_edges",
          "terminal_gateway_only",
          "reh_reference_outside_distance_threshold"
        ],
        "selection_rule": "uam_degree_at_least_3_and_reh_reference_within_500m_and_nonterminal_use",
        "source": {
          "file": "scenario_horizontal_3000ft_expanded_displaced.csv",
          "sha256": "22a7773a304d67de1faf665f6ab0dca4aa2634df0feb120361ec443d39310ff1"
        }
      },
      "geometry": {
        "type": "Point",
        "coordinates": [
          -46.47468243478397,
          -23.476915994257524
        ]
      }
    },
    {
      "type": "Feature",
      "properties": {
        "resource_id": "UAM-WP-65ce88f8b9f12cccb2eb",
        "label": "EXTRA_JAGUARE",
        "node_name": "EXTRA_JAGUARE",
        "original_names": [
          "EXTRA_JAGUARE"
        ],
        "normalized_name": "EXTRA_JAGUARE",
        "network": "UAM",
        "criterion": "uam_named_waypoint",
        "network_degree": 2,
        "altitude_m": 1219.0,
        "vertical_intervals_m": [
          [
            1066.5,
            1371.5
          ]
        ],
        "altitude_status": "known_envelopes",
        "dimensions_m": [
          305.0,
          457.0
        ],
        "uam_route_ids": [
          "UAM005"
        ],
        "reh_resource_ids": [],
        "uam_route_labels": [
          "SBSP-VP-001 (Parallel 1)"
        ],
        "reh_labels": [],
        "status": "geometry_only_pending_recomputation",
        "method": "explicit_named_export_position",
        "name_group_id": "UAM:EXTRA_JAGUARE",
        "name_position_count": 2,
        "name_position_ids": [
          "UAM-WP-65ce88f8b9f12cccb2eb",
          "UAM-WP-260882d91a6908a9fd70"
        ],
        "grouping_rule": "name index only; exact coordinates/levels/dimensions remain independent; no analytical name total",
        "analysis_method_version": "reh-anchored-uam-junctions-v2",
        "distinct_edge_neighbors": [
          [
            -23.54748722357915,
            -46.75260077320909,
            1219.0,
            305.0,
            457.0
          ],
          [
            -23.600798797887954,
            -46.72108787857553,
            1219.0,
            305.0,
            457.0
          ]
        ],
        "terminal_route_ids": [],
        "interior_route_ids": [
          "UAM005"
        ],
        "terminal_only": false,
        "reh_reference": {
          "resource_id": "REH-WP-48906d9bf2ea5890c352",
          "label": "Extra Jaguaré",
          "horizontal_distance_m": 255.45580417369575,
          "max_distance_m": 500.0,
          "match_method": "normalized_exact_name",
          "coordinates": [
            -46.7474999999999,
            -23.55722222
          ]
        },
        "capacity_eligible": false,
        "selection_reasons": [
          "fewer_than_three_distinct_physical_edges"
        ],
        "selection_rule": "uam_degree_at_least_3_and_reh_reference_within_500m_and_nonterminal_use",
        "source": {
          "file": "scenario_horizontal_3000ft_expanded_displaced.csv",
          "sha256": "22a7773a304d67de1faf665f6ab0dca4aa2634df0feb120361ec443d39310ff1"
        }
      },
      "geometry": {
        "type": "Point",
        "coordinates": [
          -46.74537818213205,
          -23.555999563062727
        ]
      }
    },
    {
      "type": "Feature",
      "properties": {
        "resource_id": "UAM-WP-260882d91a6908a9fd70",
        "label": "EXTRA_JAGUARE",
        "node_name": "EXTRA_JAGUARE",
        "original_names": [
          "EXTRA_JAGUARE"
        ],
        "normalized_name": "EXTRA_JAGUARE",
        "network": "UAM",
        "criterion": "uam_named_waypoint",
        "network_degree": 2,
        "altitude_m": 1219.0,
        "vertical_intervals_m": [
          [
            1066.5,
            1371.5
          ]
        ],
        "altitude_status": "known_envelopes",
        "dimensions_m": [
          305.0,
          457.0
        ],
        "uam_route_ids": [
          "UAM006"
        ],
        "reh_resource_ids": [],
        "uam_route_labels": [
          "SBSP-VP-001 (Parallel 2)"
        ],
        "reh_labels": [],
        "status": "geometry_only_pending_recomputation",
        "method": "explicit_named_export_position",
        "name_group_id": "UAM:EXTRA_JAGUARE",
        "name_position_count": 2,
        "name_position_ids": [
          "UAM-WP-65ce88f8b9f12cccb2eb",
          "UAM-WP-260882d91a6908a9fd70"
        ],
        "grouping_rule": "name index only; exact coordinates/levels/dimensions remain independent; no analytical name total",
        "analysis_method_version": "reh-anchored-uam-junctions-v2",
        "distinct_edge_neighbors": [
          [
            -23.54862388753205,
            -46.75795478234651,
            1219.0,
            305.0,
            457.0
          ],
          [
            -23.60350120211205,
            -46.72519212142447,
            1219.0,
            305.0,
            457.0
          ]
        ],
        "terminal_route_ids": [],
        "interior_route_ids": [
          "UAM006"
        ],
        "terminal_only": false,
        "reh_reference": {
          "resource_id": "REH-WP-48906d9bf2ea5890c352",
          "label": "Extra Jaguaré",
          "horizontal_distance_m": 255.4543636352556,
          "max_distance_m": 500.0,
          "match_method": "normalized_exact_name",
          "coordinates": [
            -46.7474999999999,
            -23.55722222
          ]
        },
        "capacity_eligible": false,
        "selection_reasons": [
          "fewer_than_three_distinct_physical_edges"
        ],
        "selection_rule": "uam_degree_at_least_3_and_reh_reference_within_500m_and_nonterminal_use",
        "source": {
          "file": "scenario_horizontal_3000ft_expanded_displaced.csv",
          "sha256": "22a7773a304d67de1faf665f6ab0dca4aa2634df0feb120361ec443d39310ff1"
        }
      },
      "geometry": {
        "type": "Point",
        "coordinates": [
          -46.749621817867954,
          -23.558444881381675
        ]
      }
    },
    {
      "type": "Feature",
      "properties": {
        "resource_id": "UAM-WP-aa51b98ce80c64ef6cdb",
        "label": "EXTRA_TABOAO",
        "node_name": "EXTRA_TABOAO",
        "original_names": [
          "EXTRA_TABOAO"
        ],
        "normalized_name": "EXTRA_TABOAO",
        "network": "UAM",
        "criterion": "uam_named_waypoint",
        "network_degree": 2,
        "altitude_m": 1219.0,
        "vertical_intervals_m": [
          [
            1066.5,
            1371.5
          ]
        ],
        "altitude_status": "known_envelopes",
        "dimensions_m": [
          305.0,
          457.0
        ],
        "uam_route_ids": [
          "UAM013",
          "UAM063"
        ],
        "reh_resource_ids": [],
        "uam_route_labels": [
          "SBSP-VP-005 (Parallel 1)",
          "VP-003-VP-005 (Parallel 1)"
        ],
        "reh_labels": [],
        "status": "geometry_only_pending_recomputation",
        "method": "explicit_named_export_position",
        "name_group_id": "UAM:EXTRA_TABOAO",
        "name_position_count": 2,
        "name_position_ids": [
          "UAM-WP-aa51b98ce80c64ef6cdb",
          "UAM-WP-ded4b293bf66e717fe00"
        ],
        "grouping_rule": "name index only; exact coordinates/levels/dimensions remain independent; no analytical name total",
        "analysis_method_version": "reh-anchored-uam-junctions-v2",
        "distinct_edge_neighbors": [
          [
            -23.59027412529078,
            -46.80869748115197,
            1219.0,
            305.0,
            457.0
          ],
          [
            -23.609389520520164,
            -46.71255842051052,
            1219.0,
            305.0,
            457.0
          ]
        ],
        "terminal_route_ids": [],
        "interior_route_ids": [
          "UAM013",
          "UAM063"
        ],
        "terminal_only": false,
        "reh_reference": {
          "resource_id": "REH-WP-6f6c7b559524993da7eb",
          "label": "Extra Taboão",
          "horizontal_distance_m": 255.60277535641035,
          "max_distance_m": 500.0,
          "match_method": "normalized_exact_name",
          "coordinates": [
            -46.75166667,
            -23.60861111
          ]
        },
        "capacity_eligible": false,
        "selection_reasons": [
          "fewer_than_three_distinct_physical_edges"
        ],
        "selection_rule": "uam_degree_at_least_3_and_reh_reference_within_500m_and_nonterminal_use",
        "source": {
          "file": "scenario_horizontal_3000ft_expanded_displaced.csv",
          "sha256": "22a7773a304d67de1faf665f6ab0dca4aa2634df0feb120361ec443d39310ff1"
        }
      },
      "geometry": {
        "type": "Point",
        "coordinates": [
          -46.75119116437716,
          -23.606354090644885
        ]
      }
    },
    {
      "type": "Feature",
      "properties": {
        "resource_id": "UAM-WP-ded4b293bf66e717fe00",
        "label": "EXTRA_TABOAO",
        "node_name": "EXTRA_TABOAO",
        "original_names": [
          "EXTRA_TABOAO"
        ],
        "normalized_name": "EXTRA_TABOAO",
        "network": "UAM",
        "criterion": "uam_named_waypoint",
        "network_degree": 2,
        "altitude_m": 1219.0,
        "vertical_intervals_m": [
          [
            1066.5,
            1371.5
          ]
        ],
        "altitude_status": "known_envelopes",
        "dimensions_m": [
          305.0,
          457.0
        ],
        "uam_route_ids": [
          "UAM014",
          "UAM064"
        ],
        "reh_resource_ids": [],
        "uam_route_labels": [
          "SBSP-VP-005 (Parallel 2)",
          "VP-003-VP-005 (Parallel 2)"
        ],
        "reh_labels": [],
        "status": "geometry_only_pending_recomputation",
        "method": "explicit_named_export_position",
        "name_group_id": "UAM:EXTRA_TABOAO",
        "name_position_count": 2,
        "name_position_ids": [
          "UAM-WP-aa51b98ce80c64ef6cdb",
          "UAM-WP-ded4b293bf66e717fe00"
        ],
        "grouping_rule": "name index only; exact coordinates/levels/dimensions remain independent; no analytical name total",
        "analysis_method_version": "reh-anchored-uam-junctions-v2",
        "distinct_edge_neighbors": [
          [
            -23.594170319153623,
            -46.81185807440363,
            1219.0,
            305.0,
            457.0
          ],
          [
            -23.613943812813236,
            -46.712997135045086,
            1219.0,
            305.0,
            457.0
          ]
        ],
        "terminal_route_ids": [],
        "interior_route_ids": [
          "UAM014",
          "UAM064"
        ],
        "terminal_only": false,
        "reh_reference": {
          "resource_id": "REH-WP-6f6c7b559524993da7eb",
          "label": "Extra Taboão",
          "horizontal_distance_m": 255.602731120565,
          "max_distance_m": 500.0,
          "match_method": "normalized_exact_name",
          "coordinates": [
            -46.75166667,
            -23.60861111
          ]
        },
        "capacity_eligible": false,
        "selection_reasons": [
          "fewer_than_three_distinct_physical_edges"
        ],
        "selection_rule": "uam_degree_at_least_3_and_reh_reference_within_500m_and_nonterminal_use",
        "source": {
          "file": "scenario_horizontal_3000ft_expanded_displaced.csv",
          "sha256": "22a7773a304d67de1faf665f6ab0dca4aa2634df0feb120361ec443d39310ff1"
        }
      },
      "geometry": {
        "type": "Point",
        "coordinates": [
          -46.75214216895624,
          -23.610868131577313
        ]
      }
    },
    {
      "type": "Feature",
      "properties": {
        "resource_id": "UAM-WP-f99ece6e1b8a256e2980",
        "label": "IMPERIAL",
        "node_name": "IMPERIAL",
        "original_names": [
          "IMPERIAL"
        ],
        "normalized_name": "IMPERIAL",
        "network": "UAM",
        "criterion": "uam_named_waypoint",
        "network_degree": 0,
        "altitude_m": 914.4000000000001,
        "vertical_intervals_m": [
          [
            761.9,
            1066.9
          ]
        ],
        "altitude_status": "known_envelopes",
        "dimensions_m": [
          305.0,
          457.0
        ],
        "uam_route_ids": [
          "UAM048",
          "UAM067"
        ],
        "reh_resource_ids": [],
        "uam_route_labels": [
          "VP-001-VP-004 (Parallel 2)",
          "VP-004-VP-005 (Parallel 1)"
        ],
        "reh_labels": [],
        "status": "geometry_only_pending_recomputation",
        "method": "explicit_named_export_position",
        "name_group_id": "UAM:IMPERIAL",
        "name_position_count": 2,
        "name_position_ids": [
          "UAM-WP-f99ece6e1b8a256e2980",
          "UAM-WP-75d90bc11f7337ff9752"
        ],
        "grouping_rule": "name index only; exact coordinates/levels/dimensions remain independent; no analytical name total",
        "analysis_method_version": "reh-anchored-uam-junctions-v2",
        "distinct_edge_neighbors": [],
        "terminal_route_ids": [],
        "interior_route_ids": [],
        "terminal_only": true,
        "reh_reference": {
          "resource_id": "REH-WP-a02d13d8f1efe1a60eb2",
          "label": "Imperial",
          "horizontal_distance_m": 1255.7513980388837,
          "max_distance_m": 500.0,
          "match_method": "normalized_exact_name",
          "coordinates": [
            -46.80722222,
            -23.4894444399999
          ]
        },
        "capacity_eligible": false,
        "selection_reasons": [
          "fewer_than_three_distinct_physical_edges",
          "terminal_gateway_only",
          "reh_reference_outside_distance_threshold"
        ],
        "selection_rule": "uam_degree_at_least_3_and_reh_reference_within_500m_and_nonterminal_use",
        "source": {
          "file": "scenario_horizontal_3000ft_expanded_displaced.csv",
          "sha256": "22a7773a304d67de1faf665f6ab0dca4aa2634df0feb120361ec443d39310ff1"
        }
      },
      "geometry": {
        "type": "Point",
        "coordinates": [
          -46.81385369960042,
          -23.479928950546952
        ]
      }
    },
    {
      "type": "Feature",
      "properties": {
        "resource_id": "UAM-WP-75d90bc11f7337ff9752",
        "label": "IMPERIAL",
        "node_name": "IMPERIAL",
        "original_names": [
          "IMPERIAL"
        ],
        "normalized_name": "IMPERIAL",
        "network": "UAM",
        "criterion": "uam_named_waypoint",
        "network_degree": 0,
        "altitude_m": 914.4000000000001,
        "vertical_intervals_m": [
          [
            761.9,
            1066.9
          ]
        ],
        "altitude_status": "known_envelopes",
        "dimensions_m": [
          305.0,
          457.0
        ],
        "uam_route_ids": [
          "UAM047",
          "UAM068"
        ],
        "reh_resource_ids": [],
        "uam_route_labels": [
          "VP-001-VP-004 (Parallel 1)",
          "VP-004-VP-005 (Parallel 2)"
        ],
        "reh_labels": [],
        "status": "geometry_only_pending_recomputation",
        "method": "explicit_named_export_position",
        "name_group_id": "UAM:IMPERIAL",
        "name_position_count": 2,
        "name_position_ids": [
          "UAM-WP-f99ece6e1b8a256e2980",
          "UAM-WP-75d90bc11f7337ff9752"
        ],
        "grouping_rule": "name index only; exact coordinates/levels/dimensions remain independent; no analytical name total",
        "analysis_method_version": "reh-anchored-uam-junctions-v2",
        "distinct_edge_neighbors": [],
        "terminal_route_ids": [],
        "interior_route_ids": [],
        "terminal_only": true,
        "reh_reference": {
          "resource_id": "REH-WP-a02d13d8f1efe1a60eb2",
          "label": "Imperial",
          "horizontal_distance_m": 742.0186488430714,
          "max_distance_m": 500.0,
          "match_method": "normalized_exact_name",
          "coordinates": [
            -46.80722222,
            -23.4894444399999
          ]
        },
        "capacity_eligible": false,
        "selection_reasons": [
          "fewer_than_three_distinct_physical_edges",
          "terminal_gateway_only",
          "reh_reference_outside_distance_threshold"
        ],
        "selection_rule": "uam_degree_at_least_3_and_reh_reference_within_500m_and_nonterminal_use",
        "source": {
          "file": "scenario_horizontal_3000ft_expanded_displaced.csv",
          "sha256": "22a7773a304d67de1faf665f6ab0dca4aa2634df0feb120361ec443d39310ff1"
        }
      },
      "geometry": {
        "type": "Point",
        "coordinates": [
          -46.81114081009397,
          -23.483821783773077
        ]
      }
    },
    {
      "type": "Feature",
      "properties": {
        "resource_id": "UAM-WP-0ec737370a79beefc021",
        "label": "ITAU_CTO",
        "node_name": "ITAU_CTO",
        "original_names": [
          "ITAU_CTO"
        ],
        "normalized_name": "ITAU_CTO",
        "network": "UAM",
        "criterion": "uam_named_waypoint",
        "network_degree": 3,
        "altitude_m": 1219.0,
        "vertical_intervals_m": [
          [
            1066.5,
            1371.5
          ]
        ],
        "altitude_status": "known_envelopes",
        "dimensions_m": [
          305.0,
          457.0
        ],
        "uam_route_ids": [
          "UAM002",
          "UAM004",
          "UAM021",
          "UAM023",
          "UAM033",
          "UAM035"
        ],
        "reh_resource_ids": [],
        "uam_route_labels": [
          "SBGR-VP-002 (Parallel 1)",
          "SBGR-VP-003 (Parallel 1)",
          "SBMT-VP-002 (Parallel 1)",
          "SBMT-VP-003 (Parallel 1)",
          "SBSP-SBGR (Parallel 2)",
          "SBSP-SBMT (Parallel 2)"
        ],
        "reh_labels": [],
        "status": "geometry_only_pending_recomputation",
        "method": "explicit_named_export_position",
        "name_group_id": "UAM:ITAU_CTO",
        "name_position_count": 2,
        "name_position_ids": [
          "UAM-WP-0ec737370a79beefc021",
          "UAM-WP-d495f907fec1cc0132cc"
        ],
        "grouping_rule": "name index only; exact coordinates/levels/dimensions remain independent; no analytical name total",
        "analysis_method_version": "reh-anchored-uam-junctions-v2",
        "distinct_edge_neighbors": [
          [
            -23.552624774559753,
            -46.61439946562285,
            1219.0,
            305.0,
            457.0
          ],
          [
            -23.57152171587711,
            -46.629391676867094,
            1219.0,
            305.0,
            457.0
          ],
          [
            -23.572879167604274,
            -46.630455014053375,
            1219.0,
            305.0,
            457.0
          ]
        ],
        "terminal_route_ids": [],
        "interior_route_ids": [
          "UAM002",
          "UAM004",
          "UAM021",
          "UAM023",
          "UAM033",
          "UAM035"
        ],
        "terminal_only": false,
        "reh_reference": {
          "resource_id": "REH-WP-7c15f8aaf3f9150f62e2",
          "label": "Itaú Cto",
          "horizontal_distance_m": 254.21034477887477,
          "max_distance_m": 500.0,
          "match_method": "normalized_exact_name",
          "coordinates": [
            -46.61555556,
            -23.55777778
          ]
        },
        "capacity_eligible": true,
        "selection_reasons": [],
        "selection_rule": "uam_degree_at_least_3_and_reh_reference_within_500m_and_nonterminal_use",
        "source": {
          "file": "scenario_horizontal_3000ft_expanded_displaced.csv",
          "sha256": "22a7773a304d67de1faf665f6ab0dca4aa2634df0feb120361ec443d39310ff1"
        }
      },
      "geometry": {
        "type": "Point",
        "coordinates": [
          -46.61755958582767,
          -23.556416918805503
        ]
      }
    },
    {
      "type": "Feature",
      "properties": {
        "resource_id": "UAM-WP-d495f907fec1cc0132cc",
        "label": "ITAU_CTO",
        "node_name": "ITAU_CTO",
        "original_names": [
          "ITAU_CTO"
        ],
        "normalized_name": "ITAU_CTO",
        "network": "UAM",
        "criterion": "uam_named_waypoint",
        "network_degree": 3,
        "altitude_m": 1219.0,
        "vertical_intervals_m": [
          [
            1066.5,
            1371.5
          ]
        ],
        "altitude_status": "known_envelopes",
        "dimensions_m": [
          305.0,
          457.0
        ],
        "uam_route_ids": [
          "UAM001",
          "UAM003",
          "UAM022",
          "UAM024",
          "UAM034",
          "UAM036"
        ],
        "reh_resource_ids": [],
        "uam_route_labels": [
          "SBGR-VP-002 (Parallel 2)",
          "SBGR-VP-003 (Parallel 2)",
          "SBMT-VP-002 (Parallel 2)",
          "SBMT-VP-003 (Parallel 2)",
          "SBSP-SBGR (Parallel 1)",
          "SBSP-SBMT (Parallel 1)"
        ],
        "reh_labels": [],
        "status": "geometry_only_pending_recomputation",
        "method": "explicit_named_export_position",
        "name_group_id": "UAM:ITAU_CTO",
        "name_position_count": 2,
        "name_position_ids": [
          "UAM-WP-0ec737370a79beefc021",
          "UAM-WP-d495f907fec1cc0132cc"
        ],
        "grouping_rule": "name index only; exact coordinates/levels/dimensions remain independent; no analytical name total",
        "analysis_method_version": "reh-anchored-uam-junctions-v2",
        "distinct_edge_neighbors": [
          [
            -23.552930780995844,
            -46.60837831215494,
            1219.0,
            305.0,
            457.0
          ],
          [
            -23.576009721284525,
            -46.62676720816882,
            1219.0,
            305.0,
            457.0
          ],
          [
            -23.577367173011687,
            -46.6278305453551,
            1219.0,
            305.0,
            457.0
          ]
        ],
        "terminal_route_ids": [],
        "interior_route_ids": [
          "UAM001",
          "UAM003",
          "UAM022",
          "UAM024",
          "UAM034",
          "UAM036"
        ],
        "terminal_only": false,
        "reh_reference": {
          "resource_id": "REH-WP-7c15f8aaf3f9150f62e2",
          "label": "Itaú Cto",
          "horizontal_distance_m": 254.20907885076946,
          "max_distance_m": 500.0,
          "match_method": "normalized_exact_name",
          "coordinates": [
            -46.61555556,
            -23.55777778
          ]
        },
        "capacity_eligible": true,
        "selection_reasons": [],
        "selection_rule": "uam_degree_at_least_3_and_reh_reference_within_500m_and_nonterminal_use",
        "source": {
          "file": "scenario_horizontal_3000ft_expanded_displaced.csv",
          "sha256": "22a7773a304d67de1faf665f6ab0dca4aa2634df0feb120361ec443d39310ff1"
        }
      },
      "geometry": {
        "type": "Point",
        "coordinates": [
          -46.61355152528353,
          -23.5591386367501
        ]
      }
    },
    {
      "type": "Feature",
      "properties": {
        "resource_id": "UAM-WP-38c0aab09a271beea8d5",
        "label": "LUZ",
        "node_name": "LUZ",
        "original_names": [
          "LUZ"
        ],
        "normalized_name": "LUZ",
        "network": "UAM",
        "criterion": "uam_named_waypoint",
        "network_degree": 2,
        "altitude_m": 1219.0,
        "vertical_intervals_m": [
          [
            1066.5,
            1371.5
          ]
        ],
        "altitude_status": "known_envelopes",
        "dimensions_m": [
          305.0,
          457.0
        ],
        "uam_route_ids": [
          "UAM031",
          "UAM037",
          "UAM039",
          "UAM041"
        ],
        "reh_resource_ids": [],
        "uam_route_labels": [
          "SBMT-VP-001 (Parallel 1)",
          "SBMT-VP-004 (Parallel 1)",
          "SBMT-VP-005 (Parallel 1)",
          "SBMT-VP-006 (Parallel 1)"
        ],
        "reh_labels": [],
        "status": "geometry_only_pending_recomputation",
        "method": "explicit_named_export_position",
        "name_group_id": "UAM:LUZ",
        "name_position_count": 4,
        "name_position_ids": [
          "UAM-WP-38c0aab09a271beea8d5",
          "UAM-WP-508f2f3383d011bc5d48",
          "UAM-WP-fe57a3595f1a6919e083",
          "UAM-WP-5b826ee7ce942155a1dd"
        ],
        "grouping_rule": "name index only; exact coordinates/levels/dimensions remain independent; no analytical name total",
        "analysis_method_version": "reh-anchored-uam-junctions-v2",
        "distinct_edge_neighbors": [
          [
            -23.509,
            -46.633,
            760.0,
            305.0,
            457.0
          ],
          [
            -23.531664480389757,
            -46.638231926254754,
            1219.0,
            305.0,
            457.0
          ]
        ],
        "terminal_route_ids": [
          "UAM031",
          "UAM037",
          "UAM039",
          "UAM041"
        ],
        "interior_route_ids": [],
        "terminal_only": true,
        "reh_reference": {
          "resource_id": "REH-WP-296c939e855352e08f82",
          "label": "Luz",
          "horizontal_distance_m": 407.40991605570485,
          "max_distance_m": 500.0,
          "match_method": "normalized_exact_name",
          "coordinates": [
            -46.6352777779999,
            -23.535
          ]
        },
        "capacity_eligible": false,
        "selection_reasons": [
          "fewer_than_three_distinct_physical_edges",
          "terminal_gateway_only"
        ],
        "selection_rule": "uam_degree_at_least_3_and_reh_reference_within_500m_and_nonterminal_use",
        "source": {
          "file": "scenario_horizontal_3000ft_expanded_displaced.csv",
          "sha256": "22a7773a304d67de1faf665f6ab0dca4aa2634df0feb120361ec443d39310ff1"
        }
      },
      "geometry": {
        "type": "Point",
        "coordinates": [
          -46.637490806081274,
          -23.53194915499044
        ]
      }
    },
    {
      "type": "Feature",
      "properties": {
        "resource_id": "UAM-WP-508f2f3383d011bc5d48",
        "label": "LUZ",
        "node_name": "LUZ",
        "original_names": [
          "LUZ"
        ],
        "normalized_name": "LUZ",
        "network": "UAM",
        "criterion": "uam_named_waypoint",
        "network_degree": 2,
        "altitude_m": 1219.0,
        "vertical_intervals_m": [
          [
            1066.5,
            1371.5
          ]
        ],
        "altitude_status": "known_envelopes",
        "dimensions_m": [
          305.0,
          457.0
        ],
        "uam_route_ids": [
          "UAM019",
          "UAM025",
          "UAM027",
          "UAM029"
        ],
        "reh_resource_ids": [],
        "uam_route_labels": [
          "SBGR-VP-001 (Parallel 1)",
          "SBGR-VP-004 (Parallel 1)",
          "SBGR-VP-005 (Parallel 1)",
          "SBGR-VP-006 (Parallel 1)"
        ],
        "reh_labels": [],
        "status": "geometry_only_pending_recomputation",
        "method": "explicit_named_export_position",
        "name_group_id": "UAM:LUZ",
        "name_position_count": 4,
        "name_position_ids": [
          "UAM-WP-38c0aab09a271beea8d5",
          "UAM-WP-508f2f3383d011bc5d48",
          "UAM-WP-fe57a3595f1a6919e083",
          "UAM-WP-5b826ee7ce942155a1dd"
        ],
        "grouping_rule": "name index only; exact coordinates/levels/dimensions remain independent; no analytical name total",
        "analysis_method_version": "reh-anchored-uam-junctions-v2",
        "distinct_edge_neighbors": [
          [
            -23.531664480389757,
            -46.638231926254754,
            1219.0,
            305.0,
            457.0
          ],
          [
            -23.54152782560704,
            -46.61676973494606,
            1219.0,
            305.0,
            457.0
          ]
        ],
        "terminal_route_ids": [],
        "interior_route_ids": [
          "UAM019",
          "UAM025",
          "UAM027",
          "UAM029"
        ],
        "terminal_only": false,
        "reh_reference": {
          "resource_id": "REH-WP-296c939e855352e08f82",
          "label": "Luz",
          "horizontal_distance_m": 226.82711752324036,
          "max_distance_m": 500.0,
          "match_method": "normalized_exact_name",
          "coordinates": [
            -46.6352777779999,
            -23.535
          ]
        },
        "capacity_eligible": false,
        "selection_reasons": [
          "fewer_than_three_distinct_physical_edges"
        ],
        "selection_rule": "uam_degree_at_least_3_and_reh_reference_within_500m_and_nonterminal_use",
        "source": {
          "file": "scenario_horizontal_3000ft_expanded_displaced.csv",
          "sha256": "22a7773a304d67de1faf665f6ab0dca4aa2634df0feb120361ec443d39310ff1"
        }
      },
      "geometry": {
        "type": "Point",
        "coordinates": [
          -46.634218645125785,
          -23.5332060376752
        ]
      }
    },
    {
      "type": "Feature",
      "properties": {
        "resource_id": "UAM-WP-fe57a3595f1a6919e083",
        "label": "LUZ",
        "node_name": "LUZ",
        "original_names": [
          "LUZ"
        ],
        "normalized_name": "LUZ",
        "network": "UAM",
        "criterion": "uam_named_waypoint",
        "network_degree": 2,
        "altitude_m": 1219.0,
        "vertical_intervals_m": [
          [
            1066.5,
            1371.5
          ]
        ],
        "altitude_status": "known_envelopes",
        "dimensions_m": [
          305.0,
          457.0
        ],
        "uam_route_ids": [
          "UAM020",
          "UAM026",
          "UAM028",
          "UAM030"
        ],
        "reh_resource_ids": [],
        "uam_route_labels": [
          "SBGR-VP-001 (Parallel 2)",
          "SBGR-VP-004 (Parallel 2)",
          "SBGR-VP-005 (Parallel 2)",
          "SBGR-VP-006 (Parallel 2)"
        ],
        "reh_labels": [],
        "status": "geometry_only_pending_recomputation",
        "method": "explicit_named_export_position",
        "name_group_id": "UAM:LUZ",
        "name_position_count": 4,
        "name_position_ids": [
          "UAM-WP-38c0aab09a271beea8d5",
          "UAM-WP-508f2f3383d011bc5d48",
          "UAM-WP-fe57a3595f1a6919e083",
          "UAM-WP-5b826ee7ce942155a1dd"
        ],
        "grouping_rule": "name index only; exact coordinates/levels/dimensions remain independent; no analytical name total",
        "analysis_method_version": "reh-anchored-uam-junctions-v2",
        "distinct_edge_neighbors": [
          [
            -23.535355519610242,
            -46.64152807374524,
            1219.0,
            305.0,
            457.0
          ],
          [
            -23.54624995217076,
            -46.617674709498345,
            1219.0,
            305.0,
            457.0
          ]
        ],
        "terminal_route_ids": [],
        "interior_route_ids": [
          "UAM020",
          "UAM026",
          "UAM028",
          "UAM030"
        ],
        "terminal_only": false,
        "reh_reference": {
          "resource_id": "REH-WP-296c939e855352e08f82",
          "label": "Luz",
          "horizontal_distance_m": 282.6870830873829,
          "max_distance_m": 500.0,
          "match_method": "normalized_exact_name",
          "coordinates": [
            -46.6352777779999,
            -23.535
          ]
        },
        "capacity_eligible": false,
        "selection_reasons": [
          "fewer_than_three_distinct_physical_edges"
        ],
        "selection_rule": "uam_degree_at_least_3_and_reh_reference_within_500m_and_nonterminal_use",
        "source": {
          "file": "scenario_horizontal_3000ft_expanded_displaced.csv",
          "sha256": "22a7773a304d67de1faf665f6ab0dca4aa2634df0feb120361ec443d39310ff1"
        }
      },
      "geometry": {
        "type": "Point",
        "coordinates": [
          -46.63633691042982,
          -23.5373495178804
        ]
      }
    },
    {
      "type": "Feature",
      "properties": {
        "resource_id": "UAM-WP-5b826ee7ce942155a1dd",
        "label": "LUZ",
        "node_name": "LUZ",
        "original_names": [
          "LUZ"
        ],
        "normalized_name": "LUZ",
        "network": "UAM",
        "criterion": "uam_named_waypoint",
        "network_degree": 2,
        "altitude_m": 1219.0,
        "vertical_intervals_m": [
          [
            1066.5,
            1371.5
          ]
        ],
        "altitude_status": "known_envelopes",
        "dimensions_m": [
          305.0,
          457.0
        ],
        "uam_route_ids": [
          "UAM032",
          "UAM038",
          "UAM040",
          "UAM042"
        ],
        "reh_resource_ids": [],
        "uam_route_labels": [
          "SBMT-VP-001 (Parallel 2)",
          "SBMT-VP-004 (Parallel 2)",
          "SBMT-VP-005 (Parallel 2)",
          "SBMT-VP-006 (Parallel 2)"
        ],
        "reh_labels": [],
        "status": "geometry_only_pending_recomputation",
        "method": "explicit_named_export_position",
        "name_group_id": "UAM:LUZ",
        "name_position_count": 4,
        "name_position_ids": [
          "UAM-WP-38c0aab09a271beea8d5",
          "UAM-WP-508f2f3383d011bc5d48",
          "UAM-WP-fe57a3595f1a6919e083",
          "UAM-WP-5b826ee7ce942155a1dd"
        ],
        "grouping_rule": "name index only; exact coordinates/levels/dimensions remain independent; no analytical name total",
        "analysis_method_version": "reh-anchored-uam-junctions-v2",
        "distinct_edge_neighbors": [
          [
            -23.509,
            -46.633,
            760.0,
            305.0,
            457.0
          ],
          [
            -23.535355519610242,
            -46.64152807374524,
            1219.0,
            305.0,
            457.0
          ]
        ],
        "terminal_route_ids": [
          "UAM032",
          "UAM038",
          "UAM040",
          "UAM042"
        ],
        "interior_route_ids": [],
        "terminal_only": true,
        "reh_reference": {
          "resource_id": "REH-WP-296c939e855352e08f82",
          "label": "Luz",
          "horizontal_distance_m": 460.11880787472387,
          "max_distance_m": 500.0,
          "match_method": "normalized_exact_name",
          "coordinates": [
            -46.6352777779999,
            -23.535
          ]
        },
        "capacity_eligible": false,
        "selection_reasons": [
          "fewer_than_three_distinct_physical_edges",
          "terminal_gateway_only"
        ],
        "selection_rule": "uam_degree_at_least_3_and_reh_reference_within_500m_and_nonterminal_use",
        "source": {
          "file": "scenario_horizontal_3000ft_expanded_displaced.csv",
          "sha256": "22a7773a304d67de1faf665f6ab0dca4aa2634df0feb120361ec443d39310ff1"
        }
      },
      "geometry": {
        "type": "Point",
        "coordinates": [
          -46.63306474947433,
          -23.53860640056516
        ]
      }
    },
    {
      "type": "Feature",
      "properties": {
        "resource_id": "UAM-WP-36495ad5ca62bd3c937a",
        "label": "MARCO_ZERO",
        "node_name": "MARCO_ZERO",
        "original_names": [
          "MARCO_ZERO"
        ],
        "normalized_name": "MARCO_ZERO",
        "network": "UAM",
        "criterion": "uam_named_waypoint",
        "network_degree": 2,
        "altitude_m": 1219.0,
        "vertical_intervals_m": [
          [
            1066.5,
            1371.5
          ]
        ],
        "altitude_status": "known_envelopes",
        "dimensions_m": [
          305.0,
          457.0
        ],
        "uam_route_ids": [
          "UAM019",
          "UAM027",
          "UAM029",
          "UAM031",
          "UAM039",
          "UAM041",
          "UAM044",
          "UAM057",
          "UAM059"
        ],
        "reh_resource_ids": [],
        "uam_route_labels": [
          "SBGR-VP-001 (Parallel 1)",
          "SBGR-VP-005 (Parallel 1)",
          "SBGR-VP-006 (Parallel 1)",
          "SBMT-VP-001 (Parallel 1)",
          "SBMT-VP-005 (Parallel 1)",
          "SBMT-VP-006 (Parallel 1)",
          "VP-001-VP-002 (Parallel 2)",
          "VP-002-VP-005 (Parallel 1)",
          "VP-002-VP-006 (Parallel 1)"
        ],
        "reh_labels": [],
        "status": "geometry_only_pending_recomputation",
        "method": "explicit_named_export_position",
        "name_group_id": "UAM:MARCO_ZERO",
        "name_position_count": 6,
        "name_position_ids": [
          "UAM-WP-36495ad5ca62bd3c937a",
          "UAM-WP-42844d6244c7f5e533a1",
          "UAM-WP-61d9c92f22d2317b4611",
          "UAM-WP-52fec511e71a5dfeabac",
          "UAM-WP-d9fbea0219b9304f95c7",
          "UAM-WP-cef9975870d9980090a5"
        ],
        "grouping_rule": "name index only; exact coordinates/levels/dimensions remain independent; no analytical name total",
        "analysis_method_version": "reh-anchored-uam-junctions-v2",
        "distinct_edge_neighbors": [
          [
            -23.514321479588634,
            -46.708912098182346,
            1219.0,
            305.0,
            457.0
          ],
          [
            -23.51606374594118,
            -46.744986135177214,
            1219.0,
            305.0,
            457.0
          ]
        ],
        "terminal_route_ids": [],
        "interior_route_ids": [
          "UAM019",
          "UAM027",
          "UAM029",
          "UAM031",
          "UAM039",
          "UAM041",
          "UAM044",
          "UAM057",
          "UAM059"
        ],
        "terminal_only": false,
        "reh_reference": {
          "resource_id": "REH-WP-f14e24ca9367ab00e492",
          "label": "Marco Zero",
          "horizontal_distance_m": 258.4348339398042,
          "max_distance_m": 500.0,
          "match_method": "normalized_exact_name",
          "coordinates": [
            -46.72611111,
            -23.51444444
          ]
        },
        "capacity_eligible": false,
        "selection_reasons": [
          "fewer_than_three_distinct_physical_edges"
        ],
        "selection_rule": "uam_degree_at_least_3_and_reh_reference_within_500m_and_nonterminal_use",
        "source": {
          "file": "scenario_horizontal_3000ft_expanded_displaced.csv",
          "sha256": "22a7773a304d67de1faf665f6ab0dca4aa2634df0feb120361ec443d39310ff1"
        }
      },
      "geometry": {
        "type": "Point",
        "coordinates": [
          -46.72622204321651,
          -23.51212250681928
        ]
      }
    },
    {
      "type": "Feature",
      "properties": {
        "resource_id": "UAM-WP-42844d6244c7f5e533a1",
        "label": "MARCO_ZERO",
        "node_name": "MARCO_ZERO",
        "original_names": [
          "MARCO_ZERO"
        ],
        "normalized_name": "MARCO_ZERO",
        "network": "UAM",
        "criterion": "uam_named_waypoint",
        "network_degree": 2,
        "altitude_m": 1219.0,
        "vertical_intervals_m": [
          [
            1066.5,
            1371.5
          ]
        ],
        "altitude_status": "known_envelopes",
        "dimensions_m": [
          305.0,
          457.0
        ],
        "uam_route_ids": [
          "UAM011",
          "UAM025",
          "UAM037",
          "UAM055"
        ],
        "reh_resource_ids": [],
        "uam_route_labels": [
          "SBGR-VP-004 (Parallel 1)",
          "SBMT-VP-004 (Parallel 1)",
          "SBSP-VP-004 (Parallel 1)",
          "VP-002-VP-004 (Parallel 1)"
        ],
        "reh_labels": [],
        "status": "geometry_only_pending_recomputation",
        "method": "explicit_named_export_position",
        "name_group_id": "UAM:MARCO_ZERO",
        "name_position_count": 6,
        "name_position_ids": [
          "UAM-WP-36495ad5ca62bd3c937a",
          "UAM-WP-42844d6244c7f5e533a1",
          "UAM-WP-61d9c92f22d2317b4611",
          "UAM-WP-52fec511e71a5dfeabac",
          "UAM-WP-d9fbea0219b9304f95c7",
          "UAM-WP-cef9975870d9980090a5"
        ],
        "grouping_rule": "name index only; exact coordinates/levels/dimensions remain independent; no analytical name total",
        "analysis_method_version": "reh-anchored-uam-junctions-v2",
        "distinct_edge_neighbors": [
          [
            -23.514022994171626,
            -46.735263320477685,
            914.4,
            305.0,
            457.0
          ],
          [
            -23.514321479588634,
            -46.708912098182346,
            1219.0,
            305.0,
            457.0
          ]
        ],
        "terminal_route_ids": [],
        "interior_route_ids": [
          "UAM011",
          "UAM025",
          "UAM037",
          "UAM055"
        ],
        "terminal_only": false,
        "reh_reference": {
          "resource_id": "REH-WP-f14e24ca9367ab00e492",
          "label": "Marco Zero",
          "horizontal_distance_m": 271.05214345403743,
          "max_distance_m": 500.0,
          "match_method": "normalized_exact_name",
          "coordinates": [
            -46.72611111,
            -23.51444444
          ]
        },
        "capacity_eligible": false,
        "selection_reasons": [
          "fewer_than_three_distinct_physical_edges"
        ],
        "selection_rule": "uam_degree_at_least_3_and_reh_reference_within_500m_and_nonterminal_use",
        "source": {
          "file": "scenario_horizontal_3000ft_expanded_displaced.csv",
          "sha256": "22a7773a304d67de1faf665f6ab0dca4aa2634df0feb120361ec443d39310ff1"
        }
      },
      "geometry": {
        "type": "Point",
        "coordinates": [
          -46.72485480432765,
          -23.512296194319728
        ]
      }
    },
    {
      "type": "Feature",
      "properties": {
        "resource_id": "UAM-WP-61d9c92f22d2317b4611",
        "label": "MARCO_ZERO",
        "node_name": "MARCO_ZERO",
        "original_names": [
          "MARCO_ZERO"
        ],
        "normalized_name": "MARCO_ZERO",
        "network": "UAM",
        "criterion": "uam_named_waypoint",
        "network_degree": 2,
        "altitude_m": 1219.0,
        "vertical_intervals_m": [
          [
            1066.5,
            1371.5
          ]
        ],
        "altitude_status": "known_envelopes",
        "dimensions_m": [
          305.0,
          457.0
        ],
        "uam_route_ids": [
          "UAM062",
          "UAM069"
        ],
        "reh_resource_ids": [],
        "uam_route_labels": [
          "VP-003-VP-004 (Parallel 2)",
          "VP-004-VP-006 (Parallel 1)"
        ],
        "reh_labels": [],
        "status": "geometry_only_pending_recomputation",
        "method": "explicit_named_export_position",
        "name_group_id": "UAM:MARCO_ZERO",
        "name_position_count": 6,
        "name_position_ids": [
          "UAM-WP-36495ad5ca62bd3c937a",
          "UAM-WP-42844d6244c7f5e533a1",
          "UAM-WP-61d9c92f22d2317b4611",
          "UAM-WP-52fec511e71a5dfeabac",
          "UAM-WP-d9fbea0219b9304f95c7",
          "UAM-WP-cef9975870d9980090a5"
        ],
        "grouping_rule": "name index only; exact coordinates/levels/dimensions remain independent; no analytical name total",
        "analysis_method_version": "reh-anchored-uam-junctions-v2",
        "distinct_edge_neighbors": [
          [
            -23.51606374594118,
            -46.744986135177214,
            1219.0,
            305.0,
            457.0
          ],
          [
            -23.518480331799573,
            -46.737620862360394,
            914.4,
            305.0,
            457.0
          ]
        ],
        "terminal_route_ids": [],
        "interior_route_ids": [
          "UAM062",
          "UAM069"
        ],
        "terminal_only": false,
        "reh_reference": {
          "resource_id": "REH-WP-f14e24ca9367ab00e492",
          "label": "Marco Zero",
          "horizontal_distance_m": 497.959513374632,
          "max_distance_m": 500.0,
          "match_method": "normalized_exact_name",
          "coordinates": [
            -46.72611111,
            -23.51444444
          ]
        },
        "capacity_eligible": false,
        "selection_reasons": [
          "fewer_than_three_distinct_physical_edges"
        ],
        "selection_rule": "uam_degree_at_least_3_and_reh_reference_within_500m_and_nonterminal_use",
        "source": {
          "file": "scenario_horizontal_3000ft_expanded_displaced.csv",
          "sha256": "22a7773a304d67de1faf665f6ab0dca4aa2634df0feb120361ec443d39310ff1"
        }
      },
      "geometry": {
        "type": "Point",
        "coordinates": [
          -46.730761273001086,
          -23.513075933718262
        ]
      }
    },
    {
      "type": "Feature",
      "properties": {
        "resource_id": "UAM-WP-52fec511e71a5dfeabac",
        "label": "MARCO_ZERO",
        "node_name": "MARCO_ZERO",
        "original_names": [
          "MARCO_ZERO"
        ],
        "normalized_name": "MARCO_ZERO",
        "network": "UAM",
        "criterion": "uam_named_waypoint",
        "network_degree": 2,
        "altitude_m": 1219.0,
        "vertical_intervals_m": [
          [
            1066.5,
            1371.5
          ]
        ],
        "altitude_status": "known_envelopes",
        "dimensions_m": [
          305.0,
          457.0
        ],
        "uam_route_ids": [
          "UAM061",
          "UAM070"
        ],
        "reh_resource_ids": [],
        "uam_route_labels": [
          "VP-003-VP-004 (Parallel 1)",
          "VP-004-VP-006 (Parallel 2)"
        ],
        "reh_labels": [],
        "status": "geometry_only_pending_recomputation",
        "method": "explicit_named_export_position",
        "name_group_id": "UAM:MARCO_ZERO",
        "name_position_count": 6,
        "name_position_ids": [
          "UAM-WP-36495ad5ca62bd3c937a",
          "UAM-WP-42844d6244c7f5e533a1",
          "UAM-WP-61d9c92f22d2317b4611",
          "UAM-WP-52fec511e71a5dfeabac",
          "UAM-WP-d9fbea0219b9304f95c7",
          "UAM-WP-cef9975870d9980090a5"
        ],
        "grouping_rule": "name index only; exact coordinates/levels/dimensions remain independent; no analytical name total",
        "analysis_method_version": "reh-anchored-uam-junctions-v2",
        "distinct_edge_neighbors": [
          [
            -23.514022994171626,
            -46.735263320477685,
            914.4,
            305.0,
            457.0
          ],
          [
            -23.520153648065616,
            -46.74212682564658,
            1219.0,
            305.0,
            457.0
          ]
        ],
        "terminal_route_ids": [],
        "interior_route_ids": [
          "UAM061",
          "UAM070"
        ],
        "terminal_only": false,
        "reh_reference": {
          "resource_id": "REH-WP-f14e24ca9367ab00e492",
          "label": "Marco Zero",
          "horizontal_distance_m": 497.9549078594598,
          "max_distance_m": 500.0,
          "match_method": "normalized_exact_name",
          "coordinates": [
            -46.72611111,
            -23.51444444
          ]
        },
        "capacity_eligible": false,
        "selection_reasons": [
          "fewer_than_three_distinct_physical_edges"
        ],
        "selection_rule": "uam_degree_at_least_3_and_reh_reference_within_500m_and_nonterminal_use",
        "source": {
          "file": "scenario_horizontal_3000ft_expanded_displaced.csv",
          "sha256": "22a7773a304d67de1faf665f6ab0dca4aa2634df0feb120361ec443d39310ff1"
        }
      },
      "geometry": {
        "type": "Point",
        "coordinates": [
          -46.72146094922112,
          -23.51581295517054
        ]
      }
    },
    {
      "type": "Feature",
      "properties": {
        "resource_id": "UAM-WP-d9fbea0219b9304f95c7",
        "label": "MARCO_ZERO",
        "node_name": "MARCO_ZERO",
        "original_names": [
          "MARCO_ZERO"
        ],
        "normalized_name": "MARCO_ZERO",
        "network": "UAM",
        "criterion": "uam_named_waypoint",
        "network_degree": 2,
        "altitude_m": 1219.0,
        "vertical_intervals_m": [
          [
            1066.5,
            1371.5
          ]
        ],
        "altitude_status": "known_envelopes",
        "dimensions_m": [
          305.0,
          457.0
        ],
        "uam_route_ids": [
          "UAM012",
          "UAM026",
          "UAM038",
          "UAM056"
        ],
        "reh_resource_ids": [],
        "uam_route_labels": [
          "SBGR-VP-004 (Parallel 2)",
          "SBMT-VP-004 (Parallel 2)",
          "SBSP-VP-004 (Parallel 2)",
          "VP-002-VP-004 (Parallel 2)"
        ],
        "reh_labels": [],
        "status": "geometry_only_pending_recomputation",
        "method": "explicit_named_export_position",
        "name_group_id": "UAM:MARCO_ZERO",
        "name_position_count": 6,
        "name_position_ids": [
          "UAM-WP-36495ad5ca62bd3c937a",
          "UAM-WP-42844d6244c7f5e533a1",
          "UAM-WP-61d9c92f22d2317b4611",
          "UAM-WP-52fec511e71a5dfeabac",
          "UAM-WP-d9fbea0219b9304f95c7",
          "UAM-WP-cef9975870d9980090a5"
        ],
        "grouping_rule": "name index only; exact coordinates/levels/dimensions remain independent; no analytical name total",
        "analysis_method_version": "reh-anchored-uam-junctions-v2",
        "distinct_edge_neighbors": [
          [
            -23.518480331799573,
            -46.737620862360394,
            914.4,
            305.0,
            457.0
          ],
          [
            -23.518789758144766,
            -46.71007250171285,
            1219.0,
            305.0,
            457.0
          ]
        ],
        "terminal_route_ids": [],
        "interior_route_ids": [
          "UAM012",
          "UAM026",
          "UAM038",
          "UAM056"
        ],
        "terminal_only": false,
        "reh_reference": {
          "resource_id": "REH-WP-f14e24ca9367ab00e492",
          "label": "Marco Zero",
          "horizontal_distance_m": 271.052134005885,
          "max_distance_m": 500.0,
          "match_method": "normalized_exact_name",
          "coordinates": [
            -46.72611111,
            -23.51444444
          ]
        },
        "capacity_eligible": false,
        "selection_reasons": [
          "fewer_than_three_distinct_physical_edges"
        ],
        "selection_rule": "uam_degree_at_least_3_and_reh_reference_within_500m_and_nonterminal_use",
        "source": {
          "file": "scenario_horizontal_3000ft_expanded_displaced.csv",
          "sha256": "22a7773a304d67de1faf665f6ab0dca4aa2634df0feb120361ec443d39310ff1"
        }
      },
      "geometry": {
        "type": "Point",
        "coordinates": [
          -46.727367417894556,
          -23.516592694569074
        ]
      }
    },
    {
      "type": "Feature",
      "properties": {
        "resource_id": "UAM-WP-cef9975870d9980090a5",
        "label": "MARCO_ZERO",
        "node_name": "MARCO_ZERO",
        "original_names": [
          "MARCO_ZERO"
        ],
        "normalized_name": "MARCO_ZERO",
        "network": "UAM",
        "criterion": "uam_named_waypoint",
        "network_degree": 2,
        "altitude_m": 1219.0,
        "vertical_intervals_m": [
          [
            1066.5,
            1371.5
          ]
        ],
        "altitude_status": "known_envelopes",
        "dimensions_m": [
          305.0,
          457.0
        ],
        "uam_route_ids": [
          "UAM020",
          "UAM028",
          "UAM030",
          "UAM032",
          "UAM040",
          "UAM042",
          "UAM043",
          "UAM058",
          "UAM060"
        ],
        "reh_resource_ids": [],
        "uam_route_labels": [
          "SBGR-VP-001 (Parallel 2)",
          "SBGR-VP-005 (Parallel 2)",
          "SBGR-VP-006 (Parallel 2)",
          "SBMT-VP-001 (Parallel 2)",
          "SBMT-VP-005 (Parallel 2)",
          "SBMT-VP-006 (Parallel 2)",
          "VP-001-VP-002 (Parallel 1)",
          "VP-002-VP-005 (Parallel 2)",
          "VP-002-VP-006 (Parallel 2)"
        ],
        "reh_labels": [],
        "status": "geometry_only_pending_recomputation",
        "method": "explicit_named_export_position",
        "name_group_id": "UAM:MARCO_ZERO",
        "name_position_count": 6,
        "name_position_ids": [
          "UAM-WP-36495ad5ca62bd3c937a",
          "UAM-WP-42844d6244c7f5e533a1",
          "UAM-WP-61d9c92f22d2317b4611",
          "UAM-WP-52fec511e71a5dfeabac",
          "UAM-WP-d9fbea0219b9304f95c7",
          "UAM-WP-cef9975870d9980090a5"
        ],
        "grouping_rule": "name index only; exact coordinates/levels/dimensions remain independent; no analytical name total",
        "analysis_method_version": "reh-anchored-uam-junctions-v2",
        "distinct_edge_neighbors": [
          [
            -23.518789758144766,
            -46.71007250171285,
            1219.0,
            305.0,
            457.0
          ],
          [
            -23.520153648065616,
            -46.74212682564658,
            1219.0,
            305.0,
            457.0
          ]
        ],
        "terminal_route_ids": [],
        "interior_route_ids": [
          "UAM020",
          "UAM028",
          "UAM030",
          "UAM032",
          "UAM040",
          "UAM042",
          "UAM043",
          "UAM058",
          "UAM060"
        ],
        "terminal_only": false,
        "reh_reference": {
          "resource_id": "REH-WP-f14e24ca9367ab00e492",
          "label": "Marco Zero",
          "horizontal_distance_m": 258.43580273717436,
          "max_distance_m": 500.0,
          "match_method": "normalized_exact_name",
          "coordinates": [
            -46.72611111,
            -23.51444444
          ]
        },
        "capacity_eligible": false,
        "selection_reasons": [
          "fewer_than_three_distinct_physical_edges"
        ],
        "selection_rule": "uam_degree_at_least_3_and_reh_reference_within_500m_and_nonterminal_use",
        "source": {
          "file": "scenario_horizontal_3000ft_expanded_displaced.csv",
          "sha256": "22a7773a304d67de1faf665f6ab0dca4aa2634df0feb120361ec443d39310ff1"
        }
      },
      "geometry": {
        "type": "Point",
        "coordinates": [
          -46.726000179005695,
          -23.51676638206952
        ]
      }
    },
    {
      "type": "Feature",
      "properties": {
        "resource_id": "UAM-WP-3755a78f351c330e8051",
        "label": "PAO_DE_ACUCAR",
        "node_name": "PAO_DE_ACUCAR",
        "original_names": [
          "PAO_DE_ACUCAR"
        ],
        "normalized_name": "PAO_DE_ACUCAR",
        "network": "UAM",
        "criterion": "uam_named_waypoint",
        "network_degree": 0,
        "altitude_m": 914.4000000000001,
        "vertical_intervals_m": [
          [
            761.9,
            1066.9
          ]
        ],
        "altitude_status": "known_envelopes",
        "dimensions_m": [
          305.0,
          457.0
        ],
        "uam_route_ids": [
          "UAM011",
          "UAM025",
          "UAM037",
          "UAM055",
          "UAM061",
          "UAM070"
        ],
        "reh_resource_ids": [],
        "uam_route_labels": [
          "SBGR-VP-004 (Parallel 1)",
          "SBMT-VP-004 (Parallel 1)",
          "SBSP-VP-004 (Parallel 1)",
          "VP-002-VP-004 (Parallel 1)",
          "VP-003-VP-004 (Parallel 1)",
          "VP-004-VP-006 (Parallel 2)"
        ],
        "reh_labels": [],
        "status": "geometry_only_pending_recomputation",
        "method": "explicit_named_export_position",
        "name_group_id": "UAM:PAO_DE_ACUCAR",
        "name_position_count": 2,
        "name_position_ids": [
          "UAM-WP-3755a78f351c330e8051",
          "UAM-WP-eaea2fee113dd0217031"
        ],
        "grouping_rule": "name index only; exact coordinates/levels/dimensions remain independent; no analytical name total",
        "analysis_method_version": "reh-anchored-uam-junctions-v2",
        "distinct_edge_neighbors": [],
        "terminal_route_ids": [],
        "interior_route_ids": [],
        "terminal_only": true,
        "reh_reference": {
          "resource_id": "REH-WP-b19b152399df260eaa23",
          "label": "Pão de Açúcar",
          "horizontal_distance_m": 734.9548267824176,
          "max_distance_m": 500.0,
          "match_method": "normalized_exact_name",
          "coordinates": [
            -46.76944444,
            -23.48555556
          ]
        },
        "capacity_eligible": false,
        "selection_reasons": [
          "fewer_than_three_distinct_physical_edges",
          "terminal_gateway_only",
          "reh_reference_outside_distance_threshold"
        ],
        "selection_rule": "uam_degree_at_least_3_and_reh_reference_within_500m_and_nonterminal_use",
        "source": {
          "file": "scenario_horizontal_3000ft_expanded_displaced.csv",
          "sha256": "22a7773a304d67de1faf665f6ab0dca4aa2634df0feb120361ec443d39310ff1"
        }
      },
      "geometry": {
        "type": "Point",
        "coordinates": [
          -46.7748460980334,
          -23.489930917128433
        ]
      }
    },
    {
      "type": "Feature",
      "properties": {
        "resource_id": "UAM-WP-eaea2fee113dd0217031",
        "label": "PAO_DE_ACUCAR",
        "node_name": "PAO_DE_ACUCAR",
        "original_names": [
          "PAO_DE_ACUCAR"
        ],
        "normalized_name": "PAO_DE_ACUCAR",
        "network": "UAM",
        "criterion": "uam_named_waypoint",
        "network_degree": 0,
        "altitude_m": 914.4000000000001,
        "vertical_intervals_m": [
          [
            761.9,
            1066.9
          ]
        ],
        "altitude_status": "known_envelopes",
        "dimensions_m": [
          305.0,
          457.0
        ],
        "uam_route_ids": [
          "UAM012",
          "UAM026",
          "UAM038",
          "UAM056",
          "UAM062",
          "UAM069"
        ],
        "reh_resource_ids": [],
        "uam_route_labels": [
          "SBGR-VP-004 (Parallel 2)",
          "SBMT-VP-004 (Parallel 2)",
          "SBSP-VP-004 (Parallel 2)",
          "VP-002-VP-004 (Parallel 2)",
          "VP-003-VP-004 (Parallel 2)",
          "VP-004-VP-006 (Parallel 1)"
        ],
        "reh_labels": [],
        "status": "geometry_only_pending_recomputation",
        "method": "explicit_named_export_position",
        "name_group_id": "UAM:PAO_DE_ACUCAR",
        "name_position_count": 2,
        "name_position_ids": [
          "UAM-WP-3755a78f351c330e8051",
          "UAM-WP-eaea2fee113dd0217031"
        ],
        "grouping_rule": "name index only; exact coordinates/levels/dimensions remain independent; no analytical name total",
        "analysis_method_version": "reh-anchored-uam-junctions-v2",
        "distinct_edge_neighbors": [],
        "terminal_route_ids": [],
        "interior_route_ids": [],
        "terminal_only": true,
        "reh_reference": {
          "resource_id": "REH-WP-b19b152399df260eaa23",
          "label": "Pão de Açúcar",
          "horizontal_distance_m": 1262.7710268224616,
          "max_distance_m": 500.0,
          "match_method": "normalized_exact_name",
          "coordinates": [
            -46.76944444,
            -23.48555556
          ]
        },
        "capacity_eligible": false,
        "selection_reasons": [
          "fewer_than_three_distinct_physical_edges",
          "terminal_gateway_only",
          "reh_reference_outside_distance_threshold"
        ],
        "selection_rule": "uam_degree_at_least_3_and_reh_reference_within_500m_and_nonterminal_use",
        "source": {
          "file": "scenario_horizontal_3000ft_expanded_displaced.csv",
          "sha256": "22a7773a304d67de1faf665f6ab0dca4aa2634df0feb120361ec443d39310ff1"
        }
      },
      "geometry": {
        "type": "Point",
        "coordinates": [
          -46.77872546080176,
          -23.493073140423256
        ]
      }
    },
    {
      "type": "Feature",
      "properties": {
        "resource_id": "UAM-WP-db783fc5db478759b790",
        "label": "PARQUE_ACLIMACAO",
        "node_name": "PARQUE_ACLIMACAO",
        "original_names": [
          "PARQUE_ACLIMACAO"
        ],
        "normalized_name": "PARQUE_ACLIMACAO",
        "network": "UAM",
        "criterion": "uam_named_waypoint",
        "network_degree": 2,
        "altitude_m": 1219.0,
        "vertical_intervals_m": [
          [
            1066.5,
            1371.5
          ]
        ],
        "altitude_status": "known_envelopes",
        "dimensions_m": [
          305.0,
          457.0
        ],
        "uam_route_ids": [
          "UAM021",
          "UAM033"
        ],
        "reh_resource_ids": [],
        "uam_route_labels": [
          "SBGR-VP-002 (Parallel 1)",
          "SBMT-VP-002 (Parallel 1)"
        ],
        "reh_labels": [],
        "status": "geometry_only_pending_recomputation",
        "method": "explicit_named_export_position",
        "name_group_id": "UAM:PARQUE_ACLIMACAO",
        "name_position_count": 4,
        "name_position_ids": [
          "UAM-WP-db783fc5db478759b790",
          "UAM-WP-49b6866185adee1b7e83",
          "UAM-WP-ef240b98ae481c01e0d3",
          "UAM-WP-8b4f1ac15630f327b7ee"
        ],
        "grouping_rule": "name index only; exact coordinates/levels/dimensions remain independent; no analytical name total",
        "analysis_method_version": "reh-anchored-uam-junctions-v2",
        "distinct_edge_neighbors": [
          [
            -23.556416918805503,
            -46.61755958582767,
            1219.0,
            305.0,
            457.0
          ],
          [
            -23.5622222222222,
            -46.655,
            760.0,
            305.0,
            457.0
          ]
        ],
        "terminal_route_ids": [
          "UAM021",
          "UAM033"
        ],
        "interior_route_ids": [],
        "terminal_only": true,
        "reh_reference": {
          "resource_id": "REH-WP-5ba7180f6feeb87a4d58",
          "label": "Parque Aclimação",
          "horizontal_distance_m": 334.586918128376,
          "max_distance_m": 500.0,
          "match_method": "normalized_exact_name",
          "coordinates": [
            -46.62861111,
            -23.57444444
          ]
        },
        "capacity_eligible": false,
        "selection_reasons": [
          "fewer_than_three_distinct_physical_edges",
          "terminal_gateway_only"
        ],
        "selection_rule": "uam_degree_at_least_3_and_reh_reference_within_500m_and_nonterminal_use",
        "source": {
          "file": "scenario_horizontal_3000ft_expanded_displaced.csv",
          "sha256": "22a7773a304d67de1faf665f6ab0dca4aa2634df0feb120361ec443d39310ff1"
        }
      },
      "geometry": {
        "type": "Point",
        "coordinates": [
          -46.629391676867094,
          -23.57152171587711
        ]
      }
    },
    {
      "type": "Feature",
      "properties": {
        "resource_id": "UAM-WP-49b6866185adee1b7e83",
        "label": "PARQUE_ACLIMACAO",
        "node_name": "PARQUE_ACLIMACAO",
        "original_names": [
          "PARQUE_ACLIMACAO"
        ],
        "normalized_name": "PARQUE_ACLIMACAO",
        "network": "UAM",
        "criterion": "uam_named_waypoint",
        "network_degree": 2,
        "altitude_m": 1219.0,
        "vertical_intervals_m": [
          [
            1066.5,
            1371.5
          ]
        ],
        "altitude_status": "known_envelopes",
        "dimensions_m": [
          305.0,
          457.0
        ],
        "uam_route_ids": [
          "UAM002",
          "UAM004",
          "UAM023",
          "UAM035"
        ],
        "reh_resource_ids": [],
        "uam_route_labels": [
          "SBGR-VP-003 (Parallel 1)",
          "SBMT-VP-003 (Parallel 1)",
          "SBSP-SBGR (Parallel 2)",
          "SBSP-SBMT (Parallel 2)"
        ],
        "reh_labels": [],
        "status": "geometry_only_pending_recomputation",
        "method": "explicit_named_export_position",
        "name_group_id": "UAM:PARQUE_ACLIMACAO",
        "name_position_count": 4,
        "name_position_ids": [
          "UAM-WP-db783fc5db478759b790",
          "UAM-WP-49b6866185adee1b7e83",
          "UAM-WP-ef240b98ae481c01e0d3",
          "UAM-WP-8b4f1ac15630f327b7ee"
        ],
        "grouping_rule": "name index only; exact coordinates/levels/dimensions remain independent; no analytical name total",
        "analysis_method_version": "reh-anchored-uam-junctions-v2",
        "distinct_edge_neighbors": [
          [
            -23.556416918805503,
            -46.61755958582767,
            1219.0,
            305.0,
            457.0
          ],
          [
            -23.58019832452846,
            -46.63994281006619,
            1219.0,
            305.0,
            457.0
          ]
        ],
        "terminal_route_ids": [],
        "interior_route_ids": [
          "UAM002",
          "UAM004",
          "UAM023",
          "UAM035"
        ],
        "terminal_only": false,
        "reh_reference": {
          "resource_id": "REH-WP-5ba7180f6feeb87a4d58",
          "label": "Parque Aclimação",
          "horizontal_distance_m": 256.1410600312735,
          "max_distance_m": 500.0,
          "match_method": "normalized_exact_name",
          "coordinates": [
            -46.62861111,
            -23.57444444
          ]
        },
        "capacity_eligible": false,
        "selection_reasons": [
          "fewer_than_three_distinct_physical_edges"
        ],
        "selection_rule": "uam_degree_at_least_3_and_reh_reference_within_500m_and_nonterminal_use",
        "source": {
          "file": "scenario_horizontal_3000ft_expanded_displaced.csv",
          "sha256": "22a7773a304d67de1faf665f6ab0dca4aa2634df0feb120361ec443d39310ff1"
        }
      },
      "geometry": {
        "type": "Point",
        "coordinates": [
          -46.630455014053375,
          -23.572879167604274
        ]
      }
    },
    {
      "type": "Feature",
      "properties": {
        "resource_id": "UAM-WP-ef240b98ae481c01e0d3",
        "label": "PARQUE_ACLIMACAO",
        "node_name": "PARQUE_ACLIMACAO",
        "original_names": [
          "PARQUE_ACLIMACAO"
        ],
        "normalized_name": "PARQUE_ACLIMACAO",
        "network": "UAM",
        "criterion": "uam_named_waypoint",
        "network_degree": 2,
        "altitude_m": 1219.0,
        "vertical_intervals_m": [
          [
            1066.5,
            1371.5
          ]
        ],
        "altitude_status": "known_envelopes",
        "dimensions_m": [
          305.0,
          457.0
        ],
        "uam_route_ids": [
          "UAM001",
          "UAM003",
          "UAM024",
          "UAM036"
        ],
        "reh_resource_ids": [],
        "uam_route_labels": [
          "SBGR-VP-003 (Parallel 2)",
          "SBMT-VP-003 (Parallel 2)",
          "SBSP-SBGR (Parallel 1)",
          "SBSP-SBMT (Parallel 1)"
        ],
        "reh_labels": [],
        "status": "geometry_only_pending_recomputation",
        "method": "explicit_named_export_position",
        "name_group_id": "UAM:PARQUE_ACLIMACAO",
        "name_position_count": 4,
        "name_position_ids": [
          "UAM-WP-db783fc5db478759b790",
          "UAM-WP-49b6866185adee1b7e83",
          "UAM-WP-ef240b98ae481c01e0d3",
          "UAM-WP-8b4f1ac15630f327b7ee"
        ],
        "grouping_rule": "name index only; exact coordinates/levels/dimensions remain independent; no analytical name total",
        "analysis_method_version": "reh-anchored-uam-junctions-v2",
        "distinct_edge_neighbors": [
          [
            -23.5591386367501,
            -46.61355152528353,
            1219.0,
            305.0,
            457.0
          ],
          [
            -23.58369056436034,
            -46.63672385660041,
            1219.0,
            305.0,
            457.0
          ]
        ],
        "terminal_route_ids": [],
        "interior_route_ids": [
          "UAM001",
          "UAM003",
          "UAM024",
          "UAM036"
        ],
        "terminal_only": false,
        "reh_reference": {
          "resource_id": "REH-WP-5ba7180f6feeb87a4d58",
          "label": "Parque Aclimação",
          "horizontal_distance_m": 256.1399219467568,
          "max_distance_m": 500.0,
          "match_method": "normalized_exact_name",
          "coordinates": [
            -46.62861111,
            -23.57444444
          ]
        },
        "capacity_eligible": false,
        "selection_reasons": [
          "fewer_than_three_distinct_physical_edges"
        ],
        "selection_rule": "uam_degree_at_least_3_and_reh_reference_within_500m_and_nonterminal_use",
        "source": {
          "file": "scenario_horizontal_3000ft_expanded_displaced.csv",
          "sha256": "22a7773a304d67de1faf665f6ab0dca4aa2634df0feb120361ec443d39310ff1"
        }
      },
      "geometry": {
        "type": "Point",
        "coordinates": [
          -46.62676720816882,
          -23.576009721284525
        ]
      }
    },
    {
      "type": "Feature",
      "properties": {
        "resource_id": "UAM-WP-8b4f1ac15630f327b7ee",
        "label": "PARQUE_ACLIMACAO",
        "node_name": "PARQUE_ACLIMACAO",
        "original_names": [
          "PARQUE_ACLIMACAO"
        ],
        "normalized_name": "PARQUE_ACLIMACAO",
        "network": "UAM",
        "criterion": "uam_named_waypoint",
        "network_degree": 2,
        "altitude_m": 1219.0,
        "vertical_intervals_m": [
          [
            1066.5,
            1371.5
          ]
        ],
        "altitude_status": "known_envelopes",
        "dimensions_m": [
          305.0,
          457.0
        ],
        "uam_route_ids": [
          "UAM022",
          "UAM034"
        ],
        "reh_resource_ids": [],
        "uam_route_labels": [
          "SBGR-VP-002 (Parallel 2)",
          "SBMT-VP-002 (Parallel 2)"
        ],
        "reh_labels": [],
        "status": "geometry_only_pending_recomputation",
        "method": "explicit_named_export_position",
        "name_group_id": "UAM:PARQUE_ACLIMACAO",
        "name_position_count": 4,
        "name_position_ids": [
          "UAM-WP-db783fc5db478759b790",
          "UAM-WP-49b6866185adee1b7e83",
          "UAM-WP-ef240b98ae481c01e0d3",
          "UAM-WP-8b4f1ac15630f327b7ee"
        ],
        "grouping_rule": "name index only; exact coordinates/levels/dimensions remain independent; no analytical name total",
        "analysis_method_version": "reh-anchored-uam-junctions-v2",
        "distinct_edge_neighbors": [
          [
            -23.5591386367501,
            -46.61355152528353,
            1219.0,
            305.0,
            457.0
          ],
          [
            -23.5622222222222,
            -46.655,
            760.0,
            305.0,
            457.0
          ]
        ],
        "terminal_route_ids": [
          "UAM022",
          "UAM034"
        ],
        "interior_route_ids": [],
        "terminal_only": true,
        "reh_reference": {
          "resource_id": "REH-WP-5ba7180f6feeb87a4d58",
          "label": "Parque Aclimação",
          "horizontal_distance_m": 334.5874033180757,
          "max_distance_m": 500.0,
          "match_method": "normalized_exact_name",
          "coordinates": [
            -46.62861111,
            -23.57444444
          ]
        },
        "capacity_eligible": false,
        "selection_reasons": [
          "fewer_than_three_distinct_physical_edges",
          "terminal_gateway_only"
        ],
        "selection_rule": "uam_degree_at_least_3_and_reh_reference_within_500m_and_nonterminal_use",
        "source": {
          "file": "scenario_horizontal_3000ft_expanded_displaced.csv",
          "sha256": "22a7773a304d67de1faf665f6ab0dca4aa2634df0feb120361ec443d39310ff1"
        }
      },
      "geometry": {
        "type": "Point",
        "coordinates": [
          -46.6278305453551,
          -23.577367173011687
        ]
      }
    },
    {
      "type": "Feature",
      "properties": {
        "resource_id": "UAM-WP-cb77e2c51eeb3bece2e2",
        "label": "PONTE_ARICANDUVA",
        "node_name": "PONTE_ARICANDUVA",
        "original_names": [
          "PONTE_ARICANDUVA"
        ],
        "normalized_name": "PONTE_ARICANDUVA",
        "network": "UAM",
        "criterion": "uam_named_waypoint",
        "network_degree": 0,
        "altitude_m": 914.4000000000001,
        "vertical_intervals_m": [
          [
            761.9,
            1066.9
          ]
        ],
        "altitude_status": "known_envelopes",
        "dimensions_m": [
          305.0,
          457.0
        ],
        "uam_route_ids": [
          "UAM002",
          "UAM017",
          "UAM019",
          "UAM021",
          "UAM023",
          "UAM025",
          "UAM027",
          "UAM029"
        ],
        "reh_resource_ids": [],
        "uam_route_labels": [
          "SBGR-SBMT (Parallel 1)",
          "SBGR-VP-001 (Parallel 1)",
          "SBGR-VP-002 (Parallel 1)",
          "SBGR-VP-003 (Parallel 1)",
          "SBGR-VP-004 (Parallel 1)",
          "SBGR-VP-005 (Parallel 1)",
          "SBGR-VP-006 (Parallel 1)",
          "SBSP-SBGR (Parallel 2)"
        ],
        "reh_labels": [],
        "status": "geometry_only_pending_recomputation",
        "method": "explicit_named_export_position",
        "name_group_id": "UAM:PONTE_ARICANDUVA",
        "name_position_count": 2,
        "name_position_ids": [
          "UAM-WP-cb77e2c51eeb3bece2e2",
          "UAM-WP-8c25f0d87b4f9d33a688"
        ],
        "grouping_rule": "name index only; exact coordinates/levels/dimensions remain independent; no analytical name total",
        "analysis_method_version": "reh-anchored-uam-junctions-v2",
        "distinct_edge_neighbors": [],
        "terminal_route_ids": [],
        "interior_route_ids": [],
        "terminal_only": true,
        "reh_reference": {
          "resource_id": "REH-WP-56f39d98e4d7729cc154",
          "label": "Ponte Aricanduva",
          "horizontal_distance_m": 1254.0889589808764,
          "max_distance_m": 500.0,
          "match_method": "normalized_exact_name",
          "coordinates": [
            -46.55833333,
            -23.5230555599999
          ]
        },
        "capacity_eligible": false,
        "selection_reasons": [
          "fewer_than_three_distinct_physical_edges",
          "terminal_gateway_only",
          "reh_reference_outside_distance_threshold"
        ],
        "selection_rule": "uam_degree_at_least_3_and_reh_reference_within_500m_and_nonterminal_use",
        "source": {
          "file": "scenario_horizontal_3000ft_expanded_displaced.csv",
          "sha256": "22a7773a304d67de1faf665f6ab0dca4aa2634df0feb120361ec443d39310ff1"
        }
      },
      "geometry": {
        "type": "Point",
        "coordinates": [
          -46.567643578337446,
          -23.51568515204849
        ]
      }
    },
    {
      "type": "Feature",
      "properties": {
        "resource_id": "UAM-WP-8c25f0d87b4f9d33a688",
        "label": "PONTE_ARICANDUVA",
        "node_name": "PONTE_ARICANDUVA",
        "original_names": [
          "PONTE_ARICANDUVA"
        ],
        "normalized_name": "PONTE_ARICANDUVA",
        "network": "UAM",
        "criterion": "uam_named_waypoint",
        "network_degree": 0,
        "altitude_m": 914.4000000000001,
        "vertical_intervals_m": [
          [
            761.9,
            1066.9
          ]
        ],
        "altitude_status": "known_envelopes",
        "dimensions_m": [
          305.0,
          457.0
        ],
        "uam_route_ids": [
          "UAM001",
          "UAM018",
          "UAM020",
          "UAM022",
          "UAM024",
          "UAM026",
          "UAM028",
          "UAM030"
        ],
        "reh_resource_ids": [],
        "uam_route_labels": [
          "SBGR-SBMT (Parallel 2)",
          "SBGR-VP-001 (Parallel 2)",
          "SBGR-VP-002 (Parallel 2)",
          "SBGR-VP-003 (Parallel 2)",
          "SBGR-VP-004 (Parallel 2)",
          "SBGR-VP-005 (Parallel 2)",
          "SBGR-VP-006 (Parallel 2)",
          "SBSP-SBGR (Parallel 1)"
        ],
        "reh_labels": [],
        "status": "geometry_only_pending_recomputation",
        "method": "explicit_named_export_position",
        "name_group_id": "UAM:PONTE_ARICANDUVA",
        "name_position_count": 2,
        "name_position_ids": [
          "UAM-WP-cb77e2c51eeb3bece2e2",
          "UAM-WP-8c25f0d87b4f9d33a688"
        ],
        "grouping_rule": "name index only; exact coordinates/levels/dimensions remain independent; no analytical name total",
        "analysis_method_version": "reh-anchored-uam-junctions-v2",
        "distinct_edge_neighbors": [],
        "terminal_route_ids": [],
        "interior_route_ids": [],
        "terminal_only": true,
        "reh_reference": {
          "resource_id": "REH-WP-56f39d98e4d7729cc154",
          "label": "Ponte Aricanduva",
          "horizontal_distance_m": 743.6922929900783,
          "max_distance_m": 500.0,
          "match_method": "normalized_exact_name",
          "coordinates": [
            -46.55833333,
            -23.5230555599999
          ]
        },
        "capacity_eligible": false,
        "selection_reasons": [
          "fewer_than_three_distinct_physical_edges",
          "terminal_gateway_only",
          "reh_reference_outside_distance_threshold"
        ],
        "selection_rule": "uam_degree_at_least_3_and_reh_reference_within_500m_and_nonterminal_use",
        "source": {
          "file": "scenario_horizontal_3000ft_expanded_displaced.csv",
          "sha256": "22a7773a304d67de1faf665f6ab0dca4aa2634df0feb120361ec443d39310ff1"
        }
      },
      "geometry": {
        "type": "Point",
        "coordinates": [
          -46.56385449621903,
          -23.518684800580004
        ]
      }
    },
    {
      "type": "Feature",
      "properties": {
        "resource_id": "UAM-WP-793405b5d833bdd80b45",
        "label": "PONTE_ESTAIADA",
        "node_name": "PONTE_ESTAIADA",
        "original_names": [
          "PONTE_ESTAIADA"
        ],
        "normalized_name": "PONTE_ESTAIADA",
        "network": "UAM",
        "criterion": "uam_named_waypoint",
        "network_degree": 2,
        "altitude_m": 1219.0,
        "vertical_intervals_m": [
          [
            1066.5,
            1371.5
          ]
        ],
        "altitude_status": "known_envelopes",
        "dimensions_m": [
          305.0,
          457.0
        ],
        "uam_route_ids": [
          "UAM063"
        ],
        "reh_resource_ids": [],
        "uam_route_labels": [
          "VP-003-VP-005 (Parallel 1)"
        ],
        "reh_labels": [],
        "status": "geometry_only_pending_recomputation",
        "method": "explicit_named_export_position",
        "name_group_id": "UAM:PONTE_ESTAIADA",
        "name_position_count": 6,
        "name_position_ids": [
          "UAM-WP-793405b5d833bdd80b45",
          "UAM-WP-a5b7aa8e848cdc9b2125",
          "UAM-WP-36b9978743cc2bd95e5c",
          "UAM-WP-44d6879cd5b0f2a87cb7",
          "UAM-WP-9cd7c06653831ca34e5c",
          "UAM-WP-7921b296db0b105dd507"
        ],
        "grouping_rule": "name index only; exact coordinates/levels/dimensions remain independent; no analytical name total",
        "analysis_method_version": "reh-anchored-uam-junctions-v2",
        "distinct_edge_neighbors": [
          [
            -23.5911111111111,
            -46.6855555555556,
            760.0,
            305.0,
            457.0
          ],
          [
            -23.609389520520164,
            -46.71255842051052,
            1219.0,
            305.0,
            457.0
          ]
        ],
        "terminal_route_ids": [
          "UAM063"
        ],
        "interior_route_ids": [],
        "terminal_only": true,
        "reh_reference": {
          "resource_id": "REH-WP-a144b575c10365d83328",
          "label": "Ponte Estaiada",
          "horizontal_distance_m": 300.95249760129275,
          "max_distance_m": 500.0,
          "match_method": "normalized_exact_name",
          "coordinates": [
            -46.69944444,
            -23.6127777799999
          ]
        },
        "capacity_eligible": false,
        "selection_reasons": [
          "fewer_than_three_distinct_physical_edges",
          "terminal_gateway_only"
        ],
        "selection_rule": "uam_degree_at_least_3_and_reh_reference_within_500m_and_nonterminal_use",
        "source": {
          "file": "scenario_horizontal_3000ft_expanded_displaced.csv",
          "sha256": "22a7773a304d67de1faf665f6ab0dca4aa2634df0feb120361ec443d39310ff1"
        }
      },
      "geometry": {
        "type": "Point",
        "coordinates": [
          -46.70079334234522,
          -23.61036994370059
        ]
      }
    },
    {
      "type": "Feature",
      "properties": {
        "resource_id": "UAM-WP-a5b7aa8e848cdc9b2125",
        "label": "PONTE_ESTAIADA",
        "node_name": "PONTE_ESTAIADA",
        "original_names": [
          "PONTE_ESTAIADA"
        ],
        "normalized_name": "PONTE_ESTAIADA",
        "network": "UAM",
        "criterion": "uam_named_waypoint",
        "network_degree": 3,
        "altitude_m": 1219.0,
        "vertical_intervals_m": [
          [
            1066.5,
            1371.5
          ]
        ],
        "altitude_status": "known_envelopes",
        "dimensions_m": [
          305.0,
          457.0
        ],
        "uam_route_ids": [
          "UAM005",
          "UAM013"
        ],
        "reh_resource_ids": [],
        "uam_route_labels": [
          "SBSP-VP-001 (Parallel 1)",
          "SBSP-VP-005 (Parallel 1)"
        ],
        "reh_labels": [],
        "status": "geometry_only_pending_recomputation",
        "method": "explicit_named_export_position",
        "name_group_id": "UAM:PONTE_ESTAIADA",
        "name_position_count": 6,
        "name_position_ids": [
          "UAM-WP-793405b5d833bdd80b45",
          "UAM-WP-a5b7aa8e848cdc9b2125",
          "UAM-WP-36b9978743cc2bd95e5c",
          "UAM-WP-44d6879cd5b0f2a87cb7",
          "UAM-WP-9cd7c06653831ca34e5c",
          "UAM-WP-7921b296db0b105dd507"
        ],
        "grouping_rule": "name index only; exact coordinates/levels/dimensions remain independent; no analytical name total",
        "analysis_method_version": "reh-anchored-uam-junctions-v2",
        "distinct_edge_neighbors": [
          [
            -23.609389520520164,
            -46.71255842051052,
            1219.0,
            305.0,
            457.0
          ],
          [
            -23.60946509000826,
            -46.71165158665334,
            1219.0,
            305.0,
            457.0
          ],
          [
            -23.613248832428837,
            -46.686955696062455,
            1219.0,
            305.0,
            457.0
          ]
        ],
        "terminal_route_ids": [],
        "interior_route_ids": [
          "UAM005",
          "UAM013"
        ],
        "terminal_only": false,
        "reh_reference": {
          "resource_id": "REH-WP-a144b575c10365d83328",
          "label": "Ponte Estaiada",
          "horizontal_distance_m": 254.917791536598,
          "max_distance_m": 500.0,
          "match_method": "normalized_exact_name",
          "coordinates": [
            -46.69944444,
            -23.6127777799999
          ]
        },
        "capacity_eligible": true,
        "selection_reasons": [],
        "selection_rule": "uam_degree_at_least_3_and_reh_reference_within_500m_and_nonterminal_use",
        "source": {
          "file": "scenario_horizontal_3000ft_expanded_displaced.csv",
          "sha256": "22a7773a304d67de1faf665f6ab0dca4aa2634df0feb120361ec443d39310ff1"
        }
      },
      "geometry": {
        "type": "Point",
        "coordinates": [
          -46.69903042810522,
          -23.610516853220588
        ]
      }
    },
    {
      "type": "Feature",
      "properties": {
        "resource_id": "UAM-WP-36b9978743cc2bd95e5c",
        "label": "PONTE_ESTAIADA",
        "node_name": "PONTE_ESTAIADA",
        "original_names": [
          "PONTE_ESTAIADA"
        ],
        "normalized_name": "PONTE_ESTAIADA",
        "network": "UAM",
        "criterion": "uam_named_waypoint",
        "network_degree": 2,
        "altitude_m": 1219.0,
        "vertical_intervals_m": [
          [
            1066.5,
            1371.5
          ]
        ],
        "altitude_status": "known_envelopes",
        "dimensions_m": [
          305.0,
          457.0
        ],
        "uam_route_ids": [
          "UAM015"
        ],
        "reh_resource_ids": [],
        "uam_route_labels": [
          "SBSP-VP-006 (Parallel 1)"
        ],
        "reh_labels": [],
        "status": "geometry_only_pending_recomputation",
        "method": "explicit_named_export_position",
        "name_group_id": "UAM:PONTE_ESTAIADA",
        "name_position_count": 6,
        "name_position_ids": [
          "UAM-WP-793405b5d833bdd80b45",
          "UAM-WP-a5b7aa8e848cdc9b2125",
          "UAM-WP-36b9978743cc2bd95e5c",
          "UAM-WP-44d6879cd5b0f2a87cb7",
          "UAM-WP-9cd7c06653831ca34e5c",
          "UAM-WP-7921b296db0b105dd507"
        ],
        "grouping_rule": "name index only; exact coordinates/levels/dimensions remain independent; no analytical name total",
        "analysis_method_version": "reh-anchored-uam-junctions-v2",
        "distinct_edge_neighbors": [
          [
            -23.58520676091455,
            -46.68941775648687,
            1219.0,
            305.0,
            457.0
          ],
          [
            -23.613248832428837,
            -46.686955696062455,
            1219.0,
            305.0,
            457.0
          ]
        ],
        "terminal_route_ids": [],
        "interior_route_ids": [
          "UAM015"
        ],
        "terminal_only": false,
        "reh_reference": {
          "resource_id": "REH-WP-a144b575c10365d83328",
          "label": "Ponte Estaiada",
          "horizontal_distance_m": 359.5501459315317,
          "max_distance_m": 500.0,
          "match_method": "normalized_exact_name",
          "coordinates": [
            -46.69944444,
            -23.6127777799999
          ]
        },
        "capacity_eligible": false,
        "selection_reasons": [
          "fewer_than_three_distinct_physical_edges"
        ],
        "selection_rule": "uam_degree_at_least_3_and_reh_reference_within_500m_and_nonterminal_use",
        "source": {
          "file": "scenario_horizontal_3000ft_expanded_displaced.csv",
          "sha256": "22a7773a304d67de1faf665f6ab0dca4aa2634df0feb120361ec443d39310ff1"
        }
      },
      "geometry": {
        "type": "Point",
        "coordinates": [
          -46.69642324860169,
          -23.61110674293165
        ]
      }
    },
    {
      "type": "Feature",
      "properties": {
        "resource_id": "UAM-WP-44d6879cd5b0f2a87cb7",
        "label": "PONTE_ESTAIADA",
        "node_name": "PONTE_ESTAIADA",
        "original_names": [
          "PONTE_ESTAIADA"
        ],
        "normalized_name": "PONTE_ESTAIADA",
        "network": "UAM",
        "criterion": "uam_named_waypoint",
        "network_degree": 2,
        "altitude_m": 1219.0,
        "vertical_intervals_m": [
          [
            1066.5,
            1371.5
          ]
        ],
        "altitude_status": "known_envelopes",
        "dimensions_m": [
          305.0,
          457.0
        ],
        "uam_route_ids": [
          "UAM016"
        ],
        "reh_resource_ids": [],
        "uam_route_labels": [
          "SBSP-VP-006 (Parallel 2)"
        ],
        "reh_labels": [],
        "status": "geometry_only_pending_recomputation",
        "method": "explicit_named_export_position",
        "name_group_id": "UAM:PONTE_ESTAIADA",
        "name_position_count": 6,
        "name_position_ids": [
          "UAM-WP-793405b5d833bdd80b45",
          "UAM-WP-a5b7aa8e848cdc9b2125",
          "UAM-WP-36b9978743cc2bd95e5c",
          "UAM-WP-44d6879cd5b0f2a87cb7",
          "UAM-WP-9cd7c06653831ca34e5c",
          "UAM-WP-7921b296db0b105dd507"
        ],
        "grouping_rule": "name index only; exact coordinates/levels/dimensions remain independent; no analytical name total",
        "analysis_method_version": "reh-anchored-uam-junctions-v2",
        "distinct_edge_neighbors": [
          [
            -23.58583507177885,
            -46.69472612387613,
            1219.0,
            305.0,
            457.0
          ],
          [
            -23.617431167571162,
            -46.68928430393754,
            1219.0,
            305.0,
            457.0
          ]
        ],
        "terminal_route_ids": [],
        "interior_route_ids": [
          "UAM016"
        ],
        "terminal_only": false,
        "reh_reference": {
          "resource_id": "REH-WP-a144b575c10365d83328",
          "label": "Ponte Estaiada",
          "horizontal_distance_m": 359.54730603776045,
          "max_distance_m": 500.0,
          "match_method": "normalized_exact_name",
          "coordinates": [
            -46.69944444,
            -23.6127777799999
          ]
        },
        "capacity_eligible": false,
        "selection_reasons": [
          "fewer_than_three_distinct_physical_edges"
        ],
        "selection_rule": "uam_degree_at_least_3_and_reh_reference_within_500m_and_nonterminal_use",
        "source": {
          "file": "scenario_horizontal_3000ft_expanded_displaced.csv",
          "sha256": "22a7773a304d67de1faf665f6ab0dca4aa2634df0feb120361ec443d39310ff1"
        }
      },
      "geometry": {
        "type": "Point",
        "coordinates": [
          -46.702465640287116,
          -23.61444881262395
        ]
      }
    },
    {
      "type": "Feature",
      "properties": {
        "resource_id": "UAM-WP-9cd7c06653831ca34e5c",
        "label": "PONTE_ESTAIADA",
        "node_name": "PONTE_ESTAIADA",
        "original_names": [
          "PONTE_ESTAIADA"
        ],
        "normalized_name": "PONTE_ESTAIADA",
        "network": "UAM",
        "criterion": "uam_named_waypoint",
        "network_degree": 3,
        "altitude_m": 1219.0,
        "vertical_intervals_m": [
          [
            1066.5,
            1371.5
          ]
        ],
        "altitude_status": "known_envelopes",
        "dimensions_m": [
          305.0,
          457.0
        ],
        "uam_route_ids": [
          "UAM006",
          "UAM014"
        ],
        "reh_resource_ids": [],
        "uam_route_labels": [
          "SBSP-VP-001 (Parallel 2)",
          "SBSP-VP-005 (Parallel 2)"
        ],
        "reh_labels": [],
        "status": "geometry_only_pending_recomputation",
        "method": "explicit_named_export_position",
        "name_group_id": "UAM:PONTE_ESTAIADA",
        "name_position_count": 6,
        "name_position_ids": [
          "UAM-WP-793405b5d833bdd80b45",
          "UAM-WP-a5b7aa8e848cdc9b2125",
          "UAM-WP-36b9978743cc2bd95e5c",
          "UAM-WP-44d6879cd5b0f2a87cb7",
          "UAM-WP-9cd7c06653831ca34e5c",
          "UAM-WP-7921b296db0b105dd507"
        ],
        "grouping_rule": "name index only; exact coordinates/levels/dimensions remain independent; no analytical name total",
        "analysis_method_version": "reh-anchored-uam-junctions-v2",
        "distinct_edge_neighbors": [
          [
            -23.61386824332514,
            -46.713903968902265,
            1219.0,
            305.0,
            457.0
          ],
          [
            -23.613943812813236,
            -46.712997135045086,
            1219.0,
            305.0,
            457.0
          ],
          [
            -23.617431167571162,
            -46.68928430393754,
            1219.0,
            305.0,
            457.0
          ]
        ],
        "terminal_route_ids": [],
        "interior_route_ids": [
          "UAM006",
          "UAM014"
        ],
        "terminal_only": false,
        "reh_reference": {
          "resource_id": "REH-WP-a144b575c10365d83328",
          "label": "Ponte Estaiada",
          "horizontal_distance_m": 254.91733362783924,
          "max_distance_m": 500.0,
          "match_method": "normalized_exact_name",
          "coordinates": [
            -46.69944444,
            -23.6127777799999
          ]
        },
        "capacity_eligible": true,
        "selection_reasons": [],
        "selection_rule": "uam_degree_at_least_3_and_reh_reference_within_500m_and_nonterminal_use",
        "source": {
          "file": "scenario_horizontal_3000ft_expanded_displaced.csv",
          "sha256": "22a7773a304d67de1faf665f6ab0dca4aa2634df0feb120361ec443d39310ff1"
        }
      },
      "geometry": {
        "type": "Point",
        "coordinates": [
          -46.69985846078359,
          -23.615038702335013
        ]
      }
    },
    {
      "type": "Feature",
      "properties": {
        "resource_id": "UAM-WP-7921b296db0b105dd507",
        "label": "PONTE_ESTAIADA",
        "node_name": "PONTE_ESTAIADA",
        "original_names": [
          "PONTE_ESTAIADA"
        ],
        "normalized_name": "PONTE_ESTAIADA",
        "network": "UAM",
        "criterion": "uam_named_waypoint",
        "network_degree": 2,
        "altitude_m": 1219.0,
        "vertical_intervals_m": [
          [
            1066.5,
            1371.5
          ]
        ],
        "altitude_status": "known_envelopes",
        "dimensions_m": [
          305.0,
          457.0
        ],
        "uam_route_ids": [
          "UAM064"
        ],
        "reh_resource_ids": [],
        "uam_route_labels": [
          "VP-003-VP-005 (Parallel 2)"
        ],
        "reh_labels": [],
        "status": "geometry_only_pending_recomputation",
        "method": "explicit_named_export_position",
        "name_group_id": "UAM:PONTE_ESTAIADA",
        "name_position_count": 6,
        "name_position_ids": [
          "UAM-WP-793405b5d833bdd80b45",
          "UAM-WP-a5b7aa8e848cdc9b2125",
          "UAM-WP-36b9978743cc2bd95e5c",
          "UAM-WP-44d6879cd5b0f2a87cb7",
          "UAM-WP-9cd7c06653831ca34e5c",
          "UAM-WP-7921b296db0b105dd507"
        ],
        "grouping_rule": "name index only; exact coordinates/levels/dimensions remain independent; no analytical name total",
        "analysis_method_version": "reh-anchored-uam-junctions-v2",
        "distinct_edge_neighbors": [
          [
            -23.5911111111111,
            -46.6855555555556,
            760.0,
            305.0,
            457.0
          ],
          [
            -23.613943812813236,
            -46.712997135045086,
            1219.0,
            305.0,
            457.0
          ]
        ],
        "terminal_route_ids": [
          "UAM064"
        ],
        "interior_route_ids": [],
        "terminal_only": true,
        "reh_reference": {
          "resource_id": "REH-WP-a144b575c10365d83328",
          "label": "Ponte Estaiada",
          "horizontal_distance_m": 300.95049142017155,
          "max_distance_m": 500.0,
          "match_method": "normalized_exact_name",
          "coordinates": [
            -46.69944444,
            -23.6127777799999
          ]
        },
        "capacity_eligible": false,
        "selection_reasons": [
          "fewer_than_three_distinct_physical_edges",
          "terminal_gateway_only"
        ],
        "selection_rule": "uam_degree_at_least_3_and_reh_reference_within_500m_and_nonterminal_use",
        "source": {
          "file": "scenario_horizontal_3000ft_expanded_displaced.csv",
          "sha256": "22a7773a304d67de1faf665f6ab0dca4aa2634df0feb120361ec443d39310ff1"
        }
      },
      "geometry": {
        "type": "Point",
        "coordinates": [
          -46.698095546543584,
          -23.61518561185501
        ]
      }
    },
    {
      "type": "Feature",
      "properties": {
        "resource_id": "UAM-WP-7affbcf01f4261fe1caf",
        "label": "PONTE_JAGUARE",
        "node_name": "PONTE_JAGUARE",
        "original_names": [
          "PONTE_JAGUARE"
        ],
        "normalized_name": "PONTE_JAGUARE",
        "network": "UAM",
        "criterion": "uam_named_waypoint",
        "network_degree": 2,
        "altitude_m": 1219.0,
        "vertical_intervals_m": [
          [
            1066.5,
            1371.5
          ]
        ],
        "altitude_status": "known_envelopes",
        "dimensions_m": [
          305.0,
          457.0
        ],
        "uam_route_ids": [
          "UAM015",
          "UAM065"
        ],
        "reh_resource_ids": [],
        "uam_route_labels": [
          "SBSP-VP-006 (Parallel 1)",
          "VP-003-VP-006 (Parallel 1)"
        ],
        "reh_labels": [],
        "status": "geometry_only_pending_recomputation",
        "method": "explicit_named_export_position",
        "name_group_id": "UAM:PONTE_JAGUARE",
        "name_position_count": 4,
        "name_position_ids": [
          "UAM-WP-7affbcf01f4261fe1caf",
          "UAM-WP-306b8ae5805a4e013b44",
          "UAM-WP-f18cb8ffb5677db1d262",
          "UAM-WP-387e4e78697775dedced"
        ],
        "grouping_rule": "name index only; exact coordinates/levels/dimensions remain independent; no analytical name total",
        "analysis_method_version": "reh-anchored-uam-junctions-v2",
        "distinct_edge_neighbors": [
          [
            -23.5466666666667,
            -46.7369444444444,
            760.0,
            305.0,
            457.0
          ],
          [
            -23.559333763197618,
            -46.70481052519657,
            1219.0,
            305.0,
            457.0
          ]
        ],
        "terminal_route_ids": [
          "UAM015",
          "UAM065"
        ],
        "interior_route_ids": [],
        "terminal_only": true,
        "reh_reference": {
          "resource_id": "REH-WP-3f9c6ec4f05449598d28",
          "label": "Ponte Jaguaré",
          "horizontal_distance_m": 283.7264773260858,
          "max_distance_m": 500.0,
          "match_method": "normalized_exact_name",
          "coordinates": [
            -46.73472222,
            -23.5458333299999
          ]
        },
        "capacity_eligible": false,
        "selection_reasons": [
          "fewer_than_three_distinct_physical_edges",
          "terminal_gateway_only"
        ],
        "selection_rule": "uam_degree_at_least_3_and_reh_reference_within_500m_and_nonterminal_use",
        "source": {
          "file": "scenario_horizontal_3000ft_expanded_displaced.csv",
          "sha256": "22a7773a304d67de1faf665f6ab0dca4aa2634df0feb120361ec443d39310ff1"
        }
      },
      "geometry": {
        "type": "Point",
        "coordinates": [
          -46.734521887724945,
          -23.54328833441581
        ]
      }
    },
    {
      "type": "Feature",
      "properties": {
        "resource_id": "UAM-WP-306b8ae5805a4e013b44",
        "label": "PONTE_JAGUARE",
        "node_name": "PONTE_JAGUARE",
        "original_names": [
          "PONTE_JAGUARE"
        ],
        "normalized_name": "PONTE_JAGUARE",
        "network": "UAM",
        "criterion": "uam_named_waypoint",
        "network_degree": 2,
        "altitude_m": 1219.0,
        "vertical_intervals_m": [
          [
            1066.5,
            1371.5
          ]
        ],
        "altitude_status": "known_envelopes",
        "dimensions_m": [
          305.0,
          457.0
        ],
        "uam_route_ids": [
          "UAM046",
          "UAM061"
        ],
        "reh_resource_ids": [],
        "uam_route_labels": [
          "VP-001-VP-003 (Parallel 2)",
          "VP-003-VP-004 (Parallel 1)"
        ],
        "reh_labels": [],
        "status": "geometry_only_pending_recomputation",
        "method": "explicit_named_export_position",
        "name_group_id": "UAM:PONTE_JAGUARE",
        "name_position_count": 4,
        "name_position_ids": [
          "UAM-WP-7affbcf01f4261fe1caf",
          "UAM-WP-306b8ae5805a4e013b44",
          "UAM-WP-f18cb8ffb5677db1d262",
          "UAM-WP-387e4e78697775dedced"
        ],
        "grouping_rule": "name index only; exact coordinates/levels/dimensions remain independent; no analytical name total",
        "analysis_method_version": "reh-anchored-uam-junctions-v2",
        "distinct_edge_neighbors": [
          [
            -23.53284476902972,
            -46.74563799576516,
            1219.0,
            305.0,
            457.0
          ],
          [
            -23.559333763197618,
            -46.70481052519657,
            1219.0,
            305.0,
            457.0
          ]
        ],
        "terminal_route_ids": [
          "UAM046",
          "UAM061"
        ],
        "interior_route_ids": [],
        "terminal_only": true,
        "reh_reference": {
          "resource_id": "REH-WP-3f9c6ec4f05449598d28",
          "label": "Ponte Jaguaré",
          "horizontal_distance_m": 256.06867644552676,
          "max_distance_m": 500.0,
          "match_method": "normalized_exact_name",
          "coordinates": [
            -46.73472222,
            -23.5458333299999
          ]
        },
        "capacity_eligible": false,
        "selection_reasons": [
          "fewer_than_three_distinct_physical_edges",
          "terminal_gateway_only"
        ],
        "selection_rule": "uam_degree_at_least_3_and_reh_reference_within_500m_and_nonterminal_use",
        "source": {
          "file": "scenario_horizontal_3000ft_expanded_displaced.csv",
          "sha256": "22a7773a304d67de1faf665f6ab0dca4aa2634df0feb120361ec443d39310ff1"
        }
      },
      "geometry": {
        "type": "Point",
        "coordinates": [
          -46.73319510549446,
          -23.544004854560853
        ]
      }
    },
    {
      "type": "Feature",
      "properties": {
        "resource_id": "UAM-WP-f18cb8ffb5677db1d262",
        "label": "PONTE_JAGUARE",
        "node_name": "PONTE_JAGUARE",
        "original_names": [
          "PONTE_JAGUARE"
        ],
        "normalized_name": "PONTE_JAGUARE",
        "network": "UAM",
        "criterion": "uam_named_waypoint",
        "network_degree": 2,
        "altitude_m": 1219.0,
        "vertical_intervals_m": [
          [
            1066.5,
            1371.5
          ]
        ],
        "altitude_status": "known_envelopes",
        "dimensions_m": [
          305.0,
          457.0
        ],
        "uam_route_ids": [
          "UAM045",
          "UAM062"
        ],
        "reh_resource_ids": [],
        "uam_route_labels": [
          "VP-001-VP-003 (Parallel 1)",
          "VP-003-VP-004 (Parallel 2)"
        ],
        "reh_labels": [],
        "status": "geometry_only_pending_recomputation",
        "method": "explicit_named_export_position",
        "name_group_id": "UAM:PONTE_JAGUARE",
        "name_position_count": 4,
        "name_position_ids": [
          "UAM-WP-7affbcf01f4261fe1caf",
          "UAM-WP-306b8ae5805a4e013b44",
          "UAM-WP-f18cb8ffb5677db1d262",
          "UAM-WP-387e4e78697775dedced"
        ],
        "grouping_rule": "name index only; exact coordinates/levels/dimensions remain independent; no analytical name total",
        "analysis_method_version": "reh-anchored-uam-junctions-v2",
        "distinct_edge_neighbors": [
          [
            -23.535255230970282,
            -46.75008200423485,
            1219.0,
            305.0,
            457.0
          ],
          [
            -23.562630800377182,
            -46.70853122413583,
            1219.0,
            305.0,
            457.0
          ]
        ],
        "terminal_route_ids": [
          "UAM045",
          "UAM062"
        ],
        "interior_route_ids": [],
        "terminal_only": true,
        "reh_reference": {
          "resource_id": "REH-WP-3f9c6ec4f05449598d28",
          "label": "Ponte Jaguaré",
          "horizontal_distance_m": 256.06822442183216,
          "max_distance_m": 500.0,
          "match_method": "normalized_exact_name",
          "coordinates": [
            -46.73472222,
            -23.5458333299999
          ]
        },
        "capacity_eligible": false,
        "selection_reasons": [
          "fewer_than_three_distinct_physical_edges",
          "terminal_gateway_only"
        ],
        "selection_rule": "uam_degree_at_least_3_and_reh_reference_within_500m_and_nonterminal_use",
        "source": {
          "file": "scenario_horizontal_3000ft_expanded_displaced.csv",
          "sha256": "22a7773a304d67de1faf665f6ab0dca4aa2634df0feb120361ec443d39310ff1"
        }
      },
      "geometry": {
        "type": "Point",
        "coordinates": [
          -46.736249338949946,
          -23.547661812105744
        ]
      }
    },
    {
      "type": "Feature",
      "properties": {
        "resource_id": "UAM-WP-387e4e78697775dedced",
        "label": "PONTE_JAGUARE",
        "node_name": "PONTE_JAGUARE",
        "original_names": [
          "PONTE_JAGUARE"
        ],
        "normalized_name": "PONTE_JAGUARE",
        "network": "UAM",
        "criterion": "uam_named_waypoint",
        "network_degree": 2,
        "altitude_m": 1219.0,
        "vertical_intervals_m": [
          [
            1066.5,
            1371.5
          ]
        ],
        "altitude_status": "known_envelopes",
        "dimensions_m": [
          305.0,
          457.0
        ],
        "uam_route_ids": [
          "UAM016",
          "UAM066"
        ],
        "reh_resource_ids": [],
        "uam_route_labels": [
          "SBSP-VP-006 (Parallel 2)",
          "VP-003-VP-006 (Parallel 2)"
        ],
        "reh_labels": [],
        "status": "geometry_only_pending_recomputation",
        "method": "explicit_named_export_position",
        "name_group_id": "UAM:PONTE_JAGUARE",
        "name_position_count": 4,
        "name_position_ids": [
          "UAM-WP-7affbcf01f4261fe1caf",
          "UAM-WP-306b8ae5805a4e013b44",
          "UAM-WP-f18cb8ffb5677db1d262",
          "UAM-WP-387e4e78697775dedced"
        ],
        "grouping_rule": "name index only; exact coordinates/levels/dimensions remain independent; no analytical name total",
        "analysis_method_version": "reh-anchored-uam-junctions-v2",
        "distinct_edge_neighbors": [
          [
            -23.5466666666667,
            -46.7369444444444,
            760.0,
            305.0,
            457.0
          ],
          [
            -23.562630800377182,
            -46.70853122413583,
            1219.0,
            305.0,
            457.0
          ]
        ],
        "terminal_route_ids": [
          "UAM016",
          "UAM066"
        ],
        "interior_route_ids": [],
        "terminal_only": true,
        "reh_reference": {
          "resource_id": "REH-WP-3f9c6ec4f05449598d28",
          "label": "Ponte Jaguaré",
          "horizontal_distance_m": 283.72722087522993,
          "max_distance_m": 500.0,
          "match_method": "normalized_exact_name",
          "coordinates": [
            -46.73472222,
            -23.5458333299999
          ]
        },
        "capacity_eligible": false,
        "selection_reasons": [
          "fewer_than_three_distinct_physical_edges",
          "terminal_gateway_only"
        ],
        "selection_rule": "uam_degree_at_least_3_and_reh_reference_within_500m_and_nonterminal_use",
        "source": {
          "file": "scenario_horizontal_3000ft_expanded_displaced.csv",
          "sha256": "22a7773a304d67de1faf665f6ab0dca4aa2634df0feb120361ec443d39310ff1"
        }
      },
      "geometry": {
        "type": "Point",
        "coordinates": [
          -46.73492255671946,
          -23.54837833225079
        ]
      }
    },
    {
      "type": "Feature",
      "properties": {
        "resource_id": "UAM-WP-64f79d5f859541a2a7fc",
        "label": "RODOANEL_CASTELO",
        "node_name": "RODOANEL_CASTELO",
        "original_names": [
          "RODOANEL_CASTELO"
        ],
        "normalized_name": "RODOANEL_CASTELO",
        "network": "UAM",
        "criterion": "uam_named_waypoint",
        "network_degree": 0,
        "altitude_m": 914.4000000000001,
        "vertical_intervals_m": [
          [
            761.9,
            1066.9
          ]
        ],
        "altitude_status": "known_envelopes",
        "dimensions_m": [
          305.0,
          457.0
        ],
        "uam_route_ids": [
          "UAM027",
          "UAM039",
          "UAM057",
          "UAM072"
        ],
        "reh_resource_ids": [],
        "uam_route_labels": [
          "SBGR-VP-005 (Parallel 1)",
          "SBMT-VP-005 (Parallel 1)",
          "VP-002-VP-005 (Parallel 1)",
          "VP-005-VP-006 (Parallel 2)"
        ],
        "reh_labels": [],
        "status": "geometry_only_pending_recomputation",
        "method": "explicit_named_export_position",
        "name_group_id": "UAM:RODOANEL_CASTELO",
        "name_position_count": 8,
        "name_position_ids": [
          "UAM-WP-64f79d5f859541a2a7fc",
          "UAM-WP-934832c2d37ed651702e",
          "UAM-WP-f2cf9cc70beac980b502",
          "UAM-WP-2894f855adf7ffa8c896",
          "UAM-WP-ec4ba5a2b13385252da0",
          "UAM-WP-d3c52edb8f28b791cbc1",
          "UAM-WP-85bf0b1d7d94e7a18096",
          "UAM-WP-f54092fceb52ffeb8996"
        ],
        "grouping_rule": "name index only; exact coordinates/levels/dimensions remain independent; no analytical name total",
        "analysis_method_version": "reh-anchored-uam-junctions-v2",
        "distinct_edge_neighbors": [],
        "terminal_route_ids": [],
        "interior_route_ids": [],
        "terminal_only": true,
        "reh_reference": {
          "resource_id": "REH-WP-10f31dfbe26ccb969564",
          "label": "Rodoanel Castelo",
          "horizontal_distance_m": 2091.3134063901975,
          "max_distance_m": 500.0,
          "match_method": "normalized_exact_name",
          "coordinates": [
            -46.82138889,
            -23.50888889
          ]
        },
        "capacity_eligible": false,
        "selection_reasons": [
          "fewer_than_three_distinct_physical_edges",
          "terminal_gateway_only",
          "reh_reference_outside_distance_threshold"
        ],
        "selection_rule": "uam_degree_at_least_3_and_reh_reference_within_500m_and_nonterminal_use",
        "source": {
          "file": "scenario_horizontal_3000ft_expanded_displaced.csv",
          "sha256": "22a7773a304d67de1faf665f6ab0dca4aa2634df0feb120361ec443d39310ff1"
        }
      },
      "geometry": {
        "type": "Point",
        "coordinates": [
          -46.83432781320764,
          -23.523482216371725
        ]
      }
    },
    {
      "type": "Feature",
      "properties": {
        "resource_id": "UAM-WP-934832c2d37ed651702e",
        "label": "RODOANEL_CASTELO",
        "node_name": "RODOANEL_CASTELO",
        "original_names": [
          "RODOANEL_CASTELO"
        ],
        "normalized_name": "RODOANEL_CASTELO",
        "network": "UAM",
        "criterion": "uam_named_waypoint",
        "network_degree": 0,
        "altitude_m": 914.4000000000001,
        "vertical_intervals_m": [
          [
            761.9,
            1066.9
          ]
        ],
        "altitude_status": "known_envelopes",
        "dimensions_m": [
          305.0,
          457.0
        ],
        "uam_route_ids": [
          "UAM005",
          "UAM019",
          "UAM031",
          "UAM044",
          "UAM046",
          "UAM052"
        ],
        "reh_resource_ids": [],
        "uam_route_labels": [
          "SBGR-VP-001 (Parallel 1)",
          "SBMT-VP-001 (Parallel 1)",
          "SBSP-VP-001 (Parallel 1)",
          "VP-001-VP-002 (Parallel 2)",
          "VP-001-VP-003 (Parallel 2)",
          "VP-001-VP-006 (Parallel 2)"
        ],
        "reh_labels": [],
        "status": "geometry_only_pending_recomputation",
        "method": "explicit_named_export_position",
        "name_group_id": "UAM:RODOANEL_CASTELO",
        "name_position_count": 8,
        "name_position_ids": [
          "UAM-WP-64f79d5f859541a2a7fc",
          "UAM-WP-934832c2d37ed651702e",
          "UAM-WP-f2cf9cc70beac980b502",
          "UAM-WP-2894f855adf7ffa8c896",
          "UAM-WP-ec4ba5a2b13385252da0",
          "UAM-WP-d3c52edb8f28b791cbc1",
          "UAM-WP-85bf0b1d7d94e7a18096",
          "UAM-WP-f54092fceb52ffeb8996"
        ],
        "grouping_rule": "name index only; exact coordinates/levels/dimensions remain independent; no analytical name total",
        "analysis_method_version": "reh-anchored-uam-junctions-v2",
        "distinct_edge_neighbors": [],
        "terminal_route_ids": [],
        "interior_route_ids": [],
        "terminal_only": true,
        "reh_reference": {
          "resource_id": "REH-WP-10f31dfbe26ccb969564",
          "label": "Rodoanel Castelo",
          "horizontal_distance_m": 1976.5946303045055,
          "max_distance_m": 500.0,
          "match_method": "normalized_exact_name",
          "coordinates": [
            -46.82138889,
            -23.50888889
          ]
        },
        "capacity_eligible": false,
        "selection_reasons": [
          "fewer_than_three_distinct_physical_edges",
          "terminal_gateway_only",
          "reh_reference_outside_distance_threshold"
        ],
        "selection_rule": "uam_degree_at_least_3_and_reh_reference_within_500m_and_nonterminal_use",
        "source": {
          "file": "scenario_horizontal_3000ft_expanded_displaced.csv",
          "sha256": "22a7773a304d67de1faf665f6ab0dca4aa2634df0feb120361ec443d39310ff1"
        }
      },
      "geometry": {
        "type": "Point",
        "coordinates": [
          -46.8312133140757,
          -23.524213115023954
        ]
      }
    },
    {
      "type": "Feature",
      "properties": {
        "resource_id": "UAM-WP-f2cf9cc70beac980b502",
        "label": "RODOANEL_CASTELO",
        "node_name": "RODOANEL_CASTELO",
        "original_names": [
          "RODOANEL_CASTELO"
        ],
        "normalized_name": "RODOANEL_CASTELO",
        "network": "UAM",
        "criterion": "uam_named_waypoint",
        "network_degree": 0,
        "altitude_m": 914.4000000000001,
        "vertical_intervals_m": [
          [
            761.9,
            1066.9
          ]
        ],
        "altitude_status": "known_envelopes",
        "dimensions_m": [
          305.0,
          457.0
        ],
        "uam_route_ids": [
          "UAM050"
        ],
        "reh_resource_ids": [],
        "uam_route_labels": [
          "VP-001-VP-005 (Parallel 2)"
        ],
        "reh_labels": [],
        "status": "geometry_only_pending_recomputation",
        "method": "explicit_named_export_position",
        "name_group_id": "UAM:RODOANEL_CASTELO",
        "name_position_count": 8,
        "name_position_ids": [
          "UAM-WP-64f79d5f859541a2a7fc",
          "UAM-WP-934832c2d37ed651702e",
          "UAM-WP-f2cf9cc70beac980b502",
          "UAM-WP-2894f855adf7ffa8c896",
          "UAM-WP-ec4ba5a2b13385252da0",
          "UAM-WP-d3c52edb8f28b791cbc1",
          "UAM-WP-85bf0b1d7d94e7a18096",
          "UAM-WP-f54092fceb52ffeb8996"
        ],
        "grouping_rule": "name index only; exact coordinates/levels/dimensions remain independent; no analytical name total",
        "analysis_method_version": "reh-anchored-uam-junctions-v2",
        "distinct_edge_neighbors": [],
        "terminal_route_ids": [],
        "interior_route_ids": [],
        "terminal_only": true,
        "reh_reference": {
          "resource_id": "REH-WP-10f31dfbe26ccb969564",
          "label": "Rodoanel Castelo",
          "horizontal_distance_m": 2001.2367680578184,
          "max_distance_m": 500.0,
          "match_method": "normalized_exact_name",
          "coordinates": [
            -46.82138889,
            -23.50888889
          ]
        },
        "capacity_eligible": false,
        "selection_reasons": [
          "fewer_than_three_distinct_physical_edges",
          "terminal_gateway_only",
          "reh_reference_outside_distance_threshold"
        ],
        "selection_rule": "uam_degree_at_least_3_and_reh_reference_within_500m_and_nonterminal_use",
        "source": {
          "file": "scenario_horizontal_3000ft_expanded_displaced.csv",
          "sha256": "22a7773a304d67de1faf665f6ab0dca4aa2634df0feb120361ec443d39310ff1"
        }
      },
      "geometry": {
        "type": "Point",
        "coordinates": [
          -46.829569004575326,
          -23.525248954389188
        ]
      }
    },
    {
      "type": "Feature",
      "properties": {
        "resource_id": "UAM-WP-2894f855adf7ffa8c896",
        "label": "RODOANEL_CASTELO",
        "node_name": "RODOANEL_CASTELO",
        "original_names": [
          "RODOANEL_CASTELO"
        ],
        "normalized_name": "RODOANEL_CASTELO",
        "network": "UAM",
        "criterion": "uam_named_waypoint",
        "network_degree": 0,
        "altitude_m": 914.4000000000001,
        "vertical_intervals_m": [
          [
            761.9,
            1066.9
          ]
        ],
        "altitude_status": "known_envelopes",
        "dimensions_m": [
          305.0,
          457.0
        ],
        "uam_route_ids": [
          "UAM067"
        ],
        "reh_resource_ids": [],
        "uam_route_labels": [
          "VP-004-VP-005 (Parallel 1)"
        ],
        "reh_labels": [],
        "status": "geometry_only_pending_recomputation",
        "method": "explicit_named_export_position",
        "name_group_id": "UAM:RODOANEL_CASTELO",
        "name_position_count": 8,
        "name_position_ids": [
          "UAM-WP-64f79d5f859541a2a7fc",
          "UAM-WP-934832c2d37ed651702e",
          "UAM-WP-f2cf9cc70beac980b502",
          "UAM-WP-2894f855adf7ffa8c896",
          "UAM-WP-ec4ba5a2b13385252da0",
          "UAM-WP-d3c52edb8f28b791cbc1",
          "UAM-WP-85bf0b1d7d94e7a18096",
          "UAM-WP-f54092fceb52ffeb8996"
        ],
        "grouping_rule": "name index only; exact coordinates/levels/dimensions remain independent; no analytical name total",
        "analysis_method_version": "reh-anchored-uam-junctions-v2",
        "distinct_edge_neighbors": [],
        "terminal_route_ids": [],
        "interior_route_ids": [],
        "terminal_only": true,
        "reh_reference": {
          "resource_id": "REH-WP-10f31dfbe26ccb969564",
          "label": "Rodoanel Castelo",
          "horizontal_distance_m": 2345.3904237057286,
          "max_distance_m": 500.0,
          "match_method": "normalized_exact_name",
          "coordinates": [
            -46.82138889,
            -23.50888889
          ]
        },
        "capacity_eligible": false,
        "selection_reasons": [
          "fewer_than_three_distinct_physical_edges",
          "terminal_gateway_only",
          "reh_reference_outside_distance_threshold"
        ],
        "selection_rule": "uam_degree_at_least_3_and_reh_reference_within_500m_and_nonterminal_use",
        "source": {
          "file": "scenario_horizontal_3000ft_expanded_displaced.csv",
          "sha256": "22a7773a304d67de1faf665f6ab0dca4aa2634df0feb120361ec443d39310ff1"
        }
      },
      "geometry": {
        "type": "Point",
        "coordinates": [
          -46.83473932760878,
          -23.52606570187906
        ]
      }
    },
    {
      "type": "Feature",
      "properties": {
        "resource_id": "UAM-WP-ec4ba5a2b13385252da0",
        "label": "RODOANEL_CASTELO",
        "node_name": "RODOANEL_CASTELO",
        "original_names": [
          "RODOANEL_CASTELO"
        ],
        "normalized_name": "RODOANEL_CASTELO",
        "network": "UAM",
        "criterion": "uam_named_waypoint",
        "network_degree": 0,
        "altitude_m": 914.4000000000001,
        "vertical_intervals_m": [
          [
            761.9,
            1066.9
          ]
        ],
        "altitude_status": "known_envelopes",
        "dimensions_m": [
          305.0,
          457.0
        ],
        "uam_route_ids": [
          "UAM068"
        ],
        "reh_resource_ids": [],
        "uam_route_labels": [
          "VP-004-VP-005 (Parallel 2)"
        ],
        "reh_labels": [],
        "status": "geometry_only_pending_recomputation",
        "method": "explicit_named_export_position",
        "name_group_id": "UAM:RODOANEL_CASTELO",
        "name_position_count": 8,
        "name_position_ids": [
          "UAM-WP-64f79d5f859541a2a7fc",
          "UAM-WP-934832c2d37ed651702e",
          "UAM-WP-f2cf9cc70beac980b502",
          "UAM-WP-2894f855adf7ffa8c896",
          "UAM-WP-ec4ba5a2b13385252da0",
          "UAM-WP-d3c52edb8f28b791cbc1",
          "UAM-WP-85bf0b1d7d94e7a18096",
          "UAM-WP-f54092fceb52ffeb8996"
        ],
        "grouping_rule": "name index only; exact coordinates/levels/dimensions remain independent; no analytical name total",
        "analysis_method_version": "reh-anchored-uam-junctions-v2",
        "distinct_edge_neighbors": [],
        "terminal_route_ids": [],
        "interior_route_ids": [],
        "terminal_only": true,
        "reh_reference": {
          "resource_id": "REH-WP-10f31dfbe26ccb969564",
          "label": "Rodoanel Castelo",
          "horizontal_distance_m": 2146.1052183870815,
          "max_distance_m": 500.0,
          "match_method": "normalized_exact_name",
          "coordinates": [
            -46.82138889,
            -23.50888889
          ]
        },
        "capacity_eligible": false,
        "selection_reasons": [
          "fewer_than_three_distinct_physical_edges",
          "terminal_gateway_only",
          "reh_reference_outside_distance_threshold"
        ],
        "selection_rule": "uam_degree_at_least_3_and_reh_reference_within_500m_and_nonterminal_use",
        "source": {
          "file": "scenario_horizontal_3000ft_expanded_displaced.csv",
          "sha256": "22a7773a304d67de1faf665f6ab0dca4aa2634df0feb120361ec443d39310ff1"
        }
      },
      "geometry": {
        "type": "Point",
        "coordinates": [
          -46.829782358497944,
          -23.526588389284843
        ]
      }
    },
    {
      "type": "Feature",
      "properties": {
        "resource_id": "UAM-WP-d3c52edb8f28b791cbc1",
        "label": "RODOANEL_CASTELO",
        "node_name": "RODOANEL_CASTELO",
        "original_names": [
          "RODOANEL_CASTELO"
        ],
        "normalized_name": "RODOANEL_CASTELO",
        "network": "UAM",
        "criterion": "uam_named_waypoint",
        "network_degree": 0,
        "altitude_m": 914.4000000000001,
        "vertical_intervals_m": [
          [
            761.9,
            1066.9
          ]
        ],
        "altitude_status": "known_envelopes",
        "dimensions_m": [
          305.0,
          457.0
        ],
        "uam_route_ids": [
          "UAM049"
        ],
        "reh_resource_ids": [],
        "uam_route_labels": [
          "VP-001-VP-005 (Parallel 1)"
        ],
        "reh_labels": [],
        "status": "geometry_only_pending_recomputation",
        "method": "explicit_named_export_position",
        "name_group_id": "UAM:RODOANEL_CASTELO",
        "name_position_count": 8,
        "name_position_ids": [
          "UAM-WP-64f79d5f859541a2a7fc",
          "UAM-WP-934832c2d37ed651702e",
          "UAM-WP-f2cf9cc70beac980b502",
          "UAM-WP-2894f855adf7ffa8c896",
          "UAM-WP-ec4ba5a2b13385252da0",
          "UAM-WP-d3c52edb8f28b791cbc1",
          "UAM-WP-85bf0b1d7d94e7a18096",
          "UAM-WP-f54092fceb52ffeb8996"
        ],
        "grouping_rule": "name index only; exact coordinates/levels/dimensions remain independent; no analytical name total",
        "analysis_method_version": "reh-anchored-uam-junctions-v2",
        "distinct_edge_neighbors": [],
        "terminal_route_ids": [],
        "interior_route_ids": [],
        "terminal_only": true,
        "reh_reference": {
          "resource_id": "REH-WP-10f31dfbe26ccb969564",
          "label": "Rodoanel Castelo",
          "horizontal_distance_m": 2480.252128884356,
          "max_distance_m": 500.0,
          "match_method": "normalized_exact_name",
          "coordinates": [
            -46.82138889,
            -23.50888889
          ]
        },
        "capacity_eligible": false,
        "selection_reasons": [
          "fewer_than_three_distinct_physical_edges",
          "terminal_gateway_only",
          "reh_reference_outside_distance_threshold"
        ],
        "selection_rule": "uam_degree_at_least_3_and_reh_reference_within_500m_and_nonterminal_use",
        "source": {
          "file": "scenario_horizontal_3000ft_expanded_displaced.csv",
          "sha256": "22a7773a304d67de1faf665f6ab0dca4aa2634df0feb120361ec443d39310ff1"
        }
      },
      "geometry": {
        "type": "Point",
        "coordinates": [
          -46.83495268153639,
          -23.527405136774714
        ]
      }
    },
    {
      "type": "Feature",
      "properties": {
        "resource_id": "UAM-WP-85bf0b1d7d94e7a18096",
        "label": "RODOANEL_CASTELO",
        "node_name": "RODOANEL_CASTELO",
        "original_names": [
          "RODOANEL_CASTELO"
        ],
        "normalized_name": "RODOANEL_CASTELO",
        "network": "UAM",
        "criterion": "uam_named_waypoint",
        "network_degree": 0,
        "altitude_m": 914.4000000000001,
        "vertical_intervals_m": [
          [
            761.9,
            1066.9
          ]
        ],
        "altitude_status": "known_envelopes",
        "dimensions_m": [
          305.0,
          457.0
        ],
        "uam_route_ids": [
          "UAM006",
          "UAM020",
          "UAM032",
          "UAM043",
          "UAM045",
          "UAM051"
        ],
        "reh_resource_ids": [],
        "uam_route_labels": [
          "SBGR-VP-001 (Parallel 2)",
          "SBMT-VP-001 (Parallel 2)",
          "SBSP-VP-001 (Parallel 2)",
          "VP-001-VP-002 (Parallel 1)",
          "VP-001-VP-003 (Parallel 1)",
          "VP-001-VP-006 (Parallel 1)"
        ],
        "reh_labels": [],
        "status": "geometry_only_pending_recomputation",
        "method": "explicit_named_export_position",
        "name_group_id": "UAM:RODOANEL_CASTELO",
        "name_position_count": 8,
        "name_position_ids": [
          "UAM-WP-64f79d5f859541a2a7fc",
          "UAM-WP-934832c2d37ed651702e",
          "UAM-WP-f2cf9cc70beac980b502",
          "UAM-WP-2894f855adf7ffa8c896",
          "UAM-WP-ec4ba5a2b13385252da0",
          "UAM-WP-d3c52edb8f28b791cbc1",
          "UAM-WP-85bf0b1d7d94e7a18096",
          "UAM-WP-f54092fceb52ffeb8996"
        ],
        "grouping_rule": "name index only; exact coordinates/levels/dimensions remain independent; no analytical name total",
        "analysis_method_version": "reh-anchored-uam-junctions-v2",
        "distinct_edge_neighbors": [],
        "terminal_route_ids": [],
        "interior_route_ids": [],
        "terminal_only": true,
        "reh_reference": {
          "resource_id": "REH-WP-10f31dfbe26ccb969564",
          "label": "Rodoanel Castelo",
          "horizontal_distance_m": 2490.7027485229673,
          "max_distance_m": 500.0,
          "match_method": "normalized_exact_name",
          "coordinates": [
            -46.82138889,
            -23.50888889
          ]
        },
        "capacity_eligible": false,
        "selection_reasons": [
          "fewer_than_three_distinct_physical_edges",
          "terminal_gateway_only",
          "reh_reference_outside_distance_threshold"
        ],
        "selection_rule": "uam_degree_at_least_3_and_reh_reference_within_500m_and_nonterminal_use",
        "source": {
          "file": "scenario_horizontal_3000ft_expanded_displaced.csv",
          "sha256": "22a7773a304d67de1faf665f6ab0dca4aa2634df0feb120361ec443d39310ff1"
        }
      },
      "geometry": {
        "type": "Point",
        "coordinates": [
          -46.83330837205112,
          -23.528440976139947
        ]
      }
    },
    {
      "type": "Feature",
      "properties": {
        "resource_id": "UAM-WP-f54092fceb52ffeb8996",
        "label": "RODOANEL_CASTELO",
        "node_name": "RODOANEL_CASTELO",
        "original_names": [
          "RODOANEL_CASTELO"
        ],
        "normalized_name": "RODOANEL_CASTELO",
        "network": "UAM",
        "criterion": "uam_named_waypoint",
        "network_degree": 0,
        "altitude_m": 914.4000000000001,
        "vertical_intervals_m": [
          [
            761.9,
            1066.9
          ]
        ],
        "altitude_status": "known_envelopes",
        "dimensions_m": [
          305.0,
          457.0
        ],
        "uam_route_ids": [
          "UAM028",
          "UAM040",
          "UAM058",
          "UAM071"
        ],
        "reh_resource_ids": [],
        "uam_route_labels": [
          "SBGR-VP-005 (Parallel 2)",
          "SBMT-VP-005 (Parallel 2)",
          "VP-002-VP-005 (Parallel 2)",
          "VP-005-VP-006 (Parallel 1)"
        ],
        "reh_labels": [],
        "status": "geometry_only_pending_recomputation",
        "method": "explicit_named_export_position",
        "name_group_id": "UAM:RODOANEL_CASTELO",
        "name_position_count": 8,
        "name_position_ids": [
          "UAM-WP-64f79d5f859541a2a7fc",
          "UAM-WP-934832c2d37ed651702e",
          "UAM-WP-f2cf9cc70beac980b502",
          "UAM-WP-2894f855adf7ffa8c896",
          "UAM-WP-ec4ba5a2b13385252da0",
          "UAM-WP-d3c52edb8f28b791cbc1",
          "UAM-WP-85bf0b1d7d94e7a18096",
          "UAM-WP-f54092fceb52ffeb8996"
        ],
        "grouping_rule": "name index only; exact coordinates/levels/dimensions remain independent; no analytical name total",
        "analysis_method_version": "reh-anchored-uam-junctions-v2",
        "distinct_edge_neighbors": [],
        "terminal_route_ids": [],
        "interior_route_ids": [],
        "terminal_only": true,
        "reh_reference": {
          "resource_id": "REH-WP-10f31dfbe26ccb969564",
          "label": "Rodoanel Castelo",
          "horizontal_distance_m": 2427.4679821028803,
          "max_distance_m": 500.0,
          "match_method": "normalized_exact_name",
          "coordinates": [
            -46.82138889,
            -23.50888889
          ]
        },
        "capacity_eligible": false,
        "selection_reasons": [
          "fewer_than_three_distinct_physical_edges",
          "terminal_gateway_only",
          "reh_reference_outside_distance_threshold"
        ],
        "selection_rule": "uam_degree_at_least_3_and_reh_reference_within_500m_and_nonterminal_use",
        "source": {
          "file": "scenario_horizontal_3000ft_expanded_displaced.csv",
          "sha256": "22a7773a304d67de1faf665f6ab0dca4aa2634df0feb120361ec443d39310ff1"
        }
      },
      "geometry": {
        "type": "Point",
        "coordinates": [
          -46.830193872935716,
          -23.529171874792176
        ]
      }
    },
    {
      "type": "Feature",
      "properties": {
        "resource_id": "UAM-WP-a9a012a6a101fe58e020",
        "label": "RODOANEL_RAPOSO",
        "node_name": "RODOANEL_RAPOSO",
        "original_names": [
          "RODOANEL_RAPOSO"
        ],
        "normalized_name": "RODOANEL_RAPOSO",
        "network": "UAM",
        "criterion": "uam_named_waypoint",
        "network_degree": 2,
        "altitude_m": 1219.0,
        "vertical_intervals_m": [
          [
            1066.5,
            1371.5
          ]
        ],
        "altitude_status": "known_envelopes",
        "dimensions_m": [
          305.0,
          457.0
        ],
        "uam_route_ids": [
          "UAM013",
          "UAM063"
        ],
        "reh_resource_ids": [],
        "uam_route_labels": [
          "SBSP-VP-005 (Parallel 1)",
          "VP-003-VP-005 (Parallel 1)"
        ],
        "reh_labels": [],
        "status": "geometry_only_pending_recomputation",
        "method": "explicit_named_export_position",
        "name_group_id": "UAM:RODOANEL_RAPOSO",
        "name_position_count": 2,
        "name_position_ids": [
          "UAM-WP-a9a012a6a101fe58e020",
          "UAM-WP-be1512b86f2f2c553f88"
        ],
        "grouping_rule": "name index only; exact coordinates/levels/dimensions remain independent; no analytical name total",
        "analysis_method_version": "reh-anchored-uam-junctions-v2",
        "distinct_edge_neighbors": [
          [
            -23.5647222222222,
            -46.8302777777778,
            760.0,
            305.0,
            457.0
          ],
          [
            -23.606354090644885,
            -46.75119116437716,
            1219.0,
            305.0,
            457.0
          ]
        ],
        "terminal_route_ids": [
          "UAM013",
          "UAM063"
        ],
        "interior_route_ids": [],
        "terminal_only": true,
        "reh_reference": {
          "resource_id": "REH-WP-7dcb64a4944a1aea450f",
          "label": "Rodoanel Raposo",
          "horizontal_distance_m": 269.91808750675614,
          "max_distance_m": 500.0,
          "match_method": "normalized_exact_name",
          "coordinates": [
            -46.81027778,
            -23.5922222199999
          ]
        },
        "capacity_eligible": false,
        "selection_reasons": [
          "fewer_than_three_distinct_physical_edges",
          "terminal_gateway_only"
        ],
        "selection_rule": "uam_degree_at_least_3_and_reh_reference_within_500m_and_nonterminal_use",
        "source": {
          "file": "scenario_horizontal_3000ft_expanded_displaced.csv",
          "sha256": "22a7773a304d67de1faf665f6ab0dca4aa2634df0feb120361ec443d39310ff1"
        }
      },
      "geometry": {
        "type": "Point",
        "coordinates": [
          -46.80869748115197,
          -23.59027412529078
        ]
      }
    },
    {
      "type": "Feature",
      "properties": {
        "resource_id": "UAM-WP-be1512b86f2f2c553f88",
        "label": "RODOANEL_RAPOSO",
        "node_name": "RODOANEL_RAPOSO",
        "original_names": [
          "RODOANEL_RAPOSO"
        ],
        "normalized_name": "RODOANEL_RAPOSO",
        "network": "UAM",
        "criterion": "uam_named_waypoint",
        "network_degree": 2,
        "altitude_m": 1219.0,
        "vertical_intervals_m": [
          [
            1066.5,
            1371.5
          ]
        ],
        "altitude_status": "known_envelopes",
        "dimensions_m": [
          305.0,
          457.0
        ],
        "uam_route_ids": [
          "UAM014",
          "UAM064"
        ],
        "reh_resource_ids": [],
        "uam_route_labels": [
          "SBSP-VP-005 (Parallel 2)",
          "VP-003-VP-005 (Parallel 2)"
        ],
        "reh_labels": [],
        "status": "geometry_only_pending_recomputation",
        "method": "explicit_named_export_position",
        "name_group_id": "UAM:RODOANEL_RAPOSO",
        "name_position_count": 2,
        "name_position_ids": [
          "UAM-WP-a9a012a6a101fe58e020",
          "UAM-WP-be1512b86f2f2c553f88"
        ],
        "grouping_rule": "name index only; exact coordinates/levels/dimensions remain independent; no analytical name total",
        "analysis_method_version": "reh-anchored-uam-junctions-v2",
        "distinct_edge_neighbors": [
          [
            -23.5647222222222,
            -46.8302777777778,
            760.0,
            305.0,
            457.0
          ],
          [
            -23.610868131577313,
            -46.75214216895624,
            1219.0,
            305.0,
            457.0
          ]
        ],
        "terminal_route_ids": [
          "UAM014",
          "UAM064"
        ],
        "interior_route_ids": [],
        "terminal_only": true,
        "reh_reference": {
          "resource_id": "REH-WP-7dcb64a4944a1aea450f",
          "label": "Rodoanel Raposo",
          "horizontal_distance_m": 269.9167873423648,
          "max_distance_m": 500.0,
          "match_method": "normalized_exact_name",
          "coordinates": [
            -46.81027778,
            -23.5922222199999
          ]
        },
        "capacity_eligible": false,
        "selection_reasons": [
          "fewer_than_three_distinct_physical_edges",
          "terminal_gateway_only"
        ],
        "selection_rule": "uam_degree_at_least_3_and_reh_reference_within_500m_and_nonterminal_use",
        "source": {
          "file": "scenario_horizontal_3000ft_expanded_displaced.csv",
          "sha256": "22a7773a304d67de1faf665f6ab0dca4aa2634df0feb120361ec443d39310ff1"
        }
      },
      "geometry": {
        "type": "Point",
        "coordinates": [
          -46.81185807440363,
          -23.594170319153623
        ]
      }
    },
    {
      "type": "Feature",
      "properties": {
        "resource_id": "UAM-WP-b886d856ba84b0ea2020",
        "label": "SHOPPING_CONTINENTAL",
        "node_name": "SHOPPING_CONTINENTAL",
        "original_names": [
          "SHOPPING_CONTINENTAL"
        ],
        "normalized_name": "SHOPPING_CONTINENTAL",
        "network": "UAM",
        "criterion": "uam_named_waypoint",
        "network_degree": 2,
        "altitude_m": 1219.0,
        "vertical_intervals_m": [
          [
            1066.5,
            1371.5
          ]
        ],
        "altitude_status": "known_envelopes",
        "dimensions_m": [
          305.0,
          457.0
        ],
        "uam_route_ids": [
          "UAM005"
        ],
        "reh_resource_ids": [],
        "uam_route_labels": [
          "SBSP-VP-001 (Parallel 1)"
        ],
        "reh_labels": [],
        "status": "geometry_only_pending_recomputation",
        "method": "explicit_named_export_position",
        "name_group_id": "UAM:SHOPPING_CONTINENTAL",
        "name_position_count": 2,
        "name_position_ids": [
          "UAM-WP-b886d856ba84b0ea2020",
          "UAM-WP-fc8e071ecd717ea9b6b3"
        ],
        "grouping_rule": "name index only; exact coordinates/levels/dimensions remain independent; no analytical name total",
        "analysis_method_version": "reh-anchored-uam-junctions-v2",
        "distinct_edge_neighbors": [
          [
            -23.52428591336908,
            -46.74731439873086,
            1219.0,
            305.0,
            457.0
          ],
          [
            -23.555999563062727,
            -46.74537818213205,
            1219.0,
            305.0,
            457.0
          ]
        ],
        "terminal_route_ids": [],
        "interior_route_ids": [
          "UAM005"
        ],
        "terminal_only": false,
        "reh_reference": {
          "resource_id": "REH-WP-7ba6ff6f6793c66acb20",
          "label": "Shopping Continental",
          "horizontal_distance_m": 280.10397933095584,
          "max_distance_m": 500.0,
          "match_method": "normalized_exact_name",
          "coordinates": [
            -46.75527778,
            -23.54805556
          ]
        },
        "capacity_eligible": false,
        "selection_reasons": [
          "fewer_than_three_distinct_physical_edges"
        ],
        "selection_rule": "uam_degree_at_least_3_and_reh_reference_within_500m_and_nonterminal_use",
        "source": {
          "file": "scenario_horizontal_3000ft_expanded_displaced.csv",
          "sha256": "22a7773a304d67de1faf665f6ab0dca4aa2634df0feb120361ec443d39310ff1"
        }
      },
      "geometry": {
        "type": "Point",
        "coordinates": [
          -46.75260077320909,
          -23.54748722357915
        ]
      }
    },
    {
      "type": "Feature",
      "properties": {
        "resource_id": "UAM-WP-fc8e071ecd717ea9b6b3",
        "label": "SHOPPING_CONTINENTAL",
        "node_name": "SHOPPING_CONTINENTAL",
        "original_names": [
          "SHOPPING_CONTINENTAL"
        ],
        "normalized_name": "SHOPPING_CONTINENTAL",
        "network": "UAM",
        "criterion": "uam_named_waypoint",
        "network_degree": 2,
        "altitude_m": 1219.0,
        "vertical_intervals_m": [
          [
            1066.5,
            1371.5
          ]
        ],
        "altitude_status": "known_envelopes",
        "dimensions_m": [
          305.0,
          457.0
        ],
        "uam_route_ids": [
          "UAM006"
        ],
        "reh_resource_ids": [],
        "uam_route_labels": [
          "SBSP-VP-001 (Parallel 2)"
        ],
        "reh_labels": [],
        "status": "geometry_only_pending_recomputation",
        "method": "explicit_named_export_position",
        "name_group_id": "UAM:SHOPPING_CONTINENTAL",
        "name_position_count": 2,
        "name_position_ids": [
          "UAM-WP-b886d856ba84b0ea2020",
          "UAM-WP-fc8e071ecd717ea9b6b3"
        ],
        "grouping_rule": "name index only; exact coordinates/levels/dimensions remain independent; no analytical name total",
        "analysis_method_version": "reh-anchored-uam-junctions-v2",
        "distinct_edge_neighbors": [
          [
            -23.527936308853118,
            -46.753241156824735,
            1219.0,
            305.0,
            457.0
          ],
          [
            -23.558444881381675,
            -46.749621817867954,
            1219.0,
            305.0,
            457.0
          ]
        ],
        "terminal_route_ids": [],
        "interior_route_ids": [
          "UAM006"
        ],
        "terminal_only": false,
        "reh_reference": {
          "resource_id": "REH-WP-7ba6ff6f6793c66acb20",
          "label": "Shopping Continental",
          "horizontal_distance_m": 280.10216574875466,
          "max_distance_m": 500.0,
          "match_method": "normalized_exact_name",
          "coordinates": [
            -46.75527778,
            -23.54805556
          ]
        },
        "capacity_eligible": false,
        "selection_reasons": [
          "fewer_than_three_distinct_physical_edges"
        ],
        "selection_rule": "uam_degree_at_least_3_and_reh_reference_within_500m_and_nonterminal_use",
        "source": {
          "file": "scenario_horizontal_3000ft_expanded_displaced.csv",
          "sha256": "22a7773a304d67de1faf665f6ab0dca4aa2634df0feb120361ec443d39310ff1"
        }
      },
      "geometry": {
        "type": "Point",
        "coordinates": [
          -46.75795478234651,
          -23.54862388753205
        ]
      }
    },
    {
      "type": "Feature",
      "properties": {
        "resource_id": "UAM-WP-c616f1a8dd35e4f863a0",
        "label": "SHOPPING_TATUAPE",
        "node_name": "SHOPPING_TATUAPE",
        "original_names": [
          "SHOPPING_TATUAPE"
        ],
        "normalized_name": "SHOPPING_TATUAPE",
        "network": "UAM",
        "criterion": "uam_named_waypoint",
        "network_degree": 0,
        "altitude_m": 914.4000000000001,
        "vertical_intervals_m": [
          [
            761.9,
            1066.9
          ]
        ],
        "altitude_status": "known_envelopes",
        "dimensions_m": [
          305.0,
          457.0
        ],
        "uam_route_ids": [
          "UAM002",
          "UAM017",
          "UAM019",
          "UAM021",
          "UAM023",
          "UAM025",
          "UAM027",
          "UAM029"
        ],
        "reh_resource_ids": [],
        "uam_route_labels": [
          "SBGR-SBMT (Parallel 1)",
          "SBGR-VP-001 (Parallel 1)",
          "SBGR-VP-002 (Parallel 1)",
          "SBGR-VP-003 (Parallel 1)",
          "SBGR-VP-004 (Parallel 1)",
          "SBGR-VP-005 (Parallel 1)",
          "SBGR-VP-006 (Parallel 1)",
          "SBSP-SBGR (Parallel 2)"
        ],
        "reh_labels": [],
        "status": "geometry_only_pending_recomputation",
        "method": "explicit_named_export_position",
        "name_group_id": "UAM:SHOPPING_TATUAPE",
        "name_position_count": 2,
        "name_position_ids": [
          "UAM-WP-c616f1a8dd35e4f863a0",
          "UAM-WP-a0bed3efcd566b2caa27"
        ],
        "grouping_rule": "name index only; exact coordinates/levels/dimensions remain independent; no analytical name total",
        "analysis_method_version": "reh-anchored-uam-junctions-v2",
        "distinct_edge_neighbors": [],
        "terminal_route_ids": [],
        "interior_route_ids": [],
        "terminal_only": true,
        "reh_reference": {
          "resource_id": "REH-WP-608c8b62e8bd54c13e7e",
          "label": "Shopping Tatuapé",
          "horizontal_distance_m": 1265.8455045255507,
          "max_distance_m": 500.0,
          "match_method": "normalized_exact_name",
          "coordinates": [
            -46.57632054,
            -23.538972004
          ]
        },
        "capacity_eligible": false,
        "selection_reasons": [
          "fewer_than_three_distinct_physical_edges",
          "terminal_gateway_only",
          "reh_reference_outside_distance_threshold"
        ],
        "selection_rule": "uam_degree_at_least_3_and_reh_reference_within_500m_and_nonterminal_use",
        "source": {
          "file": "scenario_horizontal_3000ft_expanded_displaced.csv",
          "sha256": "22a7773a304d67de1faf665f6ab0dca4aa2634df0feb120361ec443d39310ff1"
        }
      },
      "geometry": {
        "type": "Point",
        "coordinates": [
          -46.581531783014945,
          -23.528639113561262
        ]
      }
    },
    {
      "type": "Feature",
      "properties": {
        "resource_id": "UAM-WP-a0bed3efcd566b2caa27",
        "label": "SHOPPING_TATUAPE",
        "node_name": "SHOPPING_TATUAPE",
        "original_names": [
          "SHOPPING_TATUAPE"
        ],
        "normalized_name": "SHOPPING_TATUAPE",
        "network": "UAM",
        "criterion": "uam_named_waypoint",
        "network_degree": 0,
        "altitude_m": 914.4000000000001,
        "vertical_intervals_m": [
          [
            761.9,
            1066.9
          ]
        ],
        "altitude_status": "known_envelopes",
        "dimensions_m": [
          305.0,
          457.0
        ],
        "uam_route_ids": [
          "UAM001",
          "UAM018",
          "UAM020",
          "UAM022",
          "UAM024",
          "UAM026",
          "UAM028",
          "UAM030"
        ],
        "reh_resource_ids": [],
        "uam_route_labels": [
          "SBGR-SBMT (Parallel 2)",
          "SBGR-VP-001 (Parallel 2)",
          "SBGR-VP-002 (Parallel 2)",
          "SBGR-VP-003 (Parallel 2)",
          "SBGR-VP-004 (Parallel 2)",
          "SBGR-VP-005 (Parallel 2)",
          "SBGR-VP-006 (Parallel 2)",
          "SBSP-SBGR (Parallel 1)"
        ],
        "reh_labels": [],
        "status": "geometry_only_pending_recomputation",
        "method": "explicit_named_export_position",
        "name_group_id": "UAM:SHOPPING_TATUAPE",
        "name_position_count": 2,
        "name_position_ids": [
          "UAM-WP-c616f1a8dd35e4f863a0",
          "UAM-WP-a0bed3efcd566b2caa27"
        ],
        "grouping_rule": "name index only; exact coordinates/levels/dimensions remain independent; no analytical name total",
        "analysis_method_version": "reh-anchored-uam-junctions-v2",
        "distinct_edge_neighbors": [],
        "terminal_route_ids": [],
        "interior_route_ids": [],
        "terminal_only": true,
        "reh_reference": {
          "resource_id": "REH-WP-608c8b62e8bd54c13e7e",
          "label": "Shopping Tatuapé",
          "horizontal_distance_m": 730.5051948807775,
          "max_distance_m": 500.0,
          "match_method": "normalized_exact_name",
          "coordinates": [
            -46.57632054,
            -23.538972004
          ]
        },
        "capacity_eligible": false,
        "selection_reasons": [
          "fewer_than_three_distinct_physical_edges",
          "terminal_gateway_only",
          "reh_reference_outside_distance_threshold"
        ],
        "selection_rule": "uam_degree_at_least_3_and_reh_reference_within_500m_and_nonterminal_use",
        "source": {
          "file": "scenario_horizontal_3000ft_expanded_displaced.csv",
          "sha256": "22a7773a304d67de1faf665f6ab0dca4aa2634df0feb120361ec443d39310ff1"
        }
      },
      "geometry": {
        "type": "Point",
        "coordinates": [
          -46.579240141706286,
          -23.532972445391017
        ]
      }
    },
    {
      "type": "Feature",
      "properties": {
        "resource_id": "UAM-WP-6cbd8ba16c45c4e50529",
        "label": "VD_ANTARTICA",
        "node_name": "VD_ANTARTICA",
        "original_names": [
          "VD_ANTARTICA"
        ],
        "normalized_name": "VD_ANTARTICA",
        "network": "UAM",
        "criterion": "uam_named_waypoint",
        "network_degree": 2,
        "altitude_m": 1219.0,
        "vertical_intervals_m": [
          [
            1066.5,
            1371.5
          ]
        ],
        "altitude_status": "known_envelopes",
        "dimensions_m": [
          305.0,
          457.0
        ],
        "uam_route_ids": [
          "UAM019",
          "UAM025",
          "UAM027",
          "UAM029",
          "UAM031",
          "UAM037",
          "UAM039",
          "UAM041"
        ],
        "reh_resource_ids": [],
        "uam_route_labels": [
          "SBGR-VP-001 (Parallel 1)",
          "SBGR-VP-004 (Parallel 1)",
          "SBGR-VP-005 (Parallel 1)",
          "SBGR-VP-006 (Parallel 1)",
          "SBMT-VP-001 (Parallel 1)",
          "SBMT-VP-004 (Parallel 1)",
          "SBMT-VP-005 (Parallel 1)",
          "SBMT-VP-006 (Parallel 1)"
        ],
        "reh_labels": [],
        "status": "geometry_only_pending_recomputation",
        "method": "explicit_named_export_position",
        "name_group_id": "UAM:VD_ANTARTICA",
        "name_position_count": 4,
        "name_position_ids": [
          "UAM-WP-6cbd8ba16c45c4e50529",
          "UAM-WP-e16898c763f7a4ba7279",
          "UAM-WP-ed04f6176040ee3143c2",
          "UAM-WP-d84a4c5177d4193d5f5a"
        ],
        "grouping_rule": "name index only; exact coordinates/levels/dimensions remain independent; no analytical name total",
        "analysis_method_version": "reh-anchored-uam-junctions-v2",
        "distinct_edge_neighbors": [
          [
            -23.5213534865182,
            -46.67608271735251,
            1219.0,
            305.0,
            457.0
          ],
          [
            -23.523980491241744,
            -46.65926374100624,
            1219.0,
            305.0,
            457.0
          ]
        ],
        "terminal_route_ids": [],
        "interior_route_ids": [
          "UAM019",
          "UAM025",
          "UAM027",
          "UAM029",
          "UAM031",
          "UAM037",
          "UAM039",
          "UAM041"
        ],
        "terminal_only": false,
        "reh_reference": {
          "resource_id": "REH-WP-7bd8dec56987d003130d",
          "label": "Viaduto Antártica",
          "horizontal_distance_m": 254.32371997555876,
          "max_distance_m": 500.0,
          "match_method": "documented_alias",
          "coordinates": [
            -46.6708333299999,
            -23.5247222199999
          ]
        },
        "capacity_eligible": false,
        "selection_reasons": [
          "fewer_than_three_distinct_physical_edges"
        ],
        "selection_rule": "uam_degree_at_least_3_and_reh_reference_within_500m_and_nonterminal_use",
        "source": {
          "file": "scenario_horizontal_3000ft_expanded_displaced.csv",
          "sha256": "22a7773a304d67de1faf665f6ab0dca4aa2634df0feb120361ec443d39310ff1"
        }
      },
      "geometry": {
        "type": "Point",
        "coordinates": [
          -46.67038921608116,
          -23.52247157279912
        ]
      }
    },
    {
      "type": "Feature",
      "properties": {
        "resource_id": "UAM-WP-e16898c763f7a4ba7279",
        "label": "VD_ANTARTICA",
        "node_name": "VD_ANTARTICA",
        "original_names": [
          "VD_ANTARTICA"
        ],
        "normalized_name": "VD_ANTARTICA",
        "network": "UAM",
        "criterion": "uam_named_waypoint",
        "network_degree": 2,
        "altitude_m": 1219.0,
        "vertical_intervals_m": [
          [
            1066.5,
            1371.5
          ]
        ],
        "altitude_status": "known_envelopes",
        "dimensions_m": [
          305.0,
          457.0
        ],
        "uam_route_ids": [
          "UAM011",
          "UAM044",
          "UAM055",
          "UAM057",
          "UAM059"
        ],
        "reh_resource_ids": [],
        "uam_route_labels": [
          "SBSP-VP-004 (Parallel 1)",
          "VP-001-VP-002 (Parallel 2)",
          "VP-002-VP-004 (Parallel 1)",
          "VP-002-VP-005 (Parallel 1)",
          "VP-002-VP-006 (Parallel 1)"
        ],
        "reh_labels": [],
        "status": "geometry_only_pending_recomputation",
        "method": "explicit_named_export_position",
        "name_group_id": "UAM:VD_ANTARTICA",
        "name_position_count": 4,
        "name_position_ids": [
          "UAM-WP-6cbd8ba16c45c4e50529",
          "UAM-WP-e16898c763f7a4ba7279",
          "UAM-WP-ed04f6176040ee3143c2",
          "UAM-WP-d84a4c5177d4193d5f5a"
        ],
        "grouping_rule": "name index only; exact coordinates/levels/dimensions remain independent; no analytical name total",
        "analysis_method_version": "reh-anchored-uam-junctions-v2",
        "distinct_edge_neighbors": [
          [
            -23.5213534865182,
            -46.67608271735251,
            1219.0,
            305.0,
            457.0
          ],
          [
            -23.55371221376462,
            -46.677016197246964,
            1219.0,
            305.0,
            457.0
          ]
        ],
        "terminal_route_ids": [
          "UAM044",
          "UAM055",
          "UAM057",
          "UAM059"
        ],
        "interior_route_ids": [
          "UAM011"
        ],
        "terminal_only": false,
        "reh_reference": {
          "resource_id": "REH-WP-7bd8dec56987d003130d",
          "label": "Viaduto Antártica",
          "horizontal_distance_m": 370.72690382166763,
          "max_distance_m": 500.0,
          "match_method": "documented_alias",
          "coordinates": [
            -46.6708333299999,
            -23.5247222199999
          ]
        },
        "capacity_eligible": false,
        "selection_reasons": [
          "fewer_than_three_distinct_physical_edges"
        ],
        "selection_rule": "uam_degree_at_least_3_and_reh_reference_within_500m_and_nonterminal_use",
        "source": {
          "file": "scenario_horizontal_3000ft_expanded_displaced.csv",
          "sha256": "22a7773a304d67de1faf665f6ab0dca4aa2634df0feb120361ec443d39310ff1"
        }
      },
      "geometry": {
        "type": "Point",
        "coordinates": [
          -46.667722999370795,
          -23.522995162798267
        ]
      }
    },
    {
      "type": "Feature",
      "properties": {
        "resource_id": "UAM-WP-ed04f6176040ee3143c2",
        "label": "VD_ANTARTICA",
        "node_name": "VD_ANTARTICA",
        "original_names": [
          "VD_ANTARTICA"
        ],
        "normalized_name": "VD_ANTARTICA",
        "network": "UAM",
        "criterion": "uam_named_waypoint",
        "network_degree": 2,
        "altitude_m": 1219.0,
        "vertical_intervals_m": [
          [
            1066.5,
            1371.5
          ]
        ],
        "altitude_status": "known_envelopes",
        "dimensions_m": [
          305.0,
          457.0
        ],
        "uam_route_ids": [
          "UAM012",
          "UAM043",
          "UAM056",
          "UAM058",
          "UAM060"
        ],
        "reh_resource_ids": [],
        "uam_route_labels": [
          "SBSP-VP-004 (Parallel 2)",
          "VP-001-VP-002 (Parallel 1)",
          "VP-002-VP-004 (Parallel 2)",
          "VP-002-VP-005 (Parallel 2)",
          "VP-002-VP-006 (Parallel 2)"
        ],
        "reh_labels": [],
        "status": "geometry_only_pending_recomputation",
        "method": "explicit_named_export_position",
        "name_group_id": "UAM:VD_ANTARTICA",
        "name_position_count": 4,
        "name_position_ids": [
          "UAM-WP-6cbd8ba16c45c4e50529",
          "UAM-WP-e16898c763f7a4ba7279",
          "UAM-WP-ed04f6176040ee3143c2",
          "UAM-WP-d84a4c5177d4193d5f5a"
        ],
        "grouping_rule": "name index only; exact coordinates/levels/dimensions remain independent; no analytical name total",
        "analysis_method_version": "reh-anchored-uam-junctions-v2",
        "distinct_edge_neighbors": [
          [
            -23.5258389929876,
            -46.67705136954789,
            1219.0,
            305.0,
            457.0
          ],
          [
            -23.551945029374984,
            -46.68165720167463,
            1219.0,
            305.0,
            457.0
          ]
        ],
        "terminal_route_ids": [
          "UAM043",
          "UAM056",
          "UAM058",
          "UAM060"
        ],
        "interior_route_ids": [
          "UAM012"
        ],
        "terminal_only": false,
        "reh_reference": {
          "resource_id": "REH-WP-7bd8dec56987d003130d",
          "label": "Viaduto Antártica",
          "horizontal_distance_m": 370.72418194516257,
          "max_distance_m": 500.0,
          "match_method": "documented_alias",
          "coordinates": [
            -46.6708333299999,
            -23.5247222199999
          ]
        },
        "capacity_eligible": false,
        "selection_reasons": [
          "fewer_than_three_distinct_physical_edges"
        ],
        "selection_rule": "uam_degree_at_least_3_and_reh_reference_within_500m_and_nonterminal_use",
        "source": {
          "file": "scenario_horizontal_3000ft_expanded_displaced.csv",
          "sha256": "22a7773a304d67de1faf665f6ab0dca4aa2634df0feb120361ec443d39310ff1"
        }
      },
      "geometry": {
        "type": "Point",
        "coordinates": [
          -46.6739436672958,
          -23.52644928164613
        ]
      }
    },
    {
      "type": "Feature",
      "properties": {
        "resource_id": "UAM-WP-d84a4c5177d4193d5f5a",
        "label": "VD_ANTARTICA",
        "node_name": "VD_ANTARTICA",
        "original_names": [
          "VD_ANTARTICA"
        ],
        "normalized_name": "VD_ANTARTICA",
        "network": "UAM",
        "criterion": "uam_named_waypoint",
        "network_degree": 2,
        "altitude_m": 1219.0,
        "vertical_intervals_m": [
          [
            1066.5,
            1371.5
          ]
        ],
        "altitude_status": "known_envelopes",
        "dimensions_m": [
          305.0,
          457.0
        ],
        "uam_route_ids": [
          "UAM020",
          "UAM026",
          "UAM028",
          "UAM030",
          "UAM032",
          "UAM038",
          "UAM040",
          "UAM042"
        ],
        "reh_resource_ids": [],
        "uam_route_labels": [
          "SBGR-VP-001 (Parallel 2)",
          "SBGR-VP-004 (Parallel 2)",
          "SBGR-VP-005 (Parallel 2)",
          "SBGR-VP-006 (Parallel 2)",
          "SBMT-VP-001 (Parallel 2)",
          "SBMT-VP-004 (Parallel 2)",
          "SBMT-VP-005 (Parallel 2)",
          "SBMT-VP-006 (Parallel 2)"
        ],
        "reh_labels": [],
        "status": "geometry_only_pending_recomputation",
        "method": "explicit_named_export_position",
        "name_group_id": "UAM:VD_ANTARTICA",
        "name_position_count": 4,
        "name_position_ids": [
          "UAM-WP-6cbd8ba16c45c4e50529",
          "UAM-WP-e16898c763f7a4ba7279",
          "UAM-WP-ed04f6176040ee3143c2",
          "UAM-WP-d84a4c5177d4193d5f5a"
        ],
        "grouping_rule": "name index only; exact coordinates/levels/dimensions remain independent; no analytical name total",
        "analysis_method_version": "reh-anchored-uam-junctions-v2",
        "distinct_edge_neighbors": [
          [
            -23.5258389929876,
            -46.67705136954789,
            1219.0,
            305.0,
            457.0
          ],
          [
            -23.528459508758253,
            -46.66031625899376,
            1219.0,
            305.0,
            457.0
          ]
        ],
        "terminal_route_ids": [],
        "interior_route_ids": [
          "UAM020",
          "UAM026",
          "UAM028",
          "UAM030",
          "UAM032",
          "UAM038",
          "UAM040",
          "UAM042"
        ],
        "terminal_only": false,
        "reh_reference": {
          "resource_id": "REH-WP-7bd8dec56987d003130d",
          "label": "Viaduto Antártica",
          "horizontal_distance_m": 254.3241894575601,
          "max_distance_m": 500.0,
          "match_method": "documented_alias",
          "coordinates": [
            -46.6708333299999,
            -23.5247222199999
          ]
        },
        "capacity_eligible": false,
        "selection_reasons": [
          "fewer_than_three_distinct_physical_edges"
        ],
        "selection_rule": "uam_degree_at_least_3_and_reh_reference_within_500m_and_nonterminal_use",
        "source": {
          "file": "scenario_horizontal_3000ft_expanded_displaced.csv",
          "sha256": "22a7773a304d67de1faf665f6ab0dca4aa2634df0feb120361ec443d39310ff1"
        }
      },
      "geometry": {
        "type": "Point",
        "coordinates": [
          -46.671277450585436,
          -23.526972871645278
        ]
      }
    },
    {
      "type": "Feature",
      "properties": {
        "resource_id": "UAM-WP-c9570d2eb0024f3a113b",
        "label": "WASHINGTON_LUIS",
        "node_name": "WASHINGTON_LUIS",
        "original_names": [
          "WASHINGTON_LUIS"
        ],
        "normalized_name": "WASHINGTON_LUIS",
        "network": "UAM",
        "criterion": "uam_named_waypoint",
        "network_degree": 2,
        "altitude_m": 1219.0,
        "vertical_intervals_m": [
          [
            1066.5,
            1371.5
          ]
        ],
        "altitude_status": "known_envelopes",
        "dimensions_m": [
          305.0,
          457.0
        ],
        "uam_route_ids": [
          "UAM005",
          "UAM013",
          "UAM015"
        ],
        "reh_resource_ids": [],
        "uam_route_labels": [
          "SBSP-VP-001 (Parallel 1)",
          "SBSP-VP-005 (Parallel 1)",
          "SBSP-VP-006 (Parallel 1)"
        ],
        "reh_labels": [],
        "status": "geometry_only_pending_recomputation",
        "method": "explicit_named_export_position",
        "name_group_id": "UAM:WASHINGTON_LUIS",
        "name_position_count": 2,
        "name_position_ids": [
          "UAM-WP-c9570d2eb0024f3a113b",
          "UAM-WP-1bf347d28fdd3b566062"
        ],
        "grouping_rule": "name index only; exact coordinates/levels/dimensions remain independent; no analytical name total",
        "analysis_method_version": "reh-anchored-uam-junctions-v2",
        "distinct_edge_neighbors": [
          [
            -23.621466646799245,
            -46.676353438144154,
            1219.0,
            305.0,
            457.0
          ],
          [
            -23.626111,
            -46.656389,
            760.0,
            305.0,
            457.0
          ]
        ],
        "terminal_route_ids": [
          "UAM005",
          "UAM013",
          "UAM015"
        ],
        "interior_route_ids": [],
        "terminal_only": true,
        "reh_reference": {
          "resource_id": "REH-WP-0bf27269952ead4ce29c",
          "label": "Washington Luís",
          "horizontal_distance_m": 343.7451976086853,
          "max_distance_m": 500.0,
          "match_method": "normalized_exact_name",
          "coordinates": [
            -46.66916667,
            -23.6336111099999
          ]
        },
        "capacity_eligible": false,
        "selection_reasons": [
          "fewer_than_three_distinct_physical_edges",
          "terminal_gateway_only"
        ],
        "selection_rule": "uam_degree_at_least_3_and_reh_reference_within_500m_and_nonterminal_use",
        "source": {
          "file": "scenario_horizontal_3000ft_expanded_displaced.csv",
          "sha256": "22a7773a304d67de1faf665f6ab0dca4aa2634df0feb120361ec443d39310ff1"
        }
      },
      "geometry": {
        "type": "Point",
        "coordinates": [
          -46.66859946540812,
          -23.630563721805622
        ]
      }
    },
    {
      "type": "Feature",
      "properties": {
        "resource_id": "UAM-WP-1bf347d28fdd3b566062",
        "label": "WASHINGTON_LUIS",
        "node_name": "WASHINGTON_LUIS",
        "original_names": [
          "WASHINGTON_LUIS"
        ],
        "normalized_name": "WASHINGTON_LUIS",
        "network": "UAM",
        "criterion": "uam_named_waypoint",
        "network_degree": 2,
        "altitude_m": 1219.0,
        "vertical_intervals_m": [
          [
            1066.5,
            1371.5
          ]
        ],
        "altitude_status": "known_envelopes",
        "dimensions_m": [
          305.0,
          457.0
        ],
        "uam_route_ids": [
          "UAM006",
          "UAM014",
          "UAM016"
        ],
        "reh_resource_ids": [],
        "uam_route_labels": [
          "SBSP-VP-001 (Parallel 2)",
          "SBSP-VP-005 (Parallel 2)",
          "SBSP-VP-006 (Parallel 2)"
        ],
        "reh_labels": [],
        "status": "geometry_only_pending_recomputation",
        "method": "explicit_named_export_position",
        "name_group_id": "UAM:WASHINGTON_LUIS",
        "name_position_count": 2,
        "name_position_ids": [
          "UAM-WP-c9570d2eb0024f3a113b",
          "UAM-WP-1bf347d28fdd3b566062"
        ],
        "grouping_rule": "name index only; exact coordinates/levels/dimensions remain independent; no analytical name total",
        "analysis_method_version": "reh-anchored-uam-junctions-v2",
        "distinct_edge_neighbors": [
          [
            -23.624653353200753,
            -46.67996656185584,
            1219.0,
            305.0,
            457.0
          ],
          [
            -23.626111,
            -46.656389,
            760.0,
            305.0,
            457.0
          ]
        ],
        "terminal_route_ids": [
          "UAM006",
          "UAM014",
          "UAM016"
        ],
        "interior_route_ids": [],
        "terminal_only": true,
        "reh_reference": {
          "resource_id": "REH-WP-0bf27269952ead4ce29c",
          "label": "Washington Luís",
          "horizontal_distance_m": 343.74510101638504,
          "max_distance_m": 500.0,
          "match_method": "normalized_exact_name",
          "coordinates": [
            -46.66916667,
            -23.6336111099999
          ]
        },
        "capacity_eligible": false,
        "selection_reasons": [
          "fewer_than_three_distinct_physical_edges",
          "terminal_gateway_only"
        ],
        "selection_rule": "uam_degree_at_least_3_and_reh_reference_within_500m_and_nonterminal_use",
        "source": {
          "file": "scenario_horizontal_3000ft_expanded_displaced.csv",
          "sha256": "22a7773a304d67de1faf665f6ab0dca4aa2634df0feb120361ec443d39310ff1"
        }
      },
      "geometry": {
        "type": "Point",
        "coordinates": [
          -46.669733867925274,
          -23.63665850041658
        ]
      }
    }
  ]
}