{
  "type": "FeatureCollection",
  "properties": {
    "mac_timestamp_available": false
  },
  "features": [
    {
      "type": "Feature",
      "properties": {
        "simt": 676.0,
        "start_simt": 676.0,
        "end_simt": 681.0,
        "duration_s": 6.0,
        "id_a": "HP100_0002",
        "id_b": "HP100_0003",
        "dist_h_m": 441.86171886170996,
        "dist_v_m": 0.0,
        "horizontal_ratio": 0.8837234377234199,
        "vertical_ratio": 0.0,
        "vehicle_type_a": "helicoptero",
        "vehicle_type_b": "helicoptero",
        "vehicle_pair": "helicoptero - helicoptero",
        "severity_ratio": 0.0,
        "is_nmac": true,
        "is_mac": false,
        "event_class": "nmac"
      },
      "geometry": {
        "type": "Point",
        "coordinates": [
          -46.639634105,
          -23.53208622,
          914.4
        ]
      }
    },
    {
      "type": "Feature",
      "properties": {
        "simt": 6738.0,
        "start_simt": 6738.0,
        "end_simt": 6839.0,
        "duration_s": 102.0,
        "id_a": "HP100_0010",
        "id_b": "HP100_0011",
        "dist_h_m": 484.19373958352844,
        "dist_v_m": 0.0,
        "horizontal_ratio": 0.9683874791670569,
        "vertical_ratio": 0.0,
        "vehicle_type_a": "helicoptero",
        "vehicle_type_b": "helicoptero",
        "vehicle_pair": "helicoptero - helicoptero",
        "severity_ratio": 0.0,
        "is_nmac": true,
        "is_mac": false,
        "event_class": "nmac"
      },
      "geometry": {
        "type": "Point",
        "coordinates": [
          -46.643298215,
          -23.529110515,
          914.4
        ]
      }
    },
    {
      "type": "Feature",
      "properties": {
        "simt": 27289.0,
        "start_simt": 27289.0,
        "end_simt": 27544.0,
        "duration_s": 256.0,
        "id_a": "HP100_0022",
        "id_b": "HP100_0023",
        "dist_h_m": 0.0,
        "dist_v_m": 0.0,
        "horizontal_ratio": 0.0,
        "vertical_ratio": 0.0,
        "vehicle_type_a": "helicoptero",
        "vehicle_type_b": "helicoptero",
        "vehicle_pair": "helicoptero - helicoptero",
        "severity_ratio": 0.0,
        "is_nmac": true,
        "is_mac": false,
        "event_class": "nmac"
      },
      "geometry": {
        "type": "Point",
        "coordinates": [
          -46.655833,
          -23.564167,
          904.9512
        ]
      }
    },
    {
      "type": "Feature",
      "properties": {
        "simt": 33891.0,
        "start_simt": 33891.0,
        "end_simt": 33896.0,
        "duration_s": 6.0,
        "id_a": "HP100_0027",
        "id_b": "HP100_0028",
        "dist_h_m": 423.5926341160703,
        "dist_v_m": 8.309073000000012,
        "horizontal_ratio": 0.8471852682321406,
        "vertical_ratio": 0.060579418197725374,
        "vehicle_type_a": "helicoptero",
        "vehicle_type_b": "helicoptero",
        "vehicle_pair": "helicoptero - helicoptero",
        "severity_ratio": 0.060579418197725374,
        "is_nmac": false,
        "is_mac": false,
        "event_class": "lowc"
      },
      "geometry": {
        "type": "Point",
        "coordinates": [
          -46.472926314999995,
          -23.43745701,
          754.2673365
        ]
      }
    },
    {
      "type": "Feature",
      "properties": {
        "simt": 38053.0,
        "start_simt": 38053.0,
        "end_simt": 38057.0,
        "duration_s": 5.0,
        "id_a": "EC1_0069",
        "id_b": "HP100_0038",
        "dist_h_m": 496.1185708367855,
        "dist_v_m": 31.03936800000008,
        "horizontal_ratio": 0.992237141673571,
        "vertical_ratio": 0.22630043744531994,
        "vehicle_type_a": "eVTOL",
        "vehicle_type_b": "helicoptero",
        "vehicle_pair": "eVTOL - helicoptero",
        "severity_ratio": 0.22630043744531994,
        "is_nmac": false,
        "is_mac": false,
        "event_class": "lowc"
      },
      "geometry": {
        "type": "Point",
        "coordinates": [
          -46.691193885000004,
          -23.587904545,
          873.531684
        ]
      }
    },
    {
      "type": "Feature",
      "properties": {
        "simt": 38066.0,
        "start_simt": 38051.0,
        "end_simt": 38066.0,
        "duration_s": 16.0,
        "id_a": "HP100_0037",
        "id_b": "HP100_0038",
        "dist_h_m": 497.8666226891706,
        "dist_v_m": 0.23016900000004625,
        "horizontal_ratio": 0.9957332453783412,
        "vertical_ratio": 0.0016781058617676163,
        "vehicle_type_a": "helicoptero",
        "vehicle_type_b": "helicoptero",
        "vehicle_pair": "helicoptero - helicoptero",
        "severity_ratio": 0.0016781058617676163,
        "is_nmac": false,
        "is_mac": false,
        "event_class": "lowc"
      },
      "geometry": {
        "type": "Point",
        "coordinates": [
          -46.69375472,
          -23.587988895000002,
          879.0713125
        ]
      }
    },
    {
      "type": "Feature",
      "properties": {
        "simt": 38092.0,
        "start_simt": 38092.0,
        "end_simt": 38222.0,
        "duration_s": 131.0,
        "id_a": "EC1_0069",
        "id_b": "HP100_0037",
        "dist_h_m": 498.508085772212,
        "dist_v_m": 0.0,
        "horizontal_ratio": 0.997016171544424,
        "vertical_ratio": 0.0,
        "vehicle_type_a": "eVTOL",
        "vehicle_type_b": "helicoptero",
        "vehicle_pair": "eVTOL - helicoptero",
        "severity_ratio": 0.0,
        "is_nmac": false,
        "is_mac": false,
        "event_class": "lowc"
      },
      "geometry": {
        "type": "Point",
        "coordinates": [
          -46.699049290000005,
          -23.572799775,
          914.4
        ]
      }
    },
    {
      "type": "Feature",
      "properties": {
        "simt": 38365.0,
        "start_simt": 38365.0,
        "end_simt": 38370.0,
        "duration_s": 6.0,
        "id_a": "HP100_0039",
        "id_b": "HP100_0040",
        "dist_h_m": 394.9167916235788,
        "dist_v_m": 0.0,
        "horizontal_ratio": 0.7898335832471576,
        "vertical_ratio": 0.0,
        "vehicle_type_a": "helicoptero",
        "vehicle_type_b": "helicoptero",
        "vehicle_pair": "helicoptero - helicoptero",
        "severity_ratio": 0.0,
        "is_nmac": false,
        "is_mac": false,
        "event_class": "lowc"
      },
      "geometry": {
        "type": "Point",
        "coordinates": [
          -46.57654865,
          -23.538251625,
          914.4
        ]
      }
    },
    {
      "type": "Feature",
      "properties": {
        "simt": 40628.0,
        "start_simt": 40628.0,
        "end_simt": 40635.0,
        "duration_s": 8.0,
        "id_a": "HP100_0044",
        "id_b": "HP100_0045",
        "dist_h_m": 492.03281014522133,
        "dist_v_m": 0.0,
        "horizontal_ratio": 0.9840656202904426,
        "vertical_ratio": 0.0,
        "vehicle_type_a": "helicoptero",
        "vehicle_type_b": "helicoptero",
        "vehicle_pair": "helicoptero - helicoptero",
        "severity_ratio": 0.0,
        "is_nmac": true,
        "is_mac": false,
        "event_class": "nmac"
      },
      "geometry": {
        "type": "Point",
        "coordinates": [
          -46.501421645,
          -23.491888675,
          914.4
        ]
      }
    },
    {
      "type": "Feature",
      "properties": {
        "simt": 41013.0,
        "start_simt": 41013.0,
        "end_simt": 41015.0,
        "duration_s": 3.0,
        "id_a": "HP100_0046",
        "id_b": "HP100_0049",
        "dist_h_m": 431.1914919498649,
        "dist_v_m": 0.0,
        "horizontal_ratio": 0.8623829838997298,
        "vertical_ratio": 0.0,
        "vehicle_type_a": "helicoptero",
        "vehicle_type_b": "helicoptero",
        "vehicle_pair": "helicoptero - helicoptero",
        "severity_ratio": 0.0,
        "is_nmac": false,
        "is_mac": false,
        "event_class": "lowc"
      },
      "geometry": {
        "type": "Point",
        "coordinates": [
          -46.62840861,
          -23.539595045,
          914.4
        ]
      }
    },
    {
      "type": "Feature",
      "properties": {
        "simt": 43103.0,
        "start_simt": 43103.0,
        "end_simt": 43107.0,
        "duration_s": 5.0,
        "id_a": "HP100_0053",
        "id_b": "HP100_0055",
        "dist_h_m": 432.71425272073213,
        "dist_v_m": 0.0,
        "horizontal_ratio": 0.8654285054414642,
        "vertical_ratio": 0.0,
        "vehicle_type_a": "helicoptero",
        "vehicle_type_b": "helicoptero",
        "vehicle_pair": "helicoptero - helicoptero",
        "severity_ratio": 0.0,
        "is_nmac": false,
        "is_mac": false,
        "event_class": "lowc"
      },
      "geometry": {
        "type": "Point",
        "coordinates": [
          -46.676617005,
          -23.52371129,
          914.4
        ]
      }
    },
    {
      "type": "Feature",
      "properties": {
        "simt": 43393.0,
        "start_simt": 43393.0,
        "end_simt": 43399.0,
        "duration_s": 7.0,
        "id_a": "HP100_0054",
        "id_b": "HP100_0057",
        "dist_h_m": 431.0148368375543,
        "dist_v_m": 0.0,
        "horizontal_ratio": 0.8620296736751086,
        "vertical_ratio": 0.0,
        "vehicle_type_a": "helicoptero",
        "vehicle_type_b": "helicoptero",
        "vehicle_pair": "helicoptero - helicoptero",
        "severity_ratio": 0.0,
        "is_nmac": true,
        "is_mac": false,
        "event_class": "nmac"
      },
      "geometry": {
        "type": "Point",
        "coordinates": [
          -46.736761564999995,
          -23.516157145,
          914.4
        ]
      }
    },
    {
      "type": "Feature",
      "properties": {
        "simt": 43726.0,
        "start_simt": 43726.0,
        "end_simt": 43730.0,
        "duration_s": 5.0,
        "id_a": "HP100_0058",
        "id_b": "HP100_0061",
        "dist_h_m": 427.7351111820169,
        "dist_v_m": 0.0,
        "horizontal_ratio": 0.8554702223640338,
        "vertical_ratio": 0.0,
        "vehicle_type_a": "helicoptero",
        "vehicle_type_b": "helicoptero",
        "vehicle_pair": "helicoptero - helicoptero",
        "severity_ratio": 0.0,
        "is_nmac": false,
        "is_mac": false,
        "event_class": "lowc"
      },
      "geometry": {
        "type": "Point",
        "coordinates": [
          -46.6838857,
          -23.522458805,
          914.4
        ]
      }
    },
    {
      "type": "Feature",
      "properties": {
        "simt": 44102.0,
        "start_simt": 44102.0,
        "end_simt": 44107.0,
        "duration_s": 6.0,
        "id_a": "EC1_0165",
        "id_b": "HP100_0062",
        "dist_h_m": 449.21757863319334,
        "dist_v_m": 0.0,
        "horizontal_ratio": 0.8984351572663867,
        "vertical_ratio": 0.0,
        "vehicle_type_a": "eVTOL",
        "vehicle_type_b": "helicoptero",
        "vehicle_pair": "eVTOL - helicoptero",
        "severity_ratio": 0.0,
        "is_nmac": false,
        "is_mac": false,
        "event_class": "lowc"
      },
      "geometry": {
        "type": "Point",
        "coordinates": [
          -46.700592709999995,
          -23.519349215,
          914.4
        ]
      }
    },
    {
      "type": "Feature",
      "properties": {
        "simt": 44479.0,
        "start_simt": 44479.0,
        "end_simt": 44484.0,
        "duration_s": 6.0,
        "id_a": "EC1_0071",
        "id_b": "HP100_0063",
        "dist_h_m": 406.5987478446747,
        "dist_v_m": 0.0,
        "horizontal_ratio": 0.8131974956893494,
        "vertical_ratio": 0.0,
        "vehicle_type_a": "eVTOL",
        "vehicle_type_b": "helicoptero",
        "vehicle_pair": "eVTOL - helicoptero",
        "severity_ratio": 0.0,
        "is_nmac": false,
        "is_mac": false,
        "event_class": "lowc"
      },
      "geometry": {
        "type": "Point",
        "coordinates": [
          -46.708299839999995,
          -23.5169919,
          914.4
        ]
      }
    },
    {
      "type": "Feature",
      "properties": {
        "simt": 45074.0,
        "start_simt": 45074.0,
        "end_simt": 45081.0,
        "duration_s": 8.0,
        "id_a": "EC1_0005",
        "id_b": "EC1_0062",
        "dist_h_m": 476.89774930062015,
        "dist_v_m": 0.0,
        "horizontal_ratio": 0.9537954986012402,
        "vertical_ratio": 0.0,
        "vehicle_type_a": "eVTOL",
        "vehicle_type_b": "eVTOL",
        "vehicle_pair": "eVTOL - eVTOL",
        "severity_ratio": 0.0,
        "is_nmac": true,
        "is_mac": false,
        "event_class": "nmac"
      },
      "geometry": {
        "type": "Point",
        "coordinates": [
          -46.69867811,
          -23.574455710000002,
          914.4
        ]
      }
    },
    {
      "type": "Feature",
      "properties": {
        "simt": 45140.0,
        "start_simt": 45140.0,
        "end_simt": 45146.0,
        "duration_s": 7.0,
        "id_a": "EC1_0062",
        "id_b": "HP100_0064",
        "dist_h_m": 499.69674250948924,
        "dist_v_m": 0.0,
        "horizontal_ratio": 0.9993934850189785,
        "vertical_ratio": 0.0,
        "vehicle_type_a": "eVTOL",
        "vehicle_type_b": "helicoptero",
        "vehicle_pair": "eVTOL - helicoptero",
        "severity_ratio": 0.0,
        "is_nmac": true,
        "is_mac": false,
        "event_class": "nmac"
      },
      "geometry": {
        "type": "Point",
        "coordinates": [
          -46.730084305,
          -23.548171945,
          914.4
        ]
      }
    },
    {
      "type": "Feature",
      "properties": {
        "simt": 46546.0,
        "start_simt": 46546.0,
        "end_simt": 46554.0,
        "duration_s": 9.0,
        "id_a": "HP100_0071",
        "id_b": "HP100_0072",
        "dist_h_m": 459.4248795551294,
        "dist_v_m": 6.844146000000023,
        "horizontal_ratio": 0.9188497591102588,
        "vertical_ratio": 0.0498989938757657,
        "vehicle_type_a": "helicoptero",
        "vehicle_type_b": "helicoptero",
        "vehicle_pair": "helicoptero - helicoptero",
        "severity_ratio": 0.0498989938757657,
        "is_nmac": true,
        "is_mac": false,
        "event_class": "nmac"
      },
      "geometry": {
        "type": "Point",
        "coordinates": [
          -46.634648455000004,
          -23.513281805,
          726.4076729999999
        ]
      }
    },
    {
      "type": "Feature",
      "properties": {
        "simt": 46753.0,
        "start_simt": 46753.0,
        "end_simt": 46758.0,
        "duration_s": 6.0,
        "id_a": "HP100_0072",
        "id_b": "HP100_0073",
        "dist_h_m": 404.36995504238877,
        "dist_v_m": 0.0,
        "horizontal_ratio": 0.8087399100847775,
        "vertical_ratio": 0.0,
        "vehicle_type_a": "helicoptero",
        "vehicle_type_b": "helicoptero",
        "vehicle_pair": "helicoptero - helicoptero",
        "severity_ratio": 0.0,
        "is_nmac": false,
        "is_mac": false,
        "event_class": "lowc"
      },
      "geometry": {
        "type": "Point",
        "coordinates": [
          -46.741997635000004,
          -23.518341595,
          914.4
        ]
      }
    },
    {
      "type": "Feature",
      "properties": {
        "simt": 46920.0,
        "start_simt": 46919.0,
        "end_simt": 46927.0,
        "duration_s": 9.0,
        "id_a": "HP100_0072",
        "id_b": "HP100_0075",
        "dist_h_m": 403.39350361235677,
        "dist_v_m": 2.37987099999998,
        "horizontal_ratio": 0.8067870072247135,
        "vertical_ratio": 0.017351057159521583,
        "vehicle_type_a": "helicoptero",
        "vehicle_type_b": "helicoptero",
        "vehicle_pair": "helicoptero - helicoptero",
        "severity_ratio": 0.017351057159521583,
        "is_nmac": false,
        "is_mac": false,
        "event_class": "lowc"
      },
      "geometry": {
        "type": "Point",
        "coordinates": [
          -46.69097891,
          -23.585165125,
          879.2011775000001
        ]
      }
    },
    {
      "type": "Feature",
      "properties": {
        "simt": 46953.0,
        "start_simt": 46953.0,
        "end_simt": 46957.0,
        "duration_s": 5.0,
        "id_a": "HP100_0075",
        "id_b": "HP100_0076",
        "dist_h_m": 455.1693720058376,
        "dist_v_m": 0.0,
        "horizontal_ratio": 0.9103387440116752,
        "vertical_ratio": 0.0,
        "vehicle_type_a": "helicoptero",
        "vehicle_type_b": "helicoptero",
        "vehicle_pair": "helicoptero - helicoptero",
        "severity_ratio": 0.0,
        "is_nmac": false,
        "is_mac": false,
        "event_class": "lowc"
      },
      "geometry": {
        "type": "Point",
        "coordinates": [
          -46.697317475000006,
          -23.60035371,
          914.4
        ]
      }
    },
    {
      "type": "Feature",
      "properties": {
        "simt": 47118.0,
        "start_simt": 47118.0,
        "end_simt": 47131.0,
        "duration_s": 14.0,
        "id_a": "HP100_0074",
        "id_b": "HP100_0077",
        "dist_h_m": 481.1326564425566,
        "dist_v_m": 0.0,
        "horizontal_ratio": 0.9622653128851132,
        "vertical_ratio": 0.0,
        "vehicle_type_a": "helicoptero",
        "vehicle_type_b": "helicoptero",
        "vehicle_pair": "helicoptero - helicoptero",
        "severity_ratio": 0.0,
        "is_nmac": true,
        "is_mac": false,
        "event_class": "nmac"
      },
      "geometry": {
        "type": "Point",
        "coordinates": [
          -46.730504815,
          -23.51044811,
          914.4
        ]
      }
    },
    {
      "type": "Feature",
      "properties": {
        "simt": 47158.0,
        "start_simt": 47158.0,
        "end_simt": 47217.0,
        "duration_s": 60.0,
        "id_a": "HP100_0074",
        "id_b": "HP100_0077",
        "dist_h_m": 486.2069484322211,
        "dist_v_m": 0.0,
        "horizontal_ratio": 0.9724138968644422,
        "vertical_ratio": 0.0,
        "vehicle_type_a": "helicoptero",
        "vehicle_type_b": "helicoptero",
        "vehicle_pair": "helicoptero - helicoptero",
        "severity_ratio": 0.0,
        "is_nmac": true,
        "is_mac": false,
        "event_class": "nmac"
      },
      "geometry": {
        "type": "Point",
        "coordinates": [
          -46.75364158,
          -23.498535755,
          914.4
        ]
      }
    },
    {
      "type": "Feature",
      "properties": {
        "simt": 47295.0,
        "start_simt": 47290.0,
        "end_simt": 47300.0,
        "duration_s": 11.0,
        "id_a": "HP100_0078",
        "id_b": "HP100_0080",
        "dist_h_m": 44.805192345926706,
        "dist_v_m": 66.91702499999997,
        "horizontal_ratio": 0.08961038469185341,
        "vertical_ratio": 0.4878756561679788,
        "vehicle_type_a": "helicoptero",
        "vehicle_type_b": "helicoptero",
        "vehicle_pair": "helicoptero - helicoptero",
        "severity_ratio": 0.08961038469185341,
        "is_nmac": false,
        "is_mac": false,
        "event_class": "lowc"
      },
      "geometry": {
        "type": "Point",
        "coordinates": [
          -46.639047585,
          -23.517445725,
          756.4441125
        ]
      }
    },
    {
      "type": "Feature",
      "properties": {
        "simt": 47323.0,
        "start_simt": 47323.0,
        "end_simt": 47330.0,
        "duration_s": 8.0,
        "id_a": "HP100_0078",
        "id_b": "HP100_0081",
        "dist_h_m": 103.43639786454463,
        "dist_v_m": 0.0,
        "horizontal_ratio": 0.20687279572908926,
        "vertical_ratio": 0.0,
        "vehicle_type_a": "helicoptero",
        "vehicle_type_b": "helicoptero",
        "vehicle_pair": "helicoptero - helicoptero",
        "severity_ratio": 0.0,
        "is_nmac": true,
        "is_mac": false,
        "event_class": "nmac"
      },
      "geometry": {
        "type": "Point",
        "coordinates": [
          -46.633285674999996,
          -23.509384325,
          722.9856
        ]
      }
    },
    {
      "type": "Feature",
      "properties": {
        "simt": 47491.0,
        "start_simt": 47488.0,
        "end_simt": 47493.0,
        "duration_s": 6.0,
        "id_a": "EC1_0063",
        "id_b": "HP100_0080",
        "dist_h_m": 198.08221204035476,
        "dist_v_m": 92.97595100000001,
        "horizontal_ratio": 0.3961644240807095,
        "vertical_ratio": 0.6778649095946341,
        "vehicle_type_a": "eVTOL",
        "vehicle_type_b": "helicoptero",
        "vehicle_pair": "eVTOL - helicoptero",
        "severity_ratio": 0.3961644240807095,
        "is_nmac": false,
        "is_mac": false,
        "event_class": "lowc"
      },
      "geometry": {
        "type": "Point",
        "coordinates": [
          -46.74140401,
          -23.540063775,
          867.9120244999999
        ]
      }
    },
    {
      "type": "Feature",
      "properties": {
        "simt": 49460.0,
        "start_simt": 49460.0,
        "end_simt": 49465.0,
        "duration_s": 6.0,
        "id_a": "EC1_0006",
        "id_b": "EC1_0134",
        "dist_h_m": 434.2835528243523,
        "dist_v_m": 0.0,
        "horizontal_ratio": 0.8685671056487045,
        "vertical_ratio": 0.0,
        "vehicle_type_a": "eVTOL",
        "vehicle_type_b": "eVTOL",
        "vehicle_pair": "eVTOL - eVTOL",
        "severity_ratio": 0.0,
        "is_nmac": false,
        "is_mac": false,
        "event_class": "lowc"
      },
      "geometry": {
        "type": "Point",
        "coordinates": [
          -46.800862644999995,
          -23.513504765,
          914.4
        ]
      }
    },
    {
      "type": "Feature",
      "properties": {
        "simt": 49552.0,
        "start_simt": 49552.0,
        "end_simt": 49832.0,
        "duration_s": 281.0,
        "id_a": "EC1_0072",
        "id_b": "EC1_0095",
        "dist_h_m": 79.35803743181775,
        "dist_v_m": 0.0,
        "horizontal_ratio": 0.1587160748636355,
        "vertical_ratio": 0.0,
        "vehicle_type_a": "eVTOL",
        "vehicle_type_b": "eVTOL",
        "vehicle_pair": "eVTOL - eVTOL",
        "severity_ratio": 0.0,
        "is_nmac": true,
        "is_mac": false,
        "event_class": "nmac"
      },
      "geometry": {
        "type": "Point",
        "coordinates": [
          -46.685825394999995,
          -23.590853345,
          818.0832
        ]
      }
    },
    {
      "type": "Feature",
      "properties": {
        "simt": 49559.0,
        "start_simt": 49559.0,
        "end_simt": 49587.0,
        "duration_s": 29.0,
        "id_a": "EC1_0072",
        "id_b": "HP100_0088",
        "dist_h_m": 498.1762673302087,
        "dist_v_m": 20.808888000000024,
        "horizontal_ratio": 0.9963525346604174,
        "vertical_ratio": 0.15171251093613317,
        "vehicle_type_a": "eVTOL",
        "vehicle_type_b": "helicoptero",
        "vehicle_pair": "eVTOL - helicoptero",
        "severity_ratio": 0.15171251093613317,
        "is_nmac": false,
        "is_mac": false,
        "event_class": "lowc"
      },
      "geometry": {
        "type": "Point",
        "coordinates": [
          -46.68458252,
          -23.590675065,
          811.418844
        ]
      }
    },
    {
      "type": "Feature",
      "properties": {
        "simt": 49619.0,
        "start_simt": 49619.0,
        "end_simt": 49626.0,
        "duration_s": 8.0,
        "id_a": "EC1_0006",
        "id_b": "EC1_0095",
        "dist_h_m": 494.280934273957,
        "dist_v_m": 0.0,
        "horizontal_ratio": 0.988561868547914,
        "vertical_ratio": 0.0,
        "vehicle_type_a": "eVTOL",
        "vehicle_type_b": "eVTOL",
        "vehicle_pair": "eVTOL - eVTOL",
        "severity_ratio": 0.0,
        "is_nmac": true,
        "is_mac": false,
        "event_class": "nmac"
      },
      "geometry": {
        "type": "Point",
        "coordinates": [
          -46.703212475,
          -23.56679693,
          914.4
        ]
      }
    },
    {
      "type": "Feature",
      "properties": {
        "simt": 49621.0,
        "start_simt": 49621.0,
        "end_simt": 49627.0,
        "duration_s": 7.0,
        "id_a": "EC1_0006",
        "id_b": "EC1_0072",
        "dist_h_m": 406.7391831870716,
        "dist_v_m": 0.0,
        "horizontal_ratio": 0.8134783663741432,
        "vertical_ratio": 0.0,
        "vehicle_type_a": "eVTOL",
        "vehicle_type_b": "eVTOL",
        "vehicle_pair": "eVTOL - eVTOL",
        "severity_ratio": 0.0,
        "is_nmac": true,
        "is_mac": false,
        "event_class": "nmac"
      },
      "geometry": {
        "type": "Point",
        "coordinates": [
          -46.702718345,
          -23.567630905,
          914.4
        ]
      }
    },
    {
      "type": "Feature",
      "properties": {
        "simt": 49751.0,
        "start_simt": 49751.0,
        "end_simt": 49756.0,
        "duration_s": 6.0,
        "id_a": "EC1_0037",
        "id_b": "EC1_0095",
        "dist_h_m": 482.8687853291038,
        "dist_v_m": 0.0,
        "horizontal_ratio": 0.9657375706582075,
        "vertical_ratio": 0.0,
        "vehicle_type_a": "eVTOL",
        "vehicle_type_b": "eVTOL",
        "vehicle_pair": "eVTOL - eVTOL",
        "severity_ratio": 0.0,
        "is_nmac": false,
        "is_mac": false,
        "event_class": "lowc"
      },
      "geometry": {
        "type": "Point",
        "coordinates": [
          -46.72349222,
          -23.51499099,
          914.4
        ]
      }
    },
    {
      "type": "Feature",
      "properties": {
        "simt": 49753.0,
        "start_simt": 49753.0,
        "end_simt": 49757.0,
        "duration_s": 5.0,
        "id_a": "EC1_0037",
        "id_b": "EC1_0072",
        "dist_h_m": 426.99780077190155,
        "dist_v_m": 0.0,
        "horizontal_ratio": 0.853995601543803,
        "vertical_ratio": 0.0,
        "vehicle_type_a": "eVTOL",
        "vehicle_type_b": "eVTOL",
        "vehicle_pair": "eVTOL - eVTOL",
        "severity_ratio": 0.0,
        "is_nmac": false,
        "is_mac": false,
        "event_class": "lowc"
      },
      "geometry": {
        "type": "Point",
        "coordinates": [
          -46.724589710000004,
          -23.51486197,
          914.4
        ]
      }
    },
    {
      "type": "Feature",
      "properties": {
        "simt": 49873.0,
        "start_simt": 49873.0,
        "end_simt": 49879.0,
        "duration_s": 7.0,
        "id_a": "EC1_0037",
        "id_b": "HP100_0089",
        "dist_h_m": 370.82899223880275,
        "dist_v_m": 0.0,
        "horizontal_ratio": 0.7416579844776056,
        "vertical_ratio": 0.0,
        "vehicle_type_a": "eVTOL",
        "vehicle_type_b": "helicoptero",
        "vehicle_pair": "eVTOL - helicoptero",
        "severity_ratio": 0.0,
        "is_nmac": true,
        "is_mac": false,
        "event_class": "nmac"
      },
      "geometry": {
        "type": "Point",
        "coordinates": [
          -46.70849177,
          -23.56021872,
          914.4
        ]
      }
    },
    {
      "type": "Feature",
      "properties": {
        "simt": 50011.0,
        "start_simt": 50011.0,
        "end_simt": 50016.0,
        "duration_s": 6.0,
        "id_a": "EC1_0095",
        "id_b": "HP100_0090",
        "dist_h_m": 488.8097212883679,
        "dist_v_m": 0.0,
        "horizontal_ratio": 0.9776194425767357,
        "vertical_ratio": 0.0,
        "vehicle_type_a": "eVTOL",
        "vehicle_type_b": "helicoptero",
        "vehicle_pair": "eVTOL - helicoptero",
        "severity_ratio": 0.0,
        "is_nmac": false,
        "is_mac": false,
        "event_class": "lowc"
      },
      "geometry": {
        "type": "Point",
        "coordinates": [
          -46.551509505,
          -23.514067805,
          914.4
        ]
      }
    },
    {
      "type": "Feature",
      "properties": {
        "simt": 50182.0,
        "start_simt": 50175.0,
        "end_simt": 50183.0,
        "duration_s": 9.0,
        "id_a": "EC1_0095",
        "id_b": "HP100_0091",
        "dist_h_m": 324.98436033160027,
        "dist_v_m": 2.4791979999999967,
        "horizontal_ratio": 0.6499687206632005,
        "vertical_ratio": 0.018075226013414967,
        "vehicle_type_a": "eVTOL",
        "vehicle_type_b": "helicoptero",
        "vehicle_pair": "eVTOL - helicoptero",
        "severity_ratio": 0.018075226013414967,
        "is_nmac": true,
        "is_mac": false,
        "event_class": "nmac"
      },
      "geometry": {
        "type": "Point",
        "coordinates": [
          -46.471707265,
          -23.45086287,
          831.536333
        ]
      }
    },
    {
      "type": "Feature",
      "properties": {
        "simt": 50655.0,
        "start_simt": 50655.0,
        "end_simt": 50659.0,
        "duration_s": 5.0,
        "id_a": "EC1_0166",
        "id_b": "HP100_0092",
        "dist_h_m": 401.099965939291,
        "dist_v_m": 0.0,
        "horizontal_ratio": 0.802199931878582,
        "vertical_ratio": 0.0,
        "vehicle_type_a": "eVTOL",
        "vehicle_type_b": "helicoptero",
        "vehicle_pair": "eVTOL - helicoptero",
        "severity_ratio": 0.0,
        "is_nmac": false,
        "is_mac": false,
        "event_class": "lowc"
      },
      "geometry": {
        "type": "Point",
        "coordinates": [
          -46.707884465,
          -23.517103045,
          914.4
        ]
      }
    },
    {
      "type": "Feature",
      "properties": {
        "simt": 50687.0,
        "start_simt": 50687.0,
        "end_simt": 50691.0,
        "duration_s": 5.0,
        "id_a": "EC1_0166",
        "id_b": "HP100_0093",
        "dist_h_m": 390.84202519824885,
        "dist_v_m": 0.0,
        "horizontal_ratio": 0.7816840503964977,
        "vertical_ratio": 0.0,
        "vehicle_type_a": "eVTOL",
        "vehicle_type_b": "helicoptero",
        "vehicle_pair": "eVTOL - helicoptero",
        "severity_ratio": 0.0,
        "is_nmac": false,
        "is_mac": false,
        "event_class": "lowc"
      },
      "geometry": {
        "type": "Point",
        "coordinates": [
          -46.68534624,
          -23.522283835000003,
          914.4
        ]
      }
    },
    {
      "type": "Feature",
      "properties": {
        "simt": 50699.0,
        "start_simt": 50699.0,
        "end_simt": 50704.0,
        "duration_s": 6.0,
        "id_a": "EC1_0166",
        "id_b": "HP100_0091",
        "dist_h_m": 464.42935248647996,
        "dist_v_m": 0.0,
        "horizontal_ratio": 0.9288587049729599,
        "vertical_ratio": 0.0,
        "vehicle_type_a": "eVTOL",
        "vehicle_type_b": "helicoptero",
        "vehicle_pair": "eVTOL - helicoptero",
        "severity_ratio": 0.0,
        "is_nmac": false,
        "is_mac": false,
        "event_class": "lowc"
      },
      "geometry": {
        "type": "Point",
        "coordinates": [
          -46.67601927,
          -23.523890705,
          914.4
        ]
      }
    },
    {
      "type": "Feature",
      "properties": {
        "simt": 51064.0,
        "start_simt": 51058.0,
        "end_simt": 51064.0,
        "duration_s": 7.0,
        "id_a": "EC1_0166",
        "id_b": "HP100_0094",
        "dist_h_m": 444.6565412384305,
        "dist_v_m": 7.570793999999978,
        "horizontal_ratio": 0.889313082476861,
        "vertical_ratio": 0.05519680664916869,
        "vehicle_type_a": "eVTOL",
        "vehicle_type_b": "helicoptero",
        "vehicle_pair": "eVTOL - helicoptero",
        "severity_ratio": 0.05519680664916869,
        "is_nmac": true,
        "is_mac": false,
        "event_class": "nmac"
      },
      "geometry": {
        "type": "Point",
        "coordinates": [
          -46.47164271,
          -23.451670565,
          827.996849
        ]
      }
    },
    {
      "type": "Feature",
      "properties": {
        "simt": 53753.0,
        "start_simt": 53753.0,
        "end_simt": 53759.0,
        "duration_s": 7.0,
        "id_a": "HP100_0105",
        "id_b": "HP100_0106",
        "dist_h_m": 429.3640459416782,
        "dist_v_m": 0.0,
        "horizontal_ratio": 0.8587280918833564,
        "vertical_ratio": 0.0,
        "vehicle_type_a": "helicoptero",
        "vehicle_type_b": "helicoptero",
        "vehicle_pair": "helicoptero - helicoptero",
        "severity_ratio": 0.0,
        "is_nmac": false,
        "is_mac": false,
        "event_class": "lowc"
      },
      "geometry": {
        "type": "Point",
        "coordinates": [
          -46.616043360000006,
          -23.543254775,
          914.4
        ]
      }
    },
    {
      "type": "Feature",
      "properties": {
        "simt": 53956.0,
        "start_simt": 53951.0,
        "end_simt": 53958.0,
        "duration_s": 8.0,
        "id_a": "EC1_0038",
        "id_b": "HP100_0109",
        "dist_h_m": 222.96189859931167,
        "dist_v_m": 3.8205239999999776,
        "horizontal_ratio": 0.44592379719862335,
        "vertical_ratio": 0.02785450568678899,
        "vehicle_type_a": "eVTOL",
        "vehicle_type_b": "helicoptero",
        "vehicle_pair": "eVTOL - helicoptero",
        "severity_ratio": 0.02785450568678899,
        "is_nmac": true,
        "is_mac": false,
        "event_class": "nmac"
      },
      "geometry": {
        "type": "Point",
        "coordinates": [
          -46.69055581,
          -23.586623775,
          883.597842
        ]
      }
    },
    {
      "type": "Feature",
      "properties": {
        "simt": 54185.0,
        "start_simt": 54185.0,
        "end_simt": 54190.0,
        "duration_s": 6.0,
        "id_a": "HP100_0109",
        "id_b": "HP100_0110",
        "dist_h_m": 384.2374060374145,
        "dist_v_m": 0.0,
        "horizontal_ratio": 0.7684748120748289,
        "vertical_ratio": 0.0,
        "vehicle_type_a": "helicoptero",
        "vehicle_type_b": "helicoptero",
        "vehicle_pair": "helicoptero - helicoptero",
        "severity_ratio": 0.0,
        "is_nmac": false,
        "is_mac": false,
        "event_class": "lowc"
      },
      "geometry": {
        "type": "Point",
        "coordinates": [
          -46.675121685,
          -23.524064510000002,
          914.4
        ]
      }
    },
    {
      "type": "Feature",
      "properties": {
        "simt": 55088.0,
        "start_simt": 55082.0,
        "end_simt": 55092.0,
        "duration_s": 11.0,
        "id_a": "HP100_0115",
        "id_b": "HP100_0117",
        "dist_h_m": 168.53039080804334,
        "dist_v_m": 71.58245299999999,
        "horizontal_ratio": 0.33706078161608666,
        "vertical_ratio": 0.5218901501895595,
        "vehicle_type_a": "helicoptero",
        "vehicle_type_b": "helicoptero",
        "vehicle_pair": "helicoptero - helicoptero",
        "severity_ratio": 0.33706078161608666,
        "is_nmac": false,
        "is_mac": false,
        "event_class": "lowc"
      },
      "geometry": {
        "type": "Point",
        "coordinates": [
          -46.691541815,
          -23.58902857,
          878.6087735
        ]
      }
    },
    {
      "type": "Feature",
      "properties": {
        "simt": 59251.0,
        "start_simt": 59251.0,
        "end_simt": 59257.0,
        "duration_s": 7.0,
        "id_a": "HP100_0130",
        "id_b": "HP100_0131",
        "dist_h_m": 418.0184779044135,
        "dist_v_m": 0.0,
        "horizontal_ratio": 0.836036955808827,
        "vertical_ratio": 0.0,
        "vehicle_type_a": "helicoptero",
        "vehicle_type_b": "helicoptero",
        "vehicle_pair": "helicoptero - helicoptero",
        "severity_ratio": 0.0,
        "is_nmac": false,
        "is_mac": false,
        "event_class": "lowc"
      },
      "geometry": {
        "type": "Point",
        "coordinates": [
          -46.48947998,
          -23.486545545,
          914.4
        ]
      }
    },
    {
      "type": "Feature",
      "properties": {
        "simt": 63530.0,
        "start_simt": 63530.0,
        "end_simt": 63536.0,
        "duration_s": 7.0,
        "id_a": "HP100_0148",
        "id_b": "HP100_0149",
        "dist_h_m": 486.03340317192755,
        "dist_v_m": 0.0,
        "horizontal_ratio": 0.9720668063438551,
        "vertical_ratio": 0.0,
        "vehicle_type_a": "helicoptero",
        "vehicle_type_b": "helicoptero",
        "vehicle_pair": "helicoptero - helicoptero",
        "severity_ratio": 0.0,
        "is_nmac": true,
        "is_mac": false,
        "event_class": "nmac"
      },
      "geometry": {
        "type": "Point",
        "coordinates": [
          -46.74828006,
          -23.529952835,
          914.4
        ]
      }
    },
    {
      "type": "Feature",
      "properties": {
        "simt": 63568.0,
        "start_simt": 63568.0,
        "end_simt": 63572.0,
        "duration_s": 5.0,
        "id_a": "HP100_0147",
        "id_b": "HP100_0149",
        "dist_h_m": 416.7504714701796,
        "dist_v_m": 0.0,
        "horizontal_ratio": 0.8335009429403593,
        "vertical_ratio": 0.0,
        "vehicle_type_a": "helicoptero",
        "vehicle_type_b": "helicoptero",
        "vehicle_pair": "helicoptero - helicoptero",
        "severity_ratio": 0.0,
        "is_nmac": false,
        "is_mac": false,
        "event_class": "lowc"
      },
      "geometry": {
        "type": "Point",
        "coordinates": [
          -46.731063125,
          -23.513421694999998,
          914.4
        ]
      }
    },
    {
      "type": "Feature",
      "properties": {
        "simt": 64514.0,
        "start_simt": 64514.0,
        "end_simt": 64520.0,
        "duration_s": 7.0,
        "id_a": "HP100_0152",
        "id_b": "HP100_0153",
        "dist_h_m": 465.6963011601319,
        "dist_v_m": 0.0,
        "horizontal_ratio": 0.9313926023202638,
        "vertical_ratio": 0.0,
        "vehicle_type_a": "helicoptero",
        "vehicle_type_b": "helicoptero",
        "vehicle_pair": "helicoptero - helicoptero",
        "severity_ratio": 0.0,
        "is_nmac": false,
        "is_mac": false,
        "event_class": "lowc"
      },
      "geometry": {
        "type": "Point",
        "coordinates": [
          -46.74987994,
          -23.533652985,
          914.4
        ]
      }
    },
    {
      "type": "Feature",
      "properties": {
        "simt": 64540.0,
        "start_simt": 64540.0,
        "end_simt": 64546.0,
        "duration_s": 7.0,
        "id_a": "EC1_0041",
        "id_b": "HP100_0153",
        "dist_h_m": 471.7736142069469,
        "dist_v_m": 0.0,
        "horizontal_ratio": 0.9435472284138938,
        "vertical_ratio": 0.0,
        "vehicle_type_a": "eVTOL",
        "vehicle_type_b": "helicoptero",
        "vehicle_pair": "eVTOL - helicoptero",
        "severity_ratio": 0.0,
        "is_nmac": false,
        "is_mac": false,
        "event_class": "lowc"
      },
      "geometry": {
        "type": "Point",
        "coordinates": [
          -46.745662859999996,
          -23.52108137,
          914.4
        ]
      }
    },
    {
      "type": "Feature",
      "properties": {
        "simt": 64969.0,
        "start_simt": 64969.0,
        "end_simt": 64973.0,
        "duration_s": 5.0,
        "id_a": "EC1_0076",
        "id_b": "HP100_0155",
        "dist_h_m": 388.08138675820123,
        "dist_v_m": 0.0,
        "horizontal_ratio": 0.7761627735164025,
        "vertical_ratio": 0.0,
        "vehicle_type_a": "eVTOL",
        "vehicle_type_b": "helicoptero",
        "vehicle_pair": "eVTOL - helicoptero",
        "severity_ratio": 0.0,
        "is_nmac": false,
        "is_mac": false,
        "event_class": "lowc"
      },
      "geometry": {
        "type": "Point",
        "coordinates": [
          -46.677708095,
          -23.52343865,
          914.4
        ]
      }
    },
    {
      "type": "Feature",
      "properties": {
        "simt": 66501.0,
        "start_simt": 66501.0,
        "end_simt": 66505.0,
        "duration_s": 5.0,
        "id_a": "HP100_0159",
        "id_b": "HP100_0160",
        "dist_h_m": 388.47025008883895,
        "dist_v_m": 0.0,
        "horizontal_ratio": 0.7769405001776779,
        "vertical_ratio": 0.0,
        "vehicle_type_a": "helicoptero",
        "vehicle_type_b": "helicoptero",
        "vehicle_pair": "helicoptero - helicoptero",
        "severity_ratio": 0.0,
        "is_nmac": false,
        "is_mac": false,
        "event_class": "lowc"
      },
      "geometry": {
        "type": "Point",
        "coordinates": [
          -46.702775485000004,
          -23.518641325,
          914.4
        ]
      }
    },
    {
      "type": "Feature",
      "properties": {
        "simt": 66680.0,
        "start_simt": 66680.0,
        "end_simt": 66685.0,
        "duration_s": 6.0,
        "id_a": "HP100_0160",
        "id_b": "HP100_0161",
        "dist_h_m": 387.9569744207334,
        "dist_v_m": 0.0,
        "horizontal_ratio": 0.7759139488414668,
        "vertical_ratio": 0.0,
        "vehicle_type_a": "helicoptero",
        "vehicle_type_b": "helicoptero",
        "vehicle_pair": "helicoptero - helicoptero",
        "severity_ratio": 0.0,
        "is_nmac": false,
        "is_mac": false,
        "event_class": "lowc"
      },
      "geometry": {
        "type": "Point",
        "coordinates": [
          -46.567825944999996,
          -23.531253545,
          914.4
        ]
      }
    },
    {
      "type": "Feature",
      "properties": {
        "simt": 66785.0,
        "start_simt": 66785.0,
        "end_simt": 66791.0,
        "duration_s": 7.0,
        "id_a": "EC1_0168",
        "id_b": "HP100_0161",
        "dist_h_m": 398.1700631877279,
        "dist_v_m": 0.0,
        "horizontal_ratio": 0.7963401263754558,
        "vertical_ratio": 0.0,
        "vehicle_type_a": "eVTOL",
        "vehicle_type_b": "helicoptero",
        "vehicle_pair": "eVTOL - helicoptero",
        "severity_ratio": 0.0,
        "is_nmac": false,
        "is_mac": false,
        "event_class": "lowc"
      },
      "geometry": {
        "type": "Point",
        "coordinates": [
          -46.627151870000006,
          -23.538911515000002,
          914.4
        ]
      }
    },
    {
      "type": "Feature",
      "properties": {
        "simt": 66920.0,
        "start_simt": 66920.0,
        "end_simt": 66925.0,
        "duration_s": 6.0,
        "id_a": "HP100_0161",
        "id_b": "HP100_0163",
        "dist_h_m": 482.8510199986515,
        "dist_v_m": 0.0,
        "horizontal_ratio": 0.965702039997303,
        "vertical_ratio": 0.0,
        "vehicle_type_a": "helicoptero",
        "vehicle_type_b": "helicoptero",
        "vehicle_pair": "helicoptero - helicoptero",
        "severity_ratio": 0.0,
        "is_nmac": false,
        "is_mac": false,
        "event_class": "lowc"
      },
      "geometry": {
        "type": "Point",
        "coordinates": [
          -46.710385685000006,
          -23.516718445000002,
          914.4
        ]
      }
    },
    {
      "type": "Feature",
      "properties": {
        "simt": 67451.0,
        "start_simt": 67451.0,
        "end_simt": 67457.0,
        "duration_s": 7.0,
        "id_a": "EC1_0042",
        "id_b": "HP100_0165",
        "dist_h_m": 466.52007350882656,
        "dist_v_m": 0.0,
        "horizontal_ratio": 0.9330401470176531,
        "vertical_ratio": 0.0,
        "vehicle_type_a": "eVTOL",
        "vehicle_type_b": "helicoptero",
        "vehicle_pair": "eVTOL - helicoptero",
        "severity_ratio": 0.0,
        "is_nmac": true,
        "is_mac": false,
        "event_class": "nmac"
      },
      "geometry": {
        "type": "Point",
        "coordinates": [
          -46.74358751,
          -23.518787195,
          914.4
        ]
      }
    },
    {
      "type": "Feature",
      "properties": {
        "simt": 67564.0,
        "start_simt": 67564.0,
        "end_simt": 67570.0,
        "duration_s": 7.0,
        "id_a": "EC1_0042",
        "id_b": "HP100_0166",
        "dist_h_m": 405.49389452721596,
        "dist_v_m": 0.0,
        "horizontal_ratio": 0.8109877890544319,
        "vertical_ratio": 0.0,
        "vehicle_type_a": "eVTOL",
        "vehicle_type_b": "helicoptero",
        "vehicle_pair": "eVTOL - helicoptero",
        "severity_ratio": 0.0,
        "is_nmac": true,
        "is_mac": false,
        "event_class": "nmac"
      },
      "geometry": {
        "type": "Point",
        "coordinates": [
          -46.700376655,
          -23.57174948,
          914.4
        ]
      }
    },
    {
      "type": "Feature",
      "properties": {
        "simt": 67607.0,
        "start_simt": 67607.0,
        "end_simt": 67610.0,
        "duration_s": 4.0,
        "id_a": "HP100_0165",
        "id_b": "HP100_0167",
        "dist_h_m": 234.62407596451052,
        "dist_v_m": 0.0,
        "horizontal_ratio": 0.46924815192902103,
        "vertical_ratio": 0.0,
        "vehicle_type_a": "helicoptero",
        "vehicle_type_b": "helicoptero",
        "vehicle_pair": "helicoptero - helicoptero",
        "severity_ratio": 0.0,
        "is_nmac": true,
        "is_mac": false,
        "event_class": "nmac"
      },
      "geometry": {
        "type": "Point",
        "coordinates": [
          -46.633483215,
          -23.50995745,
          722.9856
        ]
      }
    },
    {
      "type": "Feature",
      "properties": {
        "simt": 68423.0,
        "start_simt": 68421.0,
        "end_simt": 68427.0,
        "duration_s": 7.0,
        "id_a": "HP100_0169",
        "id_b": "HP100_0170",
        "dist_h_m": 163.8104054099871,
        "dist_v_m": 0.0,
        "horizontal_ratio": 0.32762081081997424,
        "vertical_ratio": 0.0,
        "vehicle_type_a": "helicoptero",
        "vehicle_type_b": "helicoptero",
        "vehicle_pair": "helicoptero - helicoptero",
        "severity_ratio": 0.0,
        "is_nmac": true,
        "is_mac": false,
        "event_class": "nmac"
      },
      "geometry": {
        "type": "Point",
        "coordinates": [
          -46.7162523,
          -23.608779175000002,
          914.4
        ]
      }
    },
    {
      "type": "Feature",
      "properties": {
        "simt": 68507.0,
        "start_simt": 68503.0,
        "end_simt": 68510.0,
        "duration_s": 8.0,
        "id_a": "HP100_0169",
        "id_b": "HP100_0172",
        "dist_h_m": 114.287825964915,
        "dist_v_m": 2.795558000000028,
        "horizontal_ratio": 0.22857565192983,
        "vertical_ratio": 0.020381729367162645,
        "vehicle_type_a": "helicoptero",
        "vehicle_type_b": "helicoptero",
        "vehicle_pair": "helicoptero - helicoptero",
        "severity_ratio": 0.020381729367162645,
        "is_nmac": true,
        "is_mac": false,
        "event_class": "nmac"
      },
      "geometry": {
        "type": "Point",
        "coordinates": [
          -46.65951889,
          -23.627455765,
          812.624771
        ]
      }
    },
    {
      "type": "Feature",
      "properties": {
        "simt": 69108.0,
        "start_simt": 69108.0,
        "end_simt": 69114.0,
        "duration_s": 7.0,
        "id_a": "EC1_0031",
        "id_b": "HP100_0173",
        "dist_h_m": 422.315109499201,
        "dist_v_m": 0.582930000000033,
        "horizontal_ratio": 0.8446302189984021,
        "vertical_ratio": 0.0042500000000002406,
        "vehicle_type_a": "eVTOL",
        "vehicle_type_b": "helicoptero",
        "vehicle_pair": "eVTOL - helicoptero",
        "severity_ratio": 0.0042500000000002406,
        "is_nmac": true,
        "is_mac": false,
        "event_class": "nmac"
      },
      "geometry": {
        "type": "Point",
        "coordinates": [
          -46.678899465,
          -23.553750694999998,
          914.108535
        ]
      }
    },
    {
      "type": "Feature",
      "properties": {
        "simt": 69165.0,
        "start_simt": 69165.0,
        "end_simt": 69168.0,
        "duration_s": 4.0,
        "id_a": "EC1_0124",
        "id_b": "HP100_0176",
        "dist_h_m": 465.18434261818834,
        "dist_v_m": 0.0,
        "horizontal_ratio": 0.9303686852363767,
        "vertical_ratio": 0.0,
        "vehicle_type_a": "eVTOL",
        "vehicle_type_b": "helicoptero",
        "vehicle_pair": "eVTOL - helicoptero",
        "severity_ratio": 0.0,
        "is_nmac": false,
        "is_mac": false,
        "event_class": "lowc"
      },
      "geometry": {
        "type": "Point",
        "coordinates": [
          -46.77020117,
          -23.604221064999997,
          914.4
        ]
      }
    },
    {
      "type": "Feature",
      "properties": {
        "simt": 69193.0,
        "start_simt": 69193.0,
        "end_simt": 69198.0,
        "duration_s": 6.0,
        "id_a": "EC1_0031",
        "id_b": "HP100_0175",
        "dist_h_m": 438.1488670452454,
        "dist_v_m": 0.0,
        "horizontal_ratio": 0.8762977340904908,
        "vertical_ratio": 0.0,
        "vehicle_type_a": "eVTOL",
        "vehicle_type_b": "helicoptero",
        "vehicle_pair": "eVTOL - helicoptero",
        "severity_ratio": 0.0,
        "is_nmac": false,
        "is_mac": false,
        "event_class": "lowc"
      },
      "geometry": {
        "type": "Point",
        "coordinates": [
          -46.702702365,
          -23.518700109999997,
          914.4
        ]
      }
    },
    {
      "type": "Feature",
      "properties": {
        "simt": 69299.0,
        "start_simt": 69296.0,
        "end_simt": 69302.0,
        "duration_s": 7.0,
        "id_a": "HP100_0175",
        "id_b": "HP100_0178",
        "dist_h_m": 185.81829535433977,
        "dist_v_m": 73.45679999999993,
        "horizontal_ratio": 0.37163659070867955,
        "vertical_ratio": 0.535555555555555,
        "vehicle_type_a": "helicoptero",
        "vehicle_type_b": "helicoptero",
        "vehicle_pair": "helicoptero - helicoptero",
        "severity_ratio": 0.37163659070867955,
        "is_nmac": false,
        "is_mac": false,
        "event_class": "lowc"
      },
      "geometry": {
        "type": "Point",
        "coordinates": [
          -46.67793198,
          -23.563308245,
          877.6716
        ]
      }
    },
    {
      "type": "Feature",
      "properties": {
        "simt": 69625.0,
        "start_simt": 69622.0,
        "end_simt": 69628.0,
        "duration_s": 7.0,
        "id_a": "EC1_0142",
        "id_b": "HP100_0180",
        "dist_h_m": 43.18112210311613,
        "dist_v_m": 52.92146500000001,
        "horizontal_ratio": 0.08636224420623226,
        "vertical_ratio": 0.3858374526100905,
        "vehicle_type_a": "eVTOL",
        "vehicle_type_b": "helicoptero",
        "vehicle_pair": "eVTOL - helicoptero",
        "severity_ratio": 0.08636224420623226,
        "is_nmac": false,
        "is_mac": false,
        "event_class": "lowc"
      },
      "geometry": {
        "type": "Point",
        "coordinates": [
          -46.705018265,
          -23.562890189999997,
          887.9392674999999
        ]
      }
    },
    {
      "type": "Feature",
      "properties": {
        "simt": 70344.0,
        "start_simt": 70344.0,
        "end_simt": 70348.0,
        "duration_s": 5.0,
        "id_a": "EC1_0078",
        "id_b": "HP100_0182",
        "dist_h_m": 412.65264622637653,
        "dist_v_m": 0.0,
        "horizontal_ratio": 0.8253052924527531,
        "vertical_ratio": 0.0,
        "vehicle_type_a": "eVTOL",
        "vehicle_type_b": "helicoptero",
        "vehicle_pair": "eVTOL - helicoptero",
        "severity_ratio": 0.0,
        "is_nmac": false,
        "is_mac": false,
        "event_class": "lowc"
      },
      "geometry": {
        "type": "Point",
        "coordinates": [
          -46.71133216,
          -23.516391575,
          914.4
        ]
      }
    },
    {
      "type": "Feature",
      "properties": {
        "simt": 70846.0,
        "start_simt": 70846.0,
        "end_simt": 70851.0,
        "duration_s": 6.0,
        "id_a": "EC1_0021",
        "id_b": "EC1_0101",
        "dist_h_m": 458.82172897449874,
        "dist_v_m": 0.0,
        "horizontal_ratio": 0.9176434579489975,
        "vertical_ratio": 0.0,
        "vehicle_type_a": "eVTOL",
        "vehicle_type_b": "eVTOL",
        "vehicle_pair": "eVTOL - eVTOL",
        "severity_ratio": 0.0,
        "is_nmac": false,
        "is_mac": false,
        "event_class": "lowc"
      },
      "geometry": {
        "type": "Point",
        "coordinates": [
          -46.77033869,
          -23.522557045,
          914.4
        ]
      }
    },
    {
      "type": "Feature",
      "properties": {
        "simt": 70951.0,
        "start_simt": 70951.0,
        "end_simt": 70956.0,
        "duration_s": 6.0,
        "id_a": "EC1_0139",
        "id_b": "HP100_0188",
        "dist_h_m": 391.44222263038085,
        "dist_v_m": 0.0,
        "horizontal_ratio": 0.7828844452607617,
        "vertical_ratio": 0.0,
        "vehicle_type_a": "eVTOL",
        "vehicle_type_b": "helicoptero",
        "vehicle_pair": "eVTOL - helicoptero",
        "severity_ratio": 0.0,
        "is_nmac": false,
        "is_mac": false,
        "event_class": "lowc"
      },
      "geometry": {
        "type": "Point",
        "coordinates": [
          -46.69419332,
          -23.521052725,
          914.4
        ]
      }
    },
    {
      "type": "Feature",
      "properties": {
        "simt": 70989.0,
        "start_simt": 70983.0,
        "end_simt": 70991.0,
        "duration_s": 9.0,
        "id_a": "EC1_0008",
        "id_b": "EC1_0101",
        "dist_h_m": 297.4712470747825,
        "dist_v_m": 1.587240999999949,
        "horizontal_ratio": 0.594942494149565,
        "vertical_ratio": 0.01157218576844524,
        "vehicle_type_a": "eVTOL",
        "vehicle_type_b": "eVTOL",
        "vehicle_pair": "eVTOL - eVTOL",
        "severity_ratio": 0.01157218576844524,
        "is_nmac": false,
        "is_mac": false,
        "event_class": "lowc"
      },
      "geometry": {
        "type": "Point",
        "coordinates": [
          -46.861353295,
          -23.491790075,
          889.4806605
        ]
      }
    },
    {
      "type": "Feature",
      "properties": {
        "simt": 71005.0,
        "start_simt": 71002.0,
        "end_simt": 71008.0,
        "duration_s": 7.0,
        "id_a": "EC1_0169",
        "id_b": "EC1_0179",
        "dist_h_m": 111.22454138165278,
        "dist_v_m": 54.116546000000085,
        "horizontal_ratio": 0.22244908276330558,
        "vertical_ratio": 0.39455049577136253,
        "vehicle_type_a": "eVTOL",
        "vehicle_type_b": "eVTOL",
        "vehicle_pair": "eVTOL - eVTOL",
        "severity_ratio": 0.22244908276330558,
        "is_nmac": false,
        "is_mac": false,
        "event_class": "lowc"
      },
      "geometry": {
        "type": "Point",
        "coordinates": [
          -46.47085989,
          -23.45986329,
          860.4306730000001
        ]
      }
    },
    {
      "type": "Feature",
      "properties": {
        "simt": 71047.0,
        "start_simt": 71047.0,
        "end_simt": 71052.0,
        "duration_s": 6.0,
        "id_a": "HP100_0187",
        "id_b": "HP100_0189",
        "dist_h_m": 499.2473561900874,
        "dist_v_m": 0.0,
        "horizontal_ratio": 0.9984947123801747,
        "vertical_ratio": 0.0,
        "vehicle_type_a": "helicoptero",
        "vehicle_type_b": "helicoptero",
        "vehicle_pair": "helicoptero - helicoptero",
        "severity_ratio": 0.0,
        "is_nmac": false,
        "is_mac": false,
        "event_class": "lowc"
      },
      "geometry": {
        "type": "Point",
        "coordinates": [
          -46.712050680000004,
          -23.516289880000002,
          914.4
        ]
      }
    },
    {
      "type": "Feature",
      "properties": {
        "simt": 71287.0,
        "start_simt": 71287.0,
        "end_simt": 71293.0,
        "duration_s": 7.0,
        "id_a": "EC1_0008",
        "id_b": "EC1_0090",
        "dist_h_m": 497.6299714884226,
        "dist_v_m": 0.0,
        "horizontal_ratio": 0.9952599429768452,
        "vertical_ratio": 0.0,
        "vehicle_type_a": "eVTOL",
        "vehicle_type_b": "eVTOL",
        "vehicle_pair": "eVTOL - eVTOL",
        "severity_ratio": 0.0,
        "is_nmac": true,
        "is_mac": false,
        "event_class": "nmac"
      },
      "geometry": {
        "type": "Point",
        "coordinates": [
          -46.714083305,
          -23.556719455,
          914.4
        ]
      }
    },
    {
      "type": "Feature",
      "properties": {
        "simt": 71313.0,
        "start_simt": 71313.0,
        "end_simt": 71320.0,
        "duration_s": 8.0,
        "id_a": "EC1_0008",
        "id_b": "EC1_0096",
        "dist_h_m": 474.47417071443,
        "dist_v_m": 0.0,
        "horizontal_ratio": 0.94894834142886,
        "vertical_ratio": 0.0,
        "vehicle_type_a": "eVTOL",
        "vehicle_type_b": "eVTOL",
        "vehicle_pair": "eVTOL - eVTOL",
        "severity_ratio": 0.0,
        "is_nmac": true,
        "is_mac": false,
        "event_class": "nmac"
      },
      "geometry": {
        "type": "Point",
        "coordinates": [
          -46.70149802,
          -23.569687209999998,
          914.4
        ]
      }
    },
    {
      "type": "Feature",
      "properties": {
        "simt": 71354.0,
        "start_simt": 71354.0,
        "end_simt": 71355.0,
        "duration_s": 2.0,
        "id_a": "EC1_0008",
        "id_b": "EC1_0159",
        "dist_h_m": 462.46834037209175,
        "dist_v_m": 4.4625369999999975,
        "horizontal_ratio": 0.9249366807441834,
        "vertical_ratio": 0.03253526538349371,
        "vehicle_type_a": "eVTOL",
        "vehicle_type_b": "eVTOL",
        "vehicle_pair": "eVTOL - eVTOL",
        "severity_ratio": 0.03253526538349371,
        "is_nmac": false,
        "is_mac": false,
        "event_class": "lowc"
      },
      "geometry": {
        "type": "Point",
        "coordinates": [
          -46.68730996,
          -23.59244403,
          838.4640495000001
        ]
      }
    },
    {
      "type": "Feature",
      "properties": {
        "simt": 71437.0,
        "start_simt": 71437.0,
        "end_simt": 71442.0,
        "duration_s": 6.0,
        "id_a": "EC1_0096",
        "id_b": "EC1_0179",
        "dist_h_m": 455.9950075193567,
        "dist_v_m": 0.0,
        "horizontal_ratio": 0.9119900150387135,
        "vertical_ratio": 0.0,
        "vehicle_type_a": "eVTOL",
        "vehicle_type_b": "eVTOL",
        "vehicle_pair": "eVTOL - eVTOL",
        "severity_ratio": 0.0,
        "is_nmac": false,
        "is_mac": false,
        "event_class": "lowc"
      },
      "geometry": {
        "type": "Point",
        "coordinates": [
          -46.7338984,
          -23.515617435000003,
          914.4
        ]
      }
    },
    {
      "type": "Feature",
      "properties": {
        "simt": 71476.0,
        "start_simt": 71476.0,
        "end_simt": 71480.0,
        "duration_s": 5.0,
        "id_a": "EC1_0096",
        "id_b": "HP100_0190",
        "dist_h_m": 434.97323840804546,
        "dist_v_m": 0.0,
        "horizontal_ratio": 0.8699464768160909,
        "vertical_ratio": 0.0,
        "vehicle_type_a": "eVTOL",
        "vehicle_type_b": "helicoptero",
        "vehicle_pair": "eVTOL - helicoptero",
        "severity_ratio": 0.0,
        "is_nmac": false,
        "is_mac": false,
        "event_class": "lowc"
      },
      "geometry": {
        "type": "Point",
        "coordinates": [
          -46.70558309,
          -23.5173182,
          914.4
        ]
      }
    },
    {
      "type": "Feature",
      "properties": {
        "simt": 71499.0,
        "start_simt": 71499.0,
        "end_simt": 71503.0,
        "duration_s": 5.0,
        "id_a": "EC1_0052",
        "id_b": "EC1_0096",
        "dist_h_m": 388.5475184195611,
        "dist_v_m": 0.0,
        "horizontal_ratio": 0.7770950368391222,
        "vertical_ratio": 0.0,
        "vehicle_type_a": "eVTOL",
        "vehicle_type_b": "eVTOL",
        "vehicle_pair": "eVTOL - eVTOL",
        "severity_ratio": 0.0,
        "is_nmac": false,
        "is_mac": false,
        "event_class": "lowc"
      },
      "geometry": {
        "type": "Point",
        "coordinates": [
          -46.68977453,
          -23.521505825,
          914.4
        ]
      }
    },
    {
      "type": "Feature",
      "properties": {
        "simt": 71547.0,
        "start_simt": 71547.0,
        "end_simt": 71551.0,
        "duration_s": 5.0,
        "id_a": "EC1_0096",
        "id_b": "HP100_0192",
        "dist_h_m": 424.69221569583965,
        "dist_v_m": 0.0,
        "horizontal_ratio": 0.8493844313916793,
        "vertical_ratio": 0.0,
        "vehicle_type_a": "eVTOL",
        "vehicle_type_b": "helicoptero",
        "vehicle_pair": "eVTOL - helicoptero",
        "severity_ratio": 0.0,
        "is_nmac": false,
        "is_mac": false,
        "event_class": "lowc"
      },
      "geometry": {
        "type": "Point",
        "coordinates": [
          -46.654817605000005,
          -23.529149515,
          914.4
        ]
      }
    },
    {
      "type": "Feature",
      "properties": {
        "simt": 71590.0,
        "start_simt": 71587.0,
        "end_simt": 71673.0,
        "duration_s": 87.0,
        "id_a": "EC1_0052",
        "id_b": "EC1_0135",
        "dist_h_m": 238.58248776873904,
        "dist_v_m": 0.0,
        "horizontal_ratio": 0.4771649755374781,
        "vertical_ratio": 0.0,
        "vehicle_type_a": "eVTOL",
        "vehicle_type_b": "eVTOL",
        "vehicle_pair": "eVTOL - eVTOL",
        "severity_ratio": 0.0,
        "is_nmac": false,
        "is_mac": false,
        "event_class": "lowc"
      },
      "geometry": {
        "type": "Point",
        "coordinates": [
          -46.750678685,
          -23.524933689999997,
          914.4
        ]
      }
    },
    {
      "type": "Feature",
      "properties": {
        "simt": 71633.0,
        "start_simt": 71633.0,
        "end_simt": 71637.0,
        "duration_s": 5.0,
        "id_a": "EC1_0096",
        "id_b": "EC1_0186",
        "dist_h_m": 380.3441464862783,
        "dist_v_m": 0.0,
        "horizontal_ratio": 0.7606882929725566,
        "vertical_ratio": 0.0,
        "vehicle_type_a": "eVTOL",
        "vehicle_type_b": "eVTOL",
        "vehicle_pair": "eVTOL - eVTOL",
        "severity_ratio": 0.0,
        "is_nmac": false,
        "is_mac": false,
        "event_class": "lowc"
      },
      "geometry": {
        "type": "Point",
        "coordinates": [
          -46.59669641,
          -23.541363005,
          914.4
        ]
      }
    },
    {
      "type": "Feature",
      "properties": {
        "simt": 72223.0,
        "start_simt": 72223.0,
        "end_simt": 72227.0,
        "duration_s": 5.0,
        "id_a": "EC1_0027",
        "id_b": "EC1_0195",
        "dist_h_m": 389.27745112987793,
        "dist_v_m": 0.0,
        "horizontal_ratio": 0.7785549022597559,
        "vertical_ratio": 0.0,
        "vehicle_type_a": "eVTOL",
        "vehicle_type_b": "eVTOL",
        "vehicle_pair": "eVTOL - eVTOL",
        "severity_ratio": 0.0,
        "is_nmac": false,
        "is_mac": false,
        "event_class": "lowc"
      },
      "geometry": {
        "type": "Point",
        "coordinates": [
          -46.726046315000005,
          -23.514629290000002,
          914.4
        ]
      }
    },
    {
      "type": "Feature",
      "properties": {
        "simt": 72258.0,
        "start_simt": 72258.0,
        "end_simt": 72344.0,
        "duration_s": 87.0,
        "id_a": "EC1_0136",
        "id_b": "EC1_0195",
        "dist_h_m": 469.6603119550092,
        "dist_v_m": 0.0,
        "horizontal_ratio": 0.9393206239100184,
        "vertical_ratio": 0.0,
        "vehicle_type_a": "eVTOL",
        "vehicle_type_b": "eVTOL",
        "vehicle_pair": "eVTOL - eVTOL",
        "severity_ratio": 0.0,
        "is_nmac": false,
        "is_mac": false,
        "event_class": "lowc"
      },
      "geometry": {
        "type": "Point",
        "coordinates": [
          -46.74952652,
          -23.523153775,
          914.4
        ]
      }
    },
    {
      "type": "Feature",
      "properties": {
        "simt": 72329.0,
        "start_simt": 72329.0,
        "end_simt": 72334.0,
        "duration_s": 6.0,
        "id_a": "EC1_0027",
        "id_b": "EC1_0174",
        "dist_h_m": 496.2806662981971,
        "dist_v_m": 0.0,
        "horizontal_ratio": 0.9925613325963942,
        "vertical_ratio": 0.0,
        "vehicle_type_a": "eVTOL",
        "vehicle_type_b": "eVTOL",
        "vehicle_pair": "eVTOL - eVTOL",
        "severity_ratio": 0.0,
        "is_nmac": false,
        "is_mac": false,
        "event_class": "lowc"
      },
      "geometry": {
        "type": "Point",
        "coordinates": [
          -46.64884391,
          -23.527460339999998,
          914.4
        ]
      }
    },
    {
      "type": "Feature",
      "properties": {
        "simt": 72420.0,
        "start_simt": 72420.0,
        "end_simt": 72424.0,
        "duration_s": 5.0,
        "id_a": "EC1_0114",
        "id_b": "EC1_0174",
        "dist_h_m": 424.2559844901442,
        "dist_v_m": 0.0,
        "horizontal_ratio": 0.8485119689802885,
        "vertical_ratio": 0.0,
        "vehicle_type_a": "eVTOL",
        "vehicle_type_b": "eVTOL",
        "vehicle_pair": "eVTOL - eVTOL",
        "severity_ratio": 0.0,
        "is_nmac": false,
        "is_mac": false,
        "event_class": "lowc"
      },
      "geometry": {
        "type": "Point",
        "coordinates": [
          -46.71397176,
          -23.516192855,
          914.4
        ]
      }
    },
    {
      "type": "Feature",
      "properties": {
        "simt": 72439.0,
        "start_simt": 72439.0,
        "end_simt": 72444.0,
        "duration_s": 6.0,
        "id_a": "EC1_0114",
        "id_b": "HP100_0193",
        "dist_h_m": 452.09531567313394,
        "dist_v_m": 0.0,
        "horizontal_ratio": 0.9041906313462679,
        "vertical_ratio": 0.0,
        "vehicle_type_a": "eVTOL",
        "vehicle_type_b": "helicoptero",
        "vehicle_pair": "eVTOL - helicoptero",
        "severity_ratio": 0.0,
        "is_nmac": false,
        "is_mac": false,
        "event_class": "lowc"
      },
      "geometry": {
        "type": "Point",
        "coordinates": [
          -46.69991498,
          -23.51947215,
          914.4
        ]
      }
    },
    {
      "type": "Feature",
      "properties": {
        "simt": 72440.0,
        "start_simt": 72440.0,
        "end_simt": 72445.0,
        "duration_s": 6.0,
        "id_a": "EC1_0132",
        "id_b": "EC1_0174",
        "dist_h_m": 474.77754135869907,
        "dist_v_m": 0.0,
        "horizontal_ratio": 0.9495550827173982,
        "vertical_ratio": 0.0,
        "vehicle_type_a": "eVTOL",
        "vehicle_type_b": "eVTOL",
        "vehicle_pair": "eVTOL - eVTOL",
        "severity_ratio": 0.0,
        "is_nmac": false,
        "is_mac": false,
        "event_class": "lowc"
      },
      "geometry": {
        "type": "Point",
        "coordinates": [
          -46.72879788,
          -23.514852355000002,
          914.4
        ]
      }
    },
    {
      "type": "Feature",
      "properties": {
        "simt": 72460.0,
        "start_simt": 72460.0,
        "end_simt": 72465.0,
        "duration_s": 6.0,
        "id_a": "EC1_0132",
        "id_b": "HP100_0193",
        "dist_h_m": 475.6629612616719,
        "dist_v_m": 0.0,
        "horizontal_ratio": 0.9513259225233438,
        "vertical_ratio": 0.0,
        "vehicle_type_a": "eVTOL",
        "vehicle_type_b": "helicoptero",
        "vehicle_pair": "eVTOL - helicoptero",
        "severity_ratio": 0.0,
        "is_nmac": false,
        "is_mac": false,
        "event_class": "lowc"
      },
      "geometry": {
        "type": "Point",
        "coordinates": [
          -46.71389498,
          -23.51603779,
          914.4
        ]
      }
    },
    {
      "type": "Feature",
      "properties": {
        "simt": 72493.0,
        "start_simt": 72493.0,
        "end_simt": 72497.0,
        "duration_s": 5.0,
        "id_a": "EC1_0104",
        "id_b": "EC1_0148",
        "dist_h_m": 469.63545580909437,
        "dist_v_m": 0.0,
        "horizontal_ratio": 0.9392709116181888,
        "vertical_ratio": 0.0,
        "vehicle_type_a": "eVTOL",
        "vehicle_type_b": "eVTOL",
        "vehicle_pair": "eVTOL - eVTOL",
        "severity_ratio": 0.0,
        "is_nmac": false,
        "is_mac": false,
        "event_class": "lowc"
      },
      "geometry": {
        "type": "Point",
        "coordinates": [
          -46.76803932,
          -23.48724814,
          914.4
        ]
      }
    },
    {
      "type": "Feature",
      "properties": {
        "simt": 72514.0,
        "start_simt": 72514.0,
        "end_simt": 72520.0,
        "duration_s": 7.0,
        "id_a": "EC1_0027",
        "id_b": "HP100_0194",
        "dist_h_m": 492.2925003684268,
        "dist_v_m": 0.0,
        "horizontal_ratio": 0.9845850007368535,
        "vertical_ratio": 0.0,
        "vehicle_type_a": "eVTOL",
        "vehicle_type_b": "helicoptero",
        "vehicle_pair": "eVTOL - helicoptero",
        "severity_ratio": 0.0,
        "is_nmac": false,
        "is_mac": false,
        "event_class": "lowc"
      },
      "geometry": {
        "type": "Point",
        "coordinates": [
          -46.536096810000004,
          -23.500807785,
          914.4
        ]
      }
    },
    {
      "type": "Feature",
      "properties": {
        "simt": 72531.0,
        "start_simt": 72531.0,
        "end_simt": 72537.0,
        "duration_s": 7.0,
        "id_a": "EC1_0114",
        "id_b": "HP100_0195",
        "dist_h_m": 462.33121942566316,
        "dist_v_m": 0.0,
        "horizontal_ratio": 0.9246624388513264,
        "vertical_ratio": 0.0,
        "vehicle_type_a": "eVTOL",
        "vehicle_type_b": "helicoptero",
        "vehicle_pair": "eVTOL - helicoptero",
        "severity_ratio": 0.0,
        "is_nmac": true,
        "is_mac": false,
        "event_class": "nmac"
      },
      "geometry": {
        "type": "Point",
        "coordinates": [
          -46.635145845,
          -23.5349504,
          914.4
        ]
      }
    },
    {
      "type": "Feature",
      "properties": {
        "simt": 72548.0,
        "start_simt": 72548.0,
        "end_simt": 72554.0,
        "duration_s": 7.0,
        "id_a": "EC1_0066",
        "id_b": "HP100_0193",
        "dist_h_m": 426.66866783089654,
        "dist_v_m": 0.0,
        "horizontal_ratio": 0.853337335661793,
        "vertical_ratio": 0.0,
        "vehicle_type_a": "eVTOL",
        "vehicle_type_b": "helicoptero",
        "vehicle_pair": "eVTOL - helicoptero",
        "severity_ratio": 0.0,
        "is_nmac": false,
        "is_mac": false,
        "event_class": "lowc"
      },
      "geometry": {
        "type": "Point",
        "coordinates": [
          -46.74630776,
          -23.535032735,
          914.4
        ]
      }
    },
    {
      "type": "Feature",
      "properties": {
        "simt": 72602.0,
        "start_simt": 72602.0,
        "end_simt": 72607.0,
        "duration_s": 6.0,
        "id_a": "EC1_0114",
        "id_b": "HP100_0194",
        "dist_h_m": 477.6008238837451,
        "dist_v_m": 0.0,
        "horizontal_ratio": 0.9552016477674902,
        "vertical_ratio": 0.0,
        "vehicle_type_a": "eVTOL",
        "vehicle_type_b": "helicoptero",
        "vehicle_pair": "eVTOL - helicoptero",
        "severity_ratio": 0.0,
        "is_nmac": false,
        "is_mac": false,
        "event_class": "lowc"
      },
      "geometry": {
        "type": "Point",
        "coordinates": [
          -46.586525685,
          -23.539852185,
          914.4
        ]
      }
    },
    {
      "type": "Feature",
      "properties": {
        "simt": 72622.0,
        "start_simt": 72622.0,
        "end_simt": 72627.0,
        "duration_s": 6.0,
        "id_a": "EC1_0132",
        "id_b": "HP100_0194",
        "dist_h_m": 487.0034756376187,
        "dist_v_m": 0.0,
        "horizontal_ratio": 0.9740069512752374,
        "vertical_ratio": 0.0,
        "vehicle_type_a": "eVTOL",
        "vehicle_type_b": "helicoptero",
        "vehicle_pair": "eVTOL - helicoptero",
        "severity_ratio": 0.0,
        "is_nmac": false,
        "is_mac": false,
        "event_class": "lowc"
      },
      "geometry": {
        "type": "Point",
        "coordinates": [
          -46.6013116,
          -23.54176858,
          914.4
        ]
      }
    },
    {
      "type": "Feature",
      "properties": {
        "simt": 72645.0,
        "start_simt": 72639.0,
        "end_simt": 72646.0,
        "duration_s": 8.0,
        "id_a": "EC1_0028",
        "id_b": "EC1_0174",
        "dist_h_m": 391.022131875678,
        "dist_v_m": 2.5012219999999843,
        "horizontal_ratio": 0.7820442637513559,
        "vertical_ratio": 0.01823579760863214,
        "vehicle_type_a": "eVTOL",
        "vehicle_type_b": "eVTOL",
        "vehicle_pair": "eVTOL - eVTOL",
        "severity_ratio": 0.01823579760863214,
        "is_nmac": false,
        "is_mac": false,
        "event_class": "lowc"
      },
      "geometry": {
        "type": "Point",
        "coordinates": [
          -46.861584885,
          -23.49193283,
          890.2250690000001
        ]
      }
    },
    {
      "type": "Feature",
      "properties": {
        "simt": 72667.0,
        "start_simt": 72664.0,
        "end_simt": 72673.0,
        "duration_s": 10.0,
        "id_a": "HP100_0193",
        "id_b": "HP100_0196",
        "dist_h_m": 143.04387783129962,
        "dist_v_m": 0.4194239999999354,
        "horizontal_ratio": 0.28608775566259925,
        "vertical_ratio": 0.003057917760279494,
        "vehicle_type_a": "helicoptero",
        "vehicle_type_b": "helicoptero",
        "vehicle_pair": "helicoptero - helicoptero",
        "severity_ratio": 0.003057917760279494,
        "is_nmac": true,
        "is_mac": false,
        "event_class": "nmac"
      },
      "geometry": {
        "type": "Point",
        "coordinates": [
          -46.69390073,
          -23.582238425,
          905.991797
        ]
      }
    },
    {
      "type": "Feature",
      "properties": {
        "simt": 72682.0,
        "start_simt": 72682.0,
        "end_simt": 72690.0,
        "duration_s": 9.0,
        "id_a": "EC1_0097",
        "id_b": "HP100_0193",
        "dist_h_m": 498.4887463565106,
        "dist_v_m": 1.5206569999999147,
        "horizontal_ratio": 0.9969774927130212,
        "vertical_ratio": 0.011086738116068202,
        "vehicle_type_a": "eVTOL",
        "vehicle_type_b": "helicoptero",
        "vehicle_pair": "eVTOL - helicoptero",
        "severity_ratio": 0.011086738116068202,
        "is_nmac": false,
        "is_mac": false,
        "event_class": "lowc"
      },
      "geometry": {
        "type": "Point",
        "coordinates": [
          -46.688625075000004,
          -23.586230875,
          847.3518564999999
        ]
      }
    },
    {
      "type": "Feature",
      "properties": {
        "simt": 72737.0,
        "start_simt": 72737.0,
        "end_simt": 72743.0,
        "duration_s": 7.0,
        "id_a": "EC1_0131",
        "id_b": "EC1_0158",
        "dist_h_m": 488.5384317717431,
        "dist_v_m": 0.0,
        "horizontal_ratio": 0.9770768635434862,
        "vertical_ratio": 0.0,
        "vehicle_type_a": "eVTOL",
        "vehicle_type_b": "eVTOL",
        "vehicle_pair": "eVTOL - eVTOL",
        "severity_ratio": 0.0,
        "is_nmac": true,
        "is_mac": false,
        "event_class": "nmac"
      },
      "geometry": {
        "type": "Point",
        "coordinates": [
          -46.69470846,
          -23.61387229,
          914.4
        ]
      }
    },
    {
      "type": "Feature",
      "properties": {
        "simt": 72802.0,
        "start_simt": 72802.0,
        "end_simt": 72808.0,
        "duration_s": 7.0,
        "id_a": "EC1_0113",
        "id_b": "EC1_0158",
        "dist_h_m": 487.0638170736949,
        "dist_v_m": 0.0,
        "horizontal_ratio": 0.9741276341473898,
        "vertical_ratio": 0.0,
        "vehicle_type_a": "eVTOL",
        "vehicle_type_b": "eVTOL",
        "vehicle_pair": "eVTOL - eVTOL",
        "severity_ratio": 0.0,
        "is_nmac": true,
        "is_mac": false,
        "event_class": "nmac"
      },
      "geometry": {
        "type": "Point",
        "coordinates": [
          -46.73008657,
          -23.589096955000002,
          914.4
        ]
      }
    },
    {
      "type": "Feature",
      "properties": {
        "simt": 72823.0,
        "start_simt": 72823.0,
        "end_simt": 72828.0,
        "duration_s": 6.0,
        "id_a": "EC1_0097",
        "id_b": "HP100_0194",
        "dist_h_m": 367.12523514345247,
        "dist_v_m": 0.0,
        "horizontal_ratio": 0.7342504702869049,
        "vertical_ratio": 0.0,
        "vehicle_type_a": "eVTOL",
        "vehicle_type_b": "helicoptero",
        "vehicle_pair": "eVTOL - helicoptero",
        "severity_ratio": 0.0,
        "is_nmac": true,
        "is_mac": false,
        "event_class": "nmac"
      },
      "geometry": {
        "type": "Point",
        "coordinates": [
          -46.747692705,
          -23.531024375,
          914.4
        ]
      }
    },
    {
      "type": "Feature",
      "properties": {
        "simt": 72833.0,
        "start_simt": 72833.0,
        "end_simt": 72837.0,
        "duration_s": 5.0,
        "id_a": "EC1_0028",
        "id_b": "HP100_0196",
        "dist_h_m": 398.7467874978343,
        "dist_v_m": 0.0,
        "horizontal_ratio": 0.7974935749956686,
        "vertical_ratio": 0.0,
        "vehicle_type_a": "eVTOL",
        "vehicle_type_b": "helicoptero",
        "vehicle_pair": "eVTOL - helicoptero",
        "severity_ratio": 0.0,
        "is_nmac": false,
        "is_mac": false,
        "event_class": "lowc"
      },
      "geometry": {
        "type": "Point",
        "coordinates": [
          -46.780675294999995,
          -23.520880065,
          914.4
        ]
      }
    },
    {
      "type": "Feature",
      "properties": {
        "simt": 72905.0,
        "start_simt": 72882.0,
        "end_simt": 72935.0,
        "duration_s": 54.0,
        "id_a": "EC1_0153",
        "id_b": "HP100_0194",
        "dist_h_m": 129.540530259988,
        "dist_v_m": 0.0,
        "horizontal_ratio": 0.259081060519976,
        "vertical_ratio": 0.0,
        "vehicle_type_a": "eVTOL",
        "vehicle_type_b": "helicoptero",
        "vehicle_pair": "eVTOL - helicoptero",
        "severity_ratio": 0.0,
        "is_nmac": true,
        "is_mac": false,
        "event_class": "nmac"
      },
      "geometry": {
        "type": "Point",
        "coordinates": [
          -46.70097151,
          -23.571682655,
          914.4
        ]
      }
    },
    {
      "type": "Feature",
      "properties": {
        "simt": 73062.0,
        "start_simt": 73062.0,
        "end_simt": 73099.0,
        "duration_s": 38.0,
        "id_a": "EC1_0190",
        "id_b": "HP100_0198",
        "dist_h_m": 134.337839987282,
        "dist_v_m": 0.0,
        "horizontal_ratio": 0.268675679974564,
        "vertical_ratio": 0.0,
        "vehicle_type_a": "eVTOL",
        "vehicle_type_b": "helicoptero",
        "vehicle_pair": "eVTOL - helicoptero",
        "severity_ratio": 0.0,
        "is_nmac": true,
        "is_mac": false,
        "event_class": "nmac"
      },
      "geometry": {
        "type": "Point",
        "coordinates": [
          -46.473014875000004,
          -23.436158884999998,
          750.1128
        ]
      }
    },
    {
      "type": "Feature",
      "properties": {
        "simt": 73064.0,
        "start_simt": 73064.0,
        "end_simt": 73069.0,
        "duration_s": 6.0,
        "id_a": "EC1_0028",
        "id_b": "HP100_0197",
        "dist_h_m": 412.9886238231212,
        "dist_v_m": 0.0,
        "horizontal_ratio": 0.8259772476462424,
        "vertical_ratio": 0.0,
        "vehicle_type_a": "eVTOL",
        "vehicle_type_b": "helicoptero",
        "vehicle_pair": "eVTOL - helicoptero",
        "severity_ratio": 0.0,
        "is_nmac": false,
        "is_mac": false,
        "event_class": "lowc"
      },
      "geometry": {
        "type": "Point",
        "coordinates": [
          -46.620255145,
          -23.54225189,
          914.4
        ]
      }
    },
    {
      "type": "Feature",
      "properties": {
        "simt": 73163.0,
        "start_simt": 73163.0,
        "end_simt": 73168.0,
        "duration_s": 6.0,
        "id_a": "EC1_0097",
        "id_b": "EC1_0187",
        "dist_h_m": 403.74780585265285,
        "dist_v_m": 0.0,
        "horizontal_ratio": 0.8074956117053057,
        "vertical_ratio": 0.0,
        "vehicle_type_a": "eVTOL",
        "vehicle_type_b": "eVTOL",
        "vehicle_pair": "eVTOL - eVTOL",
        "severity_ratio": 0.0,
        "is_nmac": true,
        "is_mac": false,
        "event_class": "nmac"
      },
      "geometry": {
        "type": "Point",
        "coordinates": [
          -46.532992305,
          -23.50020114,
          914.4
        ]
      }
    },
    {
      "type": "Feature",
      "properties": {
        "simt": 73187.0,
        "start_simt": 73187.0,
        "end_simt": 73192.0,
        "duration_s": 6.0,
        "id_a": "EC1_0028",
        "id_b": "EC1_0187",
        "dist_h_m": 487.490330397103,
        "dist_v_m": 0.0,
        "horizontal_ratio": 0.974980660794206,
        "vertical_ratio": 0.0,
        "vehicle_type_a": "eVTOL",
        "vehicle_type_b": "eVTOL",
        "vehicle_pair": "eVTOL - eVTOL",
        "severity_ratio": 0.0,
        "is_nmac": false,
        "is_mac": false,
        "event_class": "lowc"
      },
      "geometry": {
        "type": "Point",
        "coordinates": [
          -46.546801955,
          -23.507893765,
          914.4
        ]
      }
    },
    {
      "type": "Feature",
      "properties": {
        "simt": 73196.0,
        "start_simt": 73196.0,
        "end_simt": 73201.0,
        "duration_s": 6.0,
        "id_a": "EC1_0097",
        "id_b": "HP100_0198",
        "dist_h_m": 393.1995602161075,
        "dist_v_m": 0.0,
        "horizontal_ratio": 0.786399120432215,
        "vertical_ratio": 0.0,
        "vehicle_type_a": "eVTOL",
        "vehicle_type_b": "helicoptero",
        "vehicle_pair": "eVTOL - helicoptero",
        "severity_ratio": 0.0,
        "is_nmac": true,
        "is_mac": false,
        "event_class": "nmac"
      },
      "geometry": {
        "type": "Point",
        "coordinates": [
          -46.509633355,
          -23.49403905,
          914.4
        ]
      }
    },
    {
      "type": "Feature",
      "properties": {
        "simt": 73205.0,
        "start_simt": 73205.0,
        "end_simt": 73210.0,
        "duration_s": 6.0,
        "id_a": "EC1_0097",
        "id_b": "EC1_0190",
        "dist_h_m": 477.53782280996586,
        "dist_v_m": 0.0,
        "horizontal_ratio": 0.9550756456199317,
        "vertical_ratio": 0.0,
        "vehicle_type_a": "eVTOL",
        "vehicle_type_b": "eVTOL",
        "vehicle_pair": "eVTOL - eVTOL",
        "severity_ratio": 0.0,
        "is_nmac": false,
        "is_mac": false,
        "event_class": "lowc"
      },
      "geometry": {
        "type": "Point",
        "coordinates": [
          -46.50307588,
          -23.493047745,
          914.4
        ]
      }
    },
    {
      "type": "Feature",
      "properties": {
        "simt": 73219.0,
        "start_simt": 73219.0,
        "end_simt": 73224.0,
        "duration_s": 6.0,
        "id_a": "EC1_0028",
        "id_b": "HP100_0198",
        "dist_h_m": 375.63811711936853,
        "dist_v_m": 0.0,
        "horizontal_ratio": 0.751276234238737,
        "vertical_ratio": 0.0,
        "vehicle_type_a": "eVTOL",
        "vehicle_type_b": "helicoptero",
        "vehicle_pair": "eVTOL - helicoptero",
        "severity_ratio": 0.0,
        "is_nmac": true,
        "is_mac": false,
        "event_class": "nmac"
      },
      "geometry": {
        "type": "Point",
        "coordinates": [
          -46.525868235000004,
          -23.498188659999997,
          914.4
        ]
      }
    },
    {
      "type": "Feature",
      "properties": {
        "simt": 73228.0,
        "start_simt": 73228.0,
        "end_simt": 73233.0,
        "duration_s": 6.0,
        "id_a": "EC1_0028",
        "id_b": "EC1_0190",
        "dist_h_m": 371.6603686626214,
        "dist_v_m": 0.0,
        "horizontal_ratio": 0.7433207373252428,
        "vertical_ratio": 0.0,
        "vehicle_type_a": "eVTOL",
        "vehicle_type_b": "eVTOL",
        "vehicle_pair": "eVTOL - eVTOL",
        "severity_ratio": 0.0,
        "is_nmac": true,
        "is_mac": false,
        "event_class": "nmac"
      },
      "geometry": {
        "type": "Point",
        "coordinates": [
          -46.51937018,
          -23.49693872,
          914.4
        ]
      }
    },
    {
      "type": "Feature",
      "properties": {
        "simt": 73298.0,
        "start_simt": 73295.0,
        "end_simt": 73303.0,
        "duration_s": 9.0,
        "id_a": "EC1_0093",
        "id_b": "EC1_0163",
        "dist_h_m": 256.5772631446525,
        "dist_v_m": 3.115179000000012,
        "horizontal_ratio": 0.5131545262893049,
        "vertical_ratio": 0.022712007874015835,
        "vehicle_type_a": "eVTOL",
        "vehicle_type_b": "eVTOL",
        "vehicle_pair": "eVTOL - eVTOL",
        "severity_ratio": 0.022712007874015835,
        "is_nmac": false,
        "is_mac": false,
        "event_class": "lowc"
      },
      "geometry": {
        "type": "Point",
        "coordinates": [
          -46.659536835,
          -23.629018355,
          818.5645605
        ]
      }
    },
    {
      "type": "Feature",
      "properties": {
        "simt": 73339.0,
        "start_simt": 73339.0,
        "end_simt": 73343.0,
        "duration_s": 5.0,
        "id_a": "EC1_0155",
        "id_b": "HP100_0199",
        "dist_h_m": 380.34699950788905,
        "dist_v_m": 0.0,
        "horizontal_ratio": 0.760693999015778,
        "vertical_ratio": 0.0,
        "vehicle_type_a": "eVTOL",
        "vehicle_type_b": "helicoptero",
        "vehicle_pair": "eVTOL - helicoptero",
        "severity_ratio": 0.0,
        "is_nmac": false,
        "is_mac": false,
        "event_class": "lowc"
      },
      "geometry": {
        "type": "Point",
        "coordinates": [
          -46.69781145,
          -23.520144135000002,
          914.4
        ]
      }
    },
    {
      "type": "Feature",
      "properties": {
        "simt": 73367.0,
        "start_simt": 73367.0,
        "end_simt": 73373.0,
        "duration_s": 7.0,
        "id_a": "EC1_0044",
        "id_b": "EC1_0155",
        "dist_h_m": 456.42169896253444,
        "dist_v_m": 0.0,
        "horizontal_ratio": 0.9128433979250689,
        "vertical_ratio": 0.0,
        "vehicle_type_a": "eVTOL",
        "vehicle_type_b": "eVTOL",
        "vehicle_pair": "eVTOL - eVTOL",
        "severity_ratio": 0.0,
        "is_nmac": false,
        "is_mac": false,
        "event_class": "lowc"
      },
      "geometry": {
        "type": "Point",
        "coordinates": [
          -46.677012219999995,
          -23.52463846,
          914.4
        ]
      }
    },
    {
      "type": "Feature",
      "properties": {
        "simt": 73379.0,
        "start_simt": 73379.0,
        "end_simt": 73384.0,
        "duration_s": 6.0,
        "id_a": "EC1_0155",
        "id_b": "EC1_0187",
        "dist_h_m": 405.3674562611529,
        "dist_v_m": 0.0,
        "horizontal_ratio": 0.8107349125223058,
        "vertical_ratio": 0.0,
        "vehicle_type_a": "eVTOL",
        "vehicle_type_b": "eVTOL",
        "vehicle_pair": "eVTOL - eVTOL",
        "severity_ratio": 0.0,
        "is_nmac": true,
        "is_mac": false,
        "event_class": "nmac"
      },
      "geometry": {
        "type": "Point",
        "coordinates": [
          -46.66845329,
          -23.525047700000002,
          914.4
        ]
      }
    },
    {
      "type": "Feature",
      "properties": {
        "simt": 73408.0,
        "start_simt": 73408.0,
        "end_simt": 73414.0,
        "duration_s": 7.0,
        "id_a": "EC1_0155",
        "id_b": "HP100_0198",
        "dist_h_m": 464.0306152434554,
        "dist_v_m": 11.808917999999949,
        "horizontal_ratio": 0.9280612304869107,
        "vertical_ratio": 0.08609593175852981,
        "vehicle_type_a": "eVTOL",
        "vehicle_type_b": "helicoptero",
        "vehicle_pair": "eVTOL - helicoptero",
        "severity_ratio": 0.08609593175852981,
        "is_nmac": true,
        "is_mac": false,
        "event_class": "nmac"
      },
      "geometry": {
        "type": "Point",
        "coordinates": [
          -46.647204805,
          -23.52816203,
          908.495541
        ]
      }
    },
    {
      "type": "Feature",
      "properties": {
        "simt": 73428.0,
        "start_simt": 73424.0,
        "end_simt": 73431.0,
        "duration_s": 8.0,
        "id_a": "EC1_0155",
        "id_b": "EC1_0194",
        "dist_h_m": 190.21810353161624,
        "dist_v_m": 1.6437079999999469,
        "horizontal_ratio": 0.38043620706323245,
        "vertical_ratio": 0.011983872849226793,
        "vehicle_type_a": "eVTOL",
        "vehicle_type_b": "eVTOL",
        "vehicle_pair": "eVTOL - eVTOL",
        "severity_ratio": 0.011983872849226793,
        "is_nmac": false,
        "is_mac": false,
        "event_class": "lowc"
      },
      "geometry": {
        "type": "Point",
        "coordinates": [
          -46.63959687,
          -23.520135265,
          803.4496280000001
        ]
      }
    },
    {
      "type": "Feature",
      "properties": {
        "simt": 73441.0,
        "start_simt": 73434.0,
        "end_simt": 73441.0,
        "duration_s": 8.0,
        "id_a": "EC1_0190",
        "id_b": "EC1_0194",
        "dist_h_m": 401.70162071889695,
        "dist_v_m": 6.498864000000026,
        "horizontal_ratio": 0.8034032414377938,
        "vertical_ratio": 0.04738162729658812,
        "vehicle_type_a": "eVTOL",
        "vehicle_type_b": "eVTOL",
        "vehicle_pair": "eVTOL - eVTOL",
        "severity_ratio": 0.04738162729658812,
        "is_nmac": false,
        "is_mac": false,
        "event_class": "lowc"
      },
      "geometry": {
        "type": "Point",
        "coordinates": [
          -46.643523855,
          -23.522852985,
          835.8359660000001
        ]
      }
    },
    {
      "type": "Feature",
      "properties": {
        "simt": 73450.0,
        "start_simt": 73450.0,
        "end_simt": 73455.0,
        "duration_s": 6.0,
        "id_a": "EC1_0044",
        "id_b": "EC1_0140",
        "dist_h_m": 371.0194968744856,
        "dist_v_m": 0.0,
        "horizontal_ratio": 0.7420389937489712,
        "vertical_ratio": 0.0,
        "vehicle_type_a": "eVTOL",
        "vehicle_type_b": "eVTOL",
        "vehicle_pair": "eVTOL - eVTOL",
        "severity_ratio": 0.0,
        "is_nmac": false,
        "is_mac": false,
        "event_class": "lowc"
      },
      "geometry": {
        "type": "Point",
        "coordinates": [
          -46.734293275,
          -23.51601962,
          914.4
        ]
      }
    },
    {
      "type": "Feature",
      "properties": {
        "simt": 73460.0,
        "start_simt": 73460.0,
        "end_simt": 73465.0,
        "duration_s": 6.0,
        "id_a": "EC1_0140",
        "id_b": "EC1_0187",
        "dist_h_m": 452.821544897325,
        "dist_v_m": 0.0,
        "horizontal_ratio": 0.90564308979465,
        "vertical_ratio": 0.0,
        "vehicle_type_a": "eVTOL",
        "vehicle_type_b": "eVTOL",
        "vehicle_pair": "eVTOL - eVTOL",
        "severity_ratio": 0.0,
        "is_nmac": false,
        "is_mac": false,
        "event_class": "lowc"
      },
      "geometry": {
        "type": "Point",
        "coordinates": [
          -46.726501604999996,
          -23.514746715,
          914.4
        ]
      }
    },
    {
      "type": "Feature",
      "properties": {
        "simt": 73484.0,
        "start_simt": 73484.0,
        "end_simt": 73488.0,
        "duration_s": 5.0,
        "id_a": "EC1_0140",
        "id_b": "HP100_0198",
        "dist_h_m": 420.97716864841493,
        "dist_v_m": 0.0,
        "horizontal_ratio": 0.8419543372968299,
        "vertical_ratio": 0.0,
        "vehicle_type_a": "eVTOL",
        "vehicle_type_b": "helicoptero",
        "vehicle_pair": "eVTOL - helicoptero",
        "severity_ratio": 0.0,
        "is_nmac": false,
        "is_mac": false,
        "event_class": "lowc"
      },
      "geometry": {
        "type": "Point",
        "coordinates": [
          -46.70878656,
          -23.516870605,
          914.4
        ]
      }
    },
    {
      "type": "Feature",
      "properties": {
        "simt": 73488.0,
        "start_simt": 73488.0,
        "end_simt": 73494.0,
        "duration_s": 7.0,
        "id_a": "EC1_0044",
        "id_b": "EC1_0100",
        "dist_h_m": 443.9269475738817,
        "dist_v_m": 0.0,
        "horizontal_ratio": 0.8878538951477634,
        "vertical_ratio": 0.0,
        "vehicle_type_a": "eVTOL",
        "vehicle_type_b": "eVTOL",
        "vehicle_pair": "eVTOL - eVTOL",
        "severity_ratio": 0.0,
        "is_nmac": true,
        "is_mac": false,
        "event_class": "nmac"
      },
      "geometry": {
        "type": "Point",
        "coordinates": [
          -46.747325525,
          -23.53283,
          914.4
        ]
      }
    },
    {
      "type": "Feature",
      "properties": {
        "simt": 73499.0,
        "start_simt": 73499.0,
        "end_simt": 73503.0,
        "duration_s": 5.0,
        "id_a": "EC1_0100",
        "id_b": "EC1_0187",
        "dist_h_m": 405.87819745468107,
        "dist_v_m": 0.0,
        "horizontal_ratio": 0.8117563949093621,
        "vertical_ratio": 0.0,
        "vehicle_type_a": "eVTOL",
        "vehicle_type_b": "eVTOL",
        "vehicle_pair": "eVTOL - eVTOL",
        "severity_ratio": 0.0,
        "is_nmac": false,
        "is_mac": false,
        "event_class": "lowc"
      },
      "geometry": {
        "type": "Point",
        "coordinates": [
          -46.748862195,
          -23.525604215,
          914.4
        ]
      }
    },
    {
      "type": "Feature",
      "properties": {
        "simt": 73512.0,
        "start_simt": 73512.0,
        "end_simt": 73517.0,
        "duration_s": 6.0,
        "id_a": "EC1_0140",
        "id_b": "EC1_0194",
        "dist_h_m": 494.86834544488414,
        "dist_v_m": 0.0,
        "horizontal_ratio": 0.9897366908897682,
        "vertical_ratio": 0.0,
        "vehicle_type_a": "eVTOL",
        "vehicle_type_b": "eVTOL",
        "vehicle_pair": "eVTOL - eVTOL",
        "severity_ratio": 0.0,
        "is_nmac": false,
        "is_mac": false,
        "event_class": "lowc"
      },
      "geometry": {
        "type": "Point",
        "coordinates": [
          -46.68868568,
          -23.521909100000002,
          914.4
        ]
      }
    },
    {
      "type": "Feature",
      "properties": {
        "simt": 73550.0,
        "start_simt": 73550.0,
        "end_simt": 73554.0,
        "duration_s": 5.0,
        "id_a": "EC1_0100",
        "id_b": "EC1_0194",
        "dist_h_m": 394.4511318131309,
        "dist_v_m": 0.0,
        "horizontal_ratio": 0.7889022636262618,
        "vertical_ratio": 0.0,
        "vehicle_type_a": "eVTOL",
        "vehicle_type_b": "eVTOL",
        "vehicle_pair": "eVTOL - eVTOL",
        "severity_ratio": 0.0,
        "is_nmac": false,
        "is_mac": false,
        "event_class": "lowc"
      },
      "geometry": {
        "type": "Point",
        "coordinates": [
          -46.715168925,
          -23.51592996,
          914.4
        ]
      }
    },
    {
      "type": "Feature",
      "properties": {
        "simt": 73578.0,
        "start_simt": 73578.0,
        "end_simt": 73584.0,
        "duration_s": 7.0,
        "id_a": "EC1_0162",
        "id_b": "EC1_0187",
        "dist_h_m": 453.23993335469345,
        "dist_v_m": 0.0,
        "horizontal_ratio": 0.9064798667093869,
        "vertical_ratio": 0.0,
        "vehicle_type_a": "eVTOL",
        "vehicle_type_b": "eVTOL",
        "vehicle_pair": "eVTOL - eVTOL",
        "severity_ratio": 0.0,
        "is_nmac": true,
        "is_mac": false,
        "event_class": "nmac"
      },
      "geometry": {
        "type": "Point",
        "coordinates": [
          -46.73792033,
          -23.574689624999998,
          914.4
        ]
      }
    },
    {
      "type": "Feature",
      "properties": {
        "simt": 73606.0,
        "start_simt": 73606.0,
        "end_simt": 73610.0,
        "duration_s": 5.0,
        "id_a": "EC1_0044",
        "id_b": "EC1_0164",
        "dist_h_m": 473.2749231646124,
        "dist_v_m": 32.71241999999995,
        "horizontal_ratio": 0.9465498463292248,
        "vertical_ratio": 0.2384982502187223,
        "vehicle_type_a": "eVTOL",
        "vehicle_type_b": "eVTOL",
        "vehicle_pair": "eVTOL - eVTOL",
        "severity_ratio": 0.2384982502187223,
        "is_nmac": false,
        "is_mac": false,
        "event_class": "lowc"
      },
      "geometry": {
        "type": "Point",
        "coordinates": [
          -46.691362510000005,
          -23.58938096,
          898.04379
        ]
      }
    },
    {
      "type": "Feature",
      "properties": {
        "simt": 73826.0,
        "start_simt": 73826.0,
        "end_simt": 73831.0,
        "duration_s": 6.0,
        "id_a": "EC1_0154",
        "id_b": "EC1_0197",
        "dist_h_m": 431.4616648664073,
        "dist_v_m": 0.0,
        "horizontal_ratio": 0.8629233297328146,
        "vertical_ratio": 0.0,
        "vehicle_type_a": "eVTOL",
        "vehicle_type_b": "eVTOL",
        "vehicle_pair": "eVTOL - eVTOL",
        "severity_ratio": 0.0,
        "is_nmac": false,
        "is_mac": false,
        "event_class": "lowc"
      },
      "geometry": {
        "type": "Point",
        "coordinates": [
          -46.689784895,
          -23.521791885,
          914.4
        ]
      }
    },
    {
      "type": "Feature",
      "properties": {
        "simt": 73839.0,
        "start_simt": 73839.0,
        "end_simt": 73843.0,
        "duration_s": 5.0,
        "id_a": "EC1_0154",
        "id_b": "HP100_0202",
        "dist_h_m": 394.705883459586,
        "dist_v_m": 0.0,
        "horizontal_ratio": 0.789411766919172,
        "vertical_ratio": 0.0,
        "vehicle_type_a": "eVTOL",
        "vehicle_type_b": "helicoptero",
        "vehicle_pair": "eVTOL - helicoptero",
        "severity_ratio": 0.0,
        "is_nmac": false,
        "is_mac": false,
        "event_class": "lowc"
      },
      "geometry": {
        "type": "Point",
        "coordinates": [
          -46.680416865,
          -23.522970085,
          914.4
        ]
      }
    },
    {
      "type": "Feature",
      "properties": {
        "simt": 73921.0,
        "start_simt": 73921.0,
        "end_simt": 73933.0,
        "duration_s": 13.0,
        "id_a": "EC1_0129",
        "id_b": "EC1_0197",
        "dist_h_m": 457.35449036788293,
        "dist_v_m": 0.0,
        "horizontal_ratio": 0.9147089807357659,
        "vertical_ratio": 0.0,
        "vehicle_type_a": "eVTOL",
        "vehicle_type_b": "eVTOL",
        "vehicle_pair": "eVTOL - eVTOL",
        "severity_ratio": 0.0,
        "is_nmac": false,
        "is_mac": false,
        "event_class": "lowc"
      },
      "geometry": {
        "type": "Point",
        "coordinates": [
          -46.75332934,
          -23.526753355,
          914.4
        ]
      }
    },
    {
      "type": "Feature",
      "properties": {
        "simt": 74015.0,
        "start_simt": 74015.0,
        "end_simt": 74020.0,
        "duration_s": 6.0,
        "id_a": "EC1_0154",
        "id_b": "EC1_0183",
        "dist_h_m": 416.9745530573984,
        "dist_v_m": 0.0,
        "horizontal_ratio": 0.8339491061147968,
        "vertical_ratio": 0.0,
        "vehicle_type_a": "eVTOL",
        "vehicle_type_b": "eVTOL",
        "vehicle_pair": "eVTOL - eVTOL",
        "severity_ratio": 0.0,
        "is_nmac": false,
        "is_mac": false,
        "event_class": "lowc"
      },
      "geometry": {
        "type": "Point",
        "coordinates": [
          -46.562390660000005,
          -23.526691085000003,
          914.4
        ]
      }
    },
    {
      "type": "Feature",
      "properties": {
        "simt": 74046.0,
        "start_simt": 74046.0,
        "end_simt": 74051.0,
        "duration_s": 6.0,
        "id_a": "EC1_0154",
        "id_b": "HP100_0201",
        "dist_h_m": 488.0240556769284,
        "dist_v_m": 0.0,
        "horizontal_ratio": 0.9760481113538568,
        "vertical_ratio": 0.0,
        "vehicle_type_a": "eVTOL",
        "vehicle_type_b": "helicoptero",
        "vehicle_pair": "eVTOL - helicoptero",
        "severity_ratio": 0.0,
        "is_nmac": false,
        "is_mac": false,
        "event_class": "lowc"
      },
      "geometry": {
        "type": "Point",
        "coordinates": [
          -46.54855776,
          -23.510098555,
          914.4
        ]
      }
    },
    {
      "type": "Feature",
      "properties": {
        "simt": 74046.0,
        "start_simt": 74046.0,
        "end_simt": 74084.0,
        "duration_s": 39.0,
        "id_a": "EC1_0197",
        "id_b": "HP100_0202",
        "dist_h_m": 497.95740941064315,
        "dist_v_m": 0.0,
        "horizontal_ratio": 0.9959148188212863,
        "vertical_ratio": 0.0,
        "vehicle_type_a": "eVTOL",
        "vehicle_type_b": "helicoptero",
        "vehicle_pair": "eVTOL - helicoptero",
        "severity_ratio": 0.0,
        "is_nmac": false,
        "is_mac": false,
        "event_class": "lowc"
      },
      "geometry": {
        "type": "Point",
        "coordinates": [
          -46.72357454,
          -23.601740865,
          914.4
        ]
      }
    },
    {
      "type": "Feature",
      "properties": {
        "simt": 74108.0,
        "start_simt": 74108.0,
        "end_simt": 74111.0,
        "duration_s": 4.0,
        "id_a": "HP100_0204",
        "id_b": "HP100_0205",
        "dist_h_m": 432.13255373921976,
        "dist_v_m": 0.0,
        "horizontal_ratio": 0.8642651074784395,
        "vertical_ratio": 0.0,
        "vehicle_type_a": "helicoptero",
        "vehicle_type_b": "helicoptero",
        "vehicle_pair": "helicoptero - helicoptero",
        "severity_ratio": 0.0,
        "is_nmac": false,
        "is_mac": false,
        "event_class": "lowc"
      },
      "geometry": {
        "type": "Point",
        "coordinates": [
          -46.678906855,
          -23.53873983,
          914.4
        ]
      }
    },
    {
      "type": "Feature",
      "properties": {
        "simt": 74130.0,
        "start_simt": 74130.0,
        "end_simt": 74134.0,
        "duration_s": 5.0,
        "id_a": "EC1_0050",
        "id_b": "EC1_0115",
        "dist_h_m": 417.5387690723412,
        "dist_v_m": 0.0,
        "horizontal_ratio": 0.8350775381446824,
        "vertical_ratio": 0.0,
        "vehicle_type_a": "eVTOL",
        "vehicle_type_b": "eVTOL",
        "vehicle_pair": "eVTOL - eVTOL",
        "severity_ratio": 0.0,
        "is_nmac": false,
        "is_mac": false,
        "event_class": "lowc"
      },
      "geometry": {
        "type": "Point",
        "coordinates": [
          -46.717825165,
          -23.515839364999998,
          914.4
        ]
      }
    },
    {
      "type": "Feature",
      "properties": {
        "simt": 74155.0,
        "start_simt": 74152.0,
        "end_simt": 74158.0,
        "duration_s": 7.0,
        "id_a": "EC1_0079",
        "id_b": "EC1_0143",
        "dist_h_m": 36.520967854919974,
        "dist_v_m": 42.13892499999997,
        "horizontal_ratio": 0.07304193570983995,
        "vertical_ratio": 0.3072245917177018,
        "vehicle_type_a": "eVTOL",
        "vehicle_type_b": "eVTOL",
        "vehicle_pair": "eVTOL - eVTOL",
        "severity_ratio": 0.07304193570983995,
        "is_nmac": false,
        "is_mac": false,
        "event_class": "lowc"
      },
      "geometry": {
        "type": "Point",
        "coordinates": [
          -46.703888140000004,
          -23.564568610000002,
          893.3305375
        ]
      }
    },
    {
      "type": "Feature",
      "properties": {
        "simt": 74159.0,
        "start_simt": 74159.0,
        "end_simt": 74165.0,
        "duration_s": 7.0,
        "id_a": "EC1_0115",
        "id_b": "HP100_0205",
        "dist_h_m": 486.5527361754596,
        "dist_v_m": 0.0,
        "horizontal_ratio": 0.9731054723509192,
        "vertical_ratio": 0.0,
        "vehicle_type_a": "eVTOL",
        "vehicle_type_b": "helicoptero",
        "vehicle_pair": "eVTOL - helicoptero",
        "severity_ratio": 0.0,
        "is_nmac": true,
        "is_mac": false,
        "event_class": "nmac"
      },
      "geometry": {
        "type": "Point",
        "coordinates": [
          -46.696257305,
          -23.520840215,
          914.4
        ]
      }
    },
    {
      "type": "Feature",
      "properties": {
        "simt": 74185.0,
        "start_simt": 74185.0,
        "end_simt": 74190.0,
        "duration_s": 6.0,
        "id_a": "EC1_0115",
        "id_b": "EC1_0183",
        "dist_h_m": 444.9388065832029,
        "dist_v_m": 0.0,
        "horizontal_ratio": 0.8898776131664058,
        "vertical_ratio": 0.0,
        "vehicle_type_a": "eVTOL",
        "vehicle_type_b": "eVTOL",
        "vehicle_pair": "eVTOL - eVTOL",
        "severity_ratio": 0.0,
        "is_nmac": false,
        "is_mac": false,
        "event_class": "lowc"
      },
      "geometry": {
        "type": "Point",
        "coordinates": [
          -46.677749575,
          -23.523442555000003,
          914.4
        ]
      }
    },
    {
      "type": "Feature",
      "properties": {
        "simt": 74202.0,
        "start_simt": 74196.0,
        "end_simt": 74202.0,
        "duration_s": 7.0,
        "id_a": "EC1_0154",
        "id_b": "HP100_0206",
        "dist_h_m": 386.42819463084595,
        "dist_v_m": 19.048316999999997,
        "horizontal_ratio": 0.7728563892616919,
        "vertical_ratio": 0.13887661854768152,
        "vehicle_type_a": "eVTOL",
        "vehicle_type_b": "helicoptero",
        "vehicle_pair": "eVTOL - helicoptero",
        "severity_ratio": 0.13887661854768152,
        "is_nmac": false,
        "is_mac": false,
        "event_class": "lowc"
      },
      "geometry": {
        "type": "Point",
        "coordinates": [
          -46.47121229,
          -23.456354599999997,
          849.7400595
        ]
      }
    },
    {
      "type": "Feature",
      "properties": {
        "simt": 74213.0,
        "start_simt": 74213.0,
        "end_simt": 74219.0,
        "duration_s": 7.0,
        "id_a": "EC1_0115",
        "id_b": "EC1_0191",
        "dist_h_m": 419.7216561062229,
        "dist_v_m": 0.0,
        "horizontal_ratio": 0.8394433122124458,
        "vertical_ratio": 0.0,
        "vehicle_type_a": "eVTOL",
        "vehicle_type_b": "eVTOL",
        "vehicle_pair": "eVTOL - eVTOL",
        "severity_ratio": 0.0,
        "is_nmac": true,
        "is_mac": false,
        "event_class": "nmac"
      },
      "geometry": {
        "type": "Point",
        "coordinates": [
          -46.657707439999996,
          -23.52798292,
          914.4
        ]
      }
    },
    {
      "type": "Feature",
      "properties": {
        "simt": 74215.0,
        "start_simt": 74215.0,
        "end_simt": 74220.0,
        "duration_s": 6.0,
        "id_a": "EC1_0079",
        "id_b": "EC1_0151",
        "dist_h_m": 319.53724537202595,
        "dist_v_m": 135.069214,
        "horizontal_ratio": 0.6390744907440519,
        "vertical_ratio": 0.9847565908428113,
        "vehicle_type_a": "eVTOL",
        "vehicle_type_b": "eVTOL",
        "vehicle_pair": "eVTOL - eVTOL",
        "severity_ratio": 0.6390744907440519,
        "is_nmac": false,
        "is_mac": false,
        "event_class": "lowc"
      },
      "geometry": {
        "type": "Point",
        "coordinates": [
          -46.737396355,
          -23.541722945,
          846.865393
        ]
      }
    },
    {
      "type": "Feature",
      "properties": {
        "simt": 74232.0,
        "start_simt": 74232.0,
        "end_simt": 74239.0,
        "duration_s": 8.0,
        "id_a": "EC1_0115",
        "id_b": "HP100_0201",
        "dist_h_m": 475.8074998101703,
        "dist_v_m": 37.615483999999924,
        "horizontal_ratio": 0.9516149996203407,
        "vertical_ratio": 0.2742452901720613,
        "vehicle_type_a": "eVTOL",
        "vehicle_type_b": "helicoptero",
        "vehicle_pair": "eVTOL - helicoptero",
        "severity_ratio": 0.2742452901720613,
        "is_nmac": false,
        "is_mac": false,
        "event_class": "lowc"
      },
      "geometry": {
        "type": "Point",
        "coordinates": [
          -46.643738735,
          -23.52884914,
          895.592258
        ]
      }
    },
    {
      "type": "Feature",
      "properties": {
        "simt": 74260.0,
        "start_simt": 74256.0,
        "end_simt": 74264.0,
        "duration_s": 9.0,
        "id_a": "EC1_0115",
        "id_b": "EC1_0193",
        "dist_h_m": 54.769807813068965,
        "dist_v_m": 3.5636579999999185,
        "horizontal_ratio": 0.10953961562613793,
        "vertical_ratio": 0.025981758530183134,
        "vehicle_type_a": "eVTOL",
        "vehicle_type_b": "eVTOL",
        "vehicle_pair": "eVTOL - eVTOL",
        "severity_ratio": 0.025981758530183134,
        "is_nmac": true,
        "is_mac": false,
        "event_class": "nmac"
      },
      "geometry": {
        "type": "Point",
        "coordinates": [
          -46.634909155,
          -23.512228190000002,
          740.9284250000001
        ]
      }
    },
    {
      "type": "Feature",
      "properties": {
        "simt": 74293.0,
        "start_simt": 74293.0,
        "end_simt": 74298.0,
        "duration_s": 6.0,
        "id_a": "EC1_0079",
        "id_b": "EC1_0191",
        "dist_h_m": 450.25234239646534,
        "dist_v_m": 0.0,
        "horizontal_ratio": 0.9005046847929307,
        "vertical_ratio": 0.0,
        "vehicle_type_a": "eVTOL",
        "vehicle_type_b": "eVTOL",
        "vehicle_pair": "eVTOL - eVTOL",
        "severity_ratio": 0.0,
        "is_nmac": false,
        "is_mac": false,
        "event_class": "lowc"
      },
      "geometry": {
        "type": "Point",
        "coordinates": [
          -46.71333911,
          -23.516140385,
          914.4
        ]
      }
    },
    {
      "type": "Feature",
      "properties": {
        "simt": 74315.0,
        "start_simt": 74315.0,
        "end_simt": 74320.0,
        "duration_s": 6.0,
        "id_a": "EC1_0079",
        "id_b": "HP100_0201",
        "dist_h_m": 498.13692866891523,
        "dist_v_m": 0.0,
        "horizontal_ratio": 0.9962738573378305,
        "vertical_ratio": 0.0,
        "vehicle_type_a": "eVTOL",
        "vehicle_type_b": "helicoptero",
        "vehicle_pair": "eVTOL - helicoptero",
        "severity_ratio": 0.0,
        "is_nmac": false,
        "is_mac": false,
        "event_class": "lowc"
      },
      "geometry": {
        "type": "Point",
        "coordinates": [
          -46.697286739999996,
          -23.52027146,
          914.4
        ]
      }
    },
    {
      "type": "Feature",
      "properties": {
        "simt": 74349.0,
        "start_simt": 74349.0,
        "end_simt": 74354.0,
        "duration_s": 6.0,
        "id_a": "EC1_0079",
        "id_b": "EC1_0193",
        "dist_h_m": 398.1018494930554,
        "dist_v_m": 0.0,
        "horizontal_ratio": 0.7962036989861108,
        "vertical_ratio": 0.0,
        "vehicle_type_a": "eVTOL",
        "vehicle_type_b": "eVTOL",
        "vehicle_pair": "eVTOL - eVTOL",
        "severity_ratio": 0.0,
        "is_nmac": false,
        "is_mac": false,
        "event_class": "lowc"
      },
      "geometry": {
        "type": "Point",
        "coordinates": [
          -46.673304985,
          -23.5246098,
          914.4
        ]
      }
    },
    {
      "type": "Feature",
      "properties": {
        "simt": 74351.0,
        "start_simt": 74351.0,
        "end_simt": 74356.0,
        "duration_s": 6.0,
        "id_a": "EC1_0079",
        "id_b": "HP100_0207",
        "dist_h_m": 434.56218105822734,
        "dist_v_m": 0.0,
        "horizontal_ratio": 0.8691243621164547,
        "vertical_ratio": 0.0,
        "vehicle_type_a": "eVTOL",
        "vehicle_type_b": "helicoptero",
        "vehicle_pair": "eVTOL - helicoptero",
        "severity_ratio": 0.0,
        "is_nmac": false,
        "is_mac": false,
        "event_class": "lowc"
      },
      "geometry": {
        "type": "Point",
        "coordinates": [
          -46.67340527499999,
          -23.527825655,
          914.4
        ]
      }
    },
    {
      "type": "Feature",
      "properties": {
        "simt": 74354.0,
        "start_simt": 74354.0,
        "end_simt": 74467.0,
        "duration_s": 114.0,
        "id_a": "EC1_0193",
        "id_b": "HP100_0207",
        "dist_h_m": 456.85075193421994,
        "dist_v_m": 0.0,
        "horizontal_ratio": 0.9137015038684398,
        "vertical_ratio": 0.0,
        "vehicle_type_a": "eVTOL",
        "vehicle_type_b": "helicoptero",
        "vehicle_pair": "eVTOL - helicoptero",
        "severity_ratio": 0.0,
        "is_nmac": false,
        "is_mac": false,
        "event_class": "lowc"
      },
      "geometry": {
        "type": "Point",
        "coordinates": [
          -46.67434835,
          -23.525845235,
          914.4
        ]
      }
    },
    {
      "type": "Feature",
      "properties": {
        "simt": 74358.0,
        "start_simt": 74358.0,
        "end_simt": 74362.0,
        "duration_s": 5.0,
        "id_a": "EC1_0102",
        "id_b": "EC1_0183",
        "dist_h_m": 499.4201916590578,
        "dist_v_m": 44.959115999999995,
        "horizontal_ratio": 0.9988403833181156,
        "vertical_ratio": 0.3277859142607174,
        "vehicle_type_a": "eVTOL",
        "vehicle_type_b": "eVTOL",
        "vehicle_pair": "eVTOL - eVTOL",
        "severity_ratio": 0.3277859142607174,
        "is_nmac": false,
        "is_mac": false,
        "event_class": "lowc"
      },
      "geometry": {
        "type": "Point",
        "coordinates": [
          -46.777787849999996,
          -23.472898630000003,
          817.826016
        ]
      }
    },
    {
      "type": "Feature",
      "properties": {
        "simt": 74390.0,
        "start_simt": 74349.0,
        "end_simt": 74430.0,
        "duration_s": 82.0,
        "id_a": "EC1_0102",
        "id_b": "EC1_0110",
        "dist_h_m": 332.9214888647584,
        "dist_v_m": 0.0,
        "horizontal_ratio": 0.6658429777295167,
        "vertical_ratio": 0.0,
        "vehicle_type_a": "eVTOL",
        "vehicle_type_b": "eVTOL",
        "vehicle_pair": "eVTOL - eVTOL",
        "severity_ratio": 0.0,
        "is_nmac": false,
        "is_mac": false,
        "event_class": "lowc"
      },
      "geometry": {
        "type": "Point",
        "coordinates": [
          -46.771025695000006,
          -23.476107875,
          914.4
        ]
      }
    },
    {
      "type": "Feature",
      "properties": {
        "simt": 74396.0,
        "start_simt": 74396.0,
        "end_simt": 74429.0,
        "duration_s": 34.0,
        "id_a": "EC1_0085",
        "id_b": "EC1_0087",
        "dist_h_m": 79.3576029507002,
        "dist_v_m": 0.0,
        "horizontal_ratio": 0.1587152059014004,
        "vertical_ratio": 0.0,
        "vehicle_type_a": "eVTOL",
        "vehicle_type_b": "eVTOL",
        "vehicle_pair": "eVTOL - eVTOL",
        "severity_ratio": 0.0,
        "is_nmac": true,
        "is_mac": false,
        "event_class": "nmac"
      },
      "geometry": {
        "type": "Point",
        "coordinates": [
          -46.685843295,
          -23.590870135000003,
          818.0832
        ]
      }
    },
    {
      "type": "Feature",
      "properties": {
        "simt": 74422.0,
        "start_simt": 74422.0,
        "end_simt": 74427.0,
        "duration_s": 6.0,
        "id_a": "EC1_0061",
        "id_b": "EC1_0079",
        "dist_h_m": 410.9041378496209,
        "dist_v_m": 0.0,
        "horizontal_ratio": 0.8218082756992418,
        "vertical_ratio": 0.0,
        "vehicle_type_a": "eVTOL",
        "vehicle_type_b": "eVTOL",
        "vehicle_pair": "eVTOL - eVTOL",
        "severity_ratio": 0.0,
        "is_nmac": false,
        "is_mac": false,
        "event_class": "lowc"
      },
      "geometry": {
        "type": "Point",
        "coordinates": [
          -46.67566397,
          -23.56868974,
          914.4
        ]
      }
    },
    {
      "type": "Feature",
      "properties": {
        "simt": 74432.0,
        "start_simt": 74427.0,
        "end_simt": 74435.0,
        "duration_s": 9.0,
        "id_a": "EC1_0079",
        "id_b": "HP100_0209",
        "dist_h_m": 154.53281943852872,
        "dist_v_m": 0.0,
        "horizontal_ratio": 0.30906563887705746,
        "vertical_ratio": 0.0,
        "vehicle_type_a": "eVTOL",
        "vehicle_type_b": "helicoptero",
        "vehicle_pair": "eVTOL - helicoptero",
        "severity_ratio": 0.0,
        "is_nmac": true,
        "is_mac": false,
        "event_class": "nmac"
      },
      "geometry": {
        "type": "Point",
        "coordinates": [
          -46.669726085,
          -23.569285915000002,
          914.4
        ]
      }
    },
    {
      "type": "Feature",
      "properties": {
        "simt": 74450.0,
        "start_simt": 74446.0,
        "end_simt": 74450.0,
        "duration_s": 5.0,
        "id_a": "EC1_0079",
        "id_b": "HP100_0210",
        "dist_h_m": 442.46228210478756,
        "dist_v_m": 14.187111000000073,
        "horizontal_ratio": 0.8849245642095751,
        "vertical_ratio": 0.1034347550306217,
        "vehicle_type_a": "eVTOL",
        "vehicle_type_b": "helicoptero",
        "vehicle_pair": "eVTOL - helicoptero",
        "severity_ratio": 0.1034347550306217,
        "is_nmac": false,
        "is_mac": false,
        "event_class": "lowc"
      },
      "geometry": {
        "type": "Point",
        "coordinates": [
          -46.659388085,
          -23.563194574999997,
          894.6934435000001
        ]
      }
    },
    {
      "type": "Feature",
      "properties": {
        "simt": 74493.0,
        "start_simt": 74493.0,
        "end_simt": 74499.0,
        "duration_s": 7.0,
        "id_a": "EC1_0193",
        "id_b": "HP100_0208",
        "dist_h_m": 482.88969468003955,
        "dist_v_m": 0.0,
        "horizontal_ratio": 0.9657793893600791,
        "vertical_ratio": 0.0,
        "vehicle_type_a": "eVTOL",
        "vehicle_type_b": "helicoptero",
        "vehicle_pair": "eVTOL - helicoptero",
        "severity_ratio": 0.0,
        "is_nmac": true,
        "is_mac": false,
        "event_class": "nmac"
      },
      "geometry": {
        "type": "Point",
        "coordinates": [
          -46.73752838,
          -23.543134025,
          914.4
        ]
      }
    },
    {
      "type": "Feature",
      "properties": {
        "simt": 74511.0,
        "start_simt": 74511.0,
        "end_simt": 74516.0,
        "duration_s": 6.0,
        "id_a": "EC1_0085",
        "id_b": "EC1_0193",
        "dist_h_m": 404.12457487901435,
        "dist_v_m": 0.0,
        "horizontal_ratio": 0.8082491497580286,
        "vertical_ratio": 0.0,
        "vehicle_type_a": "eVTOL",
        "vehicle_type_b": "eVTOL",
        "vehicle_pair": "eVTOL - eVTOL",
        "severity_ratio": 0.0,
        "is_nmac": true,
        "is_mac": false,
        "event_class": "nmac"
      },
      "geometry": {
        "type": "Point",
        "coordinates": [
          -46.727109955,
          -23.54975551,
          914.4
        ]
      }
    },
    {
      "type": "Feature",
      "properties": {
        "simt": 74533.0,
        "start_simt": 74533.0,
        "end_simt": 74540.0,
        "duration_s": 8.0,
        "id_a": "EC1_0102",
        "id_b": "HP100_0208",
        "dist_h_m": 452.77565036499135,
        "dist_v_m": 0.0,
        "horizontal_ratio": 0.9055513007299827,
        "vertical_ratio": 0.0,
        "vehicle_type_a": "eVTOL",
        "vehicle_type_b": "helicoptero",
        "vehicle_pair": "eVTOL - helicoptero",
        "severity_ratio": 0.0,
        "is_nmac": false,
        "is_mac": false,
        "event_class": "lowc"
      },
      "geometry": {
        "type": "Point",
        "coordinates": [
          -46.74520451,
          -23.527654485,
          914.4
        ]
      }
    },
    {
      "type": "Feature",
      "properties": {
        "simt": 74537.0,
        "start_simt": 74537.0,
        "end_simt": 74543.0,
        "duration_s": 7.0,
        "id_a": "EC1_0085",
        "id_b": "EC1_0110",
        "dist_h_m": 435.54989368061655,
        "dist_v_m": 0.0,
        "horizontal_ratio": 0.8710997873612331,
        "vertical_ratio": 0.0,
        "vehicle_type_a": "eVTOL",
        "vehicle_type_b": "eVTOL",
        "vehicle_pair": "eVTOL - eVTOL",
        "severity_ratio": 0.0,
        "is_nmac": false,
        "is_mac": false,
        "event_class": "lowc"
      },
      "geometry": {
        "type": "Point",
        "coordinates": [
          -46.740010425,
          -23.537874520000003,
          914.4
        ]
      }
    },
    {
      "type": "Feature",
      "properties": {
        "simt": 74549.0,
        "start_simt": 74549.0,
        "end_simt": 74554.0,
        "duration_s": 6.0,
        "id_a": "EC1_0009",
        "id_b": "HP100_0207",
        "dist_h_m": 473.60986754822596,
        "dist_v_m": 0.0,
        "horizontal_ratio": 0.947219735096452,
        "vertical_ratio": 0.0,
        "vehicle_type_a": "eVTOL",
        "vehicle_type_b": "helicoptero",
        "vehicle_pair": "eVTOL - helicoptero",
        "severity_ratio": 0.0,
        "is_nmac": false,
        "is_mac": false,
        "event_class": "lowc"
      },
      "geometry": {
        "type": "Point",
        "coordinates": [
          -46.812559055,
          -23.51046694,
          914.4
        ]
      }
    },
    {
      "type": "Feature",
      "properties": {
        "simt": 74555.0,
        "start_simt": 74555.0,
        "end_simt": 74560.0,
        "duration_s": 6.0,
        "id_a": "EC1_0177",
        "id_b": "EC1_0198",
        "dist_h_m": 429.2144468692541,
        "dist_v_m": 0.0,
        "horizontal_ratio": 0.8584288937385083,
        "vertical_ratio": 0.0,
        "vehicle_type_a": "eVTOL",
        "vehicle_type_b": "eVTOL",
        "vehicle_pair": "eVTOL - eVTOL",
        "severity_ratio": 0.0,
        "is_nmac": false,
        "is_mac": false,
        "event_class": "lowc"
      },
      "geometry": {
        "type": "Point",
        "coordinates": [
          -46.570954435000004,
          -23.534253784999997,
          914.4
        ]
      }
    },
    {
      "type": "Feature",
      "properties": {
        "simt": 74567.0,
        "start_simt": 74567.0,
        "end_simt": 74573.0,
        "duration_s": 7.0,
        "id_a": "EC1_0133",
        "id_b": "HP100_0201",
        "dist_h_m": 401.2441260380913,
        "dist_v_m": 0.0,
        "horizontal_ratio": 0.8024882520761826,
        "vertical_ratio": 0.0,
        "vehicle_type_a": "eVTOL",
        "vehicle_type_b": "helicoptero",
        "vehicle_pair": "eVTOL - helicoptero",
        "severity_ratio": 0.0,
        "is_nmac": true,
        "is_mac": false,
        "event_class": "nmac"
      },
      "geometry": {
        "type": "Point",
        "coordinates": [
          -46.816319665,
          -23.53502701,
          914.4
        ]
      }
    },
    {
      "type": "Feature",
      "properties": {
        "simt": 74573.0,
        "start_simt": 74573.0,
        "end_simt": 74578.0,
        "duration_s": 6.0,
        "id_a": "HP100_0208",
        "id_b": "HP100_0209",
        "dist_h_m": 416.31121665982255,
        "dist_v_m": 0.0,
        "horizontal_ratio": 0.8326224333196451,
        "vertical_ratio": 0.0,
        "vehicle_type_a": "helicoptero",
        "vehicle_type_b": "helicoptero",
        "vehicle_pair": "helicoptero - helicoptero",
        "severity_ratio": 0.0,
        "is_nmac": false,
        "is_mac": false,
        "event_class": "lowc"
      },
      "geometry": {
        "type": "Point",
        "coordinates": [
          -46.727638735,
          -23.514977385,
          914.4
        ]
      }
    },
    {
      "type": "Feature",
      "properties": {
        "simt": 74582.0,
        "start_simt": 74582.0,
        "end_simt": 74588.0,
        "duration_s": 7.0,
        "id_a": "EC1_0085",
        "id_b": "HP100_0209",
        "dist_h_m": 479.21532448052284,
        "dist_v_m": 0.0,
        "horizontal_ratio": 0.9584306489610457,
        "vertical_ratio": 0.0,
        "vehicle_type_a": "eVTOL",
        "vehicle_type_b": "helicoptero",
        "vehicle_pair": "eVTOL - helicoptero",
        "severity_ratio": 0.0,
        "is_nmac": true,
        "is_mac": false,
        "event_class": "nmac"
      },
      "geometry": {
        "type": "Point",
        "coordinates": [
          -46.735283710000004,
          -23.515562305,
          914.4
        ]
      }
    },
    {
      "type": "Feature",
      "properties": {
        "simt": 74589.0,
        "start_simt": 74589.0,
        "end_simt": 74594.0,
        "duration_s": 6.0,
        "id_a": "EC1_0009",
        "id_b": "EC1_0102",
        "dist_h_m": 445.45131857231877,
        "dist_v_m": 0.0,
        "horizontal_ratio": 0.8909026371446376,
        "vertical_ratio": 0.0,
        "vehicle_type_a": "eVTOL",
        "vehicle_type_b": "eVTOL",
        "vehicle_pair": "eVTOL - eVTOL",
        "severity_ratio": 0.0,
        "is_nmac": false,
        "is_mac": false,
        "event_class": "lowc"
      },
      "geometry": {
        "type": "Point",
        "coordinates": [
          -46.784997705,
          -23.51944293,
          914.4
        ]
      }
    },
    {
      "type": "Feature",
      "properties": {
        "simt": 74594.0,
        "start_simt": 74594.0,
        "end_simt": 74598.0,
        "duration_s": 5.0,
        "id_a": "HP100_0208",
        "id_b": "HP100_0210",
        "dist_h_m": 375.3540503154038,
        "dist_v_m": 0.0,
        "horizontal_ratio": 0.7507081006308076,
        "vertical_ratio": 0.0,
        "vehicle_type_a": "helicoptero",
        "vehicle_type_b": "helicoptero",
        "vehicle_pair": "helicoptero - helicoptero",
        "severity_ratio": 0.0,
        "is_nmac": false,
        "is_mac": false,
        "event_class": "lowc"
      },
      "geometry": {
        "type": "Point",
        "coordinates": [
          -46.714482995,
          -23.51589681,
          914.4
        ]
      }
    },
    {
      "type": "Feature",
      "properties": {
        "simt": 74600.0,
        "start_simt": 74600.0,
        "end_simt": 74604.0,
        "duration_s": 5.0,
        "id_a": "EC1_0002",
        "id_b": "EC1_0133",
        "dist_h_m": 462.77788435871696,
        "dist_v_m": 0.0,
        "horizontal_ratio": 0.925555768717434,
        "vertical_ratio": 0.0,
        "vehicle_type_a": "eVTOL",
        "vehicle_type_b": "eVTOL",
        "vehicle_pair": "eVTOL - eVTOL",
        "severity_ratio": 0.0,
        "is_nmac": false,
        "is_mac": false,
        "event_class": "lowc"
      },
      "geometry": {
        "type": "Point",
        "coordinates": [
          -46.814163699999995,
          -23.512841535,
          914.4
        ]
      }
    },
    {
      "type": "Feature",
      "properties": {
        "simt": 74613.0,
        "start_simt": 74613.0,
        "end_simt": 74618.0,
        "duration_s": 6.0,
        "id_a": "EC1_0002",
        "id_b": "EC1_0102",
        "dist_h_m": 465.90780462944576,
        "dist_v_m": 0.0,
        "horizontal_ratio": 0.9318156092588915,
        "vertical_ratio": 0.0,
        "vehicle_type_a": "eVTOL",
        "vehicle_type_b": "eVTOL",
        "vehicle_pair": "eVTOL - eVTOL",
        "severity_ratio": 0.0,
        "is_nmac": false,
        "is_mac": false,
        "event_class": "lowc"
      },
      "geometry": {
        "type": "Point",
        "coordinates": [
          -46.801385120000006,
          -23.51338046,
          914.4
        ]
      }
    },
    {
      "type": "Feature",
      "properties": {
        "simt": 74628.0,
        "start_simt": 74628.0,
        "end_simt": 74634.0,
        "duration_s": 7.0,
        "id_a": "EC1_0175",
        "id_b": "EC1_0198",
        "dist_h_m": 474.720158525429,
        "dist_v_m": 0.0,
        "horizontal_ratio": 0.949440317050858,
        "vertical_ratio": 0.0,
        "vehicle_type_a": "eVTOL",
        "vehicle_type_b": "eVTOL",
        "vehicle_pair": "eVTOL - eVTOL",
        "severity_ratio": 0.0,
        "is_nmac": true,
        "is_mac": false,
        "event_class": "nmac"
      },
      "geometry": {
        "type": "Point",
        "coordinates": [
          -46.532630174999994,
          -23.500137085,
          914.4
        ]
      }
    },
    {
      "type": "Feature",
      "properties": {
        "simt": 74633.0,
        "start_simt": 74627.0,
        "end_simt": 74640.0,
        "duration_s": 14.0,
        "id_a": "EC1_0117",
        "id_b": "HP100_0201",
        "dist_h_m": 53.45489108930437,
        "dist_v_m": 3.9178399999999556,
        "horizontal_ratio": 0.10690978217860873,
        "vertical_ratio": 0.028564012831729043,
        "vehicle_type_a": "eVTOL",
        "vehicle_type_b": "helicoptero",
        "vehicle_pair": "eVTOL - helicoptero",
        "severity_ratio": 0.028564012831729043,
        "is_nmac": true,
        "is_mac": false,
        "event_class": "nmac"
      },
      "geometry": {
        "type": "Point",
        "coordinates": [
          -46.825052095,
          -23.56458311,
          829.5688250000001
        ]
      }
    },
    {
      "type": "Feature",
      "properties": {
        "simt": 74664.0,
        "start_simt": 74664.0,
        "end_simt": 74669.0,
        "duration_s": 6.0,
        "id_a": "EC1_0002",
        "id_b": "HP100_0210",
        "dist_h_m": 428.22089391767923,
        "dist_v_m": 0.0,
        "horizontal_ratio": 0.8564417878353585,
        "vertical_ratio": 0.0,
        "vehicle_type_a": "eVTOL",
        "vehicle_type_b": "helicoptero",
        "vehicle_pair": "eVTOL - helicoptero",
        "severity_ratio": 0.0,
        "is_nmac": false,
        "is_mac": false,
        "event_class": "lowc"
      },
      "geometry": {
        "type": "Point",
        "coordinates": [
          -46.76601427,
          -23.523546085,
          914.4
        ]
      }
    },
    {
      "type": "Feature",
      "properties": {
        "simt": 74673.0,
        "start_simt": 74673.0,
        "end_simt": 74678.0,
        "duration_s": 6.0,
        "id_a": "EC1_0133",
        "id_b": "HP100_0210",
        "dist_h_m": 424.7617765057495,
        "dist_v_m": 0.0,
        "horizontal_ratio": 0.849523553011499,
        "vertical_ratio": 0.0,
        "vehicle_type_a": "eVTOL",
        "vehicle_type_b": "helicoptero",
        "vehicle_pair": "eVTOL - helicoptero",
        "severity_ratio": 0.0,
        "is_nmac": false,
        "is_mac": false,
        "event_class": "lowc"
      },
      "geometry": {
        "type": "Point",
        "coordinates": [
          -46.772479945,
          -23.522450475,
          914.4
        ]
      }
    },
    {
      "type": "Feature",
      "properties": {
        "simt": 74759.0,
        "start_simt": 74759.0,
        "end_simt": 74765.0,
        "duration_s": 7.0,
        "id_a": "EC1_0175",
        "id_b": "HP100_0208",
        "dist_h_m": 497.34931119790673,
        "dist_v_m": 0.0,
        "horizontal_ratio": 0.9946986223958134,
        "vertical_ratio": 0.0,
        "vehicle_type_a": "eVTOL",
        "vehicle_type_b": "helicoptero",
        "vehicle_pair": "eVTOL - helicoptero",
        "severity_ratio": 0.0,
        "is_nmac": false,
        "is_mac": false,
        "event_class": "lowc"
      },
      "geometry": {
        "type": "Point",
        "coordinates": [
          -46.61057911,
          -23.543017435000003,
          914.4
        ]
      }
    },
    {
      "type": "Feature",
      "properties": {
        "simt": 74810.0,
        "start_simt": 74810.0,
        "end_simt": 74815.0,
        "duration_s": 6.0,
        "id_a": "EC1_0030",
        "id_b": "EC1_0156",
        "dist_h_m": 463.8577528771725,
        "dist_v_m": 0.0,
        "horizontal_ratio": 0.927715505754345,
        "vertical_ratio": 0.0,
        "vehicle_type_a": "eVTOL",
        "vehicle_type_b": "eVTOL",
        "vehicle_pair": "eVTOL - eVTOL",
        "severity_ratio": 0.0,
        "is_nmac": false,
        "is_mac": false,
        "event_class": "lowc"
      },
      "geometry": {
        "type": "Point",
        "coordinates": [
          -46.784886125,
          -23.519619665,
          914.4
        ]
      }
    },
    {
      "type": "Feature",
      "properties": {
        "simt": 74833.0,
        "start_simt": 74833.0,
        "end_simt": 74838.0,
        "duration_s": 6.0,
        "id_a": "EC1_0133",
        "id_b": "EC1_0175",
        "dist_h_m": 361.9801968357192,
        "dist_v_m": 0.0,
        "horizontal_ratio": 0.7239603936714384,
        "vertical_ratio": 0.0,
        "vehicle_type_a": "eVTOL",
        "vehicle_type_b": "eVTOL",
        "vehicle_pair": "eVTOL - eVTOL",
        "severity_ratio": 0.0,
        "is_nmac": true,
        "is_mac": false,
        "event_class": "nmac"
      },
      "geometry": {
        "type": "Point",
        "coordinates": [
          -46.659403080000004,
          -23.526063875,
          914.4
        ]
      }
    },
    {
      "type": "Feature",
      "properties": {
        "simt": 74850.0,
        "start_simt": 74850.0,
        "end_simt": 74856.0,
        "duration_s": 7.0,
        "id_a": "EC1_0184",
        "id_b": "HP100_0208",
        "dist_h_m": 405.9131593331335,
        "dist_v_m": 0.0,
        "horizontal_ratio": 0.811826318666267,
        "vertical_ratio": 0.0,
        "vehicle_type_a": "eVTOL",
        "vehicle_type_b": "helicoptero",
        "vehicle_pair": "eVTOL - helicoptero",
        "severity_ratio": 0.0,
        "is_nmac": false,
        "is_mac": false,
        "event_class": "lowc"
      },
      "geometry": {
        "type": "Point",
        "coordinates": [
          -46.564075555,
          -23.5280276,
          914.4
        ]
      }
    },
    {
      "type": "Feature",
      "properties": {
        "simt": 74875.0,
        "start_simt": 74868.0,
        "end_simt": 74911.0,
        "duration_s": 44.0,
        "id_a": "HP100_0212",
        "id_b": "HP100_0213",
        "dist_h_m": 77.91023089956325,
        "dist_v_m": 0.0,
        "horizontal_ratio": 0.15582046179912648,
        "vertical_ratio": 0.0,
        "vehicle_type_a": "helicoptero",
        "vehicle_type_b": "helicoptero",
        "vehicle_pair": "helicoptero - helicoptero",
        "severity_ratio": 0.0,
        "is_nmac": true,
        "is_mac": false,
        "event_class": "nmac"
      },
      "geometry": {
        "type": "Point",
        "coordinates": [
          -46.702288075,
          -23.61249062,
          914.4
        ]
      }
    },
    {
      "type": "Feature",
      "properties": {
        "simt": 74911.0,
        "start_simt": 74911.0,
        "end_simt": 74916.0,
        "duration_s": 6.0,
        "id_a": "EC1_0030",
        "id_b": "EC1_0175",
        "dist_h_m": 418.525269068421,
        "dist_v_m": 0.0,
        "horizontal_ratio": 0.8370505381368419,
        "vertical_ratio": 0.0,
        "vehicle_type_a": "eVTOL",
        "vehicle_type_b": "eVTOL",
        "vehicle_pair": "eVTOL - eVTOL",
        "severity_ratio": 0.0,
        "is_nmac": false,
        "is_mac": false,
        "event_class": "lowc"
      },
      "geometry": {
        "type": "Point",
        "coordinates": [
          -46.715519744999995,
          -23.515842865,
          914.4
        ]
      }
    },
    {
      "type": "Feature",
      "properties": {
        "simt": 74932.0,
        "start_simt": 74932.0,
        "end_simt": 74937.0,
        "duration_s": 6.0,
        "id_a": "EC1_0173",
        "id_b": "EC1_0175",
        "dist_h_m": 472.616172192153,
        "dist_v_m": 0.0,
        "horizontal_ratio": 0.9452323443843059,
        "vertical_ratio": 0.0,
        "vehicle_type_a": "eVTOL",
        "vehicle_type_b": "eVTOL",
        "vehicle_pair": "eVTOL - eVTOL",
        "severity_ratio": 0.0,
        "is_nmac": false,
        "is_mac": false,
        "event_class": "lowc"
      },
      "geometry": {
        "type": "Point",
        "coordinates": [
          -46.730720225,
          -23.51548425,
          914.4
        ]
      }
    },
    {
      "type": "Feature",
      "properties": {
        "simt": 74943.0,
        "start_simt": 74943.0,
        "end_simt": 74949.0,
        "duration_s": 7.0,
        "id_a": "EC1_0175",
        "id_b": "HP100_0211",
        "dist_h_m": 440.07842247064644,
        "dist_v_m": 0.0,
        "horizontal_ratio": 0.8801568449412929,
        "vertical_ratio": 0.0,
        "vehicle_type_a": "eVTOL",
        "vehicle_type_b": "helicoptero",
        "vehicle_pair": "eVTOL - helicoptero",
        "severity_ratio": 0.0,
        "is_nmac": true,
        "is_mac": false,
        "event_class": "nmac"
      },
      "geometry": {
        "type": "Point",
        "coordinates": [
          -46.73883775,
          -23.516677625,
          914.4
        ]
      }
    },
    {
      "type": "Feature",
      "properties": {
        "simt": 74965.0,
        "start_simt": 74965.0,
        "end_simt": 74971.0,
        "duration_s": 7.0,
        "id_a": "EC1_0030",
        "id_b": "HP100_0214",
        "dist_h_m": 420.9334678788059,
        "dist_v_m": 0.0,
        "horizontal_ratio": 0.8418669357576118,
        "vertical_ratio": 0.0,
        "vehicle_type_a": "eVTOL",
        "vehicle_type_b": "helicoptero",
        "vehicle_pair": "eVTOL - helicoptero",
        "severity_ratio": 0.0,
        "is_nmac": true,
        "is_mac": false,
        "event_class": "nmac"
      },
      "geometry": {
        "type": "Point",
        "coordinates": [
          -46.677287230000005,
          -23.52596958,
          914.4
        ]
      }
    },
    {
      "type": "Feature",
      "properties": {
        "simt": 74980.0,
        "start_simt": 74980.0,
        "end_simt": 75048.0,
        "duration_s": 69.0,
        "id_a": "HP100_0212",
        "id_b": "HP100_0213",
        "dist_h_m": 497.8944629762949,
        "dist_v_m": 0.0,
        "horizontal_ratio": 0.9957889259525898,
        "vertical_ratio": 0.0,
        "vehicle_type_a": "helicoptero",
        "vehicle_type_b": "helicoptero",
        "vehicle_pair": "helicoptero - helicoptero",
        "severity_ratio": 0.0,
        "is_nmac": false,
        "is_mac": false,
        "event_class": "lowc"
      },
      "geometry": {
        "type": "Point",
        "coordinates": [
          -46.747760315,
          -23.556399775,
          914.4
        ]
      }
    },
    {
      "type": "Feature",
      "properties": {
        "simt": 74990.0,
        "start_simt": 74990.0,
        "end_simt": 74995.0,
        "duration_s": 6.0,
        "id_a": "EC1_0030",
        "id_b": "EC1_0184",
        "dist_h_m": 423.46025249249743,
        "dist_v_m": 0.0,
        "horizontal_ratio": 0.8469205049849948,
        "vertical_ratio": 0.0,
        "vehicle_type_a": "eVTOL",
        "vehicle_type_b": "eVTOL",
        "vehicle_pair": "eVTOL - eVTOL",
        "severity_ratio": 0.0,
        "is_nmac": false,
        "is_mac": false,
        "event_class": "lowc"
      },
      "geometry": {
        "type": "Point",
        "coordinates": [
          -46.658207965,
          -23.526077395,
          914.4
        ]
      }
    },
    {
      "type": "Feature",
      "properties": {
        "simt": 74991.0,
        "start_simt": 74984.0,
        "end_simt": 74991.0,
        "duration_s": 8.0,
        "id_a": "EC1_0106",
        "id_b": "HP100_0216",
        "dist_h_m": 409.21532446230316,
        "dist_v_m": 15.945892000000072,
        "horizontal_ratio": 0.8184306489246063,
        "vertical_ratio": 0.11625759696704631,
        "vehicle_type_a": "eVTOL",
        "vehicle_type_b": "helicoptero",
        "vehicle_pair": "eVTOL - helicoptero",
        "severity_ratio": 0.11625759696704631,
        "is_nmac": false,
        "is_mac": false,
        "event_class": "lowc"
      },
      "geometry": {
        "type": "Point",
        "coordinates": [
          -46.687180760000004,
          -23.58939402,
          825.8446759999999
        ]
      }
    },
    {
      "type": "Feature",
      "properties": {
        "simt": 74991.0,
        "start_simt": 74989.0,
        "end_simt": 74991.0,
        "duration_s": 3.0,
        "id_a": "EC1_0106",
        "id_b": "HP100_0217",
        "dist_h_m": 243.63174302511973,
        "dist_v_m": 22.387652000000003,
        "horizontal_ratio": 0.48726348605023945,
        "vertical_ratio": 0.16322289297171189,
        "vehicle_type_a": "eVTOL",
        "vehicle_type_b": "helicoptero",
        "vehicle_pair": "eVTOL - helicoptero",
        "severity_ratio": 0.16322289297171189,
        "is_nmac": false,
        "is_mac": false,
        "event_class": "lowc"
      },
      "geometry": {
        "type": "Point",
        "coordinates": [
          -46.68484699,
          -23.59034939,
          822.6237960000001
        ]
      }
    },
    {
      "type": "Feature",
      "properties": {
        "simt": 75002.0,
        "start_simt": 74999.0,
        "end_simt": 75005.0,
        "duration_s": 7.0,
        "id_a": "EC1_0030",
        "id_b": "HP100_0215",
        "dist_h_m": 182.78886839149862,
        "dist_v_m": 0.582930000000033,
        "horizontal_ratio": 0.36557773678299726,
        "vertical_ratio": 0.0042500000000002406,
        "vehicle_type_a": "eVTOL",
        "vehicle_type_b": "helicoptero",
        "vehicle_pair": "eVTOL - helicoptero",
        "severity_ratio": 0.0042500000000002406,
        "is_nmac": false,
        "is_mac": false,
        "event_class": "lowc"
      },
      "geometry": {
        "type": "Point",
        "coordinates": [
          -46.65144391,
          -23.529407544999998,
          914.108535
        ]
      }
    },
    {
      "type": "Feature",
      "properties": {
        "simt": 75011.0,
        "start_simt": 75011.0,
        "end_simt": 75016.0,
        "duration_s": 6.0,
        "id_a": "EC1_0173",
        "id_b": "EC1_0184",
        "dist_h_m": 392.36487511094964,
        "dist_v_m": 0.0,
        "horizontal_ratio": 0.7847297502218993,
        "vertical_ratio": 0.0,
        "vehicle_type_a": "eVTOL",
        "vehicle_type_b": "eVTOL",
        "vehicle_pair": "eVTOL - eVTOL",
        "severity_ratio": 0.0,
        "is_nmac": false,
        "is_mac": false,
        "event_class": "lowc"
      },
      "geometry": {
        "type": "Point",
        "coordinates": [
          -46.673415255,
          -23.52440986,
          914.4
        ]
      }
    },
    {
      "type": "Feature",
      "properties": {
        "simt": 75021.0,
        "start_simt": 75021.0,
        "end_simt": 75026.0,
        "duration_s": 6.0,
        "id_a": "EC1_0173",
        "id_b": "HP100_0215",
        "dist_h_m": 378.0970980998798,
        "dist_v_m": 0.0,
        "horizontal_ratio": 0.7561941961997596,
        "vertical_ratio": 0.0,
        "vehicle_type_a": "eVTOL",
        "vehicle_type_b": "helicoptero",
        "vehicle_pair": "eVTOL - helicoptero",
        "severity_ratio": 0.0,
        "is_nmac": true,
        "is_mac": false,
        "event_class": "nmac"
      },
      "geometry": {
        "type": "Point",
        "coordinates": [
          -46.66621953,
          -23.52615978,
          914.4
        ]
      }
    },
    {
      "type": "Feature",
      "properties": {
        "simt": 75041.0,
        "start_simt": 75041.0,
        "end_simt": 75047.0,
        "duration_s": 7.0,
        "id_a": "HP100_0212",
        "id_b": "HP100_0214",
        "dist_h_m": 457.8426133822131,
        "dist_v_m": 0.0,
        "horizontal_ratio": 0.9156852267644261,
        "vertical_ratio": 0.0,
        "vehicle_type_a": "helicoptero",
        "vehicle_type_b": "helicoptero",
        "vehicle_pair": "helicoptero - helicoptero",
        "severity_ratio": 0.0,
        "is_nmac": true,
        "is_mac": false,
        "event_class": "nmac"
      },
      "geometry": {
        "type": "Point",
        "coordinates": [
          -46.737617424999996,
          -23.516878230000003,
          914.4
        ]
      }
    },
    {
      "type": "Feature",
      "properties": {
        "simt": 75044.0,
        "start_simt": 75044.0,
        "end_simt": 75049.0,
        "duration_s": 6.0,
        "id_a": "HP100_0213",
        "id_b": "HP100_0214",
        "dist_h_m": 491.2353280743186,
        "dist_v_m": 0.0,
        "horizontal_ratio": 0.9824706561486372,
        "vertical_ratio": 0.0,
        "vehicle_type_a": "helicoptero",
        "vehicle_type_b": "helicoptero",
        "vehicle_pair": "helicoptero - helicoptero",
        "severity_ratio": 0.0,
        "is_nmac": false,
        "is_mac": false,
        "event_class": "lowc"
      },
      "geometry": {
        "type": "Point",
        "coordinates": [
          -46.73984611,
          -23.517667324999998,
          914.4
        ]
      }
    },
    {
      "type": "Feature",
      "properties": {
        "simt": 75048.0,
        "start_simt": 75041.0,
        "end_simt": 75048.0,
        "duration_s": 8.0,
        "id_a": "EC1_0185",
        "id_b": "HP100_0208",
        "dist_h_m": 457.3399771221646,
        "dist_v_m": 30.11316599999998,
        "horizontal_ratio": 0.9146799542443292,
        "vertical_ratio": 0.2195477252843393,
        "vehicle_type_a": "eVTOL",
        "vehicle_type_b": "helicoptero",
        "vehicle_pair": "eVTOL - helicoptero",
        "severity_ratio": 0.2195477252843393,
        "is_nmac": false,
        "is_mac": false,
        "event_class": "lowc"
      },
      "geometry": {
        "type": "Point",
        "coordinates": [
          -46.47154191,
          -23.478688675,
          899.343417
        ]
      }
    },
    {
      "type": "Feature",
      "properties": {
        "simt": 75073.0,
        "start_simt": 75073.0,
        "end_simt": 75078.0,
        "duration_s": 6.0,
        "id_a": "EC1_0184",
        "id_b": "HP100_0213",
        "dist_h_m": 467.1062701920265,
        "dist_v_m": 0.0,
        "horizontal_ratio": 0.934212540384053,
        "vertical_ratio": 0.0,
        "vehicle_type_a": "eVTOL",
        "vehicle_type_b": "helicoptero",
        "vehicle_pair": "eVTOL - helicoptero",
        "severity_ratio": 0.0,
        "is_nmac": false,
        "is_mac": false,
        "event_class": "lowc"
      },
      "geometry": {
        "type": "Point",
        "coordinates": [
          -46.717978040000006,
          -23.51557882,
          914.4
        ]
      }
    },
    {
      "type": "Feature",
      "properties": {
        "simt": 75081.0,
        "start_simt": 75081.0,
        "end_simt": 75086.0,
        "duration_s": 6.0,
        "id_a": "HP100_0213",
        "id_b": "HP100_0215",
        "dist_h_m": 453.2490066190302,
        "dist_v_m": 0.0,
        "horizontal_ratio": 0.9064980132380603,
        "vertical_ratio": 0.0,
        "vehicle_type_a": "helicoptero",
        "vehicle_type_b": "helicoptero",
        "vehicle_pair": "helicoptero - helicoptero",
        "severity_ratio": 0.0,
        "is_nmac": false,
        "is_mac": false,
        "event_class": "lowc"
      },
      "geometry": {
        "type": "Point",
        "coordinates": [
          -46.71178911,
          -23.516316175,
          914.4
        ]
      }
    },
    {
      "type": "Feature",
      "properties": {
        "simt": 75121.0,
        "start_simt": 75121.0,
        "end_simt": 75125.0,
        "duration_s": 5.0,
        "id_a": "EC1_0059",
        "id_b": "HP100_0213",
        "dist_h_m": 413.5024754733218,
        "dist_v_m": 0.0,
        "horizontal_ratio": 0.8270049509466436,
        "vertical_ratio": 0.0,
        "vehicle_type_a": "eVTOL",
        "vehicle_type_b": "helicoptero",
        "vehicle_pair": "eVTOL - helicoptero",
        "severity_ratio": 0.0,
        "is_nmac": false,
        "is_mac": false,
        "event_class": "lowc"
      },
      "geometry": {
        "type": "Point",
        "coordinates": [
          -46.679147165,
          -23.523246655,
          914.4
        ]
      }
    },
    {
      "type": "Feature",
      "properties": {
        "simt": 75178.0,
        "start_simt": 75178.0,
        "end_simt": 75182.0,
        "duration_s": 5.0,
        "id_a": "EC1_0059",
        "id_b": "HP100_0217",
        "dist_h_m": 386.01758480132276,
        "dist_v_m": 0.0,
        "horizontal_ratio": 0.7720351696026455,
        "vertical_ratio": 0.0,
        "vehicle_type_a": "eVTOL",
        "vehicle_type_b": "helicoptero",
        "vehicle_pair": "eVTOL - helicoptero",
        "severity_ratio": 0.0,
        "is_nmac": false,
        "is_mac": false,
        "event_class": "lowc"
      },
      "geometry": {
        "type": "Point",
        "coordinates": [
          -46.719257975,
          -23.5154622,
          914.4
        ]
      }
    },
    {
      "type": "Feature",
      "properties": {
        "simt": 75201.0,
        "start_simt": 75201.0,
        "end_simt": 75204.0,
        "duration_s": 4.0,
        "id_a": "EC1_0128",
        "id_b": "HP100_0214",
        "dist_h_m": 437.62306285821415,
        "dist_v_m": 0.0,
        "horizontal_ratio": 0.8752461257164283,
        "vertical_ratio": 0.0,
        "vehicle_type_a": "eVTOL",
        "vehicle_type_b": "helicoptero",
        "vehicle_pair": "eVTOL - helicoptero",
        "severity_ratio": 0.0,
        "is_nmac": false,
        "is_mac": false,
        "event_class": "lowc"
      },
      "geometry": {
        "type": "Point",
        "coordinates": [
          -46.818009755000006,
          -23.55596798,
          914.4
        ]
      }
    },
    {
      "type": "Feature",
      "properties": {
        "simt": 75240.0,
        "start_simt": 75240.0,
        "end_simt": 75244.0,
        "duration_s": 5.0,
        "id_a": "EC1_0128",
        "id_b": "EC1_0184",
        "dist_h_m": 434.5110717653314,
        "dist_v_m": 0.0,
        "horizontal_ratio": 0.8690221435306628,
        "vertical_ratio": 0.0,
        "vehicle_type_a": "eVTOL",
        "vehicle_type_b": "eVTOL",
        "vehicle_pair": "eVTOL - eVTOL",
        "severity_ratio": 0.0,
        "is_nmac": false,
        "is_mac": false,
        "event_class": "lowc"
      },
      "geometry": {
        "type": "Point",
        "coordinates": [
          -46.817437625,
          -23.533406485,
          914.4
        ]
      }
    },
    {
      "type": "Feature",
      "properties": {
        "simt": 75292.0,
        "start_simt": 75287.0,
        "end_simt": 75295.0,
        "duration_s": 9.0,
        "id_a": "EC1_0121",
        "id_b": "EC1_0184",
        "dist_h_m": 62.74334351779193,
        "dist_v_m": 3.213653000000022,
        "horizontal_ratio": 0.12548668703558385,
        "vertical_ratio": 0.023429957713619293,
        "vehicle_type_a": "eVTOL",
        "vehicle_type_b": "eVTOL",
        "vehicle_pair": "eVTOL - eVTOL",
        "severity_ratio": 0.023429957713619293,
        "is_nmac": true,
        "is_mac": false,
        "event_class": "nmac"
      },
      "geometry": {
        "type": "Point",
        "coordinates": [
          -46.826705915,
          -23.56481421,
          815.6985715
        ]
      }
    },
    {
      "type": "Feature",
      "properties": {
        "simt": 75298.0,
        "start_simt": 75298.0,
        "end_simt": 75303.0,
        "duration_s": 6.0,
        "id_a": "EC1_0185",
        "id_b": "HP100_0217",
        "dist_h_m": 457.45521747865087,
        "dist_v_m": 0.0,
        "horizontal_ratio": 0.9149104349573017,
        "vertical_ratio": 0.0,
        "vehicle_type_a": "eVTOL",
        "vehicle_type_b": "helicoptero",
        "vehicle_pair": "eVTOL - helicoptero",
        "severity_ratio": 0.0,
        "is_nmac": true,
        "is_mac": false,
        "event_class": "nmac"
      },
      "geometry": {
        "type": "Point",
        "coordinates": [
          -46.63039938,
          -23.537460365,
          914.4
        ]
      }
    },
    {
      "type": "Feature",
      "properties": {
        "simt": 75332.0,
        "start_simt": 75332.0,
        "end_simt": 75337.0,
        "duration_s": 6.0,
        "id_a": "EC1_0045",
        "id_b": "EC1_0196",
        "dist_h_m": 482.7236375411848,
        "dist_v_m": 0.0,
        "horizontal_ratio": 0.9654472750823696,
        "vertical_ratio": 0.0,
        "vehicle_type_a": "eVTOL",
        "vehicle_type_b": "eVTOL",
        "vehicle_pair": "eVTOL - eVTOL",
        "severity_ratio": 0.0,
        "is_nmac": false,
        "is_mac": false,
        "event_class": "lowc"
      },
      "geometry": {
        "type": "Point",
        "coordinates": [
          -46.673848254999996,
          -23.52366964,
          914.4
        ]
      }
    },
    {
      "type": "Feature",
      "properties": {
        "simt": 75342.0,
        "start_simt": 75342.0,
        "end_simt": 75479.0,
        "duration_s": 138.0,
        "id_a": "EC1_0045",
        "id_b": "EC1_0196",
        "dist_h_m": 498.5403116654177,
        "dist_v_m": 0.0,
        "horizontal_ratio": 0.9970806233308354,
        "vertical_ratio": 0.0,
        "vehicle_type_a": "eVTOL",
        "vehicle_type_b": "eVTOL",
        "vehicle_pair": "eVTOL - eVTOL",
        "severity_ratio": 0.0,
        "is_nmac": false,
        "is_mac": false,
        "event_class": "lowc"
      },
      "geometry": {
        "type": "Point",
        "coordinates": [
          -46.68064195,
          -23.521599504999998,
          914.4
        ]
      }
    },
    {
      "type": "Feature",
      "properties": {
        "simt": 75396.0,
        "start_simt": 75396.0,
        "end_simt": 75444.0,
        "duration_s": 49.0,
        "id_a": "EC1_0185",
        "id_b": "HP100_0218",
        "dist_h_m": 489.73122759987314,
        "dist_v_m": 0.0,
        "horizontal_ratio": 0.9794624551997463,
        "vertical_ratio": 0.0,
        "vehicle_type_a": "eVTOL",
        "vehicle_type_b": "helicoptero",
        "vehicle_pair": "eVTOL - helicoptero",
        "severity_ratio": 0.0,
        "is_nmac": true,
        "is_mac": false,
        "event_class": "nmac"
      },
      "geometry": {
        "type": "Point",
        "coordinates": [
          -46.69299078,
          -23.52009063,
          914.4
        ]
      }
    },
    {
      "type": "Feature",
      "properties": {
        "simt": 75430.0,
        "start_simt": 75430.0,
        "end_simt": 75688.0,
        "duration_s": 259.0,
        "id_a": "EC1_0013",
        "id_b": "EC1_0022",
        "dist_h_m": 107.0120161606149,
        "dist_v_m": 0.0,
        "horizontal_ratio": 0.21402403232122982,
        "vertical_ratio": 0.0,
        "vehicle_type_a": "eVTOL",
        "vehicle_type_b": "eVTOL",
        "vehicle_pair": "eVTOL - eVTOL",
        "severity_ratio": 0.0,
        "is_nmac": true,
        "is_mac": false,
        "event_class": "nmac"
      },
      "geometry": {
        "type": "Point",
        "coordinates": [
          -46.85703522,
          -23.487009775,
          858.012
        ]
      }
    },
    {
      "type": "Feature",
      "properties": {
        "simt": 75464.0,
        "start_simt": 75439.0,
        "end_simt": 75482.0,
        "duration_s": 44.0,
        "id_a": "EC1_0080",
        "id_b": "HP100_0220",
        "dist_h_m": 354.4878651937025,
        "dist_v_m": 0.0,
        "horizontal_ratio": 0.7089757303874049,
        "vertical_ratio": 0.0,
        "vehicle_type_a": "eVTOL",
        "vehicle_type_b": "helicoptero",
        "vehicle_pair": "eVTOL - helicoptero",
        "severity_ratio": 0.0,
        "is_nmac": false,
        "is_mac": false,
        "event_class": "lowc"
      },
      "geometry": {
        "type": "Point",
        "coordinates": [
          -46.69818467,
          -23.576108175,
          914.4
        ]
      }
    },
    {
      "type": "Feature",
      "properties": {
        "simt": 75504.0,
        "start_simt": 75504.0,
        "end_simt": 75509.0,
        "duration_s": 6.0,
        "id_a": "EC1_0045",
        "id_b": "HP100_0220",
        "dist_h_m": 359.0184882953051,
        "dist_v_m": 0.0,
        "horizontal_ratio": 0.7180369765906102,
        "vertical_ratio": 0.0,
        "vehicle_type_a": "eVTOL",
        "vehicle_type_b": "helicoptero",
        "vehicle_pair": "eVTOL - helicoptero",
        "severity_ratio": 0.0,
        "is_nmac": true,
        "is_mac": false,
        "event_class": "nmac"
      },
      "geometry": {
        "type": "Point",
        "coordinates": [
          -46.717334075,
          -23.55511688,
          914.4
        ]
      }
    },
    {
      "type": "Feature",
      "properties": {
        "simt": 75508.0,
        "start_simt": 75508.0,
        "end_simt": 75513.0,
        "duration_s": 6.0,
        "id_a": "EC1_0045",
        "id_b": "EC1_0080",
        "dist_h_m": 432.83726163540257,
        "dist_v_m": 0.0,
        "horizontal_ratio": 0.8656745232708052,
        "vertical_ratio": 0.0,
        "vehicle_type_a": "eVTOL",
        "vehicle_type_b": "eVTOL",
        "vehicle_pair": "eVTOL - eVTOL",
        "severity_ratio": 0.0,
        "is_nmac": true,
        "is_mac": false,
        "event_class": "nmac"
      },
      "geometry": {
        "type": "Point",
        "coordinates": [
          -46.71442923,
          -23.55650627,
          914.4
        ]
      }
    },
    {
      "type": "Feature",
      "properties": {
        "simt": 75550.0,
        "start_simt": 75550.0,
        "end_simt": 75555.0,
        "duration_s": 6.0,
        "id_a": "EC1_0060",
        "id_b": "EC1_0180",
        "dist_h_m": 438.2905106279523,
        "dist_v_m": 0.0,
        "horizontal_ratio": 0.8765810212559046,
        "vertical_ratio": 0.0,
        "vehicle_type_a": "eVTOL",
        "vehicle_type_b": "eVTOL",
        "vehicle_pair": "eVTOL - eVTOL",
        "severity_ratio": 0.0,
        "is_nmac": false,
        "is_mac": false,
        "event_class": "lowc"
      },
      "geometry": {
        "type": "Point",
        "coordinates": [
          -46.55216735,
          -23.51492449,
          914.4
        ]
      }
    },
    {
      "type": "Feature",
      "properties": {
        "simt": 75603.0,
        "start_simt": 75603.0,
        "end_simt": 75610.0,
        "duration_s": 8.0,
        "id_a": "EC1_0060",
        "id_b": "HP100_0219",
        "dist_h_m": 456.18807567939956,
        "dist_v_m": 0.0,
        "horizontal_ratio": 0.9123761513587991,
        "vertical_ratio": 0.0,
        "vehicle_type_a": "eVTOL",
        "vehicle_type_b": "helicoptero",
        "vehicle_pair": "eVTOL - helicoptero",
        "severity_ratio": 0.0,
        "is_nmac": false,
        "is_mac": false,
        "event_class": "lowc"
      },
      "geometry": {
        "type": "Point",
        "coordinates": [
          -46.51996028,
          -23.495625925,
          914.4
        ]
      }
    },
    {
      "type": "Feature",
      "properties": {
        "simt": 75653.0,
        "start_simt": 75653.0,
        "end_simt": 75658.0,
        "duration_s": 6.0,
        "id_a": "EC1_0032",
        "id_b": "EC1_0121",
        "dist_h_m": 393.5982442733916,
        "dist_v_m": 0.0,
        "horizontal_ratio": 0.7871964885467831,
        "vertical_ratio": 0.0,
        "vehicle_type_a": "eVTOL",
        "vehicle_type_b": "eVTOL",
        "vehicle_pair": "eVTOL - eVTOL",
        "severity_ratio": 0.0,
        "is_nmac": false,
        "is_mac": false,
        "event_class": "lowc"
      },
      "geometry": {
        "type": "Point",
        "coordinates": [
          -46.67586128,
          -23.547451785,
          914.4
        ]
      }
    },
    {
      "type": "Feature",
      "properties": {
        "simt": 75675.0,
        "start_simt": 75675.0,
        "end_simt": 75680.0,
        "duration_s": 6.0,
        "id_a": "EC1_0053",
        "id_b": "EC1_0121",
        "dist_h_m": 394.88674586812783,
        "dist_v_m": 0.0,
        "horizontal_ratio": 0.7897734917362557,
        "vertical_ratio": 0.0,
        "vehicle_type_a": "eVTOL",
        "vehicle_type_b": "eVTOL",
        "vehicle_pair": "eVTOL - eVTOL",
        "severity_ratio": 0.0,
        "is_nmac": false,
        "is_mac": false,
        "event_class": "lowc"
      },
      "geometry": {
        "type": "Point",
        "coordinates": [
          -46.679632075,
          -23.56098208,
          914.4
        ]
      }
    },
    {
      "type": "Feature",
      "properties": {
        "simt": 75684.0,
        "start_simt": 75684.0,
        "end_simt": 75690.0,
        "duration_s": 7.0,
        "id_a": "EC1_0032",
        "id_b": "EC1_0080",
        "dist_h_m": 422.6737470321467,
        "dist_v_m": 0.0,
        "horizontal_ratio": 0.8453474940642934,
        "vertical_ratio": 0.0,
        "vehicle_type_a": "eVTOL",
        "vehicle_type_b": "eVTOL",
        "vehicle_pair": "eVTOL - eVTOL",
        "severity_ratio": 0.0,
        "is_nmac": true,
        "is_mac": false,
        "event_class": "nmac"
      },
      "geometry": {
        "type": "Point",
        "coordinates": [
          -46.67452014,
          -23.526533315000002,
          914.4
        ]
      }
    },
    {
      "type": "Feature",
      "properties": {
        "simt": 75735.0,
        "start_simt": 75735.0,
        "end_simt": 75848.0,
        "duration_s": 114.0,
        "id_a": "EC1_0053",
        "id_b": "EC1_0180",
        "dist_h_m": 496.68422809011645,
        "dist_v_m": 0.0,
        "horizontal_ratio": 0.993368456180233,
        "vertical_ratio": 0.0,
        "vehicle_type_a": "eVTOL",
        "vehicle_type_b": "eVTOL",
        "vehicle_pair": "eVTOL - eVTOL",
        "severity_ratio": 0.0,
        "is_nmac": false,
        "is_mac": false,
        "event_class": "lowc"
      },
      "geometry": {
        "type": "Point",
        "coordinates": [
          -46.673268699999994,
          -23.52405001,
          914.4
        ]
      }
    },
    {
      "type": "Feature",
      "properties": {
        "simt": 75766.0,
        "start_simt": 75766.0,
        "end_simt": 75773.0,
        "duration_s": 8.0,
        "id_a": "EC1_0046",
        "id_b": "EC1_0080",
        "dist_h_m": 415.78205448044605,
        "dist_v_m": 0.0,
        "horizontal_ratio": 0.8315641089608921,
        "vertical_ratio": 0.0,
        "vehicle_type_a": "eVTOL",
        "vehicle_type_b": "eVTOL",
        "vehicle_pair": "eVTOL - eVTOL",
        "severity_ratio": 0.0,
        "is_nmac": true,
        "is_mac": false,
        "event_class": "nmac"
      },
      "geometry": {
        "type": "Point",
        "coordinates": [
          -46.668462025,
          -23.56893709,
          914.4
        ]
      }
    },
    {
      "type": "Feature",
      "properties": {
        "simt": 75790.0,
        "start_simt": 75790.0,
        "end_simt": 75795.0,
        "duration_s": 6.0,
        "id_a": "EC1_0032",
        "id_b": "HP100_0221",
        "dist_h_m": 405.5145100731694,
        "dist_v_m": 0.0,
        "horizontal_ratio": 0.8110290201463388,
        "vertical_ratio": 0.0,
        "vehicle_type_a": "eVTOL",
        "vehicle_type_b": "helicoptero",
        "vehicle_pair": "eVTOL - helicoptero",
        "severity_ratio": 0.0,
        "is_nmac": false,
        "is_mac": false,
        "event_class": "lowc"
      },
      "geometry": {
        "type": "Point",
        "coordinates": [
          -46.74548032,
          -23.520877265,
          914.4
        ]
      }
    },
    {
      "type": "Feature",
      "properties": {
        "simt": 75799.0,
        "start_simt": 75797.0,
        "end_simt": 75887.0,
        "duration_s": 91.0,
        "id_a": "EC1_0032",
        "id_b": "EC1_0152",
        "dist_h_m": 282.65506923889603,
        "dist_v_m": 0.0,
        "horizontal_ratio": 0.5653101384777921,
        "vertical_ratio": 0.0,
        "vehicle_type_a": "eVTOL",
        "vehicle_type_b": "eVTOL",
        "vehicle_pair": "eVTOL - eVTOL",
        "severity_ratio": 0.0,
        "is_nmac": true,
        "is_mac": false,
        "event_class": "nmac"
      },
      "geometry": {
        "type": "Point",
        "coordinates": [
          -46.75003198,
          -23.524609005,
          914.4
        ]
      }
    },
    {
      "type": "Feature",
      "properties": {
        "simt": 75812.0,
        "start_simt": 75812.0,
        "end_simt": 75815.0,
        "duration_s": 4.0,
        "id_a": "EC1_0053",
        "id_b": "HP100_0221",
        "dist_h_m": 469.9455972461088,
        "dist_v_m": 0.0,
        "horizontal_ratio": 0.9398911944922176,
        "vertical_ratio": 0.0,
        "vehicle_type_a": "eVTOL",
        "vehicle_type_b": "helicoptero",
        "vehicle_pair": "eVTOL - helicoptero",
        "severity_ratio": 0.0,
        "is_nmac": false,
        "is_mac": false,
        "event_class": "lowc"
      },
      "geometry": {
        "type": "Point",
        "coordinates": [
          -46.732297290000005,
          -23.51334322,
          914.4
        ]
      }
    },
    {
      "type": "Feature",
      "properties": {
        "simt": 75836.0,
        "start_simt": 75836.0,
        "end_simt": 75840.0,
        "duration_s": 5.0,
        "id_a": "EC1_0053",
        "id_b": "EC1_0170",
        "dist_h_m": 386.7585764905655,
        "dist_v_m": 0.0,
        "horizontal_ratio": 0.773517152981131,
        "vertical_ratio": 0.0,
        "vehicle_type_a": "eVTOL",
        "vehicle_type_b": "eVTOL",
        "vehicle_pair": "eVTOL - eVTOL",
        "severity_ratio": 0.0,
        "is_nmac": false,
        "is_mac": false,
        "event_class": "lowc"
      },
      "geometry": {
        "type": "Point",
        "coordinates": [
          -46.74628707,
          -23.521810175,
          914.4
        ]
      }
    },
    {
      "type": "Feature",
      "properties": {
        "simt": 75838.0,
        "start_simt": 75838.0,
        "end_simt": 75843.0,
        "duration_s": 6.0,
        "id_a": "EC1_0170",
        "id_b": "EC1_0180",
        "dist_h_m": 470.2295548226564,
        "dist_v_m": 0.0,
        "horizontal_ratio": 0.9404591096453128,
        "vertical_ratio": 0.0,
        "vehicle_type_a": "eVTOL",
        "vehicle_type_b": "eVTOL",
        "vehicle_pair": "eVTOL - eVTOL",
        "severity_ratio": 0.0,
        "is_nmac": false,
        "is_mac": false,
        "event_class": "lowc"
      },
      "geometry": {
        "type": "Point",
        "coordinates": [
          -46.744973990000005,
          -23.520380510000003,
          914.4
        ]
      }
    },
    {
      "type": "Feature",
      "properties": {
        "simt": 75858.0,
        "start_simt": 75858.0,
        "end_simt": 75864.0,
        "duration_s": 7.0,
        "id_a": "EC1_0180",
        "id_b": "HP100_0222",
        "dist_h_m": 484.35329466802983,
        "dist_v_m": 0.0,
        "horizontal_ratio": 0.9687065893360597,
        "vertical_ratio": 0.0,
        "vehicle_type_a": "eVTOL",
        "vehicle_type_b": "helicoptero",
        "vehicle_pair": "eVTOL - helicoptero",
        "severity_ratio": 0.0,
        "is_nmac": false,
        "is_mac": false,
        "event_class": "lowc"
      },
      "geometry": {
        "type": "Point",
        "coordinates": [
          -46.750135465,
          -23.53237215,
          914.4
        ]
      }
    },
    {
      "type": "Feature",
      "properties": {
        "simt": 75879.0,
        "start_simt": 75879.0,
        "end_simt": 75885.0,
        "duration_s": 7.0,
        "id_a": "EC1_0067",
        "id_b": "EC1_0180",
        "dist_h_m": 433.32266618797564,
        "dist_v_m": 0.0,
        "horizontal_ratio": 0.8666453323759513,
        "vertical_ratio": 0.0,
        "vehicle_type_a": "eVTOL",
        "vehicle_type_b": "eVTOL",
        "vehicle_pair": "eVTOL - eVTOL",
        "severity_ratio": 0.0,
        "is_nmac": true,
        "is_mac": false,
        "event_class": "nmac"
      },
      "geometry": {
        "type": "Point",
        "coordinates": [
          -46.738132225,
          -23.542663365000003,
          914.4
        ]
      }
    },
    {
      "type": "Feature",
      "properties": {
        "simt": 75898.0,
        "start_simt": 75898.0,
        "end_simt": 75902.0,
        "duration_s": 5.0,
        "id_a": "EC1_0046",
        "id_b": "EC1_0170",
        "dist_h_m": 382.56678825135066,
        "dist_v_m": 0.0,
        "horizontal_ratio": 0.7651335765027013,
        "vertical_ratio": 0.0,
        "vehicle_type_a": "eVTOL",
        "vehicle_type_b": "eVTOL",
        "vehicle_pair": "eVTOL - eVTOL",
        "severity_ratio": 0.0,
        "is_nmac": false,
        "is_mac": false,
        "event_class": "lowc"
      },
      "geometry": {
        "type": "Point",
        "coordinates": [
          -46.70167755,
          -23.519022239999998,
          914.4
        ]
      }
    },
    {
      "type": "Feature",
      "properties": {
        "simt": 75918.0,
        "start_simt": 75918.0,
        "end_simt": 75922.0,
        "duration_s": 5.0,
        "id_a": "EC1_0046",
        "id_b": "HP100_0222",
        "dist_h_m": 397.43852541656133,
        "dist_v_m": 0.0,
        "horizontal_ratio": 0.7948770508331227,
        "vertical_ratio": 0.0,
        "vehicle_type_a": "eVTOL",
        "vehicle_type_b": "helicoptero",
        "vehicle_pair": "eVTOL - helicoptero",
        "severity_ratio": 0.0,
        "is_nmac": false,
        "is_mac": false,
        "event_class": "lowc"
      },
      "geometry": {
        "type": "Point",
        "coordinates": [
          -46.715738185,
          -23.51584165,
          914.4
        ]
      }
    },
    {
      "type": "Feature",
      "properties": {
        "simt": 75926.0,
        "start_simt": 75926.0,
        "end_simt": 75931.0,
        "duration_s": 6.0,
        "id_a": "EC1_0170",
        "id_b": "HP100_0219",
        "dist_h_m": 407.7065673700571,
        "dist_v_m": 0.0,
        "horizontal_ratio": 0.8154131347401141,
        "vertical_ratio": 0.0,
        "vehicle_type_a": "eVTOL",
        "vehicle_type_b": "helicoptero",
        "vehicle_pair": "eVTOL - helicoptero",
        "severity_ratio": 0.0,
        "is_nmac": false,
        "is_mac": false,
        "event_class": "lowc"
      },
      "geometry": {
        "type": "Point",
        "coordinates": [
          -46.6815318,
          -23.522770039999997,
          914.4
        ]
      }
    },
    {
      "type": "Feature",
      "properties": {
        "simt": 75940.0,
        "start_simt": 75940.0,
        "end_simt": 75943.0,
        "duration_s": 4.0,
        "id_a": "EC1_0122",
        "id_b": "EC1_0152",
        "dist_h_m": 485.26750551509525,
        "dist_v_m": 0.0,
        "horizontal_ratio": 0.9705350110301905,
        "vertical_ratio": 0.0,
        "vehicle_type_a": "eVTOL",
        "vehicle_type_b": "eVTOL",
        "vehicle_pair": "eVTOL - eVTOL",
        "severity_ratio": 0.0,
        "is_nmac": false,
        "is_mac": false,
        "event_class": "lowc"
      },
      "geometry": {
        "type": "Point",
        "coordinates": [
          -46.818040955,
          -23.548186075,
          914.4
        ]
      }
    },
    {
      "type": "Feature",
      "properties": {
        "simt": 75945.0,
        "start_simt": 75945.0,
        "end_simt": 75950.0,
        "duration_s": 6.0,
        "id_a": "HP100_0219",
        "id_b": "HP100_0222",
        "dist_h_m": 480.18665456187995,
        "dist_v_m": 0.0,
        "horizontal_ratio": 0.9603733091237598,
        "vertical_ratio": 0.0,
        "vehicle_type_a": "helicoptero",
        "vehicle_type_b": "helicoptero",
        "vehicle_pair": "helicoptero - helicoptero",
        "severity_ratio": 0.0,
        "is_nmac": false,
        "is_mac": false,
        "event_class": "lowc"
      },
      "geometry": {
        "type": "Point",
        "coordinates": [
          -46.695192475,
          -23.520811645000002,
          914.4
        ]
      }
    },
    {
      "type": "Feature",
      "properties": {
        "simt": 75962.0,
        "start_simt": 75962.0,
        "end_simt": 75966.0,
        "duration_s": 5.0,
        "id_a": "EC1_0053",
        "id_b": "EC1_0122",
        "dist_h_m": 417.7120106193111,
        "dist_v_m": 0.0,
        "horizontal_ratio": 0.8354240212386222,
        "vertical_ratio": 0.0,
        "vehicle_type_a": "eVTOL",
        "vehicle_type_b": "eVTOL",
        "vehicle_pair": "eVTOL - eVTOL",
        "severity_ratio": 0.0,
        "is_nmac": false,
        "is_mac": false,
        "event_class": "lowc"
      },
      "geometry": {
        "type": "Point",
        "coordinates": [
          -46.817504985,
          -23.534926705,
          914.4
        ]
      }
    },
    {
      "type": "Feature",
      "properties": {
        "simt": 75998.0,
        "start_simt": 75998.0,
        "end_simt": 76005.0,
        "duration_s": 8.0,
        "id_a": "EC1_0067",
        "id_b": "EC1_0122",
        "dist_h_m": 408.1595861906399,
        "dist_v_m": 0.0,
        "horizontal_ratio": 0.8163191723812798,
        "vertical_ratio": 0.0,
        "vehicle_type_a": "eVTOL",
        "vehicle_type_b": "eVTOL",
        "vehicle_pair": "eVTOL - eVTOL",
        "severity_ratio": 0.0,
        "is_nmac": true,
        "is_mac": false,
        "event_class": "nmac"
      },
      "geometry": {
        "type": "Point",
        "coordinates": [
          -46.81301156,
          -23.510990024999998,
          914.4
        ]
      }
    },
    {
      "type": "Feature",
      "properties": {
        "simt": 76019.0,
        "start_simt": 76019.0,
        "end_simt": 76022.0,
        "duration_s": 4.0,
        "id_a": "EC1_0010",
        "id_b": "EC1_0067",
        "dist_h_m": 498.1604373014114,
        "dist_v_m": 0.0,
        "horizontal_ratio": 0.9963208746028227,
        "vertical_ratio": 0.0,
        "vehicle_type_a": "eVTOL",
        "vehicle_type_b": "eVTOL",
        "vehicle_pair": "eVTOL - eVTOL",
        "severity_ratio": 0.0,
        "is_nmac": false,
        "is_mac": false,
        "event_class": "lowc"
      },
      "geometry": {
        "type": "Point",
        "coordinates": [
          -46.827522235,
          -23.50943389,
          914.4
        ]
      }
    },
    {
      "type": "Feature",
      "properties": {
        "simt": 76072.0,
        "start_simt": 76072.0,
        "end_simt": 76076.0,
        "duration_s": 5.0,
        "id_a": "EC1_0170",
        "id_b": "HP100_0223",
        "dist_h_m": 396.1951778849413,
        "dist_v_m": 0.0,
        "horizontal_ratio": 0.7923903557698826,
        "vertical_ratio": 0.0,
        "vehicle_type_a": "eVTOL",
        "vehicle_type_b": "helicoptero",
        "vehicle_pair": "eVTOL - helicoptero",
        "severity_ratio": 0.0,
        "is_nmac": false,
        "is_mac": false,
        "event_class": "lowc"
      },
      "geometry": {
        "type": "Point",
        "coordinates": [
          -46.580398845,
          -23.53911102,
          914.4
        ]
      }
    },
    {
      "type": "Feature",
      "properties": {
        "simt": 76074.0,
        "start_simt": 76074.0,
        "end_simt": 76080.0,
        "duration_s": 7.0,
        "id_a": "EC1_0122",
        "id_b": "HP100_0219",
        "dist_h_m": 483.1046710034412,
        "dist_v_m": 0.0,
        "horizontal_ratio": 0.9662093420068824,
        "vertical_ratio": 0.0,
        "vehicle_type_a": "eVTOL",
        "vehicle_type_b": "helicoptero",
        "vehicle_pair": "eVTOL - helicoptero",
        "severity_ratio": 0.0,
        "is_nmac": false,
        "is_mac": false,
        "event_class": "lowc"
      },
      "geometry": {
        "type": "Point",
        "coordinates": [
          -46.767292565,
          -23.52291667,
          914.4
        ]
      }
    },
    {
      "type": "Feature",
      "properties": {
        "simt": 76092.0,
        "start_simt": 76092.0,
        "end_simt": 76098.0,
        "duration_s": 7.0,
        "id_a": "EC1_0010",
        "id_b": "HP100_0219",
        "dist_h_m": 446.9819692049213,
        "dist_v_m": 0.0,
        "horizontal_ratio": 0.8939639384098427,
        "vertical_ratio": 0.0,
        "vehicle_type_a": "eVTOL",
        "vehicle_type_b": "helicoptero",
        "vehicle_pair": "eVTOL - helicoptero",
        "severity_ratio": 0.0,
        "is_nmac": false,
        "is_mac": false,
        "event_class": "lowc"
      },
      "geometry": {
        "type": "Point",
        "coordinates": [
          -46.775487510000005,
          -23.521702545,
          914.4
        ]
      }
    },
    {
      "type": "Feature",
      "properties": {
        "simt": 76203.0,
        "start_simt": 76203.0,
        "end_simt": 76207.0,
        "duration_s": 5.0,
        "id_a": "EC1_0122",
        "id_b": "HP100_0223",
        "dist_h_m": 391.072932588488,
        "dist_v_m": 0.0,
        "horizontal_ratio": 0.782145865176976,
        "vertical_ratio": 0.0,
        "vehicle_type_a": "eVTOL",
        "vehicle_type_b": "helicoptero",
        "vehicle_pair": "eVTOL - helicoptero",
        "severity_ratio": 0.0,
        "is_nmac": false,
        "is_mac": false,
        "event_class": "lowc"
      },
      "geometry": {
        "type": "Point",
        "coordinates": [
          -46.67693898,
          -23.523618704999997,
          914.4
        ]
      }
    },
    {
      "type": "Feature",
      "properties": {
        "simt": 76673.0,
        "start_simt": 76673.0,
        "end_simt": 76679.0,
        "duration_s": 7.0,
        "id_a": "EC1_0144",
        "id_b": "HP100_0227",
        "dist_h_m": 410.3948786810455,
        "dist_v_m": 0.0,
        "horizontal_ratio": 0.820789757362091,
        "vertical_ratio": 0.0,
        "vehicle_type_a": "eVTOL",
        "vehicle_type_b": "helicoptero",
        "vehicle_pair": "eVTOL - helicoptero",
        "severity_ratio": 0.0,
        "is_nmac": true,
        "is_mac": false,
        "event_class": "nmac"
      },
      "geometry": {
        "type": "Point",
        "coordinates": [
          -46.696153355,
          -23.579737925,
          914.4
        ]
      }
    },
    {
      "type": "Feature",
      "properties": {
        "simt": 76699.0,
        "start_simt": 76699.0,
        "end_simt": 76700.0,
        "duration_s": 2.0,
        "id_a": "EC1_0029",
        "id_b": "HP100_0225",
        "dist_h_m": 486.03591395143644,
        "dist_v_m": 0.0,
        "horizontal_ratio": 0.9720718279028728,
        "vertical_ratio": 0.0,
        "vehicle_type_a": "eVTOL",
        "vehicle_type_b": "helicoptero",
        "vehicle_pair": "eVTOL - helicoptero",
        "severity_ratio": 0.0,
        "is_nmac": false,
        "is_mac": false,
        "event_class": "lowc"
      },
      "geometry": {
        "type": "Point",
        "coordinates": [
          -46.829294555000004,
          -23.50939874,
          914.4
        ]
      }
    },
    {
      "type": "Feature",
      "properties": {
        "simt": 76839.0,
        "start_simt": 76834.0,
        "end_simt": 76842.0,
        "duration_s": 9.0,
        "id_a": "EC1_0088",
        "id_b": "EC1_0126",
        "dist_h_m": 193.36827884950367,
        "dist_v_m": 2.8064679999999953,
        "horizontal_ratio": 0.38673655769900733,
        "vertical_ratio": 0.020461271507728168,
        "vehicle_type_a": "eVTOL",
        "vehicle_type_b": "eVTOL",
        "vehicle_pair": "eVTOL - eVTOL",
        "severity_ratio": 0.020461271507728168,
        "is_nmac": false,
        "is_mac": false,
        "event_class": "lowc"
      },
      "geometry": {
        "type": "Point",
        "coordinates": [
          -46.818514155,
          -23.5652727,
          894.307958
        ]
      }
    },
    {
      "type": "Feature",
      "properties": {
        "simt": 76844.0,
        "start_simt": 76844.0,
        "end_simt": 76847.0,
        "duration_s": 4.0,
        "id_a": "EC1_0029",
        "id_b": "EC1_0111",
        "dist_h_m": 480.0272773122016,
        "dist_v_m": 0.0,
        "horizontal_ratio": 0.9600545546244031,
        "vertical_ratio": 0.0,
        "vehicle_type_a": "eVTOL",
        "vehicle_type_b": "eVTOL",
        "vehicle_pair": "eVTOL - eVTOL",
        "severity_ratio": 0.0,
        "is_nmac": false,
        "is_mac": false,
        "event_class": "lowc"
      },
      "geometry": {
        "type": "Point",
        "coordinates": [
          -46.726851515,
          -23.516633075,
          914.4
        ]
      }
    },
    {
      "type": "Feature",
      "properties": {
        "simt": 77074.0,
        "start_simt": 77074.0,
        "end_simt": 77079.0,
        "duration_s": 6.0,
        "id_a": "EC1_0188",
        "id_b": "HP100_0227",
        "dist_h_m": 439.48290857483306,
        "dist_v_m": 0.0,
        "horizontal_ratio": 0.8789658171496662,
        "vertical_ratio": 0.0,
        "vehicle_type_a": "eVTOL",
        "vehicle_type_b": "helicoptero",
        "vehicle_pair": "eVTOL - helicoptero",
        "severity_ratio": 0.0,
        "is_nmac": false,
        "is_mac": false,
        "event_class": "lowc"
      },
      "geometry": {
        "type": "Point",
        "coordinates": [
          -46.558282739999996,
          -23.522736074999997,
          914.4
        ]
      }
    },
    {
      "type": "Feature",
      "properties": {
        "simt": 77082.0,
        "start_simt": 77080.0,
        "end_simt": 77085.0,
        "duration_s": 6.0,
        "id_a": "EC1_0126",
        "id_b": "HP100_0229",
        "dist_h_m": 348.60354032826217,
        "dist_v_m": 4.180835000000002,
        "horizontal_ratio": 0.6972070806565244,
        "vertical_ratio": 0.030481445027704883,
        "vehicle_type_a": "eVTOL",
        "vehicle_type_b": "helicoptero",
        "vehicle_pair": "eVTOL - helicoptero",
        "severity_ratio": 0.030481445027704883,
        "is_nmac": false,
        "is_mac": false,
        "event_class": "lowc"
      },
      "geometry": {
        "type": "Point",
        "coordinates": [
          -46.687344245,
          -23.590261235,
          837.8867975000001
        ]
      }
    },
    {
      "type": "Feature",
      "properties": {
        "simt": 77083.0,
        "start_simt": 77083.0,
        "end_simt": 77088.0,
        "duration_s": 6.0,
        "id_a": "EC1_0029",
        "id_b": "EC1_0188",
        "dist_h_m": 480.0552400931952,
        "dist_v_m": 0.0,
        "horizontal_ratio": 0.9601104801863904,
        "vertical_ratio": 0.0,
        "vehicle_type_a": "eVTOL",
        "vehicle_type_b": "eVTOL",
        "vehicle_pair": "eVTOL - eVTOL",
        "severity_ratio": 0.0,
        "is_nmac": false,
        "is_mac": false,
        "event_class": "lowc"
      },
      "geometry": {
        "type": "Point",
        "coordinates": [
          -46.56318482499999,
          -23.527387695,
          914.4
        ]
      }
    },
    {
      "type": "Feature",
      "properties": {
        "simt": 77237.0,
        "start_simt": 77237.0,
        "end_simt": 77252.0,
        "duration_s": 16.0,
        "id_a": "HP100_0230",
        "id_b": "HP100_0231",
        "dist_h_m": 442.25654104150095,
        "dist_v_m": 0.0,
        "horizontal_ratio": 0.884513082083002,
        "vertical_ratio": 0.0,
        "vehicle_type_a": "helicoptero",
        "vehicle_type_b": "helicoptero",
        "vehicle_pair": "helicoptero - helicoptero",
        "severity_ratio": 0.0,
        "is_nmac": true,
        "is_mac": false,
        "event_class": "nmac"
      },
      "geometry": {
        "type": "Point",
        "coordinates": [
          -46.677803185,
          -23.553080745,
          914.4
        ]
      }
    },
    {
      "type": "Feature",
      "properties": {
        "simt": 77265.0,
        "start_simt": 77265.0,
        "end_simt": 77277.0,
        "duration_s": 13.0,
        "id_a": "HP100_0230",
        "id_b": "HP100_0231",
        "dist_h_m": 493.41126457223044,
        "dist_v_m": 0.0,
        "horizontal_ratio": 0.9868225291444609,
        "vertical_ratio": 0.0,
        "vehicle_type_a": "helicoptero",
        "vehicle_type_b": "helicoptero",
        "vehicle_pair": "helicoptero - helicoptero",
        "severity_ratio": 0.0,
        "is_nmac": false,
        "is_mac": false,
        "event_class": "lowc"
      },
      "geometry": {
        "type": "Point",
        "coordinates": [
          -46.6760545,
          -23.53654142,
          914.4
        ]
      }
    },
    {
      "type": "Feature",
      "properties": {
        "simt": 77282.0,
        "start_simt": 77282.0,
        "end_simt": 77287.0,
        "duration_s": 6.0,
        "id_a": "EC1_0054",
        "id_b": "HP100_0233",
        "dist_h_m": 469.1816146947895,
        "dist_v_m": 0.0,
        "horizontal_ratio": 0.9383632293895791,
        "vertical_ratio": 0.0,
        "vehicle_type_a": "eVTOL",
        "vehicle_type_b": "helicoptero",
        "vehicle_pair": "eVTOL - helicoptero",
        "severity_ratio": 0.0,
        "is_nmac": false,
        "is_mac": false,
        "event_class": "lowc"
      },
      "geometry": {
        "type": "Point",
        "coordinates": [
          -46.676115665,
          -23.551410904999997,
          914.4
        ]
      }
    },
    {
      "type": "Feature",
      "properties": {
        "simt": 77350.0,
        "start_simt": 77350.0,
        "end_simt": 77355.0,
        "duration_s": 6.0,
        "id_a": "EC1_0081",
        "id_b": "EC1_0188",
        "dist_h_m": 405.4299882235409,
        "dist_v_m": 0.0,
        "horizontal_ratio": 0.8108599764470817,
        "vertical_ratio": 0.0,
        "vehicle_type_a": "eVTOL",
        "vehicle_type_b": "eVTOL",
        "vehicle_pair": "eVTOL - eVTOL",
        "severity_ratio": 0.0,
        "is_nmac": false,
        "is_mac": false,
        "event_class": "lowc"
      },
      "geometry": {
        "type": "Point",
        "coordinates": [
          -46.74611008,
          -23.520962535000002,
          914.4
        ]
      }
    },
    {
      "type": "Feature",
      "properties": {
        "simt": 77371.0,
        "start_simt": 77371.0,
        "end_simt": 77376.0,
        "duration_s": 6.0,
        "id_a": "EC1_0081",
        "id_b": "HP100_0231",
        "dist_h_m": 498.51611563729864,
        "dist_v_m": 0.0,
        "horizontal_ratio": 0.9970322312745973,
        "vertical_ratio": 0.0,
        "vehicle_type_a": "eVTOL",
        "vehicle_type_b": "helicoptero",
        "vehicle_pair": "eVTOL - helicoptero",
        "severity_ratio": 0.0,
        "is_nmac": false,
        "is_mac": false,
        "event_class": "lowc"
      },
      "geometry": {
        "type": "Point",
        "coordinates": [
          -46.731555605,
          -23.515222875,
          914.4
        ]
      }
    },
    {
      "type": "Feature",
      "properties": {
        "simt": 77385.0,
        "start_simt": 77385.0,
        "end_simt": 77390.0,
        "duration_s": 6.0,
        "id_a": "EC1_0054",
        "id_b": "EC1_0081",
        "dist_h_m": 479.2420398813484,
        "dist_v_m": 0.0,
        "horizontal_ratio": 0.9584840797626968,
        "vertical_ratio": 0.0,
        "vehicle_type_a": "eVTOL",
        "vehicle_type_b": "eVTOL",
        "vehicle_pair": "eVTOL - eVTOL",
        "severity_ratio": 0.0,
        "is_nmac": false,
        "is_mac": false,
        "event_class": "lowc"
      },
      "geometry": {
        "type": "Point",
        "coordinates": [
          -46.72129599,
          -23.51523992,
          914.4
        ]
      }
    },
    {
      "type": "Feature",
      "properties": {
        "simt": 77395.0,
        "start_simt": 77395.0,
        "end_simt": 77399.0,
        "duration_s": 5.0,
        "id_a": "EC1_0081",
        "id_b": "HP100_0233",
        "dist_h_m": 476.64014371111426,
        "dist_v_m": 0.0,
        "horizontal_ratio": 0.9532802874222285,
        "vertical_ratio": 0.0,
        "vehicle_type_a": "eVTOL",
        "vehicle_type_b": "helicoptero",
        "vehicle_pair": "eVTOL - helicoptero",
        "severity_ratio": 0.0,
        "is_nmac": false,
        "is_mac": false,
        "event_class": "lowc"
      },
      "geometry": {
        "type": "Point",
        "coordinates": [
          -46.71405367,
          -23.515862329999997,
          914.4
        ]
      }
    },
    {
      "type": "Feature",
      "properties": {
        "simt": 77400.0,
        "start_simt": 77400.0,
        "end_simt": 77405.0,
        "duration_s": 6.0,
        "id_a": "EC1_0058",
        "id_b": "EC1_0081",
        "dist_h_m": 450.47546719162546,
        "dist_v_m": 0.0,
        "horizontal_ratio": 0.9009509343832509,
        "vertical_ratio": 0.0,
        "vehicle_type_a": "eVTOL",
        "vehicle_type_b": "eVTOL",
        "vehicle_pair": "eVTOL - eVTOL",
        "severity_ratio": 0.0,
        "is_nmac": false,
        "is_mac": false,
        "event_class": "lowc"
      },
      "geometry": {
        "type": "Point",
        "coordinates": [
          -46.71033314,
          -23.51656939,
          914.4
        ]
      }
    },
    {
      "type": "Feature",
      "properties": {
        "simt": 77407.0,
        "start_simt": 77407.0,
        "end_simt": 77412.0,
        "duration_s": 6.0,
        "id_a": "EC1_0081",
        "id_b": "HP100_0232",
        "dist_h_m": 488.8021379984537,
        "dist_v_m": 0.0,
        "horizontal_ratio": 0.9776042759969074,
        "vertical_ratio": 0.0,
        "vehicle_type_a": "eVTOL",
        "vehicle_type_b": "helicoptero",
        "vehicle_pair": "eVTOL - helicoptero",
        "severity_ratio": 0.0,
        "is_nmac": false,
        "is_mac": false,
        "event_class": "lowc"
      },
      "geometry": {
        "type": "Point",
        "coordinates": [
          -46.704955095,
          -23.518166995,
          914.4
        ]
      }
    },
    {
      "type": "Feature",
      "properties": {
        "simt": 77494.0,
        "start_simt": 77492.0,
        "end_simt": 77495.0,
        "duration_s": 4.0,
        "id_a": "EC1_0058",
        "id_b": "HP100_0234",
        "dist_h_m": 215.37794983951602,
        "dist_v_m": 125.98718799999995,
        "horizontal_ratio": 0.43075589967903205,
        "vertical_ratio": 0.9185417614464855,
        "vehicle_type_a": "eVTOL",
        "vehicle_type_b": "helicoptero",
        "vehicle_pair": "eVTOL - helicoptero",
        "severity_ratio": 0.43075589967903205,
        "is_nmac": false,
        "is_mac": false,
        "event_class": "lowc"
      },
      "geometry": {
        "type": "Point",
        "coordinates": [
          -46.738779210000004,
          -23.542949885,
          851.4064060000001
        ]
      }
    },
    {
      "type": "Feature",
      "properties": {
        "simt": 77598.0,
        "start_simt": 77593.0,
        "end_simt": 77601.0,
        "duration_s": 9.0,
        "id_a": "EC1_0054",
        "id_b": "EC1_0118",
        "dist_h_m": 94.61119699533367,
        "dist_v_m": 3.4157390000000305,
        "horizontal_ratio": 0.18922239399066734,
        "vertical_ratio": 0.02490331729367185,
        "vehicle_type_a": "eVTOL",
        "vehicle_type_b": "eVTOL",
        "vehicle_pair": "eVTOL - eVTOL",
        "severity_ratio": 0.02490331729367185,
        "is_nmac": true,
        "is_mac": false,
        "event_class": "nmac"
      },
      "geometry": {
        "type": "Point",
        "coordinates": [
          -46.825419710000006,
          -23.564509344999998,
          829.2815755
        ]
      }
    },
    {
      "type": "Feature",
      "properties": {
        "simt": 77628.0,
        "start_simt": 77628.0,
        "end_simt": 77629.0,
        "duration_s": 2.0,
        "id_a": "EC1_0118",
        "id_b": "HP100_0232",
        "dist_h_m": 489.8315714143461,
        "dist_v_m": 1.324214999999981,
        "horizontal_ratio": 0.9796631428286923,
        "vertical_ratio": 0.00965452755905498,
        "vehicle_type_a": "eVTOL",
        "vehicle_type_b": "helicoptero",
        "vehicle_pair": "eVTOL - helicoptero",
        "severity_ratio": 0.00965452755905498,
        "is_nmac": false,
        "is_mac": false,
        "event_class": "lowc"
      },
      "geometry": {
        "type": "Point",
        "coordinates": [
          -46.81850575,
          -23.55870934,
          908.9813475000001
        ]
      }
    },
    {
      "type": "Feature",
      "properties": {
        "simt": 77892.0,
        "start_simt": 77892.0,
        "end_simt": 77896.0,
        "duration_s": 5.0,
        "id_a": "EC1_0033",
        "id_b": "HP100_0237",
        "dist_h_m": 488.1347986672753,
        "dist_v_m": 0.0,
        "horizontal_ratio": 0.9762695973345505,
        "vertical_ratio": 0.0,
        "vehicle_type_a": "eVTOL",
        "vehicle_type_b": "helicoptero",
        "vehicle_pair": "eVTOL - helicoptero",
        "severity_ratio": 0.0,
        "is_nmac": false,
        "is_mac": false,
        "event_class": "lowc"
      },
      "geometry": {
        "type": "Point",
        "coordinates": [
          -46.686521420000005,
          -23.521572075,
          914.4
        ]
      }
    },
    {
      "type": "Feature",
      "properties": {
        "simt": 77899.0,
        "start_simt": 77899.0,
        "end_simt": 77903.0,
        "duration_s": 5.0,
        "id_a": "HP100_0235",
        "id_b": "HP100_0237",
        "dist_h_m": 476.38014737469376,
        "dist_v_m": 0.0,
        "horizontal_ratio": 0.9527602947493875,
        "vertical_ratio": 0.0,
        "vehicle_type_a": "helicoptero",
        "vehicle_type_b": "helicoptero",
        "vehicle_pair": "helicoptero - helicoptero",
        "severity_ratio": 0.0,
        "is_nmac": false,
        "is_mac": false,
        "event_class": "lowc"
      },
      "geometry": {
        "type": "Point",
        "coordinates": [
          -46.68063687,
          -23.522900815,
          914.4
        ]
      }
    },
    {
      "type": "Feature",
      "properties": {
        "simt": 77955.0,
        "start_simt": 77955.0,
        "end_simt": 77959.0,
        "duration_s": 5.0,
        "id_a": "EC1_0033",
        "id_b": "EC1_0141",
        "dist_h_m": 377.0473787790425,
        "dist_v_m": 0.0,
        "horizontal_ratio": 0.754094757558085,
        "vertical_ratio": 0.0,
        "vehicle_type_a": "eVTOL",
        "vehicle_type_b": "eVTOL",
        "vehicle_pair": "eVTOL - eVTOL",
        "severity_ratio": 0.0,
        "is_nmac": false,
        "is_mac": false,
        "event_class": "lowc"
      },
      "geometry": {
        "type": "Point",
        "coordinates": [
          -46.731406385,
          -23.515461115,
          914.4
        ]
      }
    },
    {
      "type": "Feature",
      "properties": {
        "simt": 78014.0,
        "start_simt": 78014.0,
        "end_simt": 78020.0,
        "duration_s": 7.0,
        "id_a": "EC1_0103",
        "id_b": "HP100_0235",
        "dist_h_m": 482.88371068820146,
        "dist_v_m": 0.0,
        "horizontal_ratio": 0.9657674213764029,
        "vertical_ratio": 0.0,
        "vehicle_type_a": "eVTOL",
        "vehicle_type_b": "helicoptero",
        "vehicle_pair": "eVTOL - helicoptero",
        "severity_ratio": 0.0,
        "is_nmac": false,
        "is_mac": false,
        "event_class": "lowc"
      },
      "geometry": {
        "type": "Point",
        "coordinates": [
          -46.76169409,
          -23.49369861,
          914.4
        ]
      }
    },
    {
      "type": "Feature",
      "properties": {
        "simt": 78036.0,
        "start_simt": 78036.0,
        "end_simt": 78040.0,
        "duration_s": 5.0,
        "id_a": "EC1_0003",
        "id_b": "EC1_0033",
        "dist_h_m": 408.36061713663025,
        "dist_v_m": 0.0,
        "horizontal_ratio": 0.8167212342732605,
        "vertical_ratio": 0.0,
        "vehicle_type_a": "eVTOL",
        "vehicle_type_b": "eVTOL",
        "vehicle_pair": "eVTOL - eVTOL",
        "severity_ratio": 0.0,
        "is_nmac": false,
        "is_mac": false,
        "event_class": "lowc"
      },
      "geometry": {
        "type": "Point",
        "coordinates": [
          -46.787256395,
          -23.51839858,
          914.4
        ]
      }
    },
    {
      "type": "Feature",
      "properties": {
        "simt": 78047.0,
        "start_simt": 78047.0,
        "end_simt": 78051.0,
        "duration_s": 5.0,
        "id_a": "EC1_0023",
        "id_b": "EC1_0033",
        "dist_h_m": 403.34651593291267,
        "dist_v_m": 0.0,
        "horizontal_ratio": 0.8066930318658253,
        "vertical_ratio": 0.0,
        "vehicle_type_a": "eVTOL",
        "vehicle_type_b": "eVTOL",
        "vehicle_pair": "eVTOL - eVTOL",
        "severity_ratio": 0.0,
        "is_nmac": false,
        "is_mac": false,
        "event_class": "lowc"
      },
      "geometry": {
        "type": "Point",
        "coordinates": [
          -46.79468276,
          -23.51539932,
          914.4
        ]
      }
    },
    {
      "type": "Feature",
      "properties": {
        "simt": 78097.0,
        "start_simt": 78097.0,
        "end_simt": 78101.0,
        "duration_s": 5.0,
        "id_a": "EC1_0171",
        "id_b": "EC1_0181",
        "dist_h_m": 383.26223227005636,
        "dist_v_m": 0.0,
        "horizontal_ratio": 0.7665244645401127,
        "vertical_ratio": 0.0,
        "vehicle_type_a": "eVTOL",
        "vehicle_type_b": "eVTOL",
        "vehicle_pair": "eVTOL - eVTOL",
        "severity_ratio": 0.0,
        "is_nmac": false,
        "is_mac": false,
        "event_class": "lowc"
      },
      "geometry": {
        "type": "Point",
        "coordinates": [
          -46.67877156,
          -23.52321744,
          914.4
        ]
      }
    },
    {
      "type": "Feature",
      "properties": {
        "simt": 78102.0,
        "start_simt": 78102.0,
        "end_simt": 78108.0,
        "duration_s": 7.0,
        "id_a": "EC1_0051",
        "id_b": "EC1_0141",
        "dist_h_m": 432.1528841327176,
        "dist_v_m": 0.0,
        "horizontal_ratio": 0.8643057682654351,
        "vertical_ratio": 0.0,
        "vehicle_type_a": "eVTOL",
        "vehicle_type_b": "eVTOL",
        "vehicle_pair": "eVTOL - eVTOL",
        "severity_ratio": 0.0,
        "is_nmac": true,
        "is_mac": false,
        "event_class": "nmac"
      },
      "geometry": {
        "type": "Point",
        "coordinates": [
          -46.678401665,
          -23.56596766,
          914.4
        ]
      }
    },
    {
      "type": "Feature",
      "properties": {
        "simt": 78111.0,
        "start_simt": 78111.0,
        "end_simt": 78114.0,
        "duration_s": 4.0,
        "id_a": "EC1_0023",
        "id_b": "EC1_0082",
        "dist_h_m": 426.61704462791573,
        "dist_v_m": 0.0,
        "horizontal_ratio": 0.8532340892558314,
        "vertical_ratio": 0.0,
        "vehicle_type_a": "eVTOL",
        "vehicle_type_b": "eVTOL",
        "vehicle_pair": "eVTOL - eVTOL",
        "severity_ratio": 0.0,
        "is_nmac": false,
        "is_mac": false,
        "event_class": "lowc"
      },
      "geometry": {
        "type": "Point",
        "coordinates": [
          -46.750011380000004,
          -23.529107019999998,
          914.4
        ]
      }
    },
    {
      "type": "Feature",
      "properties": {
        "simt": 78116.0,
        "start_simt": 78116.0,
        "end_simt": 78121.0,
        "duration_s": 6.0,
        "id_a": "EC1_0023",
        "id_b": "HP100_0238",
        "dist_h_m": 373.21799561188874,
        "dist_v_m": 0.0,
        "horizontal_ratio": 0.7464359912237775,
        "vertical_ratio": 0.0,
        "vehicle_type_a": "eVTOL",
        "vehicle_type_b": "helicoptero",
        "vehicle_pair": "eVTOL - helicoptero",
        "severity_ratio": 0.0,
        "is_nmac": false,
        "is_mac": false,
        "event_class": "lowc"
      },
      "geometry": {
        "type": "Point",
        "coordinates": [
          -46.75042509,
          -23.5332717,
          914.4
        ]
      }
    },
    {
      "type": "Feature",
      "properties": {
        "simt": 78125.0,
        "start_simt": 78125.0,
        "end_simt": 78133.0,
        "duration_s": 9.0,
        "id_a": "EC1_0103",
        "id_b": "HP100_0238",
        "dist_h_m": 433.70294158799675,
        "dist_v_m": 0.0,
        "horizontal_ratio": 0.8674058831759935,
        "vertical_ratio": 0.0,
        "vehicle_type_a": "eVTOL",
        "vehicle_type_b": "helicoptero",
        "vehicle_pair": "eVTOL - helicoptero",
        "severity_ratio": 0.0,
        "is_nmac": true,
        "is_mac": false,
        "event_class": "nmac"
      },
      "geometry": {
        "type": "Point",
        "coordinates": [
          -46.747530355,
          -23.52843852,
          914.4
        ]
      }
    },
    {
      "type": "Feature",
      "properties": {
        "simt": 78144.0,
        "start_simt": 78144.0,
        "end_simt": 78149.0,
        "duration_s": 6.0,
        "id_a": "EC1_0003",
        "id_b": "EC1_0181",
        "dist_h_m": 416.0187794449906,
        "dist_v_m": 0.0,
        "horizontal_ratio": 0.8320375588899812,
        "vertical_ratio": 0.0,
        "vehicle_type_a": "eVTOL",
        "vehicle_type_b": "eVTOL",
        "vehicle_pair": "eVTOL - eVTOL",
        "severity_ratio": 0.0,
        "is_nmac": false,
        "is_mac": false,
        "event_class": "lowc"
      },
      "geometry": {
        "type": "Point",
        "coordinates": [
          -46.712593615,
          -23.516192075,
          914.4
        ]
      }
    },
    {
      "type": "Feature",
      "properties": {
        "simt": 78156.0,
        "start_simt": 78156.0,
        "end_simt": 78161.0,
        "duration_s": 6.0,
        "id_a": "EC1_0082",
        "id_b": "EC1_0181",
        "dist_h_m": 450.16621818056177,
        "dist_v_m": 0.0,
        "horizontal_ratio": 0.9003324363611236,
        "vertical_ratio": 0.0,
        "vehicle_type_a": "eVTOL",
        "vehicle_type_b": "eVTOL",
        "vehicle_pair": "eVTOL - eVTOL",
        "severity_ratio": 0.0,
        "is_nmac": false,
        "is_mac": false,
        "event_class": "lowc"
      },
      "geometry": {
        "type": "Point",
        "coordinates": [
          -46.721476475,
          -23.515216334999998,
          914.4
        ]
      }
    },
    {
      "type": "Feature",
      "properties": {
        "simt": 78162.0,
        "start_simt": 78162.0,
        "end_simt": 78167.0,
        "duration_s": 6.0,
        "id_a": "EC1_0181",
        "id_b": "HP100_0238",
        "dist_h_m": 475.1033344382638,
        "dist_v_m": 0.0,
        "horizontal_ratio": 0.9502066688765276,
        "vertical_ratio": 0.0,
        "vehicle_type_a": "eVTOL",
        "vehicle_type_b": "helicoptero",
        "vehicle_pair": "eVTOL - helicoptero",
        "severity_ratio": 0.0,
        "is_nmac": false,
        "is_mac": false,
        "event_class": "lowc"
      },
      "geometry": {
        "type": "Point",
        "coordinates": [
          -46.72588622,
          -23.514833865,
          914.4
        ]
      }
    },
    {
      "type": "Feature",
      "properties": {
        "simt": 78184.0,
        "start_simt": 78184.0,
        "end_simt": 78187.0,
        "duration_s": 4.0,
        "id_a": "EC1_0003",
        "id_b": "EC1_0051",
        "dist_h_m": 435.98711129173074,
        "dist_v_m": 0.0,
        "horizontal_ratio": 0.8719742225834615,
        "vertical_ratio": 0.0,
        "vehicle_type_a": "eVTOL",
        "vehicle_type_b": "eVTOL",
        "vehicle_pair": "eVTOL - eVTOL",
        "severity_ratio": 0.0,
        "is_nmac": false,
        "is_mac": false,
        "event_class": "lowc"
      },
      "geometry": {
        "type": "Point",
        "coordinates": [
          -46.684540665,
          -23.521755735,
          914.4
        ]
      }
    },
    {
      "type": "Feature",
      "properties": {
        "simt": 78195.0,
        "start_simt": 78195.0,
        "end_simt": 78200.0,
        "duration_s": 6.0,
        "id_a": "EC1_0051",
        "id_b": "EC1_0082",
        "dist_h_m": 439.1376882507289,
        "dist_v_m": 0.0,
        "horizontal_ratio": 0.8782753765014578,
        "vertical_ratio": 0.0,
        "vehicle_type_a": "eVTOL",
        "vehicle_type_b": "eVTOL",
        "vehicle_pair": "eVTOL - eVTOL",
        "severity_ratio": 0.0,
        "is_nmac": false,
        "is_mac": false,
        "event_class": "lowc"
      },
      "geometry": {
        "type": "Point",
        "coordinates": [
          -46.693406335000006,
          -23.521149045,
          914.4
        ]
      }
    },
    {
      "type": "Feature",
      "properties": {
        "simt": 78199.0,
        "start_simt": 78199.0,
        "end_simt": 78204.0,
        "duration_s": 6.0,
        "id_a": "EC1_0051",
        "id_b": "HP100_0238",
        "dist_h_m": 451.64656846119345,
        "dist_v_m": 0.0,
        "horizontal_ratio": 0.9032931369223869,
        "vertical_ratio": 0.0,
        "vehicle_type_a": "eVTOL",
        "vehicle_type_b": "helicoptero",
        "vehicle_pair": "eVTOL - helicoptero",
        "severity_ratio": 0.0,
        "is_nmac": false,
        "is_mac": false,
        "event_class": "lowc"
      },
      "geometry": {
        "type": "Point",
        "coordinates": [
          -46.696499419999995,
          -23.520616615,
          914.4
        ]
      }
    },
    {
      "type": "Feature",
      "properties": {
        "simt": 78211.0,
        "start_simt": 78211.0,
        "end_simt": 78233.0,
        "duration_s": 23.0,
        "id_a": "EC1_0082",
        "id_b": "HP100_0238",
        "dist_h_m": 499.93989504858314,
        "dist_v_m": 0.0,
        "horizontal_ratio": 0.9998797900971663,
        "vertical_ratio": 0.0,
        "vehicle_type_a": "eVTOL",
        "vehicle_type_b": "helicoptero",
        "vehicle_pair": "eVTOL - helicoptero",
        "severity_ratio": 0.0,
        "is_nmac": false,
        "is_mac": false,
        "event_class": "lowc"
      },
      "geometry": {
        "type": "Point",
        "coordinates": [
          -46.686179624999994,
          -23.52331906,
          914.4
        ]
      }
    },
    {
      "type": "Feature",
      "properties": {
        "simt": 78452.0,
        "start_simt": 78448.0,
        "end_simt": 78455.0,
        "duration_s": 8.0,
        "id_a": "EC1_0171",
        "id_b": "EC1_0176",
        "dist_h_m": 116.88856885816635,
        "dist_v_m": 49.464305999999965,
        "horizontal_ratio": 0.2337771377163327,
        "vertical_ratio": 0.3606321522309709,
        "vehicle_type_a": "eVTOL",
        "vehicle_type_b": "eVTOL",
        "vehicle_pair": "eVTOL - eVTOL",
        "severity_ratio": 0.2337771377163327,
        "is_nmac": false,
        "is_mac": false,
        "event_class": "lowc"
      },
      "geometry": {
        "type": "Point",
        "coordinates": [
          -46.470970905,
          -23.458674209999998,
          855.3292329999999
        ]
      }
    },
    {
      "type": "Feature",
      "properties": {
        "simt": 78520.0,
        "start_simt": 78492.0,
        "end_simt": 78654.0,
        "duration_s": 163.0,
        "id_a": "EC1_0098",
        "id_b": "HP100_0240",
        "dist_h_m": 141.43528027379287,
        "dist_v_m": 0.0,
        "horizontal_ratio": 0.28287056054758575,
        "vertical_ratio": 0.0,
        "vehicle_type_a": "eVTOL",
        "vehicle_type_b": "helicoptero",
        "vehicle_pair": "eVTOL - helicoptero",
        "severity_ratio": 0.0,
        "is_nmac": true,
        "is_mac": false,
        "event_class": "nmac"
      },
      "geometry": {
        "type": "Point",
        "coordinates": [
          -46.699359834999996,
          -23.57351756,
          914.4
        ]
      }
    },
    {
      "type": "Feature",
      "properties": {
        "simt": 78582.0,
        "start_simt": 78582.0,
        "end_simt": 78588.0,
        "duration_s": 7.0,
        "id_a": "EC1_0026",
        "id_b": "HP100_0241",
        "dist_h_m": 465.96467257541946,
        "dist_v_m": 0.0,
        "horizontal_ratio": 0.9319293451508389,
        "vertical_ratio": 0.0,
        "vehicle_type_a": "eVTOL",
        "vehicle_type_b": "helicoptero",
        "vehicle_pair": "eVTOL - helicoptero",
        "severity_ratio": 0.0,
        "is_nmac": true,
        "is_mac": false,
        "event_class": "nmac"
      },
      "geometry": {
        "type": "Point",
        "coordinates": [
          -46.726165525,
          -23.59643664,
          914.4
        ]
      }
    },
    {
      "type": "Feature",
      "properties": {
        "simt": 78708.0,
        "start_simt": 78708.0,
        "end_simt": 78712.0,
        "duration_s": 5.0,
        "id_a": "HP100_0240",
        "id_b": "HP100_0244",
        "dist_h_m": 405.6126513385355,
        "dist_v_m": 0.0,
        "horizontal_ratio": 0.811225302677071,
        "vertical_ratio": 0.0,
        "vehicle_type_a": "helicoptero",
        "vehicle_type_b": "helicoptero",
        "vehicle_pair": "helicoptero - helicoptero",
        "severity_ratio": 0.0,
        "is_nmac": false,
        "is_mac": false,
        "event_class": "lowc"
      },
      "geometry": {
        "type": "Point",
        "coordinates": [
          -46.682929744999996,
          -23.52259008,
          914.4
        ]
      }
    },
    {
      "type": "Feature",
      "properties": {
        "simt": 78713.0,
        "start_simt": 78713.0,
        "end_simt": 78718.0,
        "duration_s": 6.0,
        "id_a": "EC1_0098",
        "id_b": "HP100_0244",
        "dist_h_m": 466.1920886030812,
        "dist_v_m": 0.0,
        "horizontal_ratio": 0.9323841772061624,
        "vertical_ratio": 0.0,
        "vehicle_type_a": "eVTOL",
        "vehicle_type_b": "helicoptero",
        "vehicle_pair": "eVTOL - helicoptero",
        "severity_ratio": 0.0,
        "is_nmac": false,
        "is_mac": false,
        "event_class": "lowc"
      },
      "geometry": {
        "type": "Point",
        "coordinates": [
          -46.687542875,
          -23.522043025000002,
          914.4
        ]
      }
    },
    {
      "type": "Feature",
      "properties": {
        "simt": 78717.0,
        "start_simt": 78717.0,
        "end_simt": 78721.0,
        "duration_s": 5.0,
        "id_a": "EC1_0105",
        "id_b": "HP100_0244",
        "dist_h_m": 393.55062445070627,
        "dist_v_m": 0.0,
        "horizontal_ratio": 0.7871012489014125,
        "vertical_ratio": 0.0,
        "vehicle_type_a": "eVTOL",
        "vehicle_type_b": "helicoptero",
        "vehicle_pair": "eVTOL - helicoptero",
        "severity_ratio": 0.0,
        "is_nmac": false,
        "is_mac": false,
        "event_class": "lowc"
      },
      "geometry": {
        "type": "Point",
        "coordinates": [
          -46.690559295,
          -23.521708529999998,
          914.4
        ]
      }
    },
    {
      "type": "Feature",
      "properties": {
        "simt": 78755.0,
        "start_simt": 78755.0,
        "end_simt": 78844.0,
        "duration_s": 90.0,
        "id_a": "HP100_0241",
        "id_b": "HP100_0243",
        "dist_h_m": 491.3724643109739,
        "dist_v_m": 0.0,
        "horizontal_ratio": 0.9827449286219478,
        "vertical_ratio": 0.0,
        "vehicle_type_a": "helicoptero",
        "vehicle_type_b": "helicoptero",
        "vehicle_pair": "helicoptero - helicoptero",
        "severity_ratio": 0.0,
        "is_nmac": true,
        "is_mac": false,
        "event_class": "nmac"
      },
      "geometry": {
        "type": "Point",
        "coordinates": [
          -46.7370972,
          -23.5172133,
          914.4
        ]
      }
    },
    {
      "type": "Feature",
      "properties": {
        "simt": 78757.0,
        "start_simt": 78757.0,
        "end_simt": 78763.0,
        "duration_s": 7.0,
        "id_a": "EC1_0176",
        "id_b": "HP100_0240",
        "dist_h_m": 456.8588209697268,
        "dist_v_m": 0.0,
        "horizontal_ratio": 0.9137176419394536,
        "vertical_ratio": 0.0,
        "vehicle_type_a": "eVTOL",
        "vehicle_type_b": "helicoptero",
        "vehicle_pair": "eVTOL - helicoptero",
        "severity_ratio": 0.0,
        "is_nmac": true,
        "is_mac": false,
        "event_class": "nmac"
      },
      "geometry": {
        "type": "Point",
        "coordinates": [
          -46.642888725,
          -23.530237925,
          914.4
        ]
      }
    },
    {
      "type": "Feature",
      "properties": {
        "simt": 78763.0,
        "start_simt": 78763.0,
        "end_simt": 78769.0,
        "duration_s": 7.0,
        "id_a": "HP100_0241",
        "id_b": "HP100_0244",
        "dist_h_m": 474.6997436519892,
        "dist_v_m": 0.0,
        "horizontal_ratio": 0.9493994873039784,
        "vertical_ratio": 0.0,
        "vehicle_type_a": "helicoptero",
        "vehicle_type_b": "helicoptero",
        "vehicle_pair": "helicoptero - helicoptero",
        "severity_ratio": 0.0,
        "is_nmac": false,
        "is_mac": false,
        "event_class": "lowc"
      },
      "geometry": {
        "type": "Point",
        "coordinates": [
          -46.72847633,
          -23.515015275,
          914.4
        ]
      }
    },
    {
      "type": "Feature",
      "properties": {
        "simt": 78765.0,
        "start_simt": 78765.0,
        "end_simt": 78770.0,
        "duration_s": 6.0,
        "id_a": "HP100_0243",
        "id_b": "HP100_0244",
        "dist_h_m": 483.5081514438676,
        "dist_v_m": 0.0,
        "horizontal_ratio": 0.9670163028877351,
        "vertical_ratio": 0.0,
        "vehicle_type_a": "helicoptero",
        "vehicle_type_b": "helicoptero",
        "vehicle_pair": "helicoptero - helicoptero",
        "severity_ratio": 0.0,
        "is_nmac": false,
        "is_mac": false,
        "event_class": "lowc"
      },
      "geometry": {
        "type": "Point",
        "coordinates": [
          -46.730217815,
          -23.5150759,
          914.4
        ]
      }
    },
    {
      "type": "Feature",
      "properties": {
        "simt": 78767.0,
        "start_simt": 78767.0,
        "end_simt": 78772.0,
        "duration_s": 6.0,
        "id_a": "EC1_0098",
        "id_b": "EC1_0176",
        "dist_h_m": 489.1234787749156,
        "dist_v_m": 0.0,
        "horizontal_ratio": 0.9782469575498313,
        "vertical_ratio": 0.0,
        "vehicle_type_a": "eVTOL",
        "vehicle_type_b": "eVTOL",
        "vehicle_pair": "eVTOL - eVTOL",
        "severity_ratio": 0.0,
        "is_nmac": false,
        "is_mac": false,
        "event_class": "lowc"
      },
      "geometry": {
        "type": "Point",
        "coordinates": [
          -46.64823778,
          -23.527613045000003,
          914.4
        ]
      }
    },
    {
      "type": "Feature",
      "properties": {
        "simt": 78822.0,
        "start_simt": 78822.0,
        "end_simt": 78827.0,
        "duration_s": 6.0,
        "id_a": "EC1_0176",
        "id_b": "HP100_0243",
        "dist_h_m": 458.85779007037274,
        "dist_v_m": 0.0,
        "horizontal_ratio": 0.9177155801407455,
        "vertical_ratio": 0.0,
        "vehicle_type_a": "eVTOL",
        "vehicle_type_b": "helicoptero",
        "vehicle_pair": "eVTOL - helicoptero",
        "severity_ratio": 0.0,
        "is_nmac": false,
        "is_mac": false,
        "event_class": "lowc"
      },
      "geometry": {
        "type": "Point",
        "coordinates": [
          -46.68792364,
          -23.52199985,
          914.4
        ]
      }
    },
    {
      "type": "Feature",
      "properties": {
        "simt": 78824.0,
        "start_simt": 78824.0,
        "end_simt": 78829.0,
        "duration_s": 6.0,
        "id_a": "EC1_0176",
        "id_b": "HP100_0241",
        "dist_h_m": 450.2477323748892,
        "dist_v_m": 0.0,
        "horizontal_ratio": 0.9004954647497784,
        "vertical_ratio": 0.0,
        "vehicle_type_a": "eVTOL",
        "vehicle_type_b": "helicoptero",
        "vehicle_pair": "eVTOL - helicoptero",
        "severity_ratio": 0.0,
        "is_nmac": false,
        "is_mac": false,
        "event_class": "lowc"
      },
      "geometry": {
        "type": "Point",
        "coordinates": [
          -46.68933733,
          -23.521847995,
          914.4
        ]
      }
    },
    {
      "type": "Feature",
      "properties": {
        "simt": 78825.0,
        "start_simt": 78825.0,
        "end_simt": 78829.0,
        "duration_s": 5.0,
        "id_a": "HP100_0240",
        "id_b": "HP100_0242",
        "dist_h_m": 379.98201956318235,
        "dist_v_m": 0.0,
        "horizontal_ratio": 0.7599640391263647,
        "vertical_ratio": 0.0,
        "vehicle_type_a": "helicoptero",
        "vehicle_type_b": "helicoptero",
        "vehicle_pair": "helicoptero - helicoptero",
        "severity_ratio": 0.0,
        "is_nmac": false,
        "is_mac": false,
        "event_class": "lowc"
      },
      "geometry": {
        "type": "Point",
        "coordinates": [
          -46.59648059,
          -23.541217895000003,
          914.4
        ]
      }
    },
    {
      "type": "Feature",
      "properties": {
        "simt": 78835.0,
        "start_simt": 78835.0,
        "end_simt": 78840.0,
        "duration_s": 6.0,
        "id_a": "EC1_0098",
        "id_b": "HP100_0242",
        "dist_h_m": 403.27568684182626,
        "dist_v_m": 0.0,
        "horizontal_ratio": 0.8065513736836525,
        "vertical_ratio": 0.0,
        "vehicle_type_a": "eVTOL",
        "vehicle_type_b": "helicoptero",
        "vehicle_pair": "eVTOL - helicoptero",
        "severity_ratio": 0.0,
        "is_nmac": false,
        "is_mac": false,
        "event_class": "lowc"
      },
      "geometry": {
        "type": "Point",
        "coordinates": [
          -46.60389866,
          -23.542198305,
          914.4
        ]
      }
    },
    {
      "type": "Feature",
      "properties": {
        "simt": 78892.0,
        "start_simt": 78892.0,
        "end_simt": 78898.0,
        "duration_s": 7.0,
        "id_a": "HP100_0241",
        "id_b": "HP100_0242",
        "dist_h_m": 427.23475894094054,
        "dist_v_m": 0.0,
        "horizontal_ratio": 0.8544695178818811,
        "vertical_ratio": 0.0,
        "vehicle_type_a": "helicoptero",
        "vehicle_type_b": "helicoptero",
        "vehicle_pair": "helicoptero - helicoptero",
        "severity_ratio": 0.0,
        "is_nmac": true,
        "is_mac": false,
        "event_class": "nmac"
      },
      "geometry": {
        "type": "Point",
        "coordinates": [
          -46.64336,
          -23.52973661,
          914.4
        ]
      }
    },
    {
      "type": "Feature",
      "properties": {
        "simt": 79126.0,
        "start_simt": 79126.0,
        "end_simt": 79130.0,
        "duration_s": 5.0,
        "id_a": "EC1_0047",
        "id_b": "HP100_0246",
        "dist_h_m": 422.57890745190474,
        "dist_v_m": 0.0,
        "horizontal_ratio": 0.8451578149038095,
        "vertical_ratio": 0.0,
        "vehicle_type_a": "eVTOL",
        "vehicle_type_b": "helicoptero",
        "vehicle_pair": "eVTOL - helicoptero",
        "severity_ratio": 0.0,
        "is_nmac": false,
        "is_mac": false,
        "event_class": "lowc"
      },
      "geometry": {
        "type": "Point",
        "coordinates": [
          -46.68841983,
          -23.52153489,
          914.4
        ]
      }
    },
    {
      "type": "Feature",
      "properties": {
        "simt": 79768.0,
        "start_simt": 79761.0,
        "end_simt": 79769.0,
        "duration_s": 9.0,
        "id_a": "EC1_0004",
        "id_b": "EC1_0119",
        "dist_h_m": 334.31877666133977,
        "dist_v_m": 0.18837199999995846,
        "horizontal_ratio": 0.6686375533226795,
        "vertical_ratio": 0.001373374161562835,
        "vehicle_type_a": "eVTOL",
        "vehicle_type_b": "eVTOL",
        "vehicle_pair": "eVTOL - eVTOL",
        "severity_ratio": 0.001373374161562835,
        "is_nmac": true,
        "is_mac": false,
        "event_class": "nmac"
      },
      "geometry": {
        "type": "Point",
        "coordinates": [
          -46.86388137,
          -23.49281578,
          898.353094
        ]
      }
    },
    {
      "type": "Feature",
      "properties": {
        "simt": 79773.0,
        "start_simt": 79766.0,
        "end_simt": 79774.0,
        "duration_s": 9.0,
        "id_a": "EC1_0068",
        "id_b": "HP100_0248",
        "dist_h_m": 320.8301941401315,
        "dist_v_m": 2.470038000000045,
        "horizontal_ratio": 0.641660388280263,
        "vertical_ratio": 0.018008442694663496,
        "vehicle_type_a": "eVTOL",
        "vehicle_type_b": "helicoptero",
        "vehicle_pair": "eVTOL - helicoptero",
        "severity_ratio": 0.018008442694663496,
        "is_nmac": true,
        "is_mac": false,
        "event_class": "nmac"
      },
      "geometry": {
        "type": "Point",
        "coordinates": [
          -46.687527419999995,
          -23.588281565000003,
          855.9714690000001
        ]
      }
    },
    {
      "type": "Feature",
      "properties": {
        "simt": 79956.0,
        "start_simt": 79956.0,
        "end_simt": 79961.0,
        "duration_s": 6.0,
        "id_a": "EC1_0004",
        "id_b": "EC1_0068",
        "dist_h_m": 446.783345793258,
        "dist_v_m": 0.0,
        "horizontal_ratio": 0.8935666915865159,
        "vertical_ratio": 0.0,
        "vehicle_type_a": "eVTOL",
        "vehicle_type_b": "eVTOL",
        "vehicle_pair": "eVTOL - eVTOL",
        "severity_ratio": 0.0,
        "is_nmac": false,
        "is_mac": false,
        "event_class": "lowc"
      },
      "geometry": {
        "type": "Point",
        "coordinates": [
          -46.776883205000004,
          -23.52155824,
          914.4
        ]
      }
    },
    {
      "type": "Feature",
      "properties": {
        "simt": 80030.0,
        "start_simt": 80030.0,
        "end_simt": 80035.0,
        "duration_s": 6.0,
        "id_a": "EC1_0004",
        "id_b": "HP100_0251",
        "dist_h_m": 421.2296206386327,
        "dist_v_m": 0.0,
        "horizontal_ratio": 0.8424592412772653,
        "vertical_ratio": 0.0,
        "vehicle_type_a": "eVTOL",
        "vehicle_type_b": "helicoptero",
        "vehicle_pair": "eVTOL - helicoptero",
        "severity_ratio": 0.0,
        "is_nmac": false,
        "is_mac": false,
        "event_class": "lowc"
      },
      "geometry": {
        "type": "Point",
        "coordinates": [
          -46.72657847,
          -23.51465725,
          914.4
        ]
      }
    },
    {
      "type": "Feature",
      "properties": {
        "simt": 80043.0,
        "start_simt": 80043.0,
        "end_simt": 80047.0,
        "duration_s": 5.0,
        "id_a": "EC1_0004",
        "id_b": "HP100_0252",
        "dist_h_m": 433.89781788134013,
        "dist_v_m": 0.0,
        "horizontal_ratio": 0.8677956357626803,
        "vertical_ratio": 0.0,
        "vehicle_type_a": "eVTOL",
        "vehicle_type_b": "helicoptero",
        "vehicle_pair": "eVTOL - helicoptero",
        "severity_ratio": 0.0,
        "is_nmac": false,
        "is_mac": false,
        "event_class": "lowc"
      },
      "geometry": {
        "type": "Point",
        "coordinates": [
          -46.716892985,
          -23.515683815,
          914.4
        ]
      }
    },
    {
      "type": "Feature",
      "properties": {
        "simt": 80456.0,
        "start_simt": 80456.0,
        "end_simt": 80460.0,
        "duration_s": 5.0,
        "id_a": "EC1_0015",
        "id_b": "HP100_0253",
        "dist_h_m": 394.22462159408866,
        "dist_v_m": 0.0,
        "horizontal_ratio": 0.7884492431881773,
        "vertical_ratio": 0.0,
        "vehicle_type_a": "eVTOL",
        "vehicle_type_b": "helicoptero",
        "vehicle_pair": "eVTOL - helicoptero",
        "severity_ratio": 0.0,
        "is_nmac": false,
        "is_mac": false,
        "event_class": "lowc"
      },
      "geometry": {
        "type": "Point",
        "coordinates": [
          -46.796156409999995,
          -23.514877480000003,
          914.4
        ]
      }
    },
    {
      "type": "Feature",
      "properties": {
        "simt": 80745.0,
        "start_simt": 80745.0,
        "end_simt": 80750.0,
        "duration_s": 6.0,
        "id_a": "EC1_0182",
        "id_b": "HP100_0256",
        "dist_h_m": 467.09945046851743,
        "dist_v_m": 0.0,
        "horizontal_ratio": 0.9341989009370348,
        "vertical_ratio": 0.0,
        "vehicle_type_a": "eVTOL",
        "vehicle_type_b": "helicoptero",
        "vehicle_pair": "eVTOL - helicoptero",
        "severity_ratio": 0.0,
        "is_nmac": false,
        "is_mac": false,
        "event_class": "lowc"
      },
      "geometry": {
        "type": "Point",
        "coordinates": [
          -46.688704445,
          -23.52191354,
          914.4
        ]
      }
    },
    {
      "type": "Feature",
      "properties": {
        "simt": 80813.0,
        "start_simt": 80810.0,
        "end_simt": 80816.0,
        "duration_s": 7.0,
        "id_a": "HP100_0256",
        "id_b": "HP100_0257",
        "dist_h_m": 197.39233558417587,
        "dist_v_m": 3.5123839999999973,
        "horizontal_ratio": 0.39478467116835175,
        "vertical_ratio": 0.02560793234179059,
        "vehicle_type_a": "helicoptero",
        "vehicle_type_b": "helicoptero",
        "vehicle_pair": "helicoptero - helicoptero",
        "severity_ratio": 0.02560793234179059,
        "is_nmac": false,
        "is_mac": false,
        "event_class": "lowc"
      },
      "geometry": {
        "type": "Point",
        "coordinates": [
          -46.64141025,
          -23.522846295,
          829.8325179999999
        ]
      }
    },
    {
      "type": "Feature",
      "properties": {
        "simt": 80817.0,
        "start_simt": 80817.0,
        "end_simt": 80822.0,
        "duration_s": 6.0,
        "id_a": "EC1_0083",
        "id_b": "EC1_0182",
        "dist_h_m": 387.70753745995097,
        "dist_v_m": 0.0,
        "horizontal_ratio": 0.7754150749199019,
        "vertical_ratio": 0.0,
        "vehicle_type_a": "eVTOL",
        "vehicle_type_b": "eVTOL",
        "vehicle_pair": "eVTOL - eVTOL",
        "severity_ratio": 0.0,
        "is_nmac": true,
        "is_mac": false,
        "event_class": "nmac"
      },
      "geometry": {
        "type": "Point",
        "coordinates": [
          -46.739970975,
          -23.516970365,
          914.4
        ]
      }
    },
    {
      "type": "Feature",
      "properties": {
        "simt": 80883.0,
        "start_simt": 80881.0,
        "end_simt": 80883.0,
        "duration_s": 3.0,
        "id_a": "EC1_0089",
        "id_b": "EC1_0123",
        "dist_h_m": 42.678913984599056,
        "dist_v_m": 6.0432839999999715,
        "horizontal_ratio": 0.08535782796919811,
        "vertical_ratio": 0.04406010498687643,
        "vehicle_type_a": "eVTOL",
        "vehicle_type_b": "eVTOL",
        "vehicle_pair": "eVTOL - eVTOL",
        "severity_ratio": 0.04406010498687643,
        "is_nmac": true,
        "is_mac": false,
        "event_class": "nmac"
      },
      "geometry": {
        "type": "Point",
        "coordinates": [
          -46.829974500000006,
          -23.564701985,
          793.063242
        ]
      }
    },
    {
      "type": "Feature",
      "properties": {
        "simt": 81166.0,
        "start_simt": 81166.0,
        "end_simt": 81171.0,
        "duration_s": 6.0,
        "id_a": "EC1_0172",
        "id_b": "HP100_0258",
        "dist_h_m": 439.3645475808672,
        "dist_v_m": 0.0,
        "horizontal_ratio": 0.8787290951617345,
        "vertical_ratio": 0.0,
        "vehicle_type_a": "eVTOL",
        "vehicle_type_b": "helicoptero",
        "vehicle_pair": "eVTOL - helicoptero",
        "severity_ratio": 0.0,
        "is_nmac": true,
        "is_mac": false,
        "event_class": "nmac"
      },
      "geometry": {
        "type": "Point",
        "coordinates": [
          -46.665079379999995,
          -23.525500455,
          914.4
        ]
      }
    },
    {
      "type": "Feature",
      "properties": {
        "simt": 81195.0,
        "start_simt": 81195.0,
        "end_simt": 81200.0,
        "duration_s": 6.0,
        "id_a": "EC1_0123",
        "id_b": "HP100_0258",
        "dist_h_m": 465.25692820257285,
        "dist_v_m": 0.0,
        "horizontal_ratio": 0.9305138564051457,
        "vertical_ratio": 0.0,
        "vehicle_type_a": "eVTOL",
        "vehicle_type_b": "helicoptero",
        "vehicle_pair": "eVTOL - helicoptero",
        "severity_ratio": 0.0,
        "is_nmac": false,
        "is_mac": false,
        "event_class": "lowc"
      },
      "geometry": {
        "type": "Point",
        "coordinates": [
          -46.689020889999995,
          -23.52188428,
          914.4
        ]
      }
    },
    {
      "type": "Feature",
      "properties": {
        "simt": 81280.0,
        "start_simt": 81280.0,
        "end_simt": 81285.0,
        "duration_s": 6.0,
        "id_a": "EC1_0172",
        "id_b": "EC1_0189",
        "dist_h_m": 404.31350089687334,
        "dist_v_m": 0.0,
        "horizontal_ratio": 0.8086270017937467,
        "vertical_ratio": 0.0,
        "vehicle_type_a": "eVTOL",
        "vehicle_type_b": "eVTOL",
        "vehicle_pair": "eVTOL - eVTOL",
        "severity_ratio": 0.0,
        "is_nmac": false,
        "is_mac": false,
        "event_class": "lowc"
      },
      "geometry": {
        "type": "Point",
        "coordinates": [
          -46.587324275,
          -23.540228785,
          914.4
        ]
      }
    },
    {
      "type": "Feature",
      "properties": {
        "simt": 81333.0,
        "start_simt": 81333.0,
        "end_simt": 81338.0,
        "duration_s": 6.0,
        "id_a": "EC1_0172",
        "id_b": "HP100_0261",
        "dist_h_m": 470.6824938225613,
        "dist_v_m": 0.0,
        "horizontal_ratio": 0.9413649876451226,
        "vertical_ratio": 0.0,
        "vehicle_type_a": "eVTOL",
        "vehicle_type_b": "helicoptero",
        "vehicle_pair": "eVTOL - helicoptero",
        "severity_ratio": 0.0,
        "is_nmac": false,
        "is_mac": false,
        "event_class": "lowc"
      },
      "geometry": {
        "type": "Point",
        "coordinates": [
          -46.55679746,
          -23.520942425,
          914.4
        ]
      }
    },
    {
      "type": "Feature",
      "properties": {
        "simt": 81444.0,
        "start_simt": 81444.0,
        "end_simt": 81449.0,
        "duration_s": 6.0,
        "id_a": "EC1_0172",
        "id_b": "HP100_0262",
        "dist_h_m": 448.5936555374789,
        "dist_v_m": 0.0,
        "horizontal_ratio": 0.8971873110749579,
        "vertical_ratio": 0.0,
        "vehicle_type_a": "eVTOL",
        "vehicle_type_b": "helicoptero",
        "vehicle_pair": "eVTOL - helicoptero",
        "severity_ratio": 0.0,
        "is_nmac": false,
        "is_mac": false,
        "event_class": "lowc"
      },
      "geometry": {
        "type": "Point",
        "coordinates": [
          -46.48667811,
          -23.48801596,
          914.4
        ]
      }
    },
    {
      "type": "Feature",
      "properties": {
        "simt": 81874.0,
        "start_simt": 81874.0,
        "end_simt": 81878.0,
        "duration_s": 5.0,
        "id_a": "EC1_0011",
        "id_b": "HP100_0262",
        "dist_h_m": 394.22462159408866,
        "dist_v_m": 0.0,
        "horizontal_ratio": 0.7884492431881773,
        "vertical_ratio": 0.0,
        "vehicle_type_a": "eVTOL",
        "vehicle_type_b": "helicoptero",
        "vehicle_pair": "eVTOL - helicoptero",
        "severity_ratio": 0.0,
        "is_nmac": false,
        "is_mac": false,
        "event_class": "lowc"
      },
      "geometry": {
        "type": "Point",
        "coordinates": [
          -46.796156409999995,
          -23.514877480000003,
          914.4
        ]
      }
    },
    {
      "type": "Feature",
      "properties": {
        "simt": 82208.0,
        "start_simt": 82201.0,
        "end_simt": 82208.0,
        "duration_s": 8.0,
        "id_a": "EC1_0138",
        "id_b": "HP100_0264",
        "dist_h_m": 478.53438583137296,
        "dist_v_m": 12.830299999999966,
        "horizontal_ratio": 0.957068771662746,
        "vertical_ratio": 0.0935425780110817,
        "vehicle_type_a": "eVTOL",
        "vehicle_type_b": "helicoptero",
        "vehicle_pair": "eVTOL - helicoptero",
        "severity_ratio": 0.0935425780110817,
        "is_nmac": true,
        "is_mac": false,
        "event_class": "nmac"
      },
      "geometry": {
        "type": "Point",
        "coordinates": [
          -46.748738235000005,
          -23.530515355,
          906.7466
        ]
      }
    },
    {
      "type": "Feature",
      "properties": {
        "simt": 82254.0,
        "start_simt": 82254.0,
        "end_simt": 82287.0,
        "duration_s": 34.0,
        "id_a": "EC1_0055",
        "id_b": "HP100_0266",
        "dist_h_m": 497.06000436049857,
        "dist_v_m": 0.0,
        "horizontal_ratio": 0.9941200087209972,
        "vertical_ratio": 0.0,
        "vehicle_type_a": "eVTOL",
        "vehicle_type_b": "helicoptero",
        "vehicle_pair": "eVTOL - helicoptero",
        "severity_ratio": 0.0,
        "is_nmac": false,
        "is_mac": false,
        "event_class": "lowc"
      },
      "geometry": {
        "type": "Point",
        "coordinates": [
          -46.673089935,
          -23.52580065,
          914.4
        ]
      }
    },
    {
      "type": "Feature",
      "properties": {
        "simt": 82305.0,
        "start_simt": 82305.0,
        "end_simt": 82308.0,
        "duration_s": 4.0,
        "id_a": "EC1_0019",
        "id_b": "EC1_0138",
        "dist_h_m": 403.41987555211927,
        "dist_v_m": 0.0,
        "horizontal_ratio": 0.8068397511042386,
        "vertical_ratio": 0.0,
        "vehicle_type_a": "eVTOL",
        "vehicle_type_b": "eVTOL",
        "vehicle_pair": "eVTOL - eVTOL",
        "severity_ratio": 0.0,
        "is_nmac": false,
        "is_mac": false,
        "event_class": "lowc"
      },
      "geometry": {
        "type": "Point",
        "coordinates": [
          -46.814769104999996,
          -23.51065346,
          914.4
        ]
      }
    },
    {
      "type": "Feature",
      "properties": {
        "simt": 82683.0,
        "start_simt": 82683.0,
        "end_simt": 82697.0,
        "duration_s": 15.0,
        "id_a": "HP100_0269",
        "id_b": "HP100_0270",
        "dist_h_m": 469.9037486479609,
        "dist_v_m": 0.0,
        "horizontal_ratio": 0.9398074972959218,
        "vertical_ratio": 0.0,
        "vehicle_type_a": "helicoptero",
        "vehicle_type_b": "helicoptero",
        "vehicle_pair": "helicoptero - helicoptero",
        "severity_ratio": 0.0,
        "is_nmac": true,
        "is_mac": false,
        "event_class": "nmac"
      },
      "geometry": {
        "type": "Point",
        "coordinates": [
          -46.748899269999995,
          -23.533528975,
          914.4
        ]
      }
    },
    {
      "type": "Feature",
      "properties": {
        "simt": 82937.0,
        "start_simt": 82937.0,
        "end_simt": 82941.0,
        "duration_s": 5.0,
        "id_a": "EC1_0048",
        "id_b": "EC1_0099",
        "dist_h_m": 412.01792801111475,
        "dist_v_m": 0.0,
        "horizontal_ratio": 0.8240358560222295,
        "vertical_ratio": 0.0,
        "vehicle_type_a": "eVTOL",
        "vehicle_type_b": "eVTOL",
        "vehicle_pair": "eVTOL - eVTOL",
        "severity_ratio": 0.0,
        "is_nmac": false,
        "is_mac": false,
        "event_class": "lowc"
      },
      "geometry": {
        "type": "Point",
        "coordinates": [
          -46.716536855,
          -23.515774614999998,
          914.4
        ]
      }
    },
    {
      "type": "Feature",
      "properties": {
        "simt": 82961.0,
        "start_simt": 82961.0,
        "end_simt": 82966.0,
        "duration_s": 6.0,
        "id_a": "EC1_0099",
        "id_b": "HP100_0271",
        "dist_h_m": 360.592880489753,
        "dist_v_m": 0.0,
        "horizontal_ratio": 0.7211857609795059,
        "vertical_ratio": 0.0,
        "vehicle_type_a": "eVTOL",
        "vehicle_type_b": "helicoptero",
        "vehicle_pair": "eVTOL - helicoptero",
        "severity_ratio": 0.0,
        "is_nmac": false,
        "is_mac": false,
        "event_class": "lowc"
      },
      "geometry": {
        "type": "Point",
        "coordinates": [
          -46.69928985,
          -23.52022809,
          914.4
        ]
      }
    },
    {
      "type": "Feature",
      "properties": {
        "simt": 83227.0,
        "start_simt": 83227.0,
        "end_simt": 83233.0,
        "duration_s": 7.0,
        "id_a": "EC1_0099",
        "id_b": "HP100_0272",
        "dist_h_m": 471.48589500479727,
        "dist_v_m": 0.0,
        "horizontal_ratio": 0.9429717900095945,
        "vertical_ratio": 0.0,
        "vehicle_type_a": "eVTOL",
        "vehicle_type_b": "helicoptero",
        "vehicle_pair": "eVTOL - helicoptero",
        "severity_ratio": 0.0,
        "is_nmac": true,
        "is_mac": false,
        "event_class": "nmac"
      },
      "geometry": {
        "type": "Point",
        "coordinates": [
          -46.527725985000004,
          -23.498684895,
          914.4
        ]
      }
    },
    {
      "type": "Feature",
      "properties": {
        "simt": 85579.0,
        "start_simt": 85579.0,
        "end_simt": 85584.0,
        "duration_s": 6.0,
        "id_a": "HP100_0277",
        "id_b": "HP100_0278",
        "dist_h_m": 361.3374739797237,
        "dist_v_m": 0.0,
        "horizontal_ratio": 0.7226749479594474,
        "vertical_ratio": 0.0,
        "vehicle_type_a": "helicoptero",
        "vehicle_type_b": "helicoptero",
        "vehicle_pair": "helicoptero - helicoptero",
        "severity_ratio": 0.0,
        "is_nmac": true,
        "is_mac": false,
        "event_class": "nmac"
      },
      "geometry": {
        "type": "Point",
        "coordinates": [
          -46.655960379999996,
          -23.527277195,
          914.4
        ]
      }
    }
  ]
}