{
  "source_log": "Media de 4 STATELOGs",
  "map_center": [
    -23.5505,
    -46.6333
  ],
  "summary": {
    "records": 244337,
    "aircraft_count": 177.0,
    "sim_start_s": 3516.5,
    "sim_end_s": 83758.0,
    "duration_min": 1337.3583333333331,
    "mean_simultaneous_aircraft": 2.0964956332201425,
    "peak_simultaneous_aircraft": 6.0,
    "bounds": {
      "min_lat": -23.71823257,
      "max_lat": -23.435556,
      "min_lon": -46.91935619,
      "max_lon": -46.46933745
    }
  },
  "efficiency": {
    "mean_flight_time_min": 5.735145951035782,
    "median_flight_time_min": 4.941666666666666,
    "p95_flight_time_min": 10.966666666666667,
    "mean_distance_nm": 10.962369562525303,
    "median_distance_nm": 9.512972784395249,
    "p95_distance_nm": 20.601234117026458,
    "total_distance_km": 14374.03436829618,
    "total_flight_hours": 67.67472222222221,
    "mean_great_circle_distance_nm": 7.808244006166637,
    "mean_route_efficiency_pct": 74.03290252423484,
    "mean_horizontal_inefficiency_pct": 41.43066111491649,
    "trajectory_conformity": {
      "available": true,
      "tolerance_m": 250.0,
      "planned_instances": 708,
      "matched_instances": 708,
      "spatial_adherence_pct": 92.6721696382563,
      "mean_deviation_m": 73.16110623641472,
      "p95_deviation_m": 335.0852125981945,
      "max_deviation_m": 4323.115159403422,
      "mean_trajectory_conformity_ratio": -0.03454664834993274,
      "median_trajectory_conformity_ratio": -0.034761776837311194,
      "p95_trajectory_conformity_ratio": 0.0028185811792285787,
      "mean_additional_distance_m": -730.7362887745271,
      "total_additional_distance_m": -517361.29245236516,
      "mean_planned_horizontal_inefficiency_ratio": 0.4649394028857432,
      "mean_executed_horizontal_inefficiency_ratio": 0.4143066111491649,
      "executed_samples": 244337
    },
    "ground_delay": {
      "available": true,
      "matched_flights": 708,
      "mean_ground_delay_s": 66.25141242937853,
      "median_ground_delay_s": 67.5,
      "p95_ground_delay_s": 129.49999999999997,
      "max_ground_delay_s": 330.0
    }
  },
  "safety": {
    "lowc_events": 5.0,
    "nmac_events": 1.25,
    "horizontal_dominant_events": 0.25,
    "vertical_dominant_events": 4.75,
    "balanced_severity_events": 0.0,
    "lowc_horizontal_m": 500.0,
    "lowc_vertical_m": 30.0,
    "nmac_horizontal_m": 150.0,
    "nmac_vertical_m": 30.0,
    "sample_seconds": 10,
    "same_altitude_band_m": 150.0,
    "separation_samples": 16812,
    "lowc_per_100_operations": 2.824858757062147,
    "lowc_per_flight_hour": 0.29674074427161684,
    "lowc_per_1000_km": 1.3978627630806153,
    "nmac_per_100_operations": 0.7062146892655368,
    "nmac_per_flight_hour": 0.0741080716900673,
    "nmac_per_1000_km": 0.3489724292504521,
    "monitored_pair_samples": 16812,
    "min_severity_ratio": 0.0,
    "p05_severity_ratio": 0.0,
    "median_severity_ratio": 0.058420000000000034,
    "p95_severity_ratio": 0.2259343991666665,
    "total_time_below_threshold_s": 510.0,
    "mean_time_below_threshold_s": 21.891025641025642,
    "max_time_below_threshold_s": 100.0,
    "mac_probability_low": 0.001,
    "mac_probability_nominal": 0.01,
    "mac_probability_high": 0.05,
    "expected_mac_low": 0.00125,
    "expected_mac_nominal": 0.0125,
    "expected_mac_high": 0.0625
  },
  "charts": {
    "active_aircraft": "assets/charts/01_STATELOG_bimtra_top1_2025_11_09_disturbed_seed42_mvp_headless_20260618_13-54-32_active_aircraft.png",
    "separation_histogram": "assets/charts/01_STATELOG_bimtra_top1_2025_11_09_disturbed_seed42_mvp_headless_20260618_13-54-32_separation_histogram.png",
    "altitude_histogram": "assets/charts/01_STATELOG_bimtra_top1_2025_11_09_disturbed_seed42_mvp_headless_20260618_13-54-32_altitude_histogram.png",
    "distance_histogram": "assets/charts/01_STATELOG_bimtra_top1_2025_11_09_disturbed_seed42_mvp_headless_20260618_13-54-32_distance_histogram.png",
    "severity_histogram": "assets/charts/01_STATELOG_bimtra_top1_2025_11_09_disturbed_seed42_mvp_headless_20260618_13-54-32_severity_histogram.png",
    "lowc_dimensions": "assets/charts/01_STATELOG_bimtra_top1_2025_11_09_disturbed_seed42_mvp_headless_20260618_13-54-32_lowc_dimensions.png",
    "trajectory_conformity": "assets/charts/01_STATELOG_bimtra_top1_2025_11_09_disturbed_seed42_mvp_headless_20260618_13-54-32_trajectory_conformity.png"
  },
  "metric_catalog": [
    {
      "id": "trajectory_frequency",
      "name": "Frequencia de trajetorias semelhantes",
      "formula": "contagem de instancias com origem, destino e distancia media entre formas dentro das tolerancias",
      "pdf_reference": "Produto 3, secoes 3.2 e 6; apoio visual a volume e utilizacao",
      "code_reference": "src/uam_dashboard/exports.py::tracks_geojson",
      "status": "implemented_configurable_clustering",
      "data_required": "simt, id, lat, lon, distflown"
    },
    {
      "id": "lowc_events",
      "name": "Loss of Well Clear",
      "formula": "Sh(t) < Smin_h and Sv(t) < Smin_v",
      "pdf_reference": "Produto 3, secao 4.2.1, Eq. 4.1",
      "code_reference": "src/uam_dashboard/metrics.py::detect_lowc_events",
      "status": "implemented",
      "data_required": "simt, id, lat, lon, alt"
    },
    {
      "id": "lowc_per_flight_hour",
      "name": "Taxa LoWC por hora de voo",
      "formula": "N_lowc / sum(H_f)",
      "pdf_reference": "Produto 3, secao 3.3, Eq. 3.2",
      "code_reference": "src/uam_dashboard/metrics.py::_safety_summary",
      "status": "implemented",
      "data_required": "duracao observada por aeronave"
    },
    {
      "id": "lowc_per_100_operations",
      "name": "Taxa LoWC por 100 operacoes",
      "formula": "N_lowc / N_voos * 100",
      "pdf_reference": "Produto 3, secao 3.3",
      "code_reference": "src/uam_dashboard/metrics.py::_safety_summary",
      "status": "implemented",
      "data_required": "id da aeronave"
    },
    {
      "id": "lowc_per_1000_km",
      "name": "Taxa LoWC por 1000 km",
      "formula": "N_lowc / km_voados * 1000",
      "pdf_reference": "Produto 3, secao 3.3",
      "code_reference": "src/uam_dashboard/metrics.py::_safety_summary",
      "status": "implemented",
      "data_required": "distflown"
    },
    {
      "id": "severity_ratio",
      "name": "Severidade de conflito",
      "formula": "sev_ij = min_t(Sh/Smin_h, Sv/Smin_v)",
      "pdf_reference": "Produto 3, secao 4.2.3, Eq. 4.5",
      "code_reference": "src/uam_dashboard/metrics.py::_summarize_lowc_event",
      "status": "implemented",
      "data_required": "simt, lat, lon, alt"
    },
    {
      "id": "severity_dimension",
      "name": "Dimensao dominante da severidade",
      "formula": "argmin(Sh/Smin_h, Sv/Smin_v)",
      "pdf_reference": "Derivada da severidade da Eq. 4.5 para diagnostico",
      "code_reference": "src/uam_dashboard/metrics.py::detect_lowc_events",
      "status": "implemented_diagnostic_classification",
      "data_required": "separacoes horizontal e vertical normalizadas"
    },
    {
      "id": "time_below_threshold",
      "name": "Tempo abaixo do limiar",
      "formula": "amostras consecutivas em LoWC * passo de amostragem",
      "pdf_reference": "Produto 3, secao 4.2.3",
      "code_reference": "src/uam_dashboard/metrics.py::_summarize_lowc_event",
      "status": "implemented_as_sampled_estimate",
      "data_required": "simt regular ou amostragem configurada"
    },
    {
      "id": "nmac_events",
      "name": "Near Mid-Air Collision",
      "formula": "Sh(t) < S_NMAC_h and Sv(t) < S_NMAC_v",
      "pdf_reference": "Produto 3, secao 4.2.2",
      "code_reference": "src/uam_dashboard/metrics.py::_safety_summary",
      "status": "implemented_configurable_threshold",
      "data_required": "simt, lat, lon, alt"
    },
    {
      "id": "expected_mac",
      "name": "MAC esperado",
      "formula": "E[MAC] = N_NMAC * P(MAC|NMAC)",
      "pdf_reference": "Produto 3, secao 4.2.2, Eq. 4.2-4.4",