{
  "source_log": "Media de 5 STATELOGs",
  "map_center": [
    -23.5505,
    -46.6333
  ],
  "summary": {
    "records": 240590,
    "aircraft_count": 59.8,
    "sim_start_s": 15300.2,
    "sim_end_s": 86593.4,
    "duration_min": 1188.22,
    "mean_simultaneous_aircraft": 1.5142361168092258,
    "peak_simultaneous_aircraft": 4.2,
    "bounds": {
      "min_lat": -23.71958806,
      "max_lat": -23.24833997,
      "min_lon": -46.91936146,
      "max_lon": -46.128611
    }
  },
  "efficiency": {
    "mean_flight_time_min": 105.34032755745322,
    "median_flight_time_min": 11.91,
    "p95_flight_time_min": 480.50799999999964,
    "mean_distance_nm": 14.992484718225125,
    "median_distance_nm": 12.93584581752484,
    "p95_distance_nm": 27.466810768338014,
    "total_distance_km": 8397.958775916151,
    "total_flight_hours": 526.0175,
    "mean_great_circle_distance_nm": 9.063055985571172,
    "mean_route_efficiency_pct": 66.33880385901902
  },
  "safety": {
    "lowc_events": 0.8,
    "nmac_events": 0.0,
    "lowc_horizontal_m": 500.0,
    "lowc_vertical_m": 30.0,
    "nmac_horizontal_m": 150.0,
    "nmac_vertical_m": 30.0,
    "sample_seconds": 10,
    "same_altitude_band_m": 150.0,
    "separation_samples": 8594,
    "lowc_per_100_operations": 1.2485441416259024,
    "lowc_per_flight_hour": 0.007050260579155582,
    "lowc_per_1000_km": 0.41241955220484616,
    "nmac_per_100_operations": 0.0,
    "nmac_per_flight_hour": 0.0,
    "nmac_per_1000_km": 0.0,
    "monitored_pair_samples": 8594,
    "min_severity_ratio": 0.0,
    "p05_severity_ratio": 0.015500750175772737,
    "median_severity_ratio": 0.10700150175772478,
    "p95_severity_ratio": 0.1985022533396768,
    "total_time_below_threshold_s": 50.0,
    "mean_time_below_threshold_s": 5.0,
    "max_time_below_threshold_s": 20.0,
    "mac_probability_low": 0.001,
    "mac_probability_nominal": 0.01,
    "mac_probability_high": 0.05,
    "expected_mac_low": 0.0,
    "expected_mac_nominal": 0.0,
    "expected_mac_high": 0.0
  },
  "charts": {
    "active_aircraft": "assets/charts/01_STATELOG_1_maior_movimento_20260527_134549_mvp_20260527_14-03-34_active_aircraft.png",
    "separation_histogram": "assets/charts/01_STATELOG_1_maior_movimento_20260527_134549_mvp_20260527_14-03-34_separation_histogram.png",
    "altitude_histogram": "assets/charts/01_STATELOG_1_maior_movimento_20260527_134549_mvp_20260527_14-03-34_altitude_histogram.png",
    "distance_histogram": "assets/charts/01_STATELOG_1_maior_movimento_20260527_134549_mvp_20260527_14-03-34_distance_histogram.png",
    "severity_histogram": "assets/charts/01_STATELOG_1_maior_movimento_20260527_134549_mvp_20260527_14-03-34_severity_histogram.png"
  },
  "metric_catalog": [
    {
      "id": "trajectory_frequency",
      "name": "Frequencia de trajetorias semelhantes",
      "formula": "contagem de instancias com origem, destino e distancia media entre formas dentro das tolerancias",
      "pdf_reference": "Produto 3, secoes 3.2 e 6; apoio visual a volume e utilizacao",
      "code_reference": "src/uam_dashboard/exports.py::tracks_geojson",
      "status": "implemented_configurable_clustering",
      "data_required": "simt, id, lat, lon, distflown"
    },
    {
      "id": "lowc_events",
      "name": "Loss of Well Clear",
      "formula": "Sh(t) < Smin_h and Sv(t) < Smin_v",
      "pdf_reference": "Produto 3, secao 4.2.1, Eq. 4.1",
      "code_reference": "src/uam_dashboard/metrics.py::detect_lowc_events",
      "status": "implemented",
      "data_required": "simt, id, lat, lon, alt"
    },
    {
      "id": "lowc_per_flight_hour",
      "name": "Taxa LoWC por hora de voo",
      "formula": "N_lowc / sum(H_f)",
      "pdf_reference": "Produto 3, secao 3.3, Eq. 3.2",
      "code_reference": "src/uam_dashboard/metrics.py::_safety_summary",
      "status": "implemented",
      "data_required": "duracao observada por aeronave"
    },
    {
      "id": "lowc_per_100_operations",
      "name": "Taxa LoWC por 100 operacoes",
      "formula": "N_lowc / N_voos * 100",
      "pdf_reference": "Produto 3, secao 3.3",
      "code_reference": "src/uam_dashboard/metrics.py::_safety_summary",
      "status": "implemented",
      "data_required": "id da aeronave"
    },
    {
      "id": "lowc_per_1000_km",
      "name": "Taxa LoWC por 1000 km",
      "formula": "N_lowc / km_voados * 1000",
      "pdf_reference": "Produto 3, secao 3.3",
      "code_reference": "src/uam_dashboard/metrics.py::_safety_summary",
      "status": "implemented",
      "data_required": "distflown"
    },
    {
      "id": "severity_ratio",
      "name": "Severidade de conflito",
      "formula": "sev_ij = min_t(Sh/Smin_h, Sv/Smin_v)",
      "pdf_reference": "Produto 3, secao 4.2.3, Eq. 4.5",
      "code_reference": "src/uam_dashboard/metrics.py::_summarize_lowc_event",
      "status": "implemented",
      "data_required": "simt, lat, lon, alt"
    },
    {
      "id": "time_below_threshold",
      "name": "Tempo abaixo do limiar",
      "formula": "amostras consecutivas em LoWC * passo de amostragem",
      "pdf_reference": "Produto 3, secao 4.2.3",
      "code_reference": "src/uam_dashboard/metrics.py::_summarize_lowc_event",
      "status": "implemented_as_sampled_estimate",
      "data_required": "simt regular ou amostragem configurada"
    },
    {
      "id": "nmac_events",
      "name": "Near Mid-Air Collision",
      "formula": "Sh(t) < S_NMAC_h and Sv(t) < S_NMAC_v",
      "pdf_reference": "Produto 3, secao 4.2.2",
      "code_reference": "src/uam_dashboard/metrics.py::_safety_summary",
      "status": "implemented_configurable_threshold",
      "data_required": "simt, lat, lon, alt"
    },
    {
      "id": "expected_mac",
      "name": "MAC esperado",
      "formula": "E[MAC] = N_NMAC * P(MAC|NMAC)",
      "pdf_reference": "Produto 3, secao 4.2.2, Eq. 4.2-4.4",
      "code_reference": "src/uam_dashboard/metrics.py::_safety_summary",
      "status": "implemented_as_sensitivity_band",
      "data_required": "NMAC e bandas configuradas"
    },
    {
      "id": "mean_flight_time_min",
      "name": "Tempo medio de voo",
      "formula": "mean(max(simt_f) - min(simt_f))",
      "pdf_reference": "Produto 3, secao 4.3.4",
      "code_reference": "src/uam_dashboard/metrics.py::efficiency_metrics",
      "status": "implemented_observed_proxy",
      "data_required": "simt, id"
    },
    {
      "id": "mean_distance_nm",
      "name": "Distancia media executada",
      "formula": "mean(max(distflown_f))",
      "pdf_reference": "Produto 3, secao 4.3.4",
      "code_reference": "src/uam_dashboard/metrics.py::efficiency_metrics",
      "status": "implemented",
      "data_required": "distflown, id"
    },
    {
      "id": "mean_route_efficiency_pct",
      "name": "Eficiencia horizontal",
      "formula": "d_gc / d_real * 100",
      "pdf_reference": "Produto 3, secoes 4.1 e 4.3.6",
      "code_reference": "src/uam_dashboard/metrics.py::efficiency_metrics",
      "status": "implemented_great_circle_proxy",
      "data_required": "lat/lon inicial e final, distflown"
    },
    {
      "id": "delay_metrics",
      "name": "Atrasos e pontualidade",
      "formula": "dependem de S_f, R_f, D_f, A_f e T_f",
      "pdf_reference": "Produto 3, secoes 4.3.1-4.3.3",
      "code_reference": "pendente de campos no log",
      "status": "unavailable_with_current_statelog",
      "data_required": "horarios planejados, autorizados e reais"
    },
    {
      "id": "trajectory_conformity",
      "name": "Conformidade de trajetoria",
      "formula": "comparacao entre rota planejada e trajetoria executada",
      "pdf_reference": "Produto 3, secao 4.3.5",
      "code_reference": "pendente de rota planejada",
      "status": "unavailable_with_current_statelog",
      "data_required": "geometria planejada ou dplan_f"
    }
  ]
}