{
  "type": "FeatureCollection",
  "properties": {
    "source": "CV_REH_XP_SAO_PAULO.xml",
    "geometry_reference": "official_wfs_gml_polygons",
    "segment_count": 106
  },
  "features": [
    {
      "type": "Feature",
      "properties": {
        "resource_id": "REH-208",
        "label": "FÁBRICA - trecho 1",
        "name": "FÁBRICA",
        "section": "1",
        "route_type": "Obrig",
        "airspace_class": "D",
        "semi_width_m": 100.0,
        "altitude_min_ft": 3300.0,
        "altitude_max_ft": 3300.0,
        "altitude_compulsory_ft": null,
        "fix_a_name": "Piratininga",
        "fix_b_name": "Kentinha",
        "ats": "TWR-SP127.150 MHz",
        "effective_date": "2025-10-02T00:00:00Z",
        "source_identifier": "AIC N32/25",
        "axis_key": "57e6a9f529eb087c4e75a6cedd8fb559",
        "waypoint_count": 2,
        "area_m2": 1370008.359375
      },
      "geometry": {
        "type": "MultiPolygon",
        "coordinates": [
          [
            [
              [
                -46.6082,
                -23.7212
              ],
              [
                -46.6078,
                -23.7222
              ],
              [
                -46.61,
                -23.7225
              ],
              [
                -46.6747,
                -23.7039
              ],
              [
                -46.6744,
                -23.7031
              ],
              [
                -46.6742,
                -23.7022
              ],
              [
                -46.6082,
                -23.7212
              ]
            ]
          ]
        ]
      }
    },
    {
      "type": "Feature",
      "properties": {
        "resource_id": "REH-191",
        "label": "Portão Mailasqui - trecho 1",
        "name": "Portão Mailasqui",
        "section": "1",
        "route_type": "Obrig",
        "airspace_class": "",
        "semi_width_m": 100.0,
        "altitude_min_ft": null,
        "altitude_max_ft": null,
        "altitude_compulsory_ft": null,
        "fix_a_name": "Mailasqui",
        "fix_b_name": "",
        "ats": "",
        "effective_date": "2025-10-02T00:00:00Z",
        "source_identifier": "AIC N32/25",
        "axis_key": "3343a65c6fc6dd5030ad3371f7354250",
        "waypoint_count": 2,
        "area_m2": 515172.828125
      },
      "geometry": {
        "type": "MultiPolygon",
        "coordinates": [
          [
            [
              [
                -47.0851,
                -23.5419
              ],
              [
                -47.0843,
                -23.5415
              ],
              [
                -47.0835,
                -23.5411
              ],
              [
                -47.0729,
                -23.5635
              ],
              [
                -47.0722,
                -23.5669
              ],
              [
                -47.0762,
                -23.5607
              ],
              [
                -47.0851,
                -23.5419
              ]
            ]
          ]
        ]
      }
    },
    {
      "type": "Feature",
      "properties": {
        "resource_id": "REH-127",
        "label": "MORUMBI - trecho 3",
        "name": "MORUMBI",
        "section": "3",
        "route_type": "Recom",
        "airspace_class": "G",
        "semi_width_m": 250.0,
        "altitude_min_ft": 3400.0,
        "altitude_max_ft": 3600.0,
        "altitude_compulsory_ft": null,
        "fix_a_name": "Extra Taboão",
        "fix_b_name": "Rodoanel Raposo",
        "ats": "COORDENAÇÃO HELICÓPTERO127.350 MHz",
        "effective_date": "2025-10-02T00:00:00Z",
        "source_identifier": "AIC N32/25",
        "axis_key": "d39ffbd8384d0d1a41a5f1cff51927fa",
        "waypoint_count": 2,
        "area_m2": 2994960.1171875
      },
      "geometry": {
        "type": "MultiPolygon",
        "coordinates": [
          [
            [
              [
                -46.8087,
                -23.595
              ],
              [
                -46.8103,
                -23.5922
              ],
              [
                -46.8077,
                -23.5906
              ],
              [
                -46.7541,
                -23.6056
              ],
              [
                -46.7517,
                -23.6086
              ],
              [
                -46.7536,
                -23.6104
              ],
              [
                -46.8087,
                -23.595
              ]
            ]
          ]
        ]
      }
    },
    {
      "type": "Feature",
      "properties": {
        "resource_id": "REH-112",
        "label": "ACLIMAÇÃO - trecho 3",
        "name": "ACLIMAÇÃO",
        "section": "3",
        "route_type": "Recom",
        "airspace_class": "G",
        "semi_width_m": 250.0,
        "altitude_min_ft": 3300.0,
        "altitude_max_ft": 3400.0,
        "altitude_compulsory_ft": null,
        "fix_a_name": "Parque Aclimação",
        "fix_b_name": "Itaú Cto",
        "ats": "COORDENAÇÃO HELICÓPTERO127.350 MHz",
        "effective_date": "2025-10-02T00:00:00Z",
        "source_identifier": "AIC N32/25",
        "axis_key": "47cdd89abbfe19939f2925303ef52c9b",
        "waypoint_count": 2,
        "area_m2": 1083942.2265625
      },
      "geometry": {
        "type": "MultiPolygon",
        "coordinates": [
          [
            [
              [
                -46.627,
                -23.5761
              ],
              [
                -46.6286,
                -23.5744
              ],
              [
                -46.6302,
                -23.5728
              ],
              [
                -46.6173,
                -23.5564
              ],
              [
                -46.6156,
                -23.5578
              ],
              [
                -46.6138,
                -23.5592
              ],
              [
                -46.627,
                -23.5761
              ]
            ]
          ]
        ]
      }
    },
    {
      "type": "Feature",
      "properties": {
        "resource_id": "REH-113",
        "label": "ACLIMAÇÃO - trecho 4",
        "name": "ACLIMAÇÃO",
        "section": "4",
        "route_type": "Recom",
        "airspace_class": "G",
        "semi_width_m": 250.0,
        "altitude_min_ft": 3300.0,
        "altitude_max_ft": 3400.0,
        "altitude_compulsory_ft": null,
        "fix_a_name": "Itaú Cto",
        "fix_b_name": "Alcântara Machado",
        "ats": "COORDENAÇÃO HELICÓPTERO127.350 MHz",
        "effective_date": "2025-10-02T00:00:00Z",
        "source_identifier": "AIC N32/25",
        "axis_key": "ee30cd1d902a1e086901ad0103a8efd8",
        "waypoint_count": 2,
        "area_m2": 270127.546875
      },
      "geometry": {
        "type": "MultiPolygon",
        "coordinates": [
          [
            [
              [
                -46.6138,
                -23.5592
              ],
              [
                -46.6156,
                -23.5578
              ],
              [
                -46.6173,
                -23.5564
              ],
              [
                -46.6173,
                -23.5564
              ],
              [
                -46.6142,
                -23.5526
              ],
              [
                -46.6114,
                -23.5528
              ],
              [
                -46.6118,
                -23.5568
              ],
              [
                -46.6138,
                -23.5592
              ],
              [
                -46.6138,
                -23.5592
              ]
            ]
          ]
        ]
      }
    },
    {
      "type": "Feature",
      "properties": {
        "resource_id": "REH-114",
        "label": "ARICANDUVA - trecho 1",
        "name": "ARICANDUVA",
        "section": "1",
        "route_type": "Recom",
        "airspace_class": "G",
        "semi_width_m": 250.0,
        "altitude_min_ft": null,
        "altitude_max_ft": null,
        "altitude_compulsory_ft": 3100.0,
        "fix_a_name": "Ponte Aricanduva",
        "fix_b_name": "Elevado Aricanduva",
        "ats": "COORDENAÇÃO HELICÓPTERO127.350 MHz",
        "effective_date": "2025-10-02T00:00:00Z",
        "source_identifier": "AIC N32/25",
        "axis_key": "cd5aa8f4d94674f7927993d485795957",
        "waypoint_count": 2,
        "area_m2": 705563.703125
      },
      "geometry": {
        "type": "MultiPolygon",
        "coordinates": [
          [
            [
              [
                -46.5483,
                -23.535
              ],
              [
                -46.5537,
                -23.5335
              ],
              [
                -46.5587,
                -23.5264
              ],
              [
                -46.5583,
                -23.5231
              ],
              [
                -46.5555,
                -23.5231
              ],
              [
                -46.5506,
                -23.53
              ],
              [
                -46.5488,
                -23.531
              ],
              [
                -46.547,
                -23.5323
              ],
              [
                -46.5469,
                -23.5324
              ],
              [
                -46.5483,
                -23.535
              ]
            ]
          ]
        ]
      }
    },
    {
      "type": "Feature",
      "properties": {
        "resource_id": "REH-115",
        "label": "ARICANDUVA - trecho 1",
        "name": "ARICANDUVA",
        "section": "1",
        "route_type": "Recom",
        "airspace_class": "G",
        "semi_width_m": 250.0,
        "altitude_min_ft": null,
        "altitude_max_ft": null,
        "altitude_compulsory_ft": 3200.0,
        "fix_a_name": "São Mateus",
        "fix_b_name": "Parque do Carmo",
        "ats": "COORDENAÇÃO HELICÓPTERO127.350 MHz",
        "effective_date": "2025-10-02T00:00:00Z",
        "source_identifier": "AIC N32/25",
        "axis_key": "32fa4e345e2958ba70b115d7423d65dd",
        "waypoint_count": 2,
        "area_m2": 1056641.109375
      },
      "geometry": {
        "type": "MultiPolygon",
        "coordinates": [
          [
            [
              [
                -46.4658,
                -23.5944
              ],
              [
                -46.4635,
                -23.5937
              ],
              [
                -46.4639,
                -23.5968
              ],
              [
                -46.4745,
                -23.6136
              ],
              [
                -46.4764,
                -23.6125
              ],
              [
                -46.4783,
                -23.6114
              ],
              [
                -46.4682,
                -23.5953
              ],
              [
                -46.4682,
                -23.5952
              ],
              [
                -46.4658,
                -23.5944
              ]
            ]
          ]
        ]
      }
    },
    {
      "type": "Feature",
      "properties": {
        "resource_id": "REH-116",
        "label": "CAMPOS - trecho 1",
        "name": "CAMPOS",
        "section": "1",
        "route_type": "Recom",
        "airspace_class": "G",
        "semi_width_m": 250.0,
        "altitude_min_ft": 3400.0,
        "altitude_max_ft": 3500.0,
        "altitude_compulsory_ft": null,
        "fix_a_name": "Suzano",
        "fix_b_name": "Gm",
        "ats": "SUL 126.650 MHz",
        "effective_date": "2025-10-02T00:00:00Z",
        "source_identifier": "AIC N32/25",
        "axis_key": "921638ce91db37e7c1de04fd9599fba4",
        "waypoint_count": 2,
        "area_m2": 5344369.8984375
      },
      "geometry": {
        "type": "MultiPolygon",
        "coordinates": [
          [
            [
              [
                -46.2592,
                -23.4398
              ],
              [
                -46.2572,
                -23.4408
              ],
              [
                -46.2556,
                -23.4426
              ],
              [
                -46.3046,
                -23.5325
              ],
              [
                -46.3081,
                -23.5342
              ],
              [
                -46.3094,
                -23.532
              ],
              [
                -46.2592,
                -23.4398
              ]
            ]
          ]
        ]
      }
    },
    {
      "type": "Feature",
      "properties": {
        "resource_id": "REH-117",
        "label": "CAMPOS - trecho 2",
        "name": "CAMPOS",
        "section": "2",
        "route_type": "Recom",
        "airspace_class": "G",
        "semi_width_m": 250.0,
        "altitude_min_ft": 3400.0,
        "altitude_max_ft": 3500.0,
        "altitude_compulsory_ft": null,
        "fix_a_name": "Gm",
        "fix_b_name": "Través Isabel",
        "ats": "SUL 126.650 MHz",
        "effective_date": "2025-10-02T00:00:00Z",
        "source_identifier": "AIC N32/25",
        "axis_key": "475506cd6702a2872a0543f938b2fef7",
        "waypoint_count": 2,
        "area_m2": 6471905.828125
      },
      "geometry": {
        "type": "MultiPolygon",
        "coordinates": [
          [
            [
              [
                -46.2572,
                -23.4408
              ],
              [
                -46.2592,
                -23.4398
              ],
              [
                -46.2079,
                -23.3219
              ],
              [
                -46.2079,
                -23.3219
              ],
              [
                -46.2058,
                -23.3228
              ],
              [
                -46.2038,
                -23.3236
              ],
              [
                -46.2529,
                -23.4366
              ],
              [
                -46.2572,
                -23.4408
              ]
            ]
          ]
        ]
      }
    },
    {
      "type": "Feature",
      "properties": {
        "resource_id": "REH-118",
        "label": "CAMPOS - trecho 3",
        "name": "CAMPOS",
        "section": "3",
        "route_type": "Recom",
        "airspace_class": "G",
        "semi_width_m": 250.0,
        "altitude_min_ft": 3400.0,
        "altitude_max_ft": 3500.0,
        "altitude_compulsory_ft": null,
        "fix_a_name": "Través Isabel",
        "fix_b_name": "Igaratá",
        "ats": "SUL 126.650 MHz",
        "effective_date": "2025-10-02T00:00:00Z",
        "source_identifier": "AIC N32/25",
        "axis_key": "b44d8600d7b087a044cb3d1ed672c03a",
        "waypoint_count": 2,
        "area_m2": 6389701.578125
      },
      "geometry": {
        "type": "MultiPolygon",
        "coordinates": [
          [
            [
              [
                -46.2058,
                -23.3228
              ],
              [
                -46.2079,
                -23.3219
              ],
              [
                -46.1617,
                -23.2062
              ],
              [
                -46.1592,
                -23.2058
              ],
              [
                -46.1566,
                -23.2055
              ],
              [
                -46.2038,
                -23.3236
              ],
              [
                -46.2058,
                -23.3228
              ]
            ]
          ]
        ]
      }
    },
    {
      "type": "Feature",
      "properties": {
        "resource_id": "REH-119",
        "label": "CAMPOS - trecho 4",
        "name": "CAMPOS",
        "section": "4",
        "route_type": "Recom",
        "airspace_class": "C",
        "semi_width_m": 100.0,
        "altitude_min_ft": null,
        "altitude_max_ft": null,
        "altitude_compulsory_ft": 3200.0,
        "fix_a_name": "Igaratá",
        "fix_b_name": "São José",
        "ats": "APP-SP134.150 MHz / 124.150 MHz",
        "effective_date": "2025-10-02T00:00:00Z",
        "source_identifier": "AIC N32/25",
        "axis_key": "c9520a25ed0d293423bf5f771addf9b2",
        "waypoint_count": 2,
        "area_m2": 5503870.9375
      },
      "geometry": {
        "type": "MultiPolygon",
        "coordinates": [
          [
            [
              [
                -45.9241,
                -23.0776
              ],
              [
                -45.9236,
                -23.0783
              ],
              [
                -45.9231,
                -23.0791
              ],
              [
                -46.1566,
                -23.2055
              ],
              [
                -46.1592,
                -23.2058
              ],
              [
                -46.1617,
                -23.2062
              ],
              [
                -45.9241,
                -23.0776
              ]
            ]
          ]
        ]
      }
    },
    {
      "type": "Feature",
      "properties": {
        "resource_id": "REH-120",
        "label": "ECOLÓGICO - trecho 1",
        "name": "ECOLÓGICO",
        "section": "1",
        "route_type": "Recom",
        "airspace_class": "G",
        "semi_width_m": 250.0,
        "altitude_min_ft": null,
        "altitude_max_ft": null,
        "altitude_compulsory_ft": 3300.0,
        "fix_a_name": "Shopping Tatuapé",
        "fix_b_name": "Ponte Aricanduva",
        "ats": "COORDENAÇÃO HELICÓPTERO127.350 MHz",
        "effective_date": "2025-10-02T00:00:00Z",
        "source_identifier": "AIC N32/25",
        "axis_key": "4d5cd5b16286e2ab28bb4aecc7f061da",
        "waypoint_count": 2,
        "area_m2": 1074541.9609375
      },
      "geometry": {
        "type": "MultiPolygon",
        "coordinates": [
          [
            [
              [
                -46.5612,
                -23.5226
              ],
              [
                -46.5583,
                -23.5231
              ],
              [
                -46.5587,
                -23.5264
              ],
              [
                -46.5692,
                -23.5357
              ],
              [
                -46.5763,
                -23.539
              ],
              [
                -46.5773,
                -23.5368
              ],
              [
                -46.5612,
                -23.5226
              ]
            ]
          ]
        ]
      }
    },
    {
      "type": "Feature",
      "properties": {
        "resource_id": "REH-121",
        "label": "ESTADO - trecho 4",
        "name": "ESTADO",
        "section": "4",
        "route_type": "Recom",
        "airspace_class": "G",
        "semi_width_m": 250.0,
        "altitude_min_ft": 3200.0,
        "altitude_max_ft": 3400.0,
        "altitude_compulsory_ft": null,
        "fix_a_name": "Utinga",
        "fix_b_name": "Estação Saladino",
        "ats": "COORDENAÇÃO HELICÓPTERO127.350 MHz",
        "effective_date": "2025-10-02T00:00:00Z",
        "source_identifier": "AIC N32/25",
        "axis_key": "a5d85ad5c1874c6bf6f666d76f70ae28",
        "waypoint_count": 2,
        "area_m2": 727271.453125
      },
      "geometry": {
        "type": "MultiPolygon",
        "coordinates": [
          [
            [
              [
                -46.533,
                -23.6366
              ],
              [
                -46.535,
                -23.6375
              ],
              [
                -46.5378,
                -23.6368
              ],
              [
                -46.5432,
                -23.6257
              ],
              [
                -46.5414,
                -23.6242
              ],
              [
                -46.5396,
                -23.6227
              ],
              [
                -46.533,
                -23.6366
              ]
            ]
          ]
        ]
      }
    },
    {
      "type": "Feature",
      "properties": {
        "resource_id": "REH-122",
        "label": "FÁBRICA - trecho 2",
        "name": "FÁBRICA",
        "section": "2",
        "route_type": "Obrig",
        "airspace_class": "D",
        "semi_width_m": 100.0,
        "altitude_min_ft": 3300.0,
        "altitude_max_ft": 3300.0,
        "altitude_compulsory_ft": null,
        "fix_a_name": "Kentinha",
        "fix_b_name": "Mercedes",
        "ats": "TWR-SP127.150 MHz",
        "effective_date": "2025-10-02T00:00:00Z",
        "source_identifier": "AIC N32/25",
        "axis_key": "1852be49886fc91a5b8dadf80b80ce36",
        "waypoint_count": 2,
        "area_m2": 1294653.2578125
      },
      "geometry": {
        "type": "MultiPolygon",
        "coordinates": [
          [
            [
              [
                -46.6078,
                -23.7222
              ],
              [
                -46.6082,
                -23.7212
              ],
              [
                -46.5752,
                -23.6674
              ],
              [
                -46.5733,
                -23.6661
              ],
              [
                -46.5745,
                -23.6697
              ],
              [
                -46.6058,
                -23.7207
              ],
              [
                -46.6078,
                -23.7222
              ]
            ]
          ]
        ]
      }
    },
    {
      "type": "Feature",
      "properties": {
        "resource_id": "REH-123",
        "label": "FÁBRICA - trecho 3",
        "name": "FÁBRICA",
        "section": "3",
        "route_type": "Recom",
        "airspace_class": "G",
        "semi_width_m": 250.0,
        "altitude_min_ft": 3300.0,
        "altitude_max_ft": 3300.0,
        "altitude_compulsory_ft": null,
        "fix_a_name": "Mercedes",
        "fix_b_name": "Estação Saladino",
        "ats": "COORDENAÇÃO HELICÓPTERO127.350 MHz",
        "effective_date": "2025-10-02T00:00:00Z",
        "source_identifier": "AIC N32/25",
        "axis_key": "edc6e1326e104292d2a09f37a853dd14",
        "waypoint_count": 2,
        "area_m2": 2333714.8125
      },
      "geometry": {
        "type": "MultiPolygon",
        "coordinates": [
          [
            [
              [
                -46.5733,
                -23.6661
              ],
              [
                -46.5725,
                -23.6626
              ],
              [
                -46.5378,
                -23.6368
              ],
              [
                -46.535,
                -23.6375
              ],
              [
                -46.5359,
                -23.641
              ],
              [
                -46.5707,
                -23.6669
              ],
              [
                -46.5733,
                -23.6661
              ]
            ]
          ]
        ]
      }
    },
    {
      "type": "Feature",
      "properties": {
        "resource_id": "REH-124",
        "label": "GUARAPIRANGA - trecho 1",
        "name": "GUARAPIRANGA",
        "section": "1",
        "route_type": "Recom",
        "airspace_class": "G",
        "semi_width_m": 250.0,
        "altitude_min_ft": 3300.0,
        "altitude_max_ft": 3600.0,
        "altitude_compulsory_ft": null,
        "fix_a_name": "Parelheiros",
        "fix_b_name": "Empresarial",
        "ats": "COORDENAÇÃO HELICÓPTERO127.350 MHz",
        "effective_date": "2025-10-02T00:00:00Z",
        "source_identifier": "AIC N32/25",
        "axis_key": "f7d8f18fc713a5e18ba503e025e35d3e",
        "waypoint_count": 2,
        "area_m2": 7620449.921875
      },
      "geometry": {
        "type": "MultiPolygon",
        "coordinates": [
          [
            [
              [
                -46.7257,
                -23.6534
              ],
              [
                -46.7233,
                -23.6525
              ],
              [
                -46.7214,
                -23.6573
              ],
              [
                -46.732,
                -23.801
              ],
              [
                -46.7344,
                -23.8031
              ],
              [
                -46.7364,
                -23.7996
              ],
              [
                -46.7257,
                -23.6534
              ]
            ]
          ]
        ]
      }
    },
    {
      "type": "Feature",
      "properties": {
        "resource_id": "REH-125",
        "label": "JUNDIAÍ - trecho 3",
        "name": "JUNDIAÍ",
        "section": "3",
        "route_type": "Obrig",
        "airspace_class": "D",
        "semi_width_m": 100.0,
        "altitude_min_ft": null,
        "altitude_max_ft": null,
        "altitude_compulsory_ft": 3000.0,
        "fix_a_name": "Estação",
        "fix_b_name": "Assaí Jundiaí",
        "ats": "TWR-JD (MONITORAMENTO) 118.750 MHz",
        "effective_date": "2025-10-02T00:00:00Z",
        "source_identifier": "AIC N32/25",
        "axis_key": "51814eec8d6f639ca485ea5e73ec9cc9",
        "waypoint_count": 2,
        "area_m2": 631365.78125
      },
      "geometry": {
        "type": "MultiPolygon",
        "coordinates": [
          [
            [
              [
                -46.8722,
                -23.195
              ],
              [
                -46.8731,
                -23.1954
              ],
              [
                -46.8796,
                -23.1861
              ],
              [
                -46.8857,
                -23.1798
              ],
              [
                -46.8941,
                -23.1752
              ],
              [
                -46.8936,
                -23.1744
              ],
              [
                -46.8931,
                -23.1737
              ],
              [
                -46.8846,
                -23.1783
              ],
              [
                -46.8782,
                -23.1849
              ],
              [
                -46.8714,
                -23.1946
              ],
              [
                -46.8722,
                -23.195
              ]
            ]
          ]
        ]
      }
    },
    {
      "type": "Feature",
      "properties": {
        "resource_id": "REH-126",
        "label": "MARTE - trecho 6",
        "name": "MARTE",
        "section": "6",
        "route_type": "Recom",
        "airspace_class": "G",
        "semi_width_m": 250.0,
        "altitude_min_ft": null,
        "altitude_max_ft": null,
        "altitude_compulsory_ft": 3200.0,
        "fix_a_name": "Alcântara Machado",
        "fix_b_name": "Vd São Carlos",
        "ats": "COORDENAÇÃO HELICÓPTERO127.350 MHz",
        "effective_date": "2025-10-02T00:00:00Z",
        "source_identifier": "AIC N32/25",
        "axis_key": "c93a4ab4b3ae585bac533575cad412c7",
        "waypoint_count": 2,
        "area_m2": 795485.65625
      },
      "geometry": {
        "type": "MultiPolygon",
        "coordinates": [
          [
            [
              [
                -46.6114,
                -23.5528
              ],
              [
                -46.6094,
                -23.5516
              ],
              [
                -46.6016,
                -23.5667
              ],
              [
                -46.6039,
                -23.5672
              ],
              [
                -46.6062,
                -23.5677
              ],
              [
                -46.6118,
                -23.5568
              ],
              [
                -46.6114,
                -23.5528
              ]
            ]
          ]
        ]
      }
    },
    {
      "type": "Feature",
      "properties": {
        "resource_id": "REH-128",
        "label": "OESTE - trecho 1",
        "name": "OESTE",
        "section": "1",
        "route_type": "Recom",
        "airspace_class": "G",
        "semi_width_m": 250.0,
        "altitude_min_ft": 3200.0,
        "altitude_max_ft": 3300.0,
        "altitude_compulsory_ft": null,
        "fix_a_name": "Cebolão",
        "fix_b_name": "Shopping Continental",
        "ats": "COORDENAÇÃO HELICÓPTERO127.350 MHz",
        "effective_date": "2025-10-02T00:00:00Z",
        "source_identifier": "AIC N32/25",
        "axis_key": "8976582ab87aae09eed6b8969cb9c0ab",
        "waypoint_count": 2,
        "area_m2": 993964.2890625
      },
      "geometry": {
        "type": "MultiPolygon",
        "coordinates": [
          [
            [
              [
                -46.7528,
                -23.5475
              ],
              [
                -46.7553,
                -23.5481
              ],
              [
                -46.7575,
                -23.5479
              ],
              [
                -46.7529,
                -23.5277
              ],
              [
                -46.7503,
                -23.5261
              ],
              [
                -46.75,
                -23.5349
              ],
              [
                -46.7528,
                -23.5475
              ]
            ]
          ]
        ]
      }
    },
    {
      "type": "Feature",
      "properties": {
        "resource_id": "REH-129",
        "label": "OESTE - trecho 2",
        "name": "OESTE",
        "section": "2",
        "route_type": "Recom",
        "airspace_class": "G",
        "semi_width_m": 250.0,
        "altitude_min_ft": 3400.0,
        "altitude_max_ft": 3600.0,
        "altitude_compulsory_ft": null,
        "fix_a_name": "Shopping Continental",
        "fix_b_name": "Extra Taboão",
        "ats": "COORDENAÇÃO HELICÓPTERO127.350 MHz",
        "effective_date": "2025-10-02T00:00:00Z",
        "source_identifier": "AIC N32/25",
        "axis_key": "80da0bf560291bb303c01517b99a3103",
        "waypoint_count": 2,
        "area_m2": 2957150.40625
      },
      "geometry": {
        "type": "MultiPolygon",
        "coordinates": [
          [
            [
              [
                -46.7553,
                -23.5481
              ],
              [
                -46.7526,
                -23.5547
              ],
              [
                -46.7495,
                -23.6065
              ],
              [
                -46.7517,
                -23.6086
              ],
              [
                -46.7541,
                -23.6056
              ],
              [
                -46.7575,
                -23.5479
              ],
              [
                -46.7553,
                -23.5481
              ]
            ]
          ]
        ]
      }
    },
    {
      "type": "Feature",
      "properties": {
        "resource_id": "REH-130",
        "label": "RADIAL - trecho 1",
        "name": "RADIAL",
        "section": "1",
        "route_type": "Recom",
        "airspace_class": "G",
        "semi_width_m": 250.0,
        "altitude_min_ft": null,
        "altitude_max_ft": null,
        "altitude_compulsory_ft": 3300.0,
        "fix_a_name": "Brás",
        "fix_b_name": "Shopping Tatuapé",
        "ats": "COORDENAÇÃO HELICÓPTERO127.350 MHz",
        "effective_date": "2025-10-02T00:00:00Z",
        "source_identifier": "AIC N32/25",
        "axis_key": "8e7a1634628ac7e41d2b28fabcdb186c",
        "waypoint_count": 2,
        "area_m2": 2055230.2421875
      },
      "geometry": {
        "type": "MultiPolygon",
        "coordinates": [
          [
            [
              [
                -46.5773,
                -23.5368
              ],
              [
                -46.5763,
                -23.539
              ],
              [
                -46.576,
                -23.5412
              ],
              [
                -46.6133,
                -23.5457
              ],
              [
                -46.6172,
                -23.5439
              ],
              [
                -46.6165,
                -23.5415
              ],
              [
                -46.5773,
                -23.5368
              ]
            ]
          ]
        ]
      }
    },
    {
      "type": "Feature",
      "properties": {
        "resource_id": "REH-131",
        "label": "RADIAL - trecho 2",
        "name": "RADIAL",
        "section": "2",
        "route_type": "Recom",
        "airspace_class": "G",
        "semi_width_m": 250.0,
        "altitude_min_ft": null,
        "altitude_max_ft": null,
        "altitude_compulsory_ft": 3100.0,
        "fix_a_name": "Shopping Tatuapé",
        "fix_b_name": "Elevado Aricanduva",
        "ats": "COORDENAÇÃO HELICÓPTERO127.350 MHz",
        "effective_date": "2025-10-02T00:00:00Z",
        "source_identifier": "AIC N32/25",
        "axis_key": "baf12473e9ad8a93c4fcf2ffa69cb391",
        "waypoint_count": 2,
        "area_m2": 1255241.21875
      },
      "geometry": {
        "type": "MultiPolygon",
        "coordinates": [
          [
            [
              [
                -46.5537,
                -23.5335
              ],
              [
                -46.5483,
                -23.535
              ],
              [
                -46.5495,
                -23.5374
              ],
              [
                -46.576,
                -23.5412
              ],
              [
                -46.5763,
                -23.539
              ],
              [
                -46.5692,
                -23.5357
              ],
              [
                -46.5537,
                -23.5335
              ]
            ]
          ]
        ]
      }
    },
    {
      "type": "Feature",
      "properties": {
        "resource_id": "REH-132",
        "label": "REFINARIA - trecho 1",
        "name": "REFINARIA",
        "section": "1",
        "route_type": "Recom",
        "airspace_class": "G",
        "semi_width_m": 250.0,
        "altitude_min_ft": null,
        "altitude_max_ft": null,
        "altitude_compulsory_ft": 3300.0,
        "fix_a_name": "Maxxi",
        "fix_b_name": "São Mateus",
        "ats": "COORDENAÇÃO HELICÓPTERO127.350 MHz",
        "effective_date": "2025-10-02T00:00:00Z",
        "source_identifier": "AIC N32/25",
        "axis_key": "b515b5c263bb1a855d2de002da1f305c",
        "waypoint_count": 2,
        "area_m2": 2461562.578125
      },
      "geometry": {
        "type": "MultiPolygon",
        "coordinates": [
          [
            [
              [
                -46.5006,
                -23.6564
              ],
              [
                -46.5016,
                -23.6536
              ],
              [
                -46.4783,
                -23.6114
              ],
              [
                -46.4764,
                -23.6125
              ],
              [
                -46.4745,
                -23.6136
              ],
              [
                -46.4969,
                -23.6544
              ],
              [
                -46.5006,
                -23.6564
              ]
            ]
          ]
        ]
      }
    },
    {
      "type": "Feature",
      "properties": {
        "resource_id": "REH-133",
        "label": "SUZANO - trecho 1",
        "name": "SUZANO",
        "section": "1",
        "route_type": "Recom",
        "airspace_class": "G",
        "semi_width_m": 250.0,
        "altitude_min_ft": null,
        "altitude_max_ft": null,
        "altitude_compulsory_ft": 3300.0,
        "fix_a_name": "Itaquera",
        "fix_b_name": "Fábrica Ferraz",
        "ats": "COORDENAÇÃO HELICÓPTERO127.350 MHz",
        "effective_date": "2025-10-02T00:00:00Z",
        "source_identifier": "AIC N32/25",
        "axis_key": "2e0827481922dcccf809add770486829",
        "waypoint_count": 2,
        "area_m2": 3877166.34375
      },
      "geometry": {
        "type": "MultiPolygon",
        "coordinates": [
          [
            [
              [
                -46.4656,
                -23.5422
              ],
              [
                -46.4658,
                -23.54
              ],
              [
                -46.3901,
                -23.5364
              ],
              [
                -46.39,
                -23.5386
              ],
              [
                -46.3899,
                -23.5409
              ],
              [
                -46.4654,
                -23.5445
              ],
              [
                -46.4656,
                -23.5422
              ]
            ]
          ]
        ]
      }
    },
    {
      "type": "Feature",
      "properties": {
        "resource_id": "REH-134",
        "label": "SUZANO - trecho 2",
        "name": "SUZANO",
        "section": "2",
        "route_type": "Recom",
        "airspace_class": "G",
        "semi_width_m": 250.0,
        "altitude_min_ft": null,
        "altitude_max_ft": null,
        "altitude_compulsory_ft": 3400.0,
        "fix_a_name": "Fábrica Ferraz",
        "fix_b_name": "Suzano",
        "ats": "SUL126.650 MHz",
        "effective_date": "2025-10-02T00:00:00Z",
        "source_identifier": "AIC N32/25",
        "axis_key": "177c18e12ca47797b59dad26a969332f",
        "waypoint_count": 2,
        "area_m2": 4158104.0859375
      },
      "geometry": {
        "type": "MultiPolygon",
        "coordinates": [
          [
            [
              [
                -46.3094,
                -23.532
              ],
              [
                -46.3081,
                -23.5342
              ],
              [
                -46.3082,
                -23.5364
              ],
              [
                -46.3899,
                -23.5409
              ],
              [
                -46.39,
                -23.5386
              ],
              [
                -46.3901,
                -23.5364
              ],
              [
                -46.3094,
                -23.532
              ]
            ]
          ]
        ]
      }
    },
    {
      "type": "Feature",
      "properties": {
        "resource_id": "REH-135",
        "label": "RODOANEL - trecho 4",
        "name": "RODOANEL",
        "section": "4",
        "route_type": "Recom",
        "airspace_class": "G",
        "semi_width_m": 250.0,
        "altitude_min_ft": null,
        "altitude_max_ft": null,
        "altitude_compulsory_ft": 3200.0,
        "fix_a_name": "Rodoanel Raposo",
        "fix_b_name": "Rodoanel Castelo",
        "ats": "COORDENAÇÃO HELICÓPTERO127.350 MHz",
        "effective_date": "2025-10-02T00:00:00Z",
        "source_identifier": "AIC N32/25",
        "axis_key": "cc269f3688cda1a36c0213857ccfe018",
        "waypoint_count": 2,
        "area_m2": 4425088.46875
      },
      "geometry": {
        "type": "MultiPolygon",
        "coordinates": [
          [
            [
              [
                -46.8103,
                -23.5922
              ],
              [
                -46.8121,
                -23.5898
              ],
              [
                -46.8108,
                -23.5818
              ],
              [
                -46.815,
                -23.5716
              ],
              [
                -46.8221,
                -23.565
              ],
              [
                -46.8203,
                -23.5328
              ],
              [
                -46.818,
                -23.5166
              ],
              [
                -46.8225,
                -23.511
              ],
              [
                -46.8214,
                -23.5089
              ],
              [
                -46.8159,
                -23.5121
              ],
              [
                -46.8132,
                -23.5153
              ],
              [
                -46.8159,
                -23.5332
              ],
              [
                -46.8175,
                -23.5632
              ],
              [
                -46.8112,
                -23.5689
              ],
              [
                -46.8061,
                -23.5813
              ],
              [
                -46.8077,
                -23.5906
              ],
              [
                -46.8103,
                -23.5922
              ]
            ]
          ]
        ]
      }
    },
    {
      "type": "Feature",
      "properties": {
        "resource_id": "REH-136",
        "label": "RODOANEL - trecho 5",
        "name": "RODOANEL",
        "section": "5",
        "route_type": "Recom",
        "airspace_class": "G",
        "semi_width_m": 250.0,
        "altitude_min_ft": null,
        "altitude_max_ft": null,
        "altitude_compulsory_ft": 3200.0,
        "fix_a_name": "Rodoanel Castelo",
        "fix_b_name": "Imperial",
        "ats": "COORDENAÇÃO HELICÓPTERO127.350 MHz",
        "effective_date": "2025-10-02T00:00:00Z",
        "source_identifier": "AIC N32/25",
        "axis_key": "62fab7b873696d24661803439b06422f",
        "waypoint_count": 2,
        "area_m2": 1274680.109375
      },
      "geometry": {
        "type": "MultiPolygon",
        "coordinates": [
          [
            [
              [
                -46.8214,
                -23.5089
              ],
              [
                -46.8235,
                -23.5064
              ],
              [
                -46.823,
                -23.4996
              ],
              [
                -46.8087,
                -23.4877
              ],
              [
                -46.8072,
                -23.4894
              ],
              [
                -46.8058,
                -23.4912
              ],
              [
                -46.8186,
                -23.5018
              ],
              [
                -46.819,
                -23.507
              ],
              [
                -46.8214,
                -23.5089
              ]
            ]
          ]
        ]
      }
    },
    {
      "type": "Feature",
      "properties": {
        "resource_id": "REH-137",
        "label": "ECOLÓGICO - trecho 2",
        "name": "ECOLÓGICO",
        "section": "2",
        "route_type": "Recom",
        "airspace_class": "G",
        "semi_width_m": 250.0,
        "altitude_min_ft": 3300.0,
        "altitude_max_ft": null,
        "altitude_compulsory_ft": null,
        "fix_a_name": "Ponte Aricanduva",
        "fix_b_name": "Barragem Tietê",
        "ats": "COORDENAÇÃO HELICÓPTERO127.350 MHz",
        "effective_date": "2025-10-02T00:00:00Z",
        "source_identifier": "AIC N32/25",
        "axis_key": "7adf55f2fac3ebb521f576a4d882321b",
        "waypoint_count": 2,
        "area_m2": 1299694.359375
      },
      "geometry": {
        "type": "MultiPolygon",
        "coordinates": [
          [
            [
              [
                -46.5433,
                -23.5003
              ],
              [
                -46.5419,
                -23.5022
              ],
              [
                -46.5406,
                -23.5042
              ],
              [
                -46.5555,
                -23.5231
              ],
              [
                -46.5583,
                -23.5231
              ],
              [
                -46.5581,
                -23.5191
              ],
              [
                -46.5433,
                -23.5003
              ]
            ]
          ]
        ]
      }
    },
    {
      "type": "Feature",
      "properties": {
        "resource_id": "REH-138",
        "label": "SENNA - trecho 1",
        "name": "SENNA",
        "section": "1",
        "route_type": "Recom",
        "airspace_class": "G",
        "semi_width_m": 250.0,
        "altitude_min_ft": 3300.0,
        "altitude_max_ft": 3500.0,
        "altitude_compulsory_ft": null,
        "fix_a_name": "Gm",
        "fix_b_name": "Pedágio Senna",
        "ats": "SUL126.650 MHz",
        "effective_date": "2025-10-02T00:00:00Z",
        "source_identifier": "AIC N32/25",
        "axis_key": "1809685a9fc7671580a2dc79bd546c60",
        "waypoint_count": 2,
        "area_m2": 5990743.890625
      },
      "geometry": {
        "type": "MultiPolygon",
        "coordinates": [
          [
            [
              [
                -46.1553,
                -23.3824
              ],
              [
                -46.1539,
                -23.3842
              ],
              [
                -46.1525,
                -23.3859
              ],
              [
                -46.1898,
                -23.4153
              ],
              [
                -46.2556,
                -23.4426
              ],
              [
                -46.2572,
                -23.4408
              ],
              [
                -46.2529,
                -23.4366
              ],
              [
                -46.1921,
                -23.4114
              ],
              [
                -46.1553,
                -23.3824
              ]
            ]
          ]
        ]
      }
    },
    {
      "type": "Feature",
      "properties": {
        "resource_id": "REH-139",
        "label": "CONGONHAS - trecho 1",
        "name": "CONGONHAS",
        "section": "1",
        "route_type": "Recom",
        "airspace_class": "D",
        "semi_width_m": 100.0,
        "altitude_min_ft": null,
        "altitude_max_ft": null,
        "altitude_compulsory_ft": 3300.0,
        "fix_a_name": "Viaduto Antártica",
        "fix_b_name": "Cebolinha",
        "ats": "CONTROLE HELICÓPTERO118.350 MHz",
        "effective_date": "2025-10-02T00:00:00Z",
        "source_identifier": "AIC N32/25",
        "axis_key": "678e779c10fc70f756d165f12e948076",
        "waypoint_count": 2,
        "area_m2": 1649811.3125
      },
      "geometry": {
        "type": "MultiPolygon",
        "coordinates": [
          [
            [
              [
                -46.6506,
                -23.5903
              ],
              [
                -46.6508,
                -23.5917
              ],
              [
                -46.6518,
                -23.5919
              ],
              [
                -46.6551,
                -23.586
              ],
              [
                -46.6804,
                -23.5629
              ],
              [
                -46.6825,
                -23.5571
              ],
              [
                -46.6803,
                -23.553
              ],
              [
                -46.6724,
                -23.5269
              ],
              [
                -46.6708,
                -23.5247
              ],
              [
                -46.6706,
                -23.527
              ],
              [
                -46.6786,
                -23.5536
              ],
              [
                -46.6805,
                -23.5572
              ],
              [
                -46.6788,
                -23.5618
              ],
              [
                -46.6536,
                -23.5849
              ],
              [
                -46.6506,
                -23.5903
              ]
            ]
          ]
        ]
      }
    },
    {
      "type": "Feature",
      "properties": {
        "resource_id": "REH-140",
        "label": "CONGONHAS - trecho 2",
        "name": "CONGONHAS",
        "section": "2",
        "route_type": "Recom",
        "airspace_class": "D",
        "semi_width_m": 100.0,
        "altitude_min_ft": null,
        "altitude_max_ft": null,
        "altitude_compulsory_ft": 3300.0,
        "fix_a_name": "Cebolinha",
        "fix_b_name": "Clube Sírio",
        "ats": "CONTROLE HELICÓPTERO118.350 MHz",
        "effective_date": "2025-10-02T00:00:00Z",
        "source_identifier": "AIC N32/25",
        "axis_key": "e22c0ff10f477b3153ba672e3de14669",
        "waypoint_count": 2,
        "area_m2": 330448.2734375
      },
      "geometry": {
        "type": "MultiPolygon",
        "coordinates": [
          [
            [
              [
                -46.6519,
                -23.6079
              ],
              [
                -46.6528,
                -23.6078
              ],
              [
                -46.6537,
                -23.6077
              ],
              [
                -46.6518,
                -23.5919
              ],
              [
                -46.6508,
                -23.5917
              ],
              [
                -46.65,
                -23.5921
              ],
              [
                -46.6519,
                -23.6079
              ]
            ]
          ]
        ]
      }
    },
    {
      "type": "Feature",
      "properties": {
        "resource_id": "REH-141",
        "label": "ESPRAIADA - trecho 1",
        "name": "ESPRAIADA",
        "section": "1",
        "route_type": "Recom",
        "airspace_class": "D",
        "semi_width_m": 100.0,
        "altitude_min_ft": 3300.0,
        "altitude_max_ft": 3400.0,
        "altitude_compulsory_ft": null,
        "fix_a_name": "Ponte Estaiada",
        "fix_b_name": "Washington Luís",
        "ats": "CONTROLE HELICÓPTERO118.350 MHz",
        "effective_date": "2025-10-02T00:00:00Z",
        "source_identifier": "AIC N32/25",
        "axis_key": "69d7af41fecfd32890c7e871fb86215b",
        "waypoint_count": 2,
        "area_m2": 770927.0625
      },
      "geometry": {
        "type": "MultiPolygon",
        "coordinates": [
          [
            [
              [
                -46.6994,
                -23.6128
              ],
              [
                -46.6983,
                -23.6121
              ],
              [
                -46.6897,
                -23.6142
              ],
              [
                -46.6859,
                -23.6157
              ],
              [
                -46.6779,
                -23.6218
              ],
              [
                -46.6733,
                -23.6283
              ],
              [
                -46.6685,
                -23.633
              ],
              [
                -46.6692,
                -23.6336
              ],
              [
                -46.6698,
                -23.6343
              ],
              [
                -46.6747,
                -23.6295
              ],
              [
                -46.6792,
                -23.623
              ],
              [
                -46.6868,
                -23.6173
              ],
              [
                -46.6902,
                -23.6159
              ],
              [
                -46.6988,
                -23.6139
              ],
              [
                -46.6994,
                -23.6128
              ]
            ]
          ]
        ]
      }
    },
    {
      "type": "Feature",
      "properties": {
        "resource_id": "REH-142",
        "label": "Tietê - trecho 1",
        "name": "Tietê",
        "section": "1",
        "route_type": "Recom",
        "airspace_class": "G",
        "semi_width_m": 250.0,
        "altitude_min_ft": null,
        "altitude_max_ft": null,
        "altitude_compulsory_ft": 3600.0,
        "fix_a_name": "Cabreúva",
        "fix_b_name": "Pirapora",
        "ats": "NORTE135.675 MHz",
        "effective_date": "2025-10-02T00:00:00Z",
        "source_identifier": "AIC N32/25",
        "axis_key": "6c44edf0b2e98e73de5ff6f71bcdd695",
        "waypoint_count": 2,
        "area_m2": 8133918.6640625
      },
      "geometry": {
        "type": "MultiPolygon",
        "coordinates": [
          [
            [
              [
                -46.9981,
                -23.3946
              ],
              [
                -46.9994,
                -23.3964
              ],
              [
                -47.0008,
                -23.3982
              ],
              [
                -47.1312,
                -23.3092
              ],
              [
                -47.1314,
                -23.3064
              ],
              [
                -47.1315,
                -23.3036
              ],
              [
                -46.9981,
                -23.3946
              ]
            ]
          ]
        ]
      }
    },
    {
      "type": "Feature",
      "properties": {
        "resource_id": "REH-143",
        "label": "ANCHIETA - trecho 1",
        "name": "ANCHIETA",
        "section": "1",
        "route_type": "Recom",
        "airspace_class": "G",
        "semi_width_m": 250.0,
        "altitude_min_ft": null,
        "altitude_max_ft": null,
        "altitude_compulsory_ft": 3300.0,
        "fix_a_name": "Entroncamento",
        "fix_b_name": "Mercedes",
        "ats": "COORDENAÇÃO HELICÓPTERO127.350 MHz",
        "effective_date": "2025-10-02T00:00:00Z",
        "source_identifier": "AIC N32/25",
        "axis_key": "33d978956cd2724148958442e77f8483",
        "waypoint_count": 2,
        "area_m2": 3675348.921875
      },
      "geometry": {
        "type": "MultiPolygon",
        "coordinates": [
          [
            [
              [
                -46.6006,
                -23.6036
              ],
              [
                -46.5979,
                -23.6039
              ],
              [
                -46.5968,
                -23.6063
              ],
              [
                -46.5994,
                -23.6175
              ],
              [
                -46.5995,
                -23.6201
              ],
              [
                -46.5948,
                -23.6283
              ],
              [
                -46.5935,
                -23.6351
              ],
              [
                -46.5807,
                -23.6446
              ],
              [
                -46.5725,
                -23.6626
              ],
              [
                -46.5733,
                -23.6661
              ],
              [
                -46.5752,
                -23.6674
              ],
              [
                -46.5844,
                -23.6475
              ],
              [
                -46.5975,
                -23.6377
              ],
              [
                -46.5991,
                -23.6299
              ],
              [
                -46.604,
                -23.6213
              ],
              [
                -46.6039,
                -23.6169
              ],
              [
                -46.6015,
                -23.6068
              ],
              [
                -46.6022,
                -23.6053
              ],
              [
                -46.6006,
                -23.6036
              ]
            ]
          ]
        ]
      }
    },
    {
      "type": "Feature",
      "properties": {
        "resource_id": "REH-209",
        "label": "FERNÃO - trecho 1",
        "name": "FERNÃO",
        "section": "1",
        "route_type": "Recom",
        "airspace_class": "G",
        "semi_width_m": 250.0,
        "altitude_min_ft": null,
        "altitude_max_ft": null,
        "altitude_compulsory_ft": 3100.0,
        "fix_a_name": "Ponte Aricanduva",
        "fix_b_name": "Dutra",
        "ats": "COORDENAÇÃO HELICÓPTERO127.350 MHz",
        "effective_date": "2025-10-02T00:00:00Z",
        "source_identifier": "AIC N32/25",
        "axis_key": "d7b31ed59ab37e98e4e7617eeb4389fe",
        "waypoint_count": 2,
        "area_m2": 1296174.578125
      },
      "geometry": {
        "type": "MultiPolygon",
        "coordinates": [
          [
            [
              [
                -46.5617,
                -23.4986
              ],
              [
                -46.5594,
                -23.4983
              ],
              [
                -46.5572,
                -23.4981
              ],
              [
                -46.556,
                -23.5095
              ],
              [
                -46.5594,
                -23.5168
              ],
              [
                -46.5581,
                -23.5191
              ],
              [
                -46.5583,
                -23.5231
              ],
              [
                -46.5612,
                -23.5226
              ],
              [
                -46.5645,
                -23.517
              ],
              [
                -46.5606,
                -23.5087
              ],
              [
                -46.5617,
                -23.4986
              ]
            ]
          ]
        ]
      }
    },
    {
      "type": "Feature",
      "properties": {
        "resource_id": "REH-160",
        "label": "IMIGRANTES - trecho 2",
        "name": "IMIGRANTES",
        "section": "2",
        "route_type": "Recom",
        "airspace_class": "G",
        "semi_width_m": 250.0,
        "altitude_min_ft": 3400.0,
        "altitude_max_ft": 3600.0,
        "altitude_compulsory_ft": null,
        "fix_a_name": "Trevo Imigrantes",
        "fix_b_name": "Pedágio Imigrantes",
        "ats": "SUL 126.650 MHz",
        "effective_date": "2025-10-02T00:00:00Z",
        "source_identifier": "AIC N32/25",
        "axis_key": "eb8a2a27f23f50e28ef7503ca05617db",
        "waypoint_count": 2,
        "area_m2": 3047848.7109375
      },
      "geometry": {
        "type": "MultiPolygon",
        "coordinates": [
          [
            [
              [
                -46.5911,
                -23.7633
              ],
              [
                -46.5895,
                -23.7656
              ],
              [
                -46.5959,
                -23.7847
              ],
              [
                -46.5807,
                -23.8199
              ],
              [
                -46.5828,
                -23.8208
              ],
              [
                -46.5848,
                -23.8217
              ],
              [
                -46.6007,
                -23.7849
              ],
              [
                -46.595,
                -23.768
              ],
              [
                -46.5911,
                -23.7633
              ]
            ]
          ]
        ]
      }
    },
    {
      "type": "Feature",
      "properties": {
        "resource_id": "REH-144",
        "label": "ANCHIETA - trecho 2",
        "name": "ANCHIETA",
        "section": "2",
        "route_type": "Recom",
        "airspace_class": "G",
        "semi_width_m": 250.0,
        "altitude_min_ft": 3300.0,
        "altitude_max_ft": 3500.0,
        "altitude_compulsory_ft": null,
        "fix_a_name": "Mercedes",
        "fix_b_name": "Trevo Anchieta",
        "ats": "COORDENAÇÃO HELICÓPTERO127.350 MHz",
        "effective_date": "2025-10-02T00:00:00Z",
        "source_identifier": "AIC N32/25",
        "axis_key": "cc139dc8e3ab0233776dc3b860a7717a",
        "waypoint_count": 2,
        "area_m2": 5468213.9375
      },
      "geometry": {
        "type": "MultiPolygon",
        "coordinates": [
          [
            [
              [
                -46.5319,
                -23.7636
              ],
              [
                -46.5342,
                -23.7636
              ],
              [
                -46.5365,
                -23.7613
              ],
              [
                -46.5367,
                -23.7583
              ],
              [
                -46.5362,
                -23.7551
              ],
              [
                -46.5366,
                -23.7545
              ],
              [
                -46.5417,
                -23.7478
              ],
              [
                -46.5444,
                -23.7377
              ],
              [
                -46.5537,
                -23.7257
              ],
              [
                -46.5636,
                -23.7161
              ],
              [
                -46.564,
                -23.6996
              ],
              [
                -46.5745,
                -23.6697
              ],
              [
                -46.5733,
                -23.6661
              ],
              [
                -46.5707,
                -23.6669
              ],
              [
                -46.5595,
                -23.6987
              ],
              [
                -46.5592,
                -23.7142
              ],
              [
                -46.5504,
                -23.7227
              ],
              [
                -46.5403,
                -23.7357
              ],
              [
                -46.5376,
                -23.7458
              ],
              [
                -46.5327,
                -23.7521
              ],
              [
                -46.5316,
                -23.7544
              ],
              [
                -46.5321,
                -23.7585
              ],
              [
                -46.5319,
                -23.7636
              ]
            ]
          ]
        ]
      }
    },
    {
      "type": "Feature",
      "properties": {
        "resource_id": "REH-145",
        "label": "ANCHIETA - trecho 3",
        "name": "ANCHIETA",
        "section": "3",
        "route_type": "Recom",
        "airspace_class": "G",
        "semi_width_m": 250.0,
        "altitude_min_ft": 3300.0,
        "altitude_max_ft": 3500.0,
        "altitude_compulsory_ft": null,
        "fix_a_name": "Trevo Anchieta",
        "fix_b_name": "Pedágio Anchieta",
        "ats": "SUL126.650 MHz",
        "effective_date": "2025-10-02T00:00:00Z",
        "source_identifier": "AIC N32/25",
        "axis_key": "e273199c984a983d9cee11950948af77",
        "waypoint_count": 2,
        "area_m2": 1576435.359375
      },
      "geometry": {
        "type": "MultiPolygon",
        "coordinates": [
          [
            [
              [
                -46.5342,
                -23.7636
              ],
              [
                -46.5319,
                -23.7636
              ],
              [
                -46.5321,
                -23.7688
              ],
              [
                -46.5264,
                -23.7753
              ],
              [
                -46.5249,
                -23.7816
              ],
              [
                -46.5182,
                -23.7875
              ],
              [
                -46.5197,
                -23.7892
              ],
              [
                -46.5212,
                -23.7909
              ],
              [
                -46.529,
                -23.784
              ],
              [
                -46.5305,
                -23.7775
              ],
              [
                -46.5367,
                -23.7704
              ],
              [
                -46.5365,
                -23.7658
              ],
              [
                -46.5342,
                -23.7636
              ]
            ]
          ]
        ]
      }
    },
    {
      "type": "Feature",
      "properties": {
        "resource_id": "REH-146",
        "label": "RAPOSO - trecho 1",
        "name": "RAPOSO",
        "section": "1",
        "route_type": "Obrig",
        "airspace_class": "G",
        "semi_width_m": 250.0,
        "altitude_min_ft": null,
        "altitude_max_ft": null,
        "altitude_compulsory_ft": 2500.0,
        "fix_a_name": "Araçoiaba",
        "fix_b_name": "Hospital",
        "ats": "NORTE 135.675 MHz",
        "effective_date": "2025-10-02T00:00:00Z",
        "source_identifier": "AIC N32/25",
        "axis_key": "f8b347227d55194b5bca1bc819d098e5",
        "waypoint_count": 2,
        "area_m2": 4187935.578125
      },
      "geometry": {
        "type": "MultiPolygon",
        "coordinates": [
          [
            [
              [
                -47.5183,
                -23.5239
              ],
              [
                -47.5183,
                -23.5239
              ],
              [
                -47.5183,
                -23.5239
              ],
              [
                -47.5194,
                -23.5258
              ],
              [
                -47.5206,
                -23.5278
              ],
              [
                -47.5379,
                -23.5172
              ],
              [
                -47.5559,
                -23.5112
              ],
              [
                -47.5953,
                -23.5208
              ],
              [
                -47.5958,
                -23.5186
              ],
              [
                -47.5964,
                -23.5164
              ],
              [
                -47.5557,
                -23.5065
              ],
              [
                -47.536,
                -23.5131
              ],
              [
                -47.5183,
                -23.5239
              ]
            ]
          ]
        ]
      }
    },
    {
      "type": "Feature",
      "properties": {
        "resource_id": "REH-147",
        "label": "RAPOSO - trecho 2",
        "name": "RAPOSO",
        "section": "2",
        "route_type": "Obrig",
        "airspace_class": "G",
        "semi_width_m": 250.0,
        "altitude_min_ft": null,
        "altitude_max_ft": null,
        "altitude_compulsory_ft": 2500.0,
        "fix_a_name": "Hospital",
        "fix_b_name": "Makro",
        "ats": "TWR SOROCABA (MONITORAMENTO)118.800 MHz",
        "effective_date": "2025-10-02T00:00:00Z",
        "source_identifier": "AIC N32/25",
        "axis_key": "7689ca00c1555cf2525db4c7b969bf7a",
        "waypoint_count": 2,
        "area_m2": 980976.4921875
      },
      "geometry": {
        "type": "MultiPolygon",
        "coordinates": [
          [
            [
              [
                -47.5194,
                -23.5258
              ],
              [
                -47.5183,
                -23.5239
              ],
              [
                -47.5026,
                -23.5335
              ],
              [
                -47.5031,
                -23.5358
              ],
              [
                -47.5035,
                -23.5382
              ],
              [
                -47.5206,
                -23.5278
              ],
              [
                -47.5206,
                -23.5278
              ],
              [
                -47.5206,
                -23.5278
              ],
              [
                -47.5194,
                -23.5258
              ]
            ]
          ]
        ]
      }
    },
    {
      "type": "Feature",
      "properties": {
        "resource_id": "REH-148",
        "label": "RAPOSO - trecho 3",
        "name": "RAPOSO",
        "section": "3",
        "route_type": "Obrig",
        "airspace_class": "G",
        "semi_width_m": 250.0,
        "altitude_min_ft": null,
        "altitude_max_ft": null,
        "altitude_compulsory_ft": 2700.0,
        "fix_a_name": "Makro",
        "fix_b_name": "Assaí",
        "ats": "TWR SOROCABA (MONITORAMENTO)118.800 MHz",
        "effective_date": "2025-10-02T00:00:00Z",
        "source_identifier": "AIC N32/25",
        "axis_key": "4dcbfa1b83f16e36f1dd0d3af91e7866",
        "waypoint_count": 2,
        "area_m2": 3190569.625
      },
      "geometry": {
        "type": "MultiPolygon",
        "coordinates": [
          [
            [
              [
                -47.4425,
                -23.5226
              ],
              [
                -47.4417,
                -23.5247
              ],
              [
                -47.4408,
                -23.5269
              ],
              [
                -47.5035,
                -23.5382
              ],
              [
                -47.5031,
                -23.5358
              ],
              [
                -47.5026,
                -23.5335
              ],
              [
                -47.4425,
                -23.5226
              ]
            ]
          ]
        ]
      }
    },
    {
      "type": "Feature",
      "properties": {
        "resource_id": "REH-149",
        "label": "RAPOSO - trecho 4",
        "name": "RAPOSO",
        "section": "4",
        "route_type": "Obrig",
        "airspace_class": "G",
        "semi_width_m": 250.0,
        "altitude_min_ft": null,
        "altitude_max_ft": null,
        "altitude_compulsory_ft": 2700.0,
        "fix_a_name": "Assaí",
        "fix_b_name": "Clube",
        "ats": "TWR SOROCABA (MONITORAMENTO)118.800 MHz",
        "effective_date": "2025-10-02T00:00:00Z",
        "source_identifier": "AIC N32/25",
        "axis_key": "e08f85a33ff06a5943b3bb3ef88737fa",
        "waypoint_count": 2,
        "area_m2": 891393.2578125
      },
      "geometry": {
        "type": "MultiPolygon",
        "coordinates": [
          [
            [
              [
                -47.4417,
                -23.5247
              ],
              [
                -47.4425,
                -23.5226
              ],
              [
                -47.4283,
                -23.513
              ],
              [
                -47.4272,
                -23.515
              ],
              [
                -47.4262,
                -23.517
              ],
              [
                -47.4408,
                -23.5269
              ],
              [
                -47.4417,
                -23.5247
              ]
            ]
          ]
        ]
      }
    },
    {
      "type": "Feature",
      "properties": {
        "resource_id": "REH-150",
        "label": "RAPOSO - trecho 5",
        "name": "RAPOSO",
        "section": "5",
        "route_type": "Obrig",
        "airspace_class": "G",
        "semi_width_m": 250.0,
        "altitude_min_ft": null,
        "altitude_max_ft": null,
        "altitude_compulsory_ft": 3100.0,
        "fix_a_name": "Clube",
        "fix_b_name": "Alumínio",
        "ats": "FCA NORTE 135.675 MHz",
        "effective_date": "2025-10-02T00:00:00Z",
        "source_identifier": "AIC N32/25",
        "axis_key": "bf2eb49be6caa859f5895c0e01b47025",
        "waypoint_count": 2,
        "area_m2": 9825502.1875
      },
      "geometry": {
        "type": "MultiPolygon",
        "coordinates": [
          [
            [
              [
                -47.4272,
                -23.515
              ],
              [
                -47.4283,
                -23.513
              ],
              [
                -47.382,
                -23.4946
              ],
              [
                -47.3364,
                -23.5101
              ],
              [
                -47.2809,
                -23.5058
              ],
              [
                -47.2473,
                -23.5284
              ],
              [
                -47.2481,
                -23.5306
              ],
              [
                -47.2488,
                -23.5327
              ],
              [
                -47.2821,
                -23.5104
              ],
              [
                -47.337,
                -23.5147
              ],
              [
                -47.3819,
                -23.4994
              ],
              [
                -47.4262,
                -23.517
              ],
              [
                -47.4272,
                -23.515
              ]
            ]
          ]
        ]
      }
    },
    {
      "type": "Feature",
      "properties": {
        "resource_id": "REH-151",
        "label": "RAPOSO - trecho 6",
        "name": "RAPOSO",
        "section": "6",
        "route_type": "Obrig",
        "airspace_class": "G",
        "semi_width_m": 250.0,
        "altitude_min_ft": null,
        "altitude_max_ft": null,
        "altitude_compulsory_ft": 3400.0,
        "fix_a_name": "Alumínio",
        "fix_b_name": "Mairinque",
        "ats": "FCA NORTE 135.675 MHz",
        "effective_date": "2025-10-02T00:00:00Z",
        "source_identifier": "AIC N32/25",
        "axis_key": "aa72993f97bf99a5e112a8065b979ce9",
        "waypoint_count": 2,
        "area_m2": 3028801.796875
      },
      "geometry": {
        "type": "MultiPolygon",
        "coordinates": [
          [
            [
              [
                -47.2481,
                -23.5306
              ],
              [
                -47.2473,
                -23.5284
              ],
              [
                -47.1885,
                -23.5341
              ],
              [
                -47.1886,
                -23.5364
              ],
              [
                -47.1887,
                -23.5386
              ],
              [
                -47.2488,
                -23.5327
              ],
              [
                -47.2481,
                -23.5306
              ]
            ]
          ]
        ]
      }
    },
    {
      "type": "Feature",
      "properties": {
        "resource_id": "REH-152",
        "label": "RAPOSO - trecho 7",
        "name": "RAPOSO",
        "section": "7",
        "route_type": "Obrig",
        "airspace_class": "G",
        "semi_width_m": 250.0,
        "altitude_min_ft": null,
        "altitude_max_ft": null,
        "altitude_compulsory_ft": 3600.0,
        "fix_a_name": "Mairinque",
        "fix_b_name": "São Roque",
        "ats": "FCA NORTE 135.675 MHz",
        "effective_date": "2025-10-02T00:00:00Z",
        "source_identifier": "AIC N32/25",
        "axis_key": "7c968f09785a22d2b3e5b86412b02d80",
        "waypoint_count": 2,
        "area_m2": 2815607.2890625
      },
      "geometry": {
        "type": "MultiPolygon",
        "coordinates": [
          [
            [
              [
                -47.1886,
                -23.5364
              ],
              [
                -47.1885,
                -23.5341
              ],
              [
                -47.1443,
                -23.5327
              ],
              [
                -47.1348,
                -23.5409
              ],
              [
                -47.1361,
                -23.5428
              ],
              [
                -47.1374,
                -23.5446
              ],
              [
                -47.1459,
                -23.5372
              ],
              [
                -47.1887,
                -23.5386
              ],
              [
                -47.1886,
                -23.5364
              ]
            ]
          ]
        ]
      }
    },
    {
      "type": "Feature",
      "properties": {
        "resource_id": "REH-153",
        "label": "RAPOSO - trecho 9",
        "name": "RAPOSO",
        "section": "9",
        "route_type": "Obrig",
        "airspace_class": "G",
        "semi_width_m": 250.0,
        "altitude_min_ft": null,
        "altitude_max_ft": null,
        "altitude_compulsory_ft": 4000.0,
        "fix_a_name": "Mailasqui",
        "fix_b_name": "Vargem Grande",
        "ats": "NORTE 135.675 MHz",
        "effective_date": "2025-10-02T00:00:00Z",
        "source_identifier": "AIC N32/25",
        "axis_key": "66f2b6e3023a8eef459aba49d9e5d8c8",
        "waypoint_count": 2,
        "area_m2": 3629374.40625
      },
      "geometry": {
        "type": "MultiPolygon",
        "coordinates": [
          [
            [
              [
                -47.0722,
                -23.5669
              ],
              [
                -47.0707,
                -23.5653
              ],
              [
                -47.0307,
                -23.6034
              ],
              [
                -47.0159,
                -23.6033
              ],
              [
                -47.0164,
                -23.6056
              ],
              [
                -47.0169,
                -23.6078
              ],
              [
                -47.0325,
                -23.6079
              ],
              [
                -47.0737,
                -23.5686
              ],
              [
                -47.0722,
                -23.5669
              ]
            ]
          ]
        ]
      }
    },
    {
      "type": "Feature",
      "properties": {
        "resource_id": "REH-154",
        "label": "RAPOSO - trecho 10",
        "name": "RAPOSO",
        "section": "10",
        "route_type": "Recom",
        "airspace_class": "G",
        "semi_width_m": 250.0,
        "altitude_min_ft": null,
        "altitude_max_ft": null,
        "altitude_compulsory_ft": 3600.0,
        "fix_a_name": "Vargem Grande",
        "fix_b_name": "Extra Cotia",
        "ats": "SUL 126.650 MHz",
        "effective_date": "2025-10-02T00:00:00Z",
        "source_identifier": "AIC N32/25",
        "axis_key": "0ab608585059ca3a8381db4dc718dd9a",
        "waypoint_count": 2,
        "area_m2": 5596013.109375
      },
      "geometry": {
        "type": "MultiPolygon",
        "coordinates": [
          [
            [
              [
                -47.0164,
                -23.6056
              ],
              [
                -47.0159,
                -23.6033
              ],
              [
                -46.9984,
                -23.6113
              ],
              [
                -46.9848,
                -23.6104
              ],
              [
                -46.9667,
                -23.6128
              ],
              [
                -46.9595,
                -23.6115
              ],
              [
                -46.9392,
                -23.5993
              ],
              [
                -46.9127,
                -23.6002
              ],
              [
                -46.9125,
                -23.6025
              ],
              [
                -46.9123,
                -23.6048
              ],
              [
                -46.938,
                -23.6039
              ],
              [
                -46.9579,
                -23.6158
              ],
              [
                -46.9666,
                -23.6173
              ],
              [
                -46.9849,
                -23.6149
              ],
              [
                -46.9993,
                -23.6158
              ],
              [
                -47.0169,
                -23.6078
              ],
              [
                -47.0164,
                -23.6056
              ]
            ]
          ]
        ]
      }
    },
    {
      "type": "Feature",
      "properties": {
        "resource_id": "REH-155",
        "label": "RAPOSO - trecho 11",
        "name": "RAPOSO",
        "section": "11",
        "route_type": "Recom",
        "airspace_class": "G",
        "semi_width_m": 250.0,
        "altitude_min_ft": 3400.0,
        "altitude_max_ft": 3600.0,
        "altitude_compulsory_ft": null,
        "fix_a_name": "Extra Cotia",
        "fix_b_name": "Rodoanel Raposo",
        "ats": "SUL 126.650 MHz",
        "effective_date": "2025-10-02T00:00:00Z",
        "source_identifier": "AIC N32/25",
        "axis_key": "97b53ed1da9529c82b9364863c07ad0f",
        "waypoint_count": 2,
        "area_m2": 5506665.34375
      },
      "geometry": {
        "type": "MultiPolygon",
        "coordinates": [
          [
            [
              [
                -46.9125,
                -23.6025
              ],
              [
                -46.9127,
                -23.6002
              ],
              [
                -46.8905,
                -23.5963
              ],
              [
                -46.8835,
                -23.5975
              ],
              [
                -46.8806,
                -23.5927
              ],
              [
                -46.846,
                -23.5971
              ],
              [
                -46.8321,
                -23.5877
              ],
              [
                -46.8121,
                -23.5898
              ],
              [
                -46.8103,
                -23.5922
              ],
              [
                -46.8132,
                -23.5942
              ],
              [
                -46.8309,
                -23.5923
              ],
              [
                -46.8449,
                -23.6018
              ],
              [
                -46.8783,
                -23.5976
              ],
              [
                -46.8813,
                -23.6025
              ],
              [
                -46.8905,
                -23.6008
              ],
              [
                -46.9123,
                -23.6048
              ],
              [
                -46.9125,
                -23.6025
              ]
            ]
          ]
        ]
      }
    },
    {
      "type": "Feature",
      "properties": {
        "resource_id": "REH-156",
        "label": "RODOANEL - trecho 3",
        "name": "RODOANEL",
        "section": "3",
        "route_type": "Recom",
        "airspace_class": "G",
        "semi_width_m": 250.0,
        "altitude_min_ft": 3400.0,
        "altitude_max_ft": 3600.0,
        "altitude_compulsory_ft": null,
        "fix_a_name": "Parelheiros",
        "fix_b_name": "Rodoanel Raposo",
        "ats": "COORDENAÇÃO HELICÓPTERO127.350 MHz",
        "effective_date": "2025-10-02T00:00:00Z",
        "source_identifier": "AIC N32/25",
        "axis_key": "18e6aff2b38d843ff22aae43ce2c02c7",
        "waypoint_count": 2,
        "area_m2": 13827765.5
      },
      "geometry": {
        "type": "MultiPolygon",
        "coordinates": [
          [
            [
              [
                -46.8132,
                -23.5942
              ],
              [
                -46.8103,
                -23.5922
              ],
              [
                -46.8087,
                -23.595
              ],
              [
                -46.8135,
                -23.6115
              ],
              [
                -46.8266,
                -23.6208
              ],
              [
                -46.8321,
                -23.6373
              ],
              [
                -46.8297,
                -23.6424
              ],
              [
                -46.8212,
                -23.6612
              ],
              [
                -46.8223,
                -23.6726
              ],
              [
                -46.8174,
                -23.6814
              ],
              [
                -46.803,
                -23.7194
              ],
              [
                -46.8097,
                -23.7437
              ],
              [
                -46.7657,
                -23.7641
              ],
              [
                -46.759,
                -23.7884
              ],
              [
                -46.7364,
                -23.7996
              ],
              [
                -46.7364,
                -23.7996
              ],
              [
                -46.7344,
                -23.8031
              ],
              [
                -46.735,
                -23.8053
              ],
              [
                -46.7628,
                -23.7915
              ],
              [
                -46.7695,
                -23.7673
              ],
              [
                -46.8151,
                -23.7462
              ],
              [
                -46.8077,
                -23.7196
              ],
              [
                -46.8215,
                -23.6833
              ],
              [
                -46.8269,
                -23.6736
              ],
              [
                -46.8258,
                -23.662
              ],
              [
                -46.8338,
                -23.6443
              ],
              [
                -46.8369,
                -23.6376
              ],
              [
                -46.8304,
                -23.618
              ],
              [
                -46.8174,
                -23.6087
              ],
              [
                -46.8132,
                -23.5942
              ]
            ]
          ]
        ]
      }
    },
    {
      "type": "Feature",
      "properties": {
        "resource_id": "REH-157",
        "label": "RODOANEL - trecho 2",
        "name": "RODOANEL",
        "section": "2",
        "route_type": "Recom",
        "airspace_class": "G",
        "semi_width_m": 250.0,
        "altitude_min_ft": 3400.0,
        "altitude_max_ft": 3600.0,
        "altitude_compulsory_ft": null,
        "fix_a_name": "Trevo Imigrantes",
        "fix_b_name": "Parelheiros",
        "ats": "COORDENAÇÃO HELICÓPTERO127.350 MHz",
        "effective_date": "2025-10-02T00:00:00Z",
        "source_identifier": "AIC N32/25",
        "axis_key": "4fe193e61b791e94652ee496477013cb",
        "waypoint_count": 2,
        "area_m2": 7799916.96875
      },
      "geometry": {
        "type": "MultiPolygon",
        "coordinates": [
          [
            [
              [
                -46.735,
                -23.8053
              ],
              [
                -46.7344,
                -23.8031
              ],
              [
                -46.732,
                -23.801
              ],
              [
                -46.6784,
                -23.8047
              ],
              [
                -46.661,
                -23.7902
              ],
              [
                -46.6427,
                -23.7881
              ],
              [
                -46.5937,
                -23.7622
              ],
              [
                -46.5911,
                -23.7633
              ],
              [
                -46.595,
                -23.768
              ],
              [
                -46.6413,
                -23.7924
              ],
              [
                -46.6591,
                -23.7945
              ],
              [
                -46.6769,
                -23.8093
              ],
              [
                -46.735,
                -23.8053
              ]
            ]
          ]
        ]
      }
    },
    {
      "type": "Feature",
      "properties": {
        "resource_id": "REH-158",
        "label": "RODOANEL - trecho 1",
        "name": "RODOANEL",
        "section": "1",
        "route_type": "Recom",
        "airspace_class": "G",
        "semi_width_m": 250.0,
        "altitude_min_ft": 3400.0,
        "altitude_max_ft": 3600.0,
        "altitude_compulsory_ft": null,
        "fix_a_name": "Trevo Anchieta",
        "fix_b_name": "Trevo Imigrantes",
        "ats": "COORDENAÇÃO HELICÓPTERO127.350 MHz",
        "effective_date": "2025-10-02T00:00:00Z",
        "source_identifier": "AIC N32/25",
        "axis_key": "13b0244447ac70689d3e03c7fec1da89",
        "waypoint_count": 2,
        "area_m2": 2997181.84375
      },
      "geometry": {
        "type": "MultiPolygon",
        "coordinates": [
          [
            [
              [
                -46.5895,
                -23.7656
              ],
              [
                -46.5911,
                -23.7633
              ],
              [
                -46.5894,
                -23.7611
              ],
              [
                -46.5787,
                -23.7615
              ],
              [
                -46.5657,
                -23.754
              ],
              [
                -46.5524,
                -23.7608
              ],
              [
                -46.5365,
                -23.7613
              ],
              [
                -46.5342,
                -23.7636
              ],
              [
                -46.5365,
                -23.7658
              ],
              [
                -46.5536,
                -23.7653
              ],
              [
                -46.5655,
                -23.7591
              ],
              [
                -46.5775,
                -23.7661
              ],
              [
                -46.5895,
                -23.7656
              ]
            ]
          ]
        ]
      }
    },
    {
      "type": "Feature",
      "properties": {
        "resource_id": "REH-159",
        "label": "IMIGRANTES - trecho 1",
        "name": "IMIGRANTES",
        "section": "1",
        "route_type": "Recom",
        "airspace_class": "G",
        "semi_width_m": 250.0,
        "altitude_min_ft": 3400.0,
        "altitude_max_ft": 3600.0,
        "altitude_compulsory_ft": null,
        "fix_a_name": "Kentinha",
        "fix_b_name": "Trevo Imigrantes",
        "ats": "COORDENAÇÃO HELICÓPTERO127.350 MHz",
        "effective_date": "2025-10-02T00:00:00Z",
        "source_identifier": "AIC N32/25",
        "axis_key": "5e5d7527bd44f696fa3650b3ea9d7aab",
        "waypoint_count": 2,
        "area_m2": 2258822.953125
      },
      "geometry": {
        "type": "MultiPolygon",
        "coordinates": [
          [
            [
              [
                -46.5894,
                -23.7611
              ],
              [
                -46.5911,
                -23.7633
              ],
              [
                -46.5937,
                -23.7622
              ],
              [
                -46.5947,
                -23.7585
              ],
              [
                -46.6003,
                -23.7442
              ],
              [
                -46.6084,
                -23.7307
              ],
              [
                -46.61,
                -23.7225
              ],
              [
                -46.6078,
                -23.7222
              ],
              [
                -46.6058,
                -23.7207
              ],
              [
                -46.6041,
                -23.729
              ],
              [
                -46.5962,
                -23.7422
              ],
              [
                -46.5905,
                -23.7571
              ],
              [
                -46.5894,
                -23.7611
              ]
            ]
          ]
        ]
      }
    },
    {
      "type": "Feature",
      "properties": {
        "resource_id": "REH-161",
        "label": "ANHANGUERA NORTE - trecho 2",
        "name": "ANHANGUERA NORTE",
        "section": "2",
        "route_type": "Recom",
        "airspace_class": "G",
        "semi_width_m": 250.0,
        "altitude_min_ft": null,
        "altitude_max_ft": null,
        "altitude_compulsory_ft": 3000.0,
        "fix_a_name": "Honda",
        "fix_b_name": "Pedágio Americana",
        "ats": "Americana135.025 MHz",
        "effective_date": "2025-10-02T00:00:00Z",
        "source_identifier": "AIC N32/25",
        "axis_key": "2dc85227709d8eb87e488b8f80f2f531",
        "waypoint_count": 2,
        "area_m2": 3493008.625
      },
      "geometry": {
        "type": "MultiPolygon",
        "coordinates": [
          [
            [
              [
                -47.2408,
                -22.772
              ],
              [
                -47.2389,
                -22.7708
              ],
              [
                -47.2369,
                -22.7697
              ],
              [
                -47.216,
                -22.8062
              ],
              [
                -47.1951,
                -22.819
              ],
              [
                -47.1964,
                -22.8208
              ],
              [
                -47.1977,
                -22.8227
              ],
              [
                -47.2194,
                -22.8094
              ],
              [
                -47.2408,
                -22.772
              ]
            ]
          ]
        ]
      }
    },
    {
      "type": "Feature",
      "properties": {
        "resource_id": "REH-162",
        "label": "ANHANGUERA NORTE - trecho 1",
        "name": "ANHANGUERA NORTE",
        "section": "1",
        "route_type": "Obrig",
        "airspace_class": "G",
        "semi_width_m": 250.0,
        "altitude_min_ft": null,
        "altitude_max_ft": null,
        "altitude_compulsory_ft": 3000.0,
        "fix_a_name": "Santos Dumont",
        "fix_b_name": "Honda",
        "ats": "RÁDIO AMARAIS 118,125 MHz",
        "effective_date": "2025-10-02T00:00:00Z",
        "source_identifier": "AIC N32/25",
        "axis_key": "92722464855af3a9fe6ae1911affef0d",
        "waypoint_count": 2,
        "area_m2": 8733981.859375
      },
      "geometry": {
        "type": "MultiPolygon",
        "coordinates": [
          [
            [
              [
                -47.1977,
                -22.8227
              ],
              [
                -47.1964,
                -22.8208
              ],
              [
                -47.1951,
                -22.819
              ],
              [
                -47.1537,
                -22.8526
              ],
              [
                -47.1447,
                -22.8573
              ],
              [
                -47.1146,
                -22.8805
              ],
              [
                -47.1097,
                -22.891
              ],
              [
                -47.1056,
                -22.9032
              ],
              [
                -47.0933,
                -22.918
              ],
              [
                -47.0834,
                -22.9251
              ],
              [
                -47.0728,
                -22.9308
              ],
              [
                -47.0739,
                -22.9328
              ],
              [
                -47.075,
                -22.9348
              ],
              [
                -47.0858,
                -22.929
              ],
              [
                -47.0964,
                -22.9213
              ],
              [
                -47.1096,
                -22.9054
              ],
              [
                -47.1139,
                -22.8927
              ],
              [
                -47.1182,
                -22.8834
              ],
              [
                -47.1471,
                -22.8611
              ],
              [
                -47.1562,
                -22.8564
              ],
              [
                -47.1977,
                -22.8227
              ]
            ]
          ]
        ]
      }
    },
    {
      "type": "Feature",
      "properties": {
        "resource_id": "REH-163",
        "label": "ANHANGUERA SUL - trecho 3",
        "name": "ANHANGUERA SUL",
        "section": "3",
        "route_type": "Recom",
        "airspace_class": "G",
        "semi_width_m": 250.0,
        "altitude_min_ft": 3400.0,
        "altitude_max_ft": 3500.0,
        "altitude_compulsory_ft": null,
        "fix_a_name": "Jaraguá",
        "fix_b_name": "Trevo Anhanguera Bandeirantes",
        "ats": "NORTE 135.675 MHz",
        "effective_date": "2025-10-02T00:00:00Z",
        "source_identifier": "AIC N32/25",
        "axis_key": "1734cb46abc2e5157edc28d03bacfd3b",
        "waypoint_count": 2,
        "area_m2": 12391644.625
      },
      "geometry": {
        "type": "MultiPolygon",
        "coordinates": [
          [
            [
              [
                -46.7869,
                -23.4519
              ],
              [
                -46.7892,
                -23.4524
              ],
              [
                -46.7896,
                -23.4469
              ],
              [
                -46.7885,
                -23.4361
              ],
              [
                -46.7901,
                -23.4263
              ],
              [
                -46.8125,
                -23.4131
              ],
              [
                -46.8205,
                -23.4121
              ],
              [
                -46.8264,
                -23.4078
              ],
              [
                -46.8356,
                -23.4066
              ],
              [
                -46.8395,
                -23.4016
              ],
              [
                -46.8376,
                -23.3919
              ],
              [
                -46.8404,
                -23.3871
              ],
              [
                -46.8404,
                -23.3809
              ],
              [
                -46.8468,
                -23.3709
              ],
              [
                -46.8502,
                -23.3631
              ],
              [
                -46.8507,
                -23.3585
              ],
              [
                -46.8468,
                -23.3455
              ],
              [
                -46.8409,
                -23.3421
              ],
              [
                -46.8389,
                -23.3385
              ],
              [
                -46.839,
                -23.3341
              ],
              [
                -46.8412,
                -23.3294
              ],
              [
                -46.8497,
                -23.3239
              ],
              [
                -46.8572,
                -23.3177
              ],
              [
                -46.8599,
                -23.3027
              ],
              [
                -46.8703,
                -23.2822
              ],
              [
                -46.8686,
                -23.2618
              ],
              [
                -46.8664,
                -23.2619
              ],
              [
                -46.8641,
                -23.2621
              ],
              [
                -46.8657,
                -23.2813
              ],
              [
                -46.8555,
                -23.3012
              ],
              [
                -46.8531,
                -23.3152
              ],
              [
                -46.847,
                -23.3202
              ],
              [
                -46.8377,
                -23.3263
              ],
              [
                -46.8345,
                -23.3331
              ],
              [
                -46.8344,
                -23.3396
              ],
              [
                -46.8376,
                -23.3453
              ],
              [
                -46.843,
                -23.3485
              ],
              [
                -46.8461,
                -23.3589
              ],
              [
                -46.8458,
                -23.3619
              ],
              [
                -46.8428,
                -23.3688
              ],
              [
                -46.8366,
                -23.3786
              ],
              [
                -46.836,
                -23.3796
              ],
              [
                -46.8359,
                -23.3859
              ],
              [
                -46.8329,
                -23.3911
              ],
              [
                -46.8347,
                -23.4004
              ],
              [
                -46.8332,
                -23.4024
              ],
              [
                -46.8247,
                -23.4035
              ],
              [
                -46.8188,
                -23.4078
              ],
              [
                -46.811,
                -23.4088
              ],
              [
                -46.786,
                -23.4235
              ],
              [
                -46.7839,
                -23.4359
              ],
              [
                -46.7851,
                -23.4469
              ],
              [
                -46.7847,
                -23.4515
              ],
              [
                -46.7869,
                -23.4519
              ]
            ]
          ]
        ]
      }
    },
    {
      "type": "Feature",
      "properties": {
        "resource_id": "REH-164",
        "label": "ANHANGUERA SUL - trecho 2",
        "name": "ANHANGUERA SUL",
        "section": "2",
        "route_type": "Recom",
        "airspace_class": "G",
        "semi_width_m": 250.0,
        "altitude_min_ft": 3400.0,
        "altitude_max_ft": 3500.0,
        "altitude_compulsory_ft": null,
        "fix_a_name": "Pão de Açúcar",
        "fix_b_name": "Jaraguá",
        "ats": "COORDENAÇÃO HELICÓPTERO127.350 MHz",
        "effective_date": "2025-10-02T00:00:00Z",
        "source_identifier": "AIC N32/25",
        "axis_key": "e12aaa558beb1488c2fd552ce53080c2",
        "waypoint_count": 2,
        "area_m2": 2112722.640625
      },
      "geometry": {
        "type": "MultiPolygon",
        "coordinates": [
          [
            [
              [
                -46.7892,
                -23.4524
              ],
              [
                -46.7869,
                -23.4519
              ],
              [
                -46.7847,
                -23.4515
              ],
              [
                -46.7838,
                -23.454
              ],
              [
                -46.7756,
                -23.4646
              ],
              [
                -46.7758,
                -23.4696
              ],
              [
                -46.7684,
                -23.474
              ],
              [
                -46.7684,
                -23.482
              ],
              [
                -46.7675,
                -23.4845
              ],
              [
                -46.7694,
                -23.4856
              ],
              [
                -46.7714,
                -23.4867
              ],
              [
                -46.7714,
                -23.4867
              ],
              [
                -46.7729,
                -23.4828
              ],
              [
                -46.7729,
                -23.4766
              ],
              [
                -46.7805,
                -23.4721
              ],
              [
                -46.7802,
                -23.4661
              ],
              [
                -46.7878,
                -23.4562
              ],
              [
                -46.7892,
                -23.4524
              ]
            ]
          ]
        ]
      }
    },
    {
      "type": "Feature",
      "properties": {
        "resource_id": "REH-165",
        "label": "ANHANGUERA SUL - trecho 1",
        "name": "ANHANGUERA SUL",
        "section": "1",
        "route_type": "Recom",
        "airspace_class": "G",
        "semi_width_m": 250.0,
        "altitude_min_ft": null,
        "altitude_max_ft": null,
        "altitude_compulsory_ft": 3200.0,
        "fix_a_name": "Marco Zero",
        "fix_b_name": "Pão de Açúcar",
        "ats": "COORDENAÇÃO HELICÓPTERO127.350 MHz",
        "effective_date": "2025-10-02T00:00:00Z",
        "source_identifier": "AIC N32/25",
        "axis_key": "6d0edd208d901cd3946f2188de665b30",
        "waypoint_count": 2,
        "area_m2": 3007178.96875
      },
      "geometry": {
        "type": "MultiPolygon",
        "coordinates": [
          [
            [
              [
                -46.7694,
                -23.4856
              ],
              [
                -46.7675,
                -23.4845
              ],
              [
                -46.766,
                -23.4864
              ],
              [
                -46.7639,
                -23.4913
              ],
              [
                -46.7625,
                -23.4919
              ],
              [
                -46.7569,
                -23.492
              ],
              [
                -46.7541,
                -23.4932
              ],
              [
                -46.7526,
                -23.496
              ],
              [
                -46.7521,
                -23.5017
              ],
              [
                -46.7506,
                -23.504
              ],
              [
                -46.7484,
                -23.505
              ],
              [
                -46.7322,
                -23.5064
              ],
              [
                -46.7285,
                -23.5076
              ],
              [
                -46.7254,
                -23.5102
              ],
              [
                -46.7245,
                -23.5124
              ],
              [
                -46.7261,
                -23.5144
              ],
              [
                -46.729,
                -23.5133
              ],
              [
                -46.7292,
                -23.513
              ],
              [
                -46.7307,
                -23.5116
              ],
              [
                -46.7331,
                -23.5109
              ],
              [
                -46.7496,
                -23.5094
              ],
              [
                -46.7537,
                -23.5075
              ],
              [
                -46.7565,
                -23.5032
              ],
              [
                -46.757,
                -23.4973
              ],
              [
                -46.7573,
                -23.4967
              ],
              [
                -46.7578,
                -23.4964
              ],
              [
                -46.7635,
                -23.4964
              ],
              [
                -46.7674,
                -23.4947
              ],
              [
                -46.7699,
                -23.4887
              ],
              [
                -46.7714,
                -23.4867
              ],
              [
                -46.7694,
                -23.4856
              ]
            ]
          ]
        ]
      }
    },
    {
      "type": "Feature",
      "properties": {
        "resource_id": "REH-166",
        "label": "Tietê - trecho 2",
        "name": "Tietê",
        "section": "2",
        "route_type": "Recom",
        "airspace_class": "G",
        "semi_width_m": 250.0,
        "altitude_min_ft": null,
        "altitude_max_ft": null,
        "altitude_compulsory_ft": 3600.0,
        "fix_a_name": "Pirapora",
        "fix_b_name": "Barueri",
        "ats": "NORTE135.675 MHz",
        "effective_date": "2025-10-02T00:00:00Z",
        "source_identifier": "AIC N32/25",
        "axis_key": "bf9712a45195c51d9a26d0bdeb119233",
        "waypoint_count": 2,
        "area_m2": 8438203.6015625
      },
      "geometry": {
        "type": "MultiPolygon",
        "coordinates": [
          [
            [
              [
                -46.9994,
                -23.3964
              ],
              [
                -46.9981,
                -23.3946
              ],
              [
                -46.8758,
                -23.5027
              ],
              [
                -46.8767,
                -23.505
              ],
              [
                -46.8775,
                -23.5073
              ],
              [
                -47.0008,
                -23.3982
              ],
              [
                -46.9994,
                -23.3964
              ]
            ]
          ]
        ]
      }
    },
    {
      "type": "Feature",
      "properties": {
        "resource_id": "REH-167",
        "label": "CASTELO - trecho 2",
        "name": "CASTELO",
        "section": "2",
        "route_type": "Recom",
        "airspace_class": "G",
        "semi_width_m": 250.0,
        "altitude_min_ft": null,
        "altitude_max_ft": null,
        "altitude_compulsory_ft": 3400.0,
        "fix_a_name": "Rodoanel Castelo",
        "fix_b_name": "Cebolão",
        "ats": "COORDENAÇÃO HELICÓPTERO127.350 MHz",
        "effective_date": "2025-10-02T00:00:00Z",
        "source_identifier": "AIC N32/25",
        "axis_key": "50b9672d783c785a774d3001beebb411",
        "waypoint_count": 2,
        "area_m2": 3605571.28125
      },
      "geometry": {
        "type": "MultiPolygon",
        "coordinates": [
          [
            [
              [
                -46.7513,
                -23.5235
              ],
              [
                -46.7513,
                -23.5235
              ],
              [
                -46.7503,
                -23.5261
              ],
              [
                -46.7529,
                -23.5277
              ],
              [
                -46.7682,
                -23.5233
              ],
              [
                -46.7831,
                -23.5219
              ],
              [
                -46.8035,
                -23.5141
              ],
              [
                -46.8159,
                -23.5121
              ],
              [
                -46.8214,
                -23.5089
              ],
              [
                -46.819,
                -23.507
              ],
              [
                -46.8023,
                -23.5097
              ],
              [
                -46.7821,
                -23.5175
              ],
              [
                -46.7674,
                -23.5189
              ],
              [
                -46.7513,
                -23.5235
              ]
            ]
          ]
        ]
      }
    },
    {
      "type": "Feature",
      "properties": {
        "resource_id": "REH-168",
        "label": "CAMPOS - trecho 5",
        "name": "CAMPOS",
        "section": "5",
        "route_type": "Recom",
        "airspace_class": "C",
        "semi_width_m": 100.0,
        "altitude_min_ft": null,
        "altitude_max_ft": null,
        "altitude_compulsory_ft": 3200.0,
        "fix_a_name": "São José",
        "fix_b_name": "Lobato",
        "ats": "APP-SP134.150 MHz / 124.150 MHz",
        "effective_date": "2025-10-02T00:00:00Z",
        "source_identifier": "AIC N32/25",
        "axis_key": "3a31be351319ba7db3c3d2562559ab4b",
        "waypoint_count": 2,
        "area_m2": 3123170.78125
      },
      "geometry": {
        "type": "MultiPolygon",
        "coordinates": [
          [
            [
              [
                -45.8394,
                -22.9549
              ],
              [
                -45.8386,
                -22.9553
              ],
              [
                -45.8378,
                -22.9556
              ],
              [
                -45.8707,
                -23.0313
              ],
              [
                -45.9231,
                -23.0791
              ],
              [
                -45.9236,
                -23.0783
              ],
              [
                -45.9241,
                -23.0776
              ],
              [
                -45.8722,
                -23.0302
              ],
              [
                -45.8394,
                -22.9549
              ]
            ]
          ]
        ]
      }
    },
    {
      "type": "Feature",
      "properties": {
        "resource_id": "REH-169",
        "label": "SUZANO - trecho 3",
        "name": "SUZANO",
        "section": "3",
        "route_type": "Recom",
        "airspace_class": "G",
        "semi_width_m": 250.0,
        "altitude_min_ft": 3100.0,
        "altitude_max_ft": 3400.0,
        "altitude_compulsory_ft": null,
        "fix_a_name": "Suzano",
        "fix_b_name": "Jundiapeba",
        "ats": "SUL126.650 MHz",
        "effective_date": "2025-10-02T00:00:00Z",
        "source_identifier": "AIC N32/25",
        "axis_key": "d85959b08255c8a8b9102957890595b6",
        "waypoint_count": 2,
        "area_m2": 2602361.515625
      },
      "geometry": {
        "type": "MultiPolygon",
        "coordinates": [
          [
            [
              [
                -46.258,
                -23.5406
              ],
              [
                -46.2583,
                -23.5428
              ],
              [
                -46.2587,
                -23.545
              ],
              [
                -46.2695,
                -23.5432
              ],
              [
                -46.2814,
                -23.537
              ],
              [
                -46.297,
                -23.5384
              ],
              [
                -46.3082,
                -23.5364
              ],
              [
                -46.3081,
                -23.5342
              ],
              [
                -46.3046,
                -23.5325
              ],
              [
                -46.2968,
                -23.5338
              ],
              [
                -46.2805,
                -23.5324
              ],
              [
                -46.268,
                -23.5389
              ],
              [
                -46.258,
                -23.5406
              ]
            ]
          ]
        ]
      }
    },
    {
      "type": "Feature",
      "properties": {
        "resource_id": "REH-170",
        "label": "RADIAL - trecho 3",
        "name": "RADIAL",
        "section": "3",
        "route_type": "Recom",
        "airspace_class": "G",
        "semi_width_m": 250.0,
        "altitude_min_ft": null,
        "altitude_max_ft": null,
        "altitude_compulsory_ft": 3100.0,
        "fix_a_name": "Elevado Aricanduva",
        "fix_b_name": "Itaquera",
        "ats": "COORD HEL 127.350 MHz",
        "effective_date": "2025-10-02T00:00:00Z",
        "source_identifier": "AIC N32/25",
        "axis_key": "c5e8ff7d7982ce554a617102416122ce",
        "waypoint_count": 2,
        "area_m2": 4494094.96875
      },
      "geometry": {
        "type": "MultiPolygon",
        "coordinates": [
          [
            [
              [
                -46.4658,
                -23.54
              ],
              [
                -46.4656,
                -23.5422
              ],
              [
                -46.4654,
                -23.5445
              ],
              [
                -46.4726,
                -23.5454
              ],
              [
                -46.4771,
                -23.5455
              ],
              [
                -46.485,
                -23.5438
              ],
              [
                -46.4891,
                -23.5381
              ],
              [
                -46.4963,
                -23.5374
              ],
              [
                -46.5082,
                -23.53
              ],
              [
                -46.5128,
                -23.5303
              ],
              [
                -46.521,
                -23.5337
              ],
              [
                -46.5336,
                -23.5343
              ],
              [
                -46.5442,
                -23.5365
              ],
              [
                -46.5483,
                -23.535
              ],
              [
                -46.5469,
                -23.5324
              ],
              [
                -46.5342,
                -23.5298
              ],
              [
                -46.522,
                -23.5293
              ],
              [
                -46.5139,
                -23.5259
              ],
              [
                -46.507,
                -23.5254
              ],
              [
                -46.4948,
                -23.533
              ],
              [
                -46.4866,
                -23.5338
              ],
              [
                -46.4824,
                -23.5397
              ],
              [
                -46.4767,
                -23.541
              ],
              [
                -46.4729,
                -23.5409
              ],
              [
                -46.4658,
                -23.54
              ]
            ]
          ]
        ]
      }
    },
    {
      "type": "Feature",
      "properties": {
        "resource_id": "REH-171",
        "label": "FERNÃO - trecho 3",
        "name": "FERNÃO",
        "section": "3",
        "route_type": "Obrig",
        "airspace_class": "C",
        "semi_width_m": 100.0,
        "altitude_min_ft": null,
        "altitude_max_ft": null,
        "altitude_compulsory_ft": 3100.0,
        "fix_a_name": "Cemitério Fernão",
        "fix_b_name": "Rodoanel Fernão",
        "ats": "TWR-GR (MONITORAMENTO)132.750 MHz",
        "effective_date": "2025-10-02T00:00:00Z",
        "source_identifier": "AIC N32/25",
        "axis_key": "2274ffb798d2deaca819c3597a9df7a2",
        "waypoint_count": 2,
        "area_m2": 422109.6015625
      },
      "geometry": {
        "type": "MultiPolygon",
        "coordinates": [
          [
            [
              [
                -46.5735,
                -23.4267
              ],
              [
                -46.5728,
                -23.4261
              ],
              [
                -46.5721,
                -23.4255
              ],
              [
                -46.5682,
                -23.4314
              ],
              [
                -46.5671,
                -23.4388
              ],
              [
                -46.568,
                -23.4457
              ],
              [
                -46.5689,
                -23.4456
              ],
              [
                -46.5698,
                -23.4454
              ],
              [
                -46.5689,
                -23.4388
              ],
              [
                -46.5699,
                -23.432
              ],
              [
                -46.5735,
                -23.4267
              ]
            ]
          ]
        ]
      }
    },
    {
      "type": "Feature",
      "properties": {
        "resource_id": "REH-172",
        "label": "FERNÃO - trecho 6",
        "name": "FERNÃO",
        "section": "6",
        "route_type": "Recom",
        "airspace_class": "G",
        "semi_width_m": 250.0,
        "altitude_min_ft": 4100.0,
        "altitude_max_ft": 4500.0,
        "altitude_compulsory_ft": null,
        "fix_a_name": "Túnel",
        "fix_b_name": "Mairiporã",
        "ats": "NORTE135.675 MHz",
        "effective_date": "2025-10-02T00:00:00Z",
        "source_identifier": "AIC N32/25",
        "axis_key": "4709d911a380d94061667173caa0092d",
        "waypoint_count": 2,
        "area_m2": 2798601.921875
      },
      "geometry": {
        "type": "MultiPolygon",
        "coordinates": [
          [
            [
              [
                -46.5492,
                -23.3569
              ],
              [
                -46.5518,
                -23.3569
              ],
              [
                -46.5554,
                -23.3509
              ],
              [
                -46.5755,
                -23.3446
              ],
              [
                -46.58,
                -23.3286
              ],
              [
                -46.5844,
                -23.3212
              ],
              [
                -46.5825,
                -23.32
              ],
              [
                -46.5806,
                -23.3188
              ],
              [
                -46.5759,
                -23.3268
              ],
              [
                -46.5718,
                -23.341
              ],
              [
                -46.5524,
                -23.3471
              ],
              [
                -46.5465,
                -23.357
              ],
              [
                -46.5492,
                -23.3569
              ]
            ]
          ]
        ]
      }
    },
    {
      "type": "Feature",
      "properties": {
        "resource_id": "REH-173",
        "label": "ESTADO - trecho 1",
        "name": "ESTADO",
        "section": "1",
        "route_type": "Recom",
        "airspace_class": "G",
        "semi_width_m": 250.0,
        "altitude_min_ft": 3200.0,
        "altitude_max_ft": 3400.0,
        "altitude_compulsory_ft": null,
        "fix_a_name": "Vd São Carlos",
        "fix_b_name": "Vd Grande São Paulo",
        "ats": "COORDENAÇÃO HELICÓPTERO127.350 MHz",
        "effective_date": "2025-10-02T00:00:00Z",
        "source_identifier": "AIC N32/25",
        "axis_key": "ab3620310187abe493375aa4c0510c8d",
        "waypoint_count": 2,
        "area_m2": 1083349.71875
      },
      "geometry": {
        "type": "MultiPolygon",
        "coordinates": [
          [
            [
              [
                -46.5965,
                -23.5849
              ],
              [
                -46.5981,
                -23.5867
              ],
              [
                -46.6003,
                -23.5874
              ],
              [
                -46.6018,
                -23.585
              ],
              [
                -46.6018,
                -23.5801
              ],
              [
                -46.6032,
                -23.5774
              ],
              [
                -46.6061,
                -23.5746
              ],
              [
                -46.6064,
                -23.5717
              ],
              [
                -46.6062,
                -23.5677
              ],
              [
                -46.6039,
                -23.5672
              ],
              [
                -46.6016,
                -23.5667
              ],
              [
                -46.6019,
                -23.5717
              ],
              [
                -46.6018,
                -23.5725
              ],
              [
                -46.5995,
                -23.5747
              ],
              [
                -46.5973,
                -23.579
              ],
              [
                -46.5973,
                -23.5837
              ],
              [
                -46.5965,
                -23.5849
              ]
            ]
          ]
        ]
      }
    },
    {
      "type": "Feature",
      "properties": {
        "resource_id": "REH-190",
        "label": "Portão Dumont - trecho 1",
        "name": "Portão Dumont",
        "section": "1",
        "route_type": "Obrig",
        "airspace_class": "",
        "semi_width_m": 100.0,
        "altitude_min_ft": null,
        "altitude_max_ft": null,
        "altitude_compulsory_ft": null,
        "fix_a_name": "Dumont",
        "fix_b_name": "",
        "ats": "",
        "effective_date": "2025-10-02T00:00:00Z",
        "source_identifier": "AIC N32/25",
        "axis_key": "86f8bd2ce067fe43c3333d956e1adbdd",
        "waypoint_count": 2,
        "area_m2": 290529.3125
      },
      "geometry": {
        "type": "MultiPolygon",
        "coordinates": [
          [
            [
              [
                -46.4692,
                -23.4803
              ],
              [
                -46.4701,
                -23.4782
              ],
              [
                -46.4701,
                -23.4661
              ],
              [
                -46.4692,
                -23.4661
              ],
              [
                -46.4683,
                -23.4661
              ],
              [
                -46.4683,
                -23.4824
              ],
              [
                -46.4692,
                -23.4803
              ]
            ]
          ]
        ]
      }
    },
    {
      "type": "Feature",
      "properties": {
        "resource_id": "REH-174",
        "label": "ARICANDUVA - trecho 1",
        "name": "ARICANDUVA",
        "section": "1",
        "route_type": "Recom",
        "airspace_class": "G",
        "semi_width_m": 250.0,
        "altitude_min_ft": null,
        "altitude_max_ft": null,
        "altitude_compulsory_ft": 3100.0,
        "fix_a_name": "Elevado Aricanduva",
        "fix_b_name": "Parque do Carmo",
        "ats": "COORDENAÇÃO HELICÓPTERO127.350 MHz",
        "effective_date": "2025-10-02T00:00:00Z",
        "source_identifier": "AIC N32/25",
        "axis_key": "c4bff141374b63aa65a0594358448b17",
        "waypoint_count": 2,
        "area_m2": 5456649.34375
      },
      "geometry": {
        "type": "MultiPolygon",
        "coordinates": [
          [
            [
              [
                -46.4635,
                -23.5937
              ],
              [
                -46.4658,
                -23.5944
              ],
              [
                -46.4682,
                -23.5952
              ],
              [
                -46.4682,
                -23.5952
              ],
              [
                -46.475,
                -23.5946
              ],
              [
                -46.4785,
                -23.5925
              ],
              [
                -46.4811,
                -23.5915
              ],
              [
                -46.484,
                -23.5892
              ],
              [
                -46.4888,
                -23.5886
              ],
              [
                -46.493,
                -23.5833
              ],
              [
                -46.4953,
                -23.5812
              ],
              [
                -46.5021,
                -23.5798
              ],
              [
                -46.5058,
                -23.5751
              ],
              [
                -46.5068,
                -23.5697
              ],
              [
                -46.5102,
                -23.5652
              ],
              [
                -46.5173,
                -23.5587
              ],
              [
                -46.5204,
                -23.5548
              ],
              [
                -46.5256,
                -23.5516
              ],
              [
                -46.5311,
                -23.5464
              ],
              [
                -46.5361,
                -23.5436
              ],
              [
                -46.5398,
                -23.5433
              ],
              [
                -46.548,
                -23.5397
              ],
              [
                -46.5495,
                -23.5374
              ],
              [
                -46.5483,
                -23.535
              ],
              [
                -46.5442,
                -23.5365
              ],
              [
                -46.5386,
                -23.5388
              ],
              [
                -46.5348,
                -23.5392
              ],
              [
                -46.5284,
                -23.5427
              ],
              [
                -46.5228,
                -23.548
              ],
              [
                -46.5174,
                -23.5514
              ],
              [
                -46.514,
                -23.5556
              ],
              [
                -46.5069,
                -23.5621
              ],
              [
                -46.5026,
                -23.5678
              ],
              [
                -46.5016,
                -23.5732
              ],
              [
                -46.4996,
                -23.5757
              ],
              [
                -46.4932,
                -23.577
              ],
              [
                -46.4897,
                -23.5802
              ],
              [
                -46.4864,
                -23.5844
              ],
              [
                -46.4821,
                -23.5849
              ],
              [
                -46.4789,
                -23.5875
              ],
              [
                -46.4765,
                -23.5884
              ],
              [
                -46.4735,
                -23.5902
              ],
              [
                -46.4662,
                -23.5908
              ],
              [
                -46.4635,
                -23.5937
              ]
            ]
          ]
        ]
      }
    },
    {
      "type": "Feature",
      "properties": {
        "resource_id": "REH-175",
        "label": "CASTELO - trecho 1",
        "name": "CASTELO",
        "section": "1",
        "route_type": "Recom",
        "airspace_class": "G",
        "semi_width_m": 250.0,
        "altitude_min_ft": null,
        "altitude_max_ft": null,
        "altitude_compulsory_ft": 3400.0,
        "fix_a_name": "Barueri",
        "fix_b_name": "Rodoanel Castelo",
        "ats": "NORTE 135.675 MHz",
        "effective_date": "2025-10-02T00:00:00Z",
        "source_identifier": "AIC N32/25",
        "axis_key": "4d5e91dee9ecabbf5e260714a2751553",
        "waypoint_count": 2,
        "area_m2": 2796855.7265625
      },
      "geometry": {
        "type": "MultiPolygon",
        "coordinates": [
          [
            [
              [
                -46.8235,
                -23.5064
              ],
              [
                -46.8214,
                -23.5089
              ],
              [
                -46.8225,
                -23.511
              ],
              [
                -46.8634,
                -23.5071
              ],
              [
                -46.8775,
                -23.5073
              ],
              [
                -46.8767,
                -23.505
              ],
              [
                -46.8758,
                -23.5027
              ],
              [
                -46.8632,
                -23.5026
              ],
              [
                -46.8235,
                -23.5064
              ]
            ]
          ]
        ]
      }
    },
    {
      "type": "Feature",
      "properties": {
        "resource_id": "REH-176",
        "label": "ECOLÓGICO - trecho 3",
        "name": "ECOLÓGICO",
        "section": "3",
        "route_type": "Recom",
        "airspace_class": "G",
        "semi_width_m": 250.0,
        "altitude_min_ft": null,
        "altitude_max_ft": null,
        "altitude_compulsory_ft": 3300.0,
        "fix_a_name": "Barragem Tietê",
        "fix_b_name": "Dumont",
        "ats": "COORDENAÇÃO HELICÓPTERO127.350 MHz",
        "effective_date": "2025-10-02T00:00:00Z",
        "source_identifier": "AIC N32/25",
        "axis_key": "54dcbedbbe3b2e6d9dfa1af8deda6f20",
        "waypoint_count": 2,
        "area_m2": 3908055.90625
      },
      "geometry": {
        "type": "MultiPolygon",
        "coordinates": [
          [
            [
              [
                -46.4701,
                -23.4782
              ],
              [
                -46.4692,
                -23.4803
              ],
              [
                -46.4683,
                -23.4824
              ],
              [
                -46.5406,
                -23.5042
              ],
              [
                -46.5419,
                -23.5022
              ],
              [
                -46.5433,
                -23.5003
              ],
              [
                -46.4701,
                -23.4782
              ]
            ]
          ]
        ]
      }
    },
    {
      "type": "Feature",
      "properties": {
        "resource_id": "REH-177",
        "label": "ESTADO - trecho 2",
        "name": "ESTADO",
        "section": "2",
        "route_type": "Recom",
        "airspace_class": "G",
        "semi_width_m": 250.0,
        "altitude_min_ft": 3200.0,
        "altitude_max_ft": 3400.0,
        "altitude_compulsory_ft": null,
        "fix_a_name": "Vd Grande São Paulo",
        "fix_b_name": "Bartira",
        "ats": "COORDENAÇÃO HELICÓPTERO127.350 MHz",
        "effective_date": "2025-10-02T00:00:00Z",
        "source_identifier": "AIC N32/25",
        "axis_key": "92e9557ffbd23b432564acae34b01512",
        "waypoint_count": 2,
        "area_m2": 2297754.140625
      },
      "geometry": {
        "type": "MultiPolygon",
        "coordinates": [
          [
            [
              [
                -46.5981,
                -23.5867
              ],
              [
                -46.5965,
                -23.5849
              ],
              [
                -46.5948,
                -23.5857
              ],
              [
                -46.5924,
                -23.5852
              ],
              [
                -46.5894,
                -23.5856
              ],
              [
                -46.5831,
                -23.5916
              ],
              [
                -46.5787,
                -23.5971
              ],
              [
                -46.5744,
                -23.5987
              ],
              [
                -46.5593,
                -23.6087
              ],
              [
                -46.5606,
                -23.6106
              ],
              [
                -46.5618,
                -23.6124
              ],
              [
                -46.5765,
                -23.6028
              ],
              [
                -46.5814,
                -23.6008
              ],
              [
                -46.5864,
                -23.5946
              ],
              [
                -46.5914,
                -23.5899
              ],
              [
                -46.5923,
                -23.5897
              ],
              [
                -46.5954,
                -23.5904
              ],
              [
                -46.5956,
                -23.5904
              ],
              [
                -46.5981,
                -23.5867
              ]
            ]
          ]
        ]
      }
    },
    {
      "type": "Feature",
      "properties": {
        "resource_id": "REH-178",
        "label": "ESTADO - trecho 5",
        "name": "ESTADO",
        "section": "5",
        "route_type": "Recom",
        "airspace_class": "G",
        "semi_width_m": 250.0,
        "altitude_min_ft": 3200.0,
        "altitude_max_ft": 3400.0,
        "altitude_compulsory_ft": null,
        "fix_a_name": "Estação Saladino",
        "fix_b_name": "Maxxi",
        "ats": "COORDENAÇÃO HELICÓPTERO127.350 MHz",
        "effective_date": "2025-10-02T00:00:00Z",
        "source_identifier": "AIC N32/25",
        "axis_key": "aa8f877464b6d7222a4a9bc4e7c667fe",
        "waypoint_count": 2,
        "area_m2": 2110005.78125
      },
      "geometry": {
        "type": "MultiPolygon",
        "coordinates": [
          [
            [
              [
                -46.5016,
                -23.6536
              ],
              [
                -46.5006,
                -23.6564
              ],
              [
                -46.501,
                -23.6586
              ],
              [
                -46.501,
                -23.6586
              ],
              [
                -46.5126,
                -23.6542
              ],
              [
                -46.5209,
                -23.6551
              ],
              [
                -46.5292,
                -23.6481
              ],
              [
                -46.5338,
                -23.6457
              ],
              [
                -46.5359,
                -23.641
              ],
              [
                -46.535,
                -23.6375
              ],
              [
                -46.533,
                -23.6366
              ],
              [
                -46.5303,
                -23.6425
              ],
              [
                -46.5267,
                -23.6443
              ],
              [
                -46.5195,
                -23.6504
              ],
              [
                -46.512,
                -23.6496
              ],
              [
                -46.5016,
                -23.6536
              ]
            ]
          ]
        ]
      }
    },
    {
      "type": "Feature",
      "properties": {
        "resource_id": "REH-179",
        "label": "ESTADO - trecho 3",
        "name": "ESTADO",
        "section": "3",
        "route_type": "Recom",
        "airspace_class": "G",
        "semi_width_m": 250.0,
        "altitude_min_ft": 3200.0,
        "altitude_max_ft": 3400.0,
        "altitude_compulsory_ft": null,
        "fix_a_name": "Bartira",
        "fix_b_name": "Utinga",
        "ats": "COORDENAÇÃO HELICÓPTERO127.350 MHz",
        "effective_date": "2025-10-02T00:00:00Z",
        "source_identifier": "AIC N32/25",
        "axis_key": "a0ab1df49a727bf9339ffd5fb9c0f918",
        "waypoint_count": 2,
        "area_m2": 1201452.6796875
      },
      "geometry": {
        "type": "MultiPolygon",
        "coordinates": [
          [
            [
              [
                -46.5606,
                -23.6106
              ],
              [
                -46.5593,
                -23.6087
              ],
              [
                -46.5396,
                -23.6227
              ],
              [
                -46.5414,
                -23.6242
              ],
              [
                -46.5432,
                -23.6257
              ],
              [
                -46.5618,
                -23.6124
              ],
              [
                -46.5606,
                -23.6106
              ]
            ]
          ]
        ]
      }
    },
    {
      "type": "Feature",
      "properties": {
        "resource_id": "REH-180",
        "label": "Ferrovia - trecho 1",
        "name": "Ferrovia",
        "section": "1",
        "route_type": "Recom",
        "airspace_class": "G",
        "semi_width_m": 250.0,
        "altitude_min_ft": 3300.0,
        "altitude_max_ft": 3600.0,
        "altitude_compulsory_ft": null,
        "fix_a_name": "Maxxi",
        "fix_b_name": "Ribeirão Pires",
        "ats": "COORDENAÇÃO HELICÓPTERO127.350 MHz",
        "effective_date": "2025-10-02T00:00:00Z",
        "source_identifier": "AIC N32/25",
        "axis_key": "4edfaaf4d6c016b7f7614586ccb0d8a3",
        "waypoint_count": 2,
        "area_m2": 5725482.59375
      },
      "geometry": {
        "type": "MultiPolygon",
        "coordinates": [
          [
            [
              [
                -46.501,
                -23.6586
              ],
              [
                -46.5006,
                -23.6564
              ],
              [
                -46.4969,
                -23.6544
              ],
              [
                -46.4804,
                -23.6553
              ],
              [
                -46.4655,
                -23.6627
              ],
              [
                -46.4529,
                -23.6731
              ],
              [
                -46.4487,
                -23.6875
              ],
              [
                -46.4449,
                -23.6932
              ],
              [
                -46.4387,
                -23.6938
              ],
              [
                -46.432,
                -23.7014
              ],
              [
                -46.4207,
                -23.7043
              ],
              [
                -46.413,
                -23.7122
              ],
              [
                -46.4146,
                -23.7137
              ],
              [
                -46.4162,
                -23.7153
              ],
              [
                -46.423,
                -23.7084
              ],
              [
                -46.4345,
                -23.7055
              ],
              [
                -46.4409,
                -23.6981
              ],
              [
                -46.4475,
                -23.6975
              ],
              [
                -46.4529,
                -23.6895
              ],
              [
                -46.4568,
                -23.6757
              ],
              [
                -46.468,
                -23.6665
              ],
              [
                -46.4816,
                -23.6598
              ],
              [
                -46.501,
                -23.6586
              ]
            ]
          ]
        ]
      }
    },
    {
      "type": "Feature",
      "properties": {
        "resource_id": "REH-181",
        "label": "MARTE - trecho 1",
        "name": "MARTE",
        "section": "1",
        "route_type": "Recom",
        "airspace_class": "G",
        "semi_width_m": 250.0,
        "altitude_min_ft": null,
        "altitude_max_ft": null,
        "altitude_compulsory_ft": 3300.0,
        "fix_a_name": "Cebolão",
        "fix_b_name": "Marco Zero",
        "ats": "COORDENAÇÃO HELICÓPTERO127.350 MHz",
        "effective_date": "2025-10-02T00:00:00Z",
        "source_identifier": "AIC N32/25",
        "axis_key": "39f6244abe5ddbc482139421854e698e",
        "waypoint_count": 2,
        "area_m2": 1429986.875
      },
      "geometry": {
        "type": "MultiPolygon",
        "coordinates": [
          [
            [
              [
                -46.7503,
                -23.5261
              ],
              [
                -46.7513,
                -23.5235
              ],
              [
                -46.7466,
                -23.5159
              ],
              [
                -46.7333,
                -23.5154
              ],
              [
                -46.729,
                -23.5133
              ],
              [
                -46.7261,
                -23.5144
              ],
              [
                -46.7257,
                -23.5168
              ],
              [
                -46.7322,
                -23.5198
              ],
              [
                -46.744,
                -23.5203
              ],
              [
                -46.7478,
                -23.5264
              ],
              [
                -46.7503,
                -23.5261
              ]
            ]
          ]
        ]
      }
    },
    {
      "type": "Feature",
      "properties": {
        "resource_id": "REH-182",
        "label": "MARTE - trecho 2",
        "name": "MARTE",
        "section": "2",
        "route_type": "Recom",
        "airspace_class": "G",
        "semi_width_m": 250.0,
        "altitude_min_ft": null,
        "altitude_max_ft": null,
        "altitude_compulsory_ft": 3200.0,
        "fix_a_name": "Marco Zero",
        "fix_b_name": "Viaduto Antártica",
        "ats": "COORDENAÇÃO HELICÓPTERO127.350 MHz",
        "effective_date": "2025-10-02T00:00:00Z",
        "source_identifier": "AIC N32/25",
        "axis_key": "8e3e33adfc4a633e1db8c4caaae0b699",
        "waypoint_count": 2,
        "area_m2": 2855636.796875
      },
      "geometry": {
        "type": "MultiPolygon",
        "coordinates": [
          [
            [
              [
                -46.6706,
                -23.5225
              ],
              [
                -46.6708,
                -23.5247
              ],
              [
                -46.6724,
                -23.5269
              ],
              [
                -46.6786,
                -23.5267
              ],
              [
                -46.6843,
                -23.5244
              ],
              [
                -46.6957,
                -23.5237
              ],
              [
                -46.7063,
                -23.5192
              ],
              [
                -46.7257,
                -23.5168
              ],
              [
                -46.7261,
                -23.5144
              ],
              [
                -46.7245,
                -23.5124
              ],
              [
                -46.7051,
                -23.5148
              ],
              [
                -46.6947,
                -23.5193
              ],
              [
                -46.6833,
                -23.52
              ],
              [
                -46.6777,
                -23.5222
              ],
              [
                -46.6706,
                -23.5225
              ]
            ]
          ]
        ]
      }
    },
    {
      "type": "Feature",
      "properties": {
        "resource_id": "REH-183",
        "label": "MARTE - trecho 4",
        "name": "MARTE",
        "section": "4",
        "route_type": "Recom",
        "airspace_class": "G",
        "semi_width_m": 250.0,
        "altitude_min_ft": null,
        "altitude_max_ft": null,
        "altitude_compulsory_ft": 3200.0,
        "fix_a_name": "Luz",
        "fix_b_name": "Brás",
        "ats": "COORDENAÇÃO HELICÓPTERO127.350 MHz",
        "effective_date": "2025-10-02T00:00:00Z",
        "source_identifier": "AIC N32/25",
        "axis_key": "595074e44bbcd7b2c56685f3dd27cba1",
        "waypoint_count": 2,
        "area_m2": 989880.359375
      },
      "geometry": {
        "type": "MultiPolygon",
        "coordinates": [
          [
            [
              [
                -46.6361,
                -23.5371
              ],
              [
                -46.6353,
                -23.535
              ],
              [
                -46.6343,
                -23.533
              ],
              [
                -46.6183,
                -23.5408
              ],
              [
                -46.6183,
                -23.5408
              ],
              [
                -46.6172,
                -23.5439
              ],
              [
                -46.6188,
                -23.5456
              ],
              [
                -46.6361,
                -23.5371
              ]
            ]
          ]
        ]
      }
    },
    {
      "type": "Feature",
      "properties": {
        "resource_id": "REH-184",
        "label": "OESTE - trecho 3",
        "name": "OESTE",
        "section": "3",
        "route_type": "Recom",
        "airspace_class": "G",
        "semi_width_m": 250.0,
        "altitude_min_ft": 3400.0,
        "altitude_max_ft": 3600.0,
        "altitude_compulsory_ft": null,
        "fix_a_name": "Extra Taboão",
        "fix_b_name": "Empresarial",
        "ats": "COORDENAÇÃO HELICÓPTERO127.350 MHz",
        "effective_date": "2025-10-02T00:00:00Z",
        "source_identifier": "AIC N32/25",
        "axis_key": "a71751be8c5ddb291c045eeb639fb895",
        "waypoint_count": 2,
        "area_m2": 2550150.25
      },
      "geometry": {
        "type": "MultiPolygon",
        "coordinates": [
          [
            [
              [
                -46.7284,
                -23.6448
              ],
              [
                -46.7233,
                -23.6525
              ],
              [
                -46.7257,
                -23.6534
              ],
              [
                -46.7257,
                -23.6534
              ],
              [
                -46.7415,
                -23.6388
              ],
              [
                -46.7526,
                -23.6159
              ],
              [
                -46.7536,
                -23.6104
              ],
              [
                -46.7517,
                -23.6086
              ],
              [
                -46.7489,
                -23.6111
              ],
              [
                -46.7482,
                -23.6145
              ],
              [
                -46.7379,
                -23.6361
              ],
              [
                -46.7284,
                -23.6448
              ]
            ]
          ]
        ]
      }
    },
    {
      "type": "Feature",
      "properties": {
        "resource_id": "REH-185",
        "label": "TANCREDO - trecho 1",
        "name": "TANCREDO",
        "section": "1",
        "route_type": "Recom",
        "airspace_class": "G",
        "semi_width_m": 250.0,
        "altitude_min_ft": null,
        "altitude_max_ft": null,
        "altitude_compulsory_ft": 3300.0,
        "fix_a_name": "Vd Grande São Paulo",
        "fix_b_name": "Entroncamento",
        "ats": "COORDENAÇÃO HELICÓPTERO127.350 MHz",
        "effective_date": "2025-10-02T00:00:00Z",
        "source_identifier": "AIC N32/25",
        "axis_key": "074631862083c7b144f2c83f2211b376",
        "waypoint_count": 2,
        "area_m2": 873263.0625
      },
      "geometry": {
        "type": "MultiPolygon",
        "coordinates": [
          [
            [
              [
                -46.5979,
                -23.6039
              ],
              [
                -46.6006,
                -23.6036
              ],
              [
                -46.6039,
                -23.6041
              ],
              [
                -46.6005,
                -23.6
              ],
              [
                -46.5997,
                -23.599
              ],
              [
                -46.5996,
                -23.5986
              ],
              [
                -46.5995,
                -23.5982
              ],
              [
                -46.6003,
                -23.5874
              ],
              [
                -46.5981,
                -23.5867
              ],
              [
                -46.5956,
                -23.5904
              ],
              [
                -46.595,
                -23.5982
              ],
              [
                -46.5951,
                -23.5996
              ],
              [
                -46.5958,
                -23.6012
              ],
              [
                -46.597,
                -23.6028
              ],
              [
                -46.5979,
                -23.6039
              ]
            ]
          ]
        ]
      }
    },
    {
      "type": "Feature",
      "properties": {
        "resource_id": "REH-186",
        "label": "TANCREDO - trecho 2",
        "name": "TANCREDO",
        "section": "2",
        "route_type": "Obrig",
        "airspace_class": "D",
        "semi_width_m": 100.0,
        "altitude_min_ft": null,
        "altitude_max_ft": null,
        "altitude_compulsory_ft": 3300.0,
        "fix_a_name": "Entroncamento",
        "fix_b_name": "Maria Maluf",
        "ats": "TWR-SP127.150 MHz",
        "effective_date": "2025-10-02T00:00:00Z",
        "source_identifier": "AIC N32/25",
        "axis_key": "c8ecf64d0eb0639873e62e777f84490d",
        "waypoint_count": 2,
        "area_m2": 823806.234375
      },
      "geometry": {
        "type": "MultiPolygon",
        "coordinates": [
          [
            [
              [
                -46.6295,
                -23.63
              ],
              [
                -46.6297,
                -23.6292
              ],
              [
                -46.6299,
                -23.6283
              ],
              [
                -46.6175,
                -23.6258
              ],
              [
                -46.6129,
                -23.6219
              ],
              [
                -46.6065,
                -23.6068
              ],
              [
                -46.6058,
                -23.6049
              ],
              [
                -46.6039,
                -23.6041
              ],
              [
                -46.6006,
                -23.6036
              ],
              [
                -46.6022,
                -23.6053
              ],
              [
                -46.6044,
                -23.6062
              ],
              [
                -46.6049,
                -23.6074
              ],
              [
                -46.6114,
                -23.6229
              ],
              [
                -46.6167,
                -23.6275
              ],
              [
                -46.6295,
                -23.63
              ]
            ]
          ]
        ]
      }
    },
    {
      "type": "Feature",
      "properties": {
        "resource_id": "REH-187",
        "label": "Portão Luz - trecho 1",
        "name": "Portão Luz",
        "section": "1",
        "route_type": "Obrig",
        "airspace_class": "",
        "semi_width_m": 100.0,
        "altitude_min_ft": null,
        "altitude_max_ft": null,
        "altitude_compulsory_ft": null,
        "fix_a_name": "Luz",
        "fix_b_name": "",
        "ats": "",
        "effective_date": "2025-10-02T00:00:00Z",
        "source_identifier": "AIC N32/25",
        "axis_key": "80237b2e4af6b0fdfa610095c88cb9d3",
        "waypoint_count": 2,
        "area_m2": 230077.0625
      },
      "geometry": {
        "type": "MultiPolygon",
        "coordinates": [
          [
            [
              [
                -46.6353,
                -23.535
              ],
              [
                -46.6361,
                -23.5324
              ],
              [
                -46.6356,
                -23.5227
              ],
              [
                -46.6347,
                -23.5227
              ],
              [
                -46.6338,
                -23.5227
              ],
              [
                -46.6343,
                -23.533
              ],
              [
                -46.6353,
                -23.535
              ]
            ]
          ]
        ]
      }
    },
    {
      "type": "Feature",
      "properties": {
        "resource_id": "REH-188",
        "label": "Portão Brás - trecho 1",
        "name": "Portão Brás",
        "section": "1",
        "route_type": "Obrig",
        "airspace_class": "",
        "semi_width_m": 100.0,
        "altitude_min_ft": null,
        "altitude_max_ft": null,
        "altitude_compulsory_ft": null,
        "fix_a_name": "Brás",
        "fix_b_name": "Portuguesa",
        "ats": "",
        "effective_date": "2025-10-02T00:00:00Z",
        "source_identifier": "AIC N32/25",
        "axis_key": "5613e1eedf5f8199d831a702fdf60ad0",
        "waypoint_count": 2,
        "area_m2": 444006.6796875
      },
      "geometry": {
        "type": "MultiPolygon",
        "coordinates": [
          [
            [
              [
                -46.6172,
                -23.5439
              ],
              [
                -46.6183,
                -23.5408
              ],
              [
                -46.6195,
                -23.5206
              ],
              [
                -46.6186,
                -23.5206
              ],
              [
                -46.6177,
                -23.5205
              ],
              [
                -46.6165,
                -23.5415
              ],
              [
                -46.6172,
                -23.5439
              ]
            ]
          ]
        ]
      }
    },
    {
      "type": "Feature",
      "properties": {
        "resource_id": "REH-189",
        "label": "Portão Memorial - trecho 1",
        "name": "Portão Memorial",
        "section": "1",
        "route_type": "Obrig",
        "airspace_class": "",
        "semi_width_m": 100.0,
        "altitude_min_ft": null,
        "altitude_max_ft": null,
        "altitude_compulsory_ft": null,
        "fix_a_name": "Memorial",
        "fix_b_name": "",
        "ats": "",
        "effective_date": "2025-10-02T00:00:00Z",
        "source_identifier": "AIC N32/25",
        "axis_key": "5cc52a06a9b9ded50dcae76d545ceb08",
        "waypoint_count": 2,
        "area_m2": 179696.8359375
      },
      "geometry": {
        "type": "MultiPolygon",
        "coordinates": [
          [
            [
              [
                -46.6644,
                -23.5267
              ],
              [
                -46.6632,
                -23.5235
              ],
              [
                -46.6588,
                -23.5176
              ],
              [
                -46.6581,
                -23.5181
              ],
              [
                -46.6573,
                -23.5186
              ],
              [
                -46.6611,
                -23.5237
              ],
              [
                -46.6644,
                -23.5267
              ]
            ]
          ]
        ]
      }
    },
    {
      "type": "Feature",
      "properties": {
        "resource_id": "REH-192",
        "label": "Portão Cabreúva - trecho 1",
        "name": "Portão Cabreúva",
        "section": "1",
        "route_type": "Obrig",
        "airspace_class": "",
        "semi_width_m": 100.0,
        "altitude_min_ft": null,
        "altitude_max_ft": null,
        "altitude_compulsory_ft": null,
        "fix_a_name": "Cabreúva",
        "fix_b_name": "",
        "ats": "",
        "effective_date": "2025-10-02T00:00:00Z",
        "source_identifier": "AIC N32/25",
        "axis_key": "01f7e134eb6886b9606d6062a8d1b288",
        "waypoint_count": 2,
        "area_m2": 873166.5703125
      },
      "geometry": {
        "type": "MultiPolygon",
        "coordinates": [
          [
            [
              [
                -47.1419,
                -23.3471
              ],
              [
                -47.1428,
                -23.3469
              ],
              [
                -47.1437,
                -23.3467
              ],
              [
                -47.1315,
                -23.3036
              ],
              [
                -47.1314,
                -23.3064
              ],
              [
                -47.1312,
                -23.3092
              ],
              [
                -47.1419,
                -23.3471
              ]
            ]
          ]
        ]
      }
    },
    {
      "type": "Feature",
      "properties": {
        "resource_id": "REH-193",
        "label": "Jundiaí - trecho 6",
        "name": "Jundiaí",
        "section": "6",
        "route_type": "Obrig",
        "airspace_class": "D",
        "semi_width_m": 250.0,
        "altitude_min_ft": null,
        "altitude_max_ft": null,
        "altitude_compulsory_ft": 3000.0,
        "fix_a_name": "Rotatória Louveira",
        "fix_b_name": "Represa Vinhedo",
        "ats": "TWR-JD (MONITORAMENTO) 118.750 MHz",
        "effective_date": "2025-10-02T00:00:00Z",
        "source_identifier": "AIC N32/25",
        "axis_key": "ffa0d87ca9a25a2bdaa248e66769fd69",
        "waypoint_count": 2,
        "area_m2": 1106156.9921875
      },
      "geometry": {
        "type": "MultiPolygon",
        "coordinates": [
          [
            [
              [
                -46.9542,
                -23.0304
              ],
              [
                -46.9522,
                -23.0314
              ],
              [
                -46.9502,
                -23.0324
              ],
              [
                -46.9592,
                -23.0498
              ],
              [
                -46.9622,
                -23.0508
              ],
              [
                -46.9652,
                -23.0518
              ],
              [
                -46.9542,
                -23.0304
              ]
            ]
          ]
        ]
      }
    },
    {
      "type": "Feature",
      "properties": {
        "resource_id": "REH-194",
        "label": "Marte - trecho 5",
        "name": "Marte",
        "section": "5",
        "route_type": "Recom",
        "airspace_class": "G",
        "semi_width_m": 250.0,
        "altitude_min_ft": null,
        "altitude_max_ft": null,
        "altitude_compulsory_ft": 3200.0,
        "fix_a_name": "Brás",
        "fix_b_name": "Alcântara Machado",
        "ats": "",
        "effective_date": "2025-10-02T00:00:00Z",
        "source_identifier": "AIC N32/25",
        "axis_key": "3c331351a1bb604281e9a20230862857",
        "waypoint_count": 2,
        "area_m2": 474454.5390625
      },
      "geometry": {
        "type": "MultiPolygon",
        "coordinates": [
          [
            [
              [
                -46.6094,
                -23.5516
              ],
              [
                -46.6114,
                -23.5528
              ],
              [
                -46.6142,
                -23.5526
              ],
              [
                -46.6188,
                -23.5456
              ],
              [
                -46.6172,
                -23.5439
              ],
              [
                -46.6133,
                -23.5457
              ],
              [
                -46.6094,
                -23.5516
              ]
            ]
          ]
        ]
      }
    },
    {
      "type": "Feature",
      "properties": {
        "resource_id": "REH-195",
        "label": "MARTE - trecho 3",
        "name": "MARTE",
        "section": "3",
        "route_type": "Obrig",
        "airspace_class": "G",
        "semi_width_m": 250.0,
        "altitude_min_ft": null,
        "altitude_max_ft": null,
        "altitude_compulsory_ft": 3100.0,
        "fix_a_name": "Viaduto Antártica",
        "fix_b_name": "Luz",
        "ats": "COORDENAÇÃO HELICÓPTERO127.350 MHz",
        "effective_date": "2025-10-02T00:00:00Z",
        "source_identifier": "AIC N32/25",
        "axis_key": "f9a11540b4b12eccbc15d838765a0cf5",
        "waypoint_count": 2,
        "area_m2": 1908335.921875
      },
      "geometry": {
        "type": "MultiPolygon",
        "coordinates": [
          [
            [
              [
                -46.6361,
                -23.5324
              ],
              [
                -46.6353,
                -23.535
              ],
              [
                -46.6361,
                -23.5371
              ],
              [
                -46.6412,
                -23.5356
              ],
              [
                -46.644,
                -23.5314
              ],
              [
                -46.6458,
                -23.5305
              ],
              [
                -46.6521,
                -23.5308
              ],
              [
                -46.6599,
                -23.5284
              ],
              [
                -46.6706,
                -23.527
              ],
              [
                -46.6708,
                -23.5247
              ],
              [
                -46.6706,
                -23.5225
              ],
              [
                -46.6632,
                -23.5235
              ],
              [
                -46.6644,
                -23.5267
              ],
              [
                -46.6611,
                -23.5237
              ],
              [
                -46.6589,
                -23.524
              ],
              [
                -46.6515,
                -23.5263
              ],
              [
                -46.6449,
                -23.5259
              ],
              [
                -46.641,
                -23.5278
              ],
              [
                -46.6383,
                -23.5317
              ],
              [
                -46.6361,
                -23.5324
              ]
            ]
          ]
        ]
      }
    },
    {
      "type": "Feature",
      "properties": {
        "resource_id": "REH-196",
        "label": "ACLIMAÇÃO - trecho 2",
        "name": "ACLIMAÇÃO",
        "section": "2",
        "route_type": "Recom",
        "airspace_class": "G",
        "semi_width_m": 250.0,
        "altitude_min_ft": 3300.0,
        "altitude_max_ft": 3400.0,
        "altitude_compulsory_ft": null,
        "fix_a_name": "Ana Rosa",
        "fix_b_name": "Parque Aclimação",
        "ats": "COORDENAÇÃO HELICÓPTERO127.350 MHz",
        "effective_date": "2025-10-02T00:00:00Z",
        "source_identifier": "AIC N32/25",
        "axis_key": "788857ec643ec6e9d9a5ba125808eeab",
        "waypoint_count": 2,
        "area_m2": 626658.5859375
      },
      "geometry": {
        "type": "MultiPolygon",
        "coordinates": [
          [
            [
              [
                -46.63,
                -23.5727
              ],
              [
                -46.6286,
                -23.5744
              ],
              [
                -46.627,
                -23.5761
              ],
              [
                -46.637,
                -23.5837
              ],
              [
                -46.6383,
                -23.5819
              ],
              [
                -46.6397,
                -23.5802
              ],
              [
                -46.63,
                -23.5727
              ]
            ]
          ]
        ]
      }
    },
    {
      "type": "Feature",
      "properties": {
        "resource_id": "REH-197",
        "label": "ACLIMAÇÃO - trecho 1",
        "name": "ACLIMAÇÃO",
        "section": "1",
        "route_type": "Obrig",
        "airspace_class": "D",
        "semi_width_m": 100.0,
        "altitude_min_ft": 3300.0,
        "altitude_max_ft": 3400.0,
        "altitude_compulsory_ft": null,
        "fix_a_name": "Cebolinha",
        "fix_b_name": "Ana Rosa",
        "ats": "CONTROLE HELICÓPTERO118.350 MHz",
        "effective_date": "2025-10-02T00:00:00Z",
        "source_identifier": "AIC N32/25",
        "axis_key": "70761a10d39859c393af64cf08e3eb6a",
        "waypoint_count": 2,
        "area_m2": 320776.2109375
      },
      "geometry": {
        "type": "MultiPolygon",
        "coordinates": [
          [
            [
              [
                -46.6389,
                -23.5812
              ],
              [
                -46.6383,
                -23.5819
              ],
              [
                -46.6378,
                -23.5827
              ],
              [
                -46.65,
                -23.5921
              ],
              [
                -46.6508,
                -23.5917
              ],
              [
                -46.6506,
                -23.5903
              ],
              [
                -46.6389,
                -23.5812
              ]
            ]
          ]
        ]
      }
    },
    {
      "type": "Feature",
      "properties": {
        "resource_id": "REH-198",
        "label": "PINHEIROS - trecho 1",
        "name": "PINHEIROS",
        "section": "1",
        "route_type": "Recom",
        "airspace_class": "G",
        "semi_width_m": 250.0,
        "altitude_min_ft": null,
        "altitude_max_ft": null,
        "altitude_compulsory_ft": 3300.0,
        "fix_a_name": "Cebolão",
        "fix_b_name": "Ponte Jaguaré",
        "ats": "COORDENAÇÃO HELICÓPTERO127.350 MHz",
        "effective_date": "2025-10-02T00:00:00Z",
        "source_identifier": "AIC N32/25",
        "axis_key": "372c0ba51c722db92d23eb679c6d1a0c",
        "waypoint_count": 2,
        "area_m2": 1194053.5859375
      },
      "geometry": {
        "type": "MultiPolygon",
        "coordinates": [
          [
            [
              [
                -46.7332,
                -23.5442
              ],
              [
                -46.7347,
                -23.5458
              ],
              [
                -46.7371,
                -23.5467
              ],
              [
                -46.75,
                -23.535
              ],
              [
                -46.75,
                -23.5349
              ],
              [
                -46.7503,
                -23.5261
              ],
              [
                -46.7478,
                -23.5264
              ],
              [
                -46.746,
                -23.5325
              ],
              [
                -46.7332,
                -23.5442
              ]
            ]
          ]
        ]
      }
    },
    {
      "type": "Feature",
      "properties": {
        "resource_id": "REH-199",
        "label": "ESTÁDIO - trecho 2",
        "name": "ESTÁDIO",
        "section": "2",
        "route_type": "Recom",
        "airspace_class": "D",
        "semi_width_m": 250.0,
        "altitude_min_ft": 3300.0,
        "altitude_max_ft": 3400.0,
        "altitude_compulsory_ft": null,
        "fix_a_name": "Extra Jaguaré",
        "fix_b_name": "Shopping Continental",
        "ats": "COORDENAÇÃO HELICÓPTERO127.350 MHz",
        "effective_date": "2025-10-02T00:00:00Z",
        "source_identifier": "AIC N32/25",
        "axis_key": "d4460b8842759c78809d71b033838c94",
        "waypoint_count": 2,
        "area_m2": 503064.4375
      },
      "geometry": {
        "type": "MultiPolygon",
        "coordinates": [
          [
            [
              [
                -46.7526,
                -23.5547
              ],
              [
                -46.7553,
                -23.5481
              ],
              [
                -46.7528,
                -23.5475
              ],
              [
                -46.7464,
                -23.555
              ],
              [
                -46.7475,
                -23.5572
              ],
              [
                -46.7492,
                -23.5587
              ],
              [
                -46.7526,
                -23.5547
              ]
            ]
          ]
        ]
      }
    },
    {
      "type": "Feature",
      "properties": {
        "resource_id": "REH-200",
        "label": "EXTERNO - trecho 1",
        "name": "EXTERNO",
        "section": "1",
        "route_type": "Recom",
        "airspace_class": "D",
        "semi_width_m": 100.0,
        "altitude_min_ft": 3000.0,
        "altitude_max_ft": 3300.0,
        "altitude_compulsory_ft": null,
        "fix_a_name": "Extra Jaguaré",
        "fix_b_name": "Ponte Jaguaré",
        "ats": "CONTROLE HELICÓPTERO118.350 MHz",
        "effective_date": "2025-10-02T00:00:00Z",
        "source_identifier": "AIC N32/25",
        "axis_key": "ec7d4f905b4a73645fccaadc63821bb9",
        "waypoint_count": 2,
        "area_m2": 319839.421875
      },
      "geometry": {
        "type": "MultiPolygon",
        "coordinates": [
          [
            [
              [
                -46.7371,
                -23.5467
              ],
              [
                -46.7347,
                -23.5458
              ],
              [
                -46.7347,
                -23.547
              ],
              [
                -46.7464,
                -23.5574
              ],
              [
                -46.7475,
                -23.5572
              ],
              [
                -46.7464,
                -23.555
              ],
              [
                -46.7371,
                -23.5467
              ]
            ]
          ]
        ]
      }
    },
    {
      "type": "Feature",
      "properties": {
        "resource_id": "REH-201",
        "label": "PINHEIROS - trecho 2",
        "name": "PINHEIROS",
        "section": "2",
        "route_type": "Obrig",
        "airspace_class": "D",
        "semi_width_m": 100.0,
        "altitude_min_ft": null,
        "altitude_max_ft": null,
        "altitude_compulsory_ft": 3300.0,
        "fix_a_name": "Ponte Jaguaré",
        "fix_b_name": "Ponte Estaiada",
        "ats": "CONTROLE HELICÓPTERO118.350 MHz",
        "effective_date": "2025-10-02T00:00:00Z",
        "source_identifier": "AIC N32/25",
        "axis_key": "ef60a7d6eec53283322c6c81e4488285",
        "waypoint_count": 2,
        "area_m2": 1816744.0
      },
      "geometry": {
        "type": "MultiPolygon",
        "coordinates": [
          [
            [
              [
                -46.6983,
                -23.6121
              ],
              [
                -46.6994,
                -23.6128
              ],
              [
                -46.7001,
                -23.6118
              ],
              [
                -46.692,
                -23.5861
              ],
              [
                -46.7072,
                -23.5616
              ],
              [
                -46.7321,
                -23.5492
              ],
              [
                -46.7347,
                -23.547
              ],
              [
                -46.7347,
                -23.5458
              ],
              [
                -46.7341,
                -23.5452
              ],
              [
                -46.7311,
                -23.5477
              ],
              [
                -46.706,
                -23.5602
              ],
              [
                -46.69,
                -23.5859
              ],
              [
                -46.6983,
                -23.6121
              ]
            ]
          ]
        ]
      }
    },
    {
      "type": "Feature",
      "properties": {
        "resource_id": "REH-202",
        "label": "ESTÁDIO - trecho 1",
        "name": "ESTÁDIO",
        "section": "1",
        "route_type": "Recom",
        "airspace_class": "D",
        "semi_width_m": 100.0,
        "altitude_min_ft": 3300.0,
        "altitude_max_ft": 3400.0,
        "altitude_compulsory_ft": null,
        "fix_a_name": "Avenida Morumbi",
        "fix_b_name": "Extra Jaguaré",
        "ats": "NULLCONTROLE HELICÓPTERO118.350 MHz",
        "effective_date": "2025-10-02T00:00:00Z",
        "source_identifier": "AIC N32/25",
        "axis_key": "4affd970933f362dcf561dfb505f158f",
        "waypoint_count": 2,
        "area_m2": 1276979.8671875
      },
      "geometry": {
        "type": "MultiPolygon",
        "coordinates": [
          [
            [
              [
                -46.7482,
                -23.5578
              ],
              [
                -46.7475,
                -23.5572
              ],
              [
                -46.7464,
                -23.5574
              ],
              [
                -46.722,
                -23.6014
              ],
              [
                -46.7124,
                -23.6108
              ],
              [
                -46.7128,
                -23.6117
              ],
              [
                -46.7167,
                -23.6091
              ],
              [
                -46.7234,
                -23.6025
              ],
              [
                -46.7482,
                -23.5578
              ]
            ]
          ]
        ]
      }
    },
    {
      "type": "Feature",
      "properties": {
        "resource_id": "REH-203",
        "label": "MORUMBI - trecho 2",
        "name": "MORUMBI",
        "section": "2",
        "route_type": "Recom",
        "airspace_class": "G",
        "semi_width_m": 250.0,
        "altitude_min_ft": 3400.0,
        "altitude_max_ft": 3600.0,
        "altitude_compulsory_ft": null,
        "fix_a_name": "Avenida Morumbi",
        "fix_b_name": "Extra Taboão",
        "ats": "COORDENAÇÃO HELICÓPTERO127.350 MHz",
        "effective_date": "2025-10-02T00:00:00Z",
        "source_identifier": "AIC N32/25",
        "axis_key": "2575b6ad26416337bd2b96fceb5ece7b",
        "waypoint_count": 2,
        "area_m2": 1883535.3203125
      },
      "geometry": {
        "type": "MultiPolygon",
        "coordinates": [
          [
            [
              [
                -46.7489,
                -23.6111
              ],
              [
                -46.7517,
                -23.6086
              ],
              [
                -46.7495,
                -23.6065
              ],
              [
                -46.7167,
                -23.6091
              ],
              [
                -46.7128,
                -23.6117
              ],
              [
                -46.713,
                -23.6139
              ],
              [
                -46.7489,
                -23.6111
              ]
            ]
          ]
        ]
      }
    },
    {
      "type": "Feature",
      "properties": {
        "resource_id": "REH-204",
        "label": "MORUMBI - trecho 1",
        "name": "MORUMBI",
        "section": "1",
        "route_type": "Obrig",
        "airspace_class": "D",
        "semi_width_m": 100.0,
        "altitude_min_ft": 3400.0,
        "altitude_max_ft": 3500.0,
        "altitude_compulsory_ft": null,
        "fix_a_name": "Ponte Estaiada",
        "fix_b_name": "Avenida Morumbi",
        "ats": "CONTROLE HELICÓPTERO118.350 MHz",
        "effective_date": "2025-10-02T00:00:00Z",
        "source_identifier": "AIC N32/25",
        "axis_key": "b94a3b75d1f0a497d94d8064bb7db3a5",
        "waypoint_count": 2,
        "area_m2": 267515.203125
      },
      "geometry": {
        "type": "MultiPolygon",
        "coordinates": [
          [
            [
              [
                -46.7128,
                -23.6126
              ],
              [
                -46.7128,
                -23.6117
              ],
              [
                -46.7124,
                -23.6108
              ],
              [
                -46.7001,
                -23.6118
              ],
              [
                -46.6994,
                -23.6128
              ],
              [
                -46.7006,
                -23.6136
              ],
              [
                -46.7128,
                -23.6126
              ]
            ]
          ]
        ]
      }
    },
    {
      "type": "Feature",
      "properties": {
        "resource_id": "REH-205",
        "label": "PINHEIROS - trecho 3",
        "name": "PINHEIROS",
        "section": "3",
        "route_type": "Obrig",
        "airspace_class": "D",
        "semi_width_m": 100.0,
        "altitude_min_ft": null,
        "altitude_max_ft": null,
        "altitude_compulsory_ft": 3300.0,
        "fix_a_name": "Ponte Estaiada",
        "fix_b_name": "Granja Julieta",
        "ats": "CONTROLE HELICÓPTERO118.350 MHz",
        "effective_date": "2025-10-02T00:00:00Z",
        "source_identifier": "AIC N32/25",
        "axis_key": "e76c59e633a4077102b9d71bb3b6ffc5",
        "waypoint_count": 2,
        "area_m2": 420546.609375
      },
      "geometry": {
        "type": "MultiPolygon",
        "coordinates": [
          [
            [
              [
                -46.7113,
                -23.6276
              ],
              [
                -46.7119,
                -23.6269
              ],
              [
                -46.7126,
                -23.6263
              ],
              [
                -46.7105,
                -23.6239
              ],
              [
                -46.7026,
                -23.6212
              ],
              [
                -46.7006,
                -23.6136
              ],
              [
                -46.6994,
                -23.6128
              ],
              [
                -46.6988,
                -23.6139
              ],
              [
                -46.6988,
                -23.614
              ],
              [
                -46.7012,
                -23.6226
              ],
              [
                -46.7094,
                -23.6255
              ],
              [
                -46.7113,
                -23.6276
              ]
            ]
          ]
        ]
      }
    },
    {
      "type": "Feature",
      "properties": {
        "resource_id": "REH-206",
        "label": "PINHEIROS - trecho 4",
        "name": "PINHEIROS",
        "section": "4",
        "route_type": "Recom",
        "airspace_class": "G",
        "semi_width_m": 250.0,
        "altitude_min_ft": null,
        "altitude_max_ft": null,
        "altitude_compulsory_ft": 3300.0,
        "fix_a_name": "Granja Julieta",
        "fix_b_name": "Empresarial",
        "ats": "COORDENAÇÃO HELICÓPTERO127.350 MHz",
        "effective_date": "2025-10-02T00:00:00Z",
        "source_identifier": "AIC N32/25",
        "axis_key": "c73f62210f22b98c51395cf443928131",
        "waypoint_count": 2,
        "area_m2": 1445809.4296875
      },
      "geometry": {
        "type": "MultiPolygon",
        "coordinates": [
          [
            [
              [
                -46.7215,
                -23.6511
              ],
              [
                -46.7233,
                -23.6525
              ],
              [
                -46.7284,
                -23.6448
              ],
              [
                -46.7278,
                -23.6404
              ],
              [
                -46.7136,
                -23.6254
              ],
              [
                -46.7119,
                -23.6269
              ],
              [
                -46.7103,
                -23.6285
              ],
              [
                -46.7236,
                -23.6425
              ],
              [
                -46.7241,
                -23.6465
              ],
              [
                -46.7215,
                -23.6511
              ]
            ]
          ]
        ]
      }
    },
    {
      "type": "Feature",
      "properties": {
        "resource_id": "REH-207",
        "label": "PINHEIROS - trecho 5",
        "name": "PINHEIROS",
        "section": "5",
        "route_type": "Recom",
        "airspace_class": "G",
        "semi_width_m": 250.0,
        "altitude_min_ft": null,
        "altitude_max_ft": null,
        "altitude_compulsory_ft": 3300.0,
        "fix_a_name": "Empresarial",
        "fix_b_name": "Piratininga",
        "ats": "COORDENAÇÃO HELICÓPTERO127.350 MHz",
        "effective_date": "2025-10-02T00:00:00Z",
        "source_identifier": "AIC N32/25",
        "axis_key": "989288eaae3df8596cd14054dc5f5486",
        "waypoint_count": 2,
        "area_m2": 3642172.234375
      },
      "geometry": {
        "type": "MultiPolygon",
        "coordinates": [
          [
            [
              [
                -46.6738,
                -23.7009
              ],
              [
                -46.6744,
                -23.7031
              ],
              [
                -46.6751,
                -23.7052
              ],
              [
                -46.6896,
                -23.701
              ],
              [
                -46.713,
                -23.6651
              ],
              [
                -46.7214,
                -23.6573
              ],
              [
                -46.7233,
                -23.6525
              ],
              [
                -46.7215,
                -23.6511
              ],
              [
                -46.7095,
                -23.6622
              ],
              [
                -46.6868,
                -23.6972
              ],
              [
                -46.6738,
                -23.7009
              ]
            ]
          ]
        ]
      }
    },
    {
      "type": "Feature",
      "properties": {
        "resource_id": "REH-210",
        "label": "FERNÃO - trecho 2",
        "name": "FERNÃO",
        "section": "2",
        "route_type": "Obrig",
        "airspace_class": "C",
        "semi_width_m": 100.0,
        "altitude_min_ft": null,
        "altitude_max_ft": null,
        "altitude_compulsory_ft": 3100.0,
        "fix_a_name": "Dutra",
        "fix_b_name": "Cemitério Fernão",
        "ats": "TWR-GR (MONITORAMENTO)132.750 MHz",
        "effective_date": "2025-10-02T00:00:00Z",
        "source_identifier": "AIC N32/25",
        "axis_key": "67ff0a2a3d28494d97d6b77cfaba5889",
        "waypoint_count": 2,
        "area_m2": 1203502.5625
      },
      "geometry": {
        "type": "MultiPolygon",
        "coordinates": [
          [
            [
              [
                -46.5698,
                -23.4454
              ],
              [
                -46.5689,
                -23.4456
              ],
              [
                -46.568,
                -23.4457
              ],
              [
                -46.5697,
                -23.4537
              ],
              [
                -46.5708,
                -23.4671
              ],
              [
                -46.5593,
                -23.4739
              ],
              [
                -46.5585,
                -23.4982
              ],
              [
                -46.5594,
                -23.4983
              ],
              [
                -46.5603,
                -23.4984
              ],
              [
                -46.5611,
                -23.4749
              ],
              [
                -46.5726,
                -23.4681
              ],
              [
                -46.5714,
                -23.4534
              ],
              [
                -46.5698,
                -23.4454
              ]
            ]
          ]
        ]
      }
    },
    {
      "type": "Feature",
      "properties": {
        "resource_id": "REH-211",
        "label": "FERNÃO - trecho 4",
        "name": "FERNÃO",
        "section": "4",
        "route_type": "Obrig",
        "airspace_class": "C",
        "semi_width_m": 100.0,
        "altitude_min_ft": 3300.0,
        "altitude_max_ft": 3600.0,
        "altitude_compulsory_ft": null,
        "fix_a_name": "Rodoanel Fernão",
        "fix_b_name": "Trevo Tremembé",
        "ats": "TWR-GR (MONITORAMENTO)132.750 MHz",
        "effective_date": "2025-10-02T00:00:00Z",
        "source_identifier": "AIC N32/25",
        "axis_key": "6e49c9529ced71c5eff713d1b3778410",
        "waypoint_count": 2,
        "area_m2": 387370.1640625
      },
      "geometry": {
        "type": "MultiPolygon",
        "coordinates": [
          [
            [
              [
                -46.5822,
                -23.4099
              ],
              [
                -46.5813,
                -23.4101
              ],
              [
                -46.5804,
                -23.4104
              ],
              [
                -46.5805,
                -23.4134
              ],
              [
                -46.5782,
                -23.4191
              ],
              [
                -46.5721,
                -23.4255
              ],
              [
                -46.5728,
                -23.4261
              ],
              [
                -46.5735,
                -23.4267
              ],
              [
                -46.5797,
                -23.4201
              ],
              [
                -46.5823,
                -23.4138
              ],
              [
                -46.5822,
                -23.4099
              ]
            ]
          ]
        ]
      }
    },
    {
      "type": "Feature",
      "properties": {
        "resource_id": "REH-212",
        "label": "FERNÃO - trecho 5",
        "name": "FERNÃO",
        "section": "5",
        "route_type": "Recom",
        "airspace_class": "G",
        "semi_width_m": 250.0,
        "altitude_min_ft": 4100.0,
        "altitude_max_ft": 4500.0,
        "altitude_compulsory_ft": null,
        "fix_a_name": "Trevo Tremembé",
        "fix_b_name": "Túnel",
        "ats": "NORTE135.675 MHz",
        "effective_date": "2025-10-02T00:00:00Z",
        "source_identifier": "AIC N32/25",
        "axis_key": "3390f47ba1887731d67357afd68f4f79",
        "waypoint_count": 2,
        "area_m2": 3218729.8046875
      },
      "geometry": {
        "type": "MultiPolygon",
        "coordinates": [
          [
            [
              [
                -46.5518,
                -23.3569
              ],
              [
                -46.5492,
                -23.3569
              ],
              [
                -46.5465,
                -23.357
              ],
              [
                -46.5778,
                -23.4059
              ],
              [
                -46.5792,
                -23.4107
              ],
              [
                -46.5813,
                -23.4101
              ],
              [
                -46.5835,
                -23.4095
              ],
              [
                -46.582,
                -23.404
              ],
              [
                -46.5518,
                -23.3569
              ]
            ]
          ]
        ]
      }
    },
    {
      "type": "Feature",
      "properties": {
        "resource_id": "REH-213",
        "label": "JUNDIAÍ - trecho 1",
        "name": "JUNDIAÍ",
        "section": "1",
        "route_type": "Obrig",
        "airspace_class": "D",
        "semi_width_m": 250.0,
        "altitude_min_ft": null,
        "altitude_max_ft": null,
        "altitude_compulsory_ft": 3400.0,
        "fix_a_name": "Trevo Anhanguera Bandeirantes",
        "fix_b_name": "Bahia",
        "ats": "TWR-JD (MONITORAMENTO) 118.750 MHz",
        "effective_date": "2025-10-02T00:00:00Z",
        "source_identifier": "AIC N32/25",
        "axis_key": "0776f7b8700ba82acbd53ec965bde16d",
        "waypoint_count": 2,
        "area_m2": 1388305.84375
      },
      "geometry": {
        "type": "MultiPolygon",
        "coordinates": [
          [
            [
              [
                -46.8664,
                -23.2348
              ],
              [
                -46.8642,
                -23.235
              ],
              [
                -46.8619,
                -23.2352
              ],
              [
                -46.8641,
                -23.2621
              ],
              [
                -46.8664,
                -23.2619
              ],
              [
                -46.8686,
                -23.2618
              ],
              [
                -46.8664,
                -23.2348
              ]
            ]
          ]
        ]
      }
    },
    {
      "type": "Feature",
      "properties": {
        "resource_id": "REH-214",
        "label": "JUNDIAÍ - trecho 2",
        "name": "JUNDIAÍ",
        "section": "2",
        "route_type": "Obrig",
        "airspace_class": "D",
        "semi_width_m": 100.0,
        "altitude_min_ft": null,
        "altitude_max_ft": null,
        "altitude_compulsory_ft": 3100.0,
        "fix_a_name": "Bahia",
        "fix_b_name": "Estação",
        "ats": "TWR-JD (MONITORAMENTO) 118.750 MHz",
        "effective_date": "2025-10-02T00:00:00Z",
        "source_identifier": "AIC N32/25",
        "axis_key": "7b2bd2fc4f0484fe723535da31fe02c4",
        "waypoint_count": 2,
        "area_m2": 847513.640625
      },
      "geometry": {
        "type": "MultiPolygon",
        "coordinates": [
          [
            [
              [
                -46.8731,
                -23.1954
              ],
              [
                -46.8722,
                -23.195
              ],
              [
                -46.8714,
                -23.1946
              ],
              [
                -46.8632,
                -23.2351
              ],
              [
                -46.8642,
                -23.235
              ],
              [
                -46.8651,
                -23.2349
              ],
              [
                -46.8731,
                -23.1954
              ]
            ]
          ]
        ]
      }
    },
    {
      "type": "Feature",
      "properties": {
        "resource_id": "REH-215",
        "label": "JUNDIAÍ - trecho 4",
        "name": "JUNDIAÍ",
        "section": "4",
        "route_type": "Obrig",
        "airspace_class": "D",
        "semi_width_m": 100.0,
        "altitude_min_ft": null,
        "altitude_max_ft": null,
        "altitude_compulsory_ft": 3000.0,
        "fix_a_name": "Assaí Jundiaí",
        "fix_b_name": "Louveira",
        "ats": "TWR-JD (MONITORAMENTO) 118.750 MHz",
        "effective_date": "2025-10-02T00:00:00Z",
        "source_identifier": "AIC N32/25",
        "axis_key": "ecf21586338bea6e98937f00ae1e3887",
        "waypoint_count": 2,
        "area_m2": 2208436.9375
      },
      "geometry": {
        "type": "MultiPolygon",
        "coordinates": [
          [
            [
              [
                -46.9505,
                -23.0901
              ],
              [
                -46.9497,
                -23.09
              ],
              [
                -46.9488,
                -23.0898
              ],
              [
                -46.9477,
                -23.0971
              ],
              [
                -46.9421,
                -23.1008
              ],
              [
                -46.9421,
                -23.1074
              ],
              [
                -46.9397,
                -23.1156
              ],
              [
                -46.9324,
                -23.1237
              ],
              [
                -46.9292,
                -23.1235
              ],
              [
                -46.9273,
                -23.1247
              ],
              [
                -46.9221,
                -23.1305
              ],
              [
                -46.9213,
                -23.135
              ],
              [
                -46.9144,
                -23.1418
              ],
              [
                -46.9141,
                -23.1476
              ],
              [
                -46.9079,
                -23.1624
              ],
              [
                -46.8931,
                -23.1737
              ],
              [
                -46.8936,
                -23.1744
              ],
              [
                -46.8941,
                -23.1752
              ],
              [
                -46.9094,
                -23.1635
              ],
              [
                -46.9159,
                -23.148
              ],
              [
                -46.9161,
                -23.1426
              ],
              [
                -46.923,
                -23.1358
              ],
              [
                -46.9238,
                -23.1313
              ],
              [
                -46.9285,
                -23.1261
              ],
              [
                -46.9297,
                -23.1253
              ],
              [
                -46.9331,
                -23.1255
              ],
              [
                -46.9413,
                -23.1165
              ],
              [
                -46.9439,
                -23.1076
              ],
              [
                -46.9439,
                -23.1017
              ],
              [
                -46.9493,
                -23.0981
              ],
              [
                -46.9505,
                -23.0901
              ]
            ]
          ]
        ]
      }
    },
    {
      "type": "Feature",
      "properties": {
        "resource_id": "REH-216",
        "label": "JUNDIAÍ - trecho 5",
        "name": "JUNDIAÍ",
        "section": "5",
        "route_type": "Obrig",
        "airspace_class": "D",
        "semi_width_m": 250.0,
        "altitude_min_ft": null,
        "altitude_max_ft": null,
        "altitude_compulsory_ft": 3000.0,
        "fix_a_name": "Louveira",
        "fix_b_name": "Rotatória Louveira",
        "ats": "TWR-JD (MONITORAMENTO) 118.750 MHz",
        "effective_date": "2025-10-02T00:00:00Z",
        "source_identifier": "AIC N32/25",
        "axis_key": "7a7cbc46aa2d641825836fec53693375",
        "waypoint_count": 2,
        "area_m2": 2384546.546875
      },
      "geometry": {
        "type": "MultiPolygon",
        "coordinates": [
          [
            [
              [
                -46.9652,
                -23.0518
              ],
              [
                -46.9622,
                -23.0508
              ],
              [
                -46.9592,
                -23.0498
              ],
              [
                -46.9514,
                -23.0538
              ],
              [
                -46.9466,
                -23.063
              ],
              [
                -46.9502,
                -23.0763
              ],
              [
                -46.9474,
                -23.0895
              ],
              [
                -46.9497,
                -23.09
              ],
              [
                -46.9519,
                -23.0904
              ],
              [
                -46.9548,
                -23.0761
              ],
              [
                -46.9514,
                -23.0635
              ],
              [
                -46.9547,
                -23.0571
              ],
              [
                -46.9652,
                -23.0518
              ]
            ]
          ]
        ]
      }
    },
    {
      "type": "Feature",
      "properties": {
        "resource_id": "REH-217",
        "label": "RAPOSO - trecho 8",
        "name": "RAPOSO",
        "section": "8",
        "route_type": "Obrig",
        "airspace_class": "G",
        "semi_width_m": 250.0,
        "altitude_min_ft": null,
        "altitude_max_ft": null,
        "altitude_compulsory_ft": 3600.0,
        "fix_a_name": "São Roque",
        "fix_b_name": "Mailasqui",
        "ats": "FCA NORTE 135.675 MHz",
        "effective_date": "2025-10-02T00:00:00Z",
        "source_identifier": "AIC N32/25",
        "axis_key": "15fc52750bc5da5e95e9229c84c22c11",
        "waypoint_count": 2,
        "area_m2": 3627782.4375
      },
      "geometry": {
        "type": "MultiPolygon",
        "coordinates": [
          [
            [
              [
                -47.0707,
                -23.5653
              ],
              [
                -47.0722,
                -23.5669
              ],
              [
                -47.0737,
                -23.5686
              ],
              [
                -47.0881,
                -23.5566
              ],
              [
                -47.1137,
                -23.5588
              ],
              [
                -47.1374,
                -23.5446
              ],
              [
                -47.1361,
                -23.5428
              ],
              [
                -47.1348,
                -23.5409
              ],
              [
                -47.1127,
                -23.5542
              ],
              [
                -47.0866,
                -23.552
              ],
              [
                -47.0762,
                -23.5607
              ],
              [
                -47.0722,
                -23.5669
              ],
              [
                -47.0729,
                -23.5635
              ],
              [
                -47.0707,
                -23.5653
              ]
            ]
          ]
        ]
      }
    }
  ]
}