{
  "type": "FeatureCollection",
  "properties": {
    "planned_instance_count": 325,
    "conformity_tolerance_m": 250.0
  },
  "features": [
    {
      "type": "Feature",
      "properties": {
        "id": "PSHAH_003",
        "flight_instance": "PSHAH_003#0",
        "start_time": "12:58:40.00",
        "scenario": "produto2_C1_2025-11-09_off.scn",
        "waypoint_count": 9,
        "planned_flight_instance": "PSHAH_003#0",
        "planned_start_time": "12:58:40.00",
        "vehicle_type": "helicoptero",
        "aircraft_model": "EC45",
        "start_time_delta_s": 0.0,
        "spatial_adherence_pct": 40.56603773584906,
        "planned_line_adherence_pct": 100.0,
        "adherence_reference": "official_reh_polygons",
        "mean_deviation_m": 28.63118542387475,
        "p95_deviation_m": 72.64501949432385,
        "max_deviation_m": 105.26053373852135,
        "planned_distance_m": 16719.86628293206,
        "executed_distance_m": 16234.88662717,
        "additional_distance_m": -484.97965576205934,
        "trajectory_conformity_ratio": -0.02900619224790902,
        "planned_horizontal_inefficiency_ratio": 0.3393344921343302,
        "executed_horizontal_inefficiency_ratio": 0.30048549837122623,
        "executed_samples": 318
      },
      "geometry": {
        "type": "LineString",
        "coordinates": [
          [
            -46.682278,
            -23.591167
          ],
          [
            -46.692469,
            -23.585256
          ],
          [
            -46.699921,
            -23.612668
          ],
          [
            -46.702161,
            -23.620571
          ],
          [
            -46.71228,
            -23.626616
          ],
          [
            -46.726108,
            -23.640325
          ],
          [
            -46.724402,
            -23.653053
          ],
          [
            -46.690012,
            -23.699694
          ],
          [
            -46.6925,
            -23.703056
          ]
        ]
      }
    },
    {
      "type": "Feature",
      "properties": {
        "id": "EC1_0105",
        "flight_instance": "EC1_0105#0",
        "start_time": "12:59:00.00",
        "scenario": "produto2_C1_2025-11-09_off.scn",
        "waypoint_count": 6,
        "planned_flight_instance": "EC1_0105#0",
        "planned_start_time": "12:59:00.00",
        "vehicle_type": "eVTOL",
        "aircraft_model": "EVTOL",
        "start_time_delta_s": 0.0,
        "spatial_adherence_pct": 74.6506986027944,
        "planned_line_adherence_pct": 98.80239520958084,
        "adherence_reference": "official_reh_polygons",
        "mean_deviation_m": 30.51651248890344,
        "p95_deviation_m": 196.3457206798308,
        "max_deviation_m": 265.7757063474017,
        "planned_distance_m": 16002.050913081306,
        "executed_distance_m": 15031.11152739,
        "additional_distance_m": -970.9393856913066,
        "trajectory_conformity_ratio": -0.06067593403902909,
        "planned_horizontal_inefficiency_ratio": 0.7610798612153218,
        "executed_horizontal_inefficiency_ratio": 0.6542246957187584,
        "executed_samples": 501
      },
      "geometry": {
        "type": "LineString",
        "coordinates": [
          [
            -46.830278,
            -23.564722
          ],
          [
            -46.818827,
            -23.564191
          ],
          [
            -46.815687,
            -23.514407
          ],
          [
            -46.821181,
            -23.50778
          ],
          [
            -46.875972,
            -23.504073
          ],
          [
            -46.856667,
            -23.486667
          ]
        ]
      }
    },
    {
      "type": "Feature",
      "properties": {
        "id": "EC1_0002",
        "flight_instance": "EC1_0002#0",
        "start_time": "13:00:00.00",
        "scenario": "produto2_C1_2025-11-09_off.scn",
        "waypoint_count": 19,
        "planned_flight_instance": "EC1_0002#0",
        "planned_start_time": "13:00:00.00",
        "vehicle_type": "eVTOL",
        "aircraft_model": "EVTOL",
        "start_time_delta_s": 0.0,
        "spatial_adherence_pct": 65.75492341356673,
        "planned_line_adherence_pct": 100.0,
        "adherence_reference": "official_reh_polygons",
        "mean_deviation_m": 23.972768205009228,
        "p95_deviation_m": 131.82999984291865,
        "max_deviation_m": 221.99223783147434,
        "planned_distance_m": 32680.92519170369,
        "executed_distance_m": 31627.69096777,
        "additional_distance_m": -1053.2342239336904,
        "trajectory_conformity_ratio": -0.0322277970331471,
        "planned_horizontal_inefficiency_ratio": 0.4714471972258208,
        "executed_horizontal_inefficiency_ratio": 0.42402569560863385,
        "executed_samples": 914
      },
      "geometry": {
        "type": "LineString",
        "coordinates": [
          [
            -46.856667,
            -23.486667
          ],
          [
            -46.877361,
            -23.505927
          ],
          [
            -46.821551,
            -23.510004
          ],
          [
            -46.79638,
            -23.515916
          ],
          [
            -46.781822,
            -23.521939
          ],
          [
            -46.750181,
            -23.527233
          ],
          [
            -46.742985,
            -23.519104
          ],
          [
            -46.72605,
            -23.515568
          ],
          [
            -46.709753,
            -23.517655
          ],
          [
            -46.6993,
            -23.520942
          ],
          [
            -46.692524,
            -23.522632
          ],
          [
            -46.682954,
            -23.523674
          ],
          [
            -46.676805,
            -23.5247
          ],
          [
            -46.671322,
            -23.524683
          ],
          [
            -46.679805,
            -23.552694
          ],
          [
            -46.682234,
            -23.556732
          ],
          [
            -46.679272,
            -23.562561
          ],
          [
            -46.670249,
            -23.572148
          ],
          [
            -46.655,
            -23.562222
          ]
        ]
      }
    },
    {
      "type": "Feature",
      "properties": {
        "id": "PRMKM_002",
        "flight_instance": "PRMKM_002#0",
        "start_time": "13:01:17.00",
        "scenario": "produto2_C1_2025-11-09_off.scn",
        "waypoint_count": 19,
        "planned_flight_instance": "PRMKM_002#0",
        "planned_start_time": "13:01:17.00",
        "vehicle_type": "helicoptero",
        "aircraft_model": "B429",
        "start_time_delta_s": 0.0,
        "spatial_adherence_pct": 52.112676056338024,
        "planned_line_adherence_pct": 79.34272300469483,
        "adherence_reference": "official_reh_polygons",
        "mean_deviation_m": 121.82425933284229,
        "p95_deviation_m": 480.7824415374656,
        "max_deviation_m": 595.5749687307224,
        "planned_distance_m": 40793.17803055871,
        "executed_distance_m": 38313.80422382,
        "additional_distance_m": -2479.3738067387094,
        "trajectory_conformity_ratio": -0.060779128433714524,
        "planned_horizontal_inefficiency_ratio": 1.5679991695436262,
        "executed_horizontal_inefficiency_ratio": 1.411918418200262,
        "executed_samples": 639
      },
      "geometry": {
        "type": "LineString",
        "coordinates": [
          [
            -46.655833,
            -23.564167
          ],
          [
            -46.67074,
            -23.571658
          ],
          [
            -46.65796,
            -23.582248
          ],
          [
            -46.650833,
            -23.592117
          ],
          [
            -46.638016,
            -23.582288
          ],
          [
            -46.627682,
            -23.57518
          ],
          [
            -46.614564,
            -23.55844
          ],
          [
            -46.612201,
            -23.553621
          ],
          [
            -46.605043,
            -23.567604
          ],
          [
            -46.599279,
            -23.586761
          ],
          [
            -46.601779,
            -23.603514
          ],
          [
            -46.60251,
            -23.620927
          ],
          [
            -46.59658,
            -23.636235
          ],
          [
            -46.584352,
            -23.646914
          ],
          [
            -46.573805,
            -23.665984
          ],
          [
            -46.60796,
            -23.721804
          ],
          [
            -46.674299,
            -23.702626
          ],
          [
            -46.68894,
            -23.698021
          ],
          [
            -46.6925,
            -23.703056
          ]
        ]
      }
    },
    {
      "type": "Feature",
      "properties": {
        "id": "PROMH_001",
        "flight_instance": "PROMH_001#0",
        "start_time": "13:03:01.00",
        "scenario": "produto2_C1_2025-11-09_off.scn",
        "waypoint_count": 8,
        "planned_flight_instance": "PROMH_001#0",
        "planned_start_time": "13:03:01.00",
        "vehicle_type": "helicoptero",
        "aircraft_model": "EC55",
        "start_time_delta_s": 0.0,
        "spatial_adherence_pct": 51.38121546961326,
        "planned_line_adherence_pct": 100.0,
        "adherence_reference": "official_reh_polygons",
        "mean_deviation_m": 62.40261873164037,
        "p95_deviation_m": 153.91387794645894,
        "max_deviation_m": 166.53888349477702,
        "planned_distance_m": 13575.24573719586,
        "executed_distance_m": 13168.96883642,
        "additional_distance_m": -406.2769007758616,
        "trajectory_conformity_ratio": -0.029927775057704643,
        "planned_horizontal_inefficiency_ratio": 0.2043825290953925,
        "executed_horizontal_inefficiency_ratio": 0.16833803968119618,
        "executed_samples": 181
      },
      "geometry": {
        "type": "LineString",
        "coordinates": [
          [
            -46.699167,
            -23.601667
          ],
          [
            -46.699932,
            -23.612722
          ],
          [
            -46.702161,
            -23.620571
          ],
          [
            -46.71228,
            -23.626616
          ],
          [
            -46.726108,
            -23.640325
          ],
          [
            -46.724402,
            -23.653053
          ],
          [
            -46.690012,
            -23.699694
          ],
          [
            -46.6925,
            -23.703056
          ]
        ]
      }
    },
    {
      "type": "Feature",
      "properties": {
        "id": "PSBOS_001",
        "flight_instance": "PSBOS_001#0",
        "start_time": "13:04:41.00",
        "scenario": "produto2_C1_2025-11-09_off.scn",
        "waypoint_count": 18,
        "planned_flight_instance": "PSBOS_001#0",
        "planned_start_time": "13:04:41.00",
        "vehicle_type": "helicoptero",
        "aircraft_model": "AS50",
        "start_time_delta_s": 0.0,
        "spatial_adherence_pct": 60.0896860986547,
        "planned_line_adherence_pct": 87.78026905829597,
        "adherence_reference": "official_reh_polygons",
        "mean_deviation_m": 80.73660006276116,
        "p95_deviation_m": 432.89674824878693,
        "max_deviation_m": 610.1899771307502,
        "planned_distance_m": 53682.36237286706,
        "executed_distance_m": 51313.03116195,
        "additional_distance_m": -2369.3312109170583,
        "trajectory_conformity_ratio": -0.04413612043486747,
        "planned_horizontal_inefficiency_ratio": 0.4429229121274641,
        "executed_horizontal_inefficiency_ratio": 0.37923789269957664,
        "executed_samples": 892
      },
      "geometry": {
        "type": "LineString",
        "coordinates": [
          [
            -46.473056,
            -23.435556
          ],
          [
            -46.470057,
            -23.479504
          ],
          [
            -46.542513,
            -23.501225
          ],
          [
            -46.559266,
            -23.522325
          ],
          [
            -46.576553,
            -23.537839
          ],
          [
            -46.617706,
            -23.542855
          ],
          [
            -46.612476,
            -23.5533
          ],
          [
            -46.605043,
            -23.567604
          ],
          [
            -46.599279,
            -23.586761
          ],
          [
            -46.601779,
            -23.603514
          ],
          [
            -46.60251,
            -23.620927
          ],
          [
            -46.59658,
            -23.636235
          ],
          [
            -46.584352,
            -23.646914
          ],
          [
            -46.573805,
            -23.665984
          ],
          [
            -46.60796,
            -23.721804
          ],
          [
            -46.674299,
            -23.702626
          ],
          [
            -46.68894,
            -23.698021
          ],
          [
            -46.6925,
            -23.703056
          ]
        ]
      }
    },
    {
      "type": "Feature",
      "properties": {
        "id": "PROOE_002",
        "flight_instance": "PROOE_002#0",
        "start_time": "13:05:57.00",
        "scenario": "produto2_C1_2025-11-09_off.scn",
        "waypoint_count": 9,
        "planned_flight_instance": "PROOE_002#0",
        "planned_start_time": "13:05:57.00",
        "vehicle_type": "helicoptero",
        "aircraft_model": "EC35",
        "start_time_delta_s": 0.0,
        "spatial_adherence_pct": 40.38461538461539,
        "planned_line_adherence_pct": 100.0,
        "adherence_reference": "official_reh_polygons",
        "mean_deviation_m": 30.002988142078877,
        "p95_deviation_m": 75.97858426223168,
        "max_deviation_m": 108.28165787256648,
        "planned_distance_m": 16719.86628293206,
        "executed_distance_m": 16219.0150518,
        "additional_distance_m": -500.851231132061,
        "trajectory_conformity_ratio": -0.02995545673970724,
        "planned_horizontal_inefficiency_ratio": 0.3395754661339986,
        "executed_horizontal_inefficiency_ratio": 0.2994478712086484,
        "executed_samples": 312
      },
      "geometry": {
        "type": "LineString",
        "coordinates": [
          [
            -46.682278,
            -23.591167
          ],
          [
            -46.692469,
            -23.585256
          ],
          [
            -46.699921,
            -23.612668
          ],
          [
            -46.702161,
            -23.620571
          ],
          [
            -46.71228,
            -23.626616
          ],
          [
            -46.726108,
            -23.640325
          ],
          [
            -46.724402,
            -23.653053
          ],
          [
            -46.690012,
            -23.699694
          ],
          [
            -46.6925,
            -23.703056
          ]
        ]
      }
    },
    {
      "type": "Feature",
      "properties": {
        "id": "PTEGB_003",
        "flight_instance": "PTEGB_003#0",
        "start_time": "13:06:41.00",
        "scenario": "produto2_C1_2025-11-09_off.scn",
        "waypoint_count": 22,
        "planned_flight_instance": "PTEGB_003#0",
        "planned_start_time": "13:06:41.00",
        "vehicle_type": "helicoptero",
        "aircraft_model": "EC45",
        "start_time_delta_s": 0.0,
        "spatial_adherence_pct": 69.57831325301204,
        "planned_line_adherence_pct": 97.43975903614458,
        "adherence_reference": "official_reh_polygons",
        "mean_deviation_m": 35.40682953370918,
        "p95_deviation_m": 153.4173959984083,
        "max_deviation_m": 414.56924403475375,
        "planned_distance_m": 38530.748728750106,
        "executed_distance_m": 37062.94491823,
        "additional_distance_m": -1467.803810520105,
        "trajectory_conformity_ratio": -0.03809434955061977,
        "planned_horizontal_inefficiency_ratio": 1.26232043662179,
        "executed_horizontal_inefficiency_ratio": 1.1761388111136086,
        "executed_samples": 664
      },
      "geometry": {
        "type": "LineString",
        "coordinates": [
          [
            -46.661667,
            -23.5525
          ],
          [
            -46.678867,
            -23.552698
          ],
          [
            -46.670344,
            -23.524761
          ],
          [
            -46.67633,
            -23.522493
          ],
          [
            -46.682605,
            -23.521447
          ],
          [
            -46.692085,
            -23.520419
          ],
          [
            -46.698562,
            -23.518796
          ],
          [
            -46.709231,
            -23.515456
          ],
          [
            -46.726172,
            -23.513321
          ],
          [
            -46.744128,
            -23.517113
          ],
          [
            -46.751433,
            -23.525731
          ],
          [
            -46.755767,
            -23.548092
          ],
          [
            -46.747931,
            -23.557437
          ],
          [
            -46.723564,
            -23.602377
          ],
          [
            -46.712994,
            -23.612071
          ],
          [
            -46.699775,
            -23.61311
          ],
          [
            -46.702161,
            -23.620571
          ],
          [
            -46.71228,
            -23.626616
          ],
          [
            -46.726108,
            -23.640325
          ],
          [
            -46.724402,
            -23.653053
          ],
          [
            -46.690012,
            -23.699694
          ],
          [
            -46.6925,
            -23.703056
          ]
        ]
      }
    },
    {
      "type": "Feature",
      "properties": {
        "id": "EC1_0103",
        "flight_instance": "EC1_0103#0",
        "start_time": "13:07:00.00",
        "scenario": "produto2_C1_2025-11-09_off.scn",
        "waypoint_count": 29,
        "planned_flight_instance": "EC1_0103#0",
        "planned_start_time": "13:07:00.00",
        "vehicle_type": "eVTOL",
        "aircraft_model": "EVTOL",
        "start_time_delta_s": 0.0,
        "spatial_adherence_pct": 79.90867579908677,
        "planned_line_adherence_pct": 100.0,
        "adherence_reference": "official_reh_polygons",
        "mean_deviation_m": 23.2161133723392,
        "p95_deviation_m": 139.46790318660493,
        "max_deviation_m": 192.66641353257359,
        "planned_distance_m": 43281.09896913377,
        "executed_distance_m": 42832.10100293,
        "additional_distance_m": -448.9979662037658,
        "trajectory_conformity_ratio": -0.010373996430265599,
        "planned_horizontal_inefficiency_ratio": 0.36164416392612203,
        "executed_horizontal_inefficiency_ratio": 0.34751847223026044,
        "executed_samples": 1095
      },
      "geometry": {
        "type": "LineString",
        "coordinates": [
          [
            -46.781111,
            -23.478611
          ],
          [
            -46.776754,
            -23.472388
          ],
          [
            -46.771369,
            -23.476155
          ],
          [
            -46.770638,
            -23.485813
          ],
          [
            -46.766936,
            -23.492656
          ],
          [
            -46.7597,
            -23.494855
          ],
          [
            -46.756253,
            -23.498105
          ],
          [
            -46.753944,
            -23.505863
          ],
          [
            -46.744374,
            -23.508658
          ],
          [
            -46.732639,
            -23.509208
          ],
          [
            -46.72657,
            -23.515488
          ],
          [
            -46.709753,
            -23.517655
          ],
          [
            -46.6993,
            -23.520942
          ],
          [
            -46.692524,
            -23.522632
          ],
          [
            -46.682954,
            -23.523674
          ],
          [
            -46.676805,
            -23.5247
          ],
          [
            -46.670916,
            -23.525166
          ],
          [
            -46.659889,
            -23.526661
          ],
          [
            -46.651967,
            -23.528726
          ],
          [
            -46.645624,
            -23.528465
          ],
          [
            -46.643156,
            -23.529869
          ],
          [
            -46.640193,
            -23.533856
          ],
          [
            -46.635497,
            -23.53568
          ],
          [
            -46.617304,
            -23.545011
          ],
          [
            -46.575669,
            -23.539938
          ],
          [
            -46.557401,
            -23.523786
          ],
          [
            -46.541376,
            -23.503219
          ],
          [
            -46.468276,
            -23.481052
          ],
          [
            -46.473056,
            -23.435556
          ]
        ]
      }
    },
    {
      "type": "Feature",
      "properties": {
        "id": "EC1_0008",
        "flight_instance": "EC1_0008#0",
        "start_time": "13:10:00.00",
        "scenario": "produto2_C1_2025-11-09_off.scn",
        "waypoint_count": 12,
        "planned_flight_instance": "EC1_0008#0",
        "planned_start_time": "13:10:00.00",
        "vehicle_type": "eVTOL",
        "aircraft_model": "EVTOL",
        "start_time_delta_s": 0.0,
        "spatial_adherence_pct": 71.13259668508287,
        "planned_line_adherence_pct": 100.0,
        "adherence_reference": "official_reh_polygons",
        "mean_deviation_m": 7.173604101707715,
        "p95_deviation_m": 21.506873318233286,
        "max_deviation_m": 106.05061295217199,
        "planned_distance_m": 26310.7491327017,
        "executed_distance_m": 25916.13802414,
        "additional_distance_m": -394.61110856170126,
        "trajectory_conformity_ratio": -0.014998094754787429,
        "planned_horizontal_inefficiency_ratio": 0.2556920998879288,
        "executed_horizontal_inefficiency_ratio": 0.23685911079097163,
        "executed_samples": 724
      },
      "geometry": {
        "type": "LineString",
        "coordinates": [
          [
            -46.856667,
            -23.486667
          ],
          [
            -46.877361,
            -23.505927
          ],
          [
            -46.821551,
            -23.510004
          ],
          [
            -46.79638,
            -23.515916
          ],
          [
            -46.781822,
            -23.521939
          ],
          [
            -46.75076,
            -23.527145
          ],
          [
            -46.748854,
            -23.534709
          ],
          [
            -46.735007,
            -23.5462
          ],
          [
            -46.706979,
            -23.561333
          ],
          [
            -46.7012,
            -23.571137
          ],
          [
            -46.692476,
            -23.585777
          ],
          [
            -46.685556,
            -23.591111
          ]
        ]
      }
    },
    {
      "type": "Feature",
      "properties": {
        "id": "PSEII_001",
        "flight_instance": "PSEII_001#0",
        "start_time": "13:11:28.00",
        "scenario": "produto2_C1_2025-11-09_off.scn",
        "waypoint_count": 9,
        "planned_flight_instance": "PSEII_001#0",
        "planned_start_time": "13:11:28.00",
        "vehicle_type": "helicoptero",
        "aircraft_model": "AS50",
        "start_time_delta_s": 0.0,
        "spatial_adherence_pct": 41.66666666666667,
        "planned_line_adherence_pct": 100.0,
        "adherence_reference": "official_reh_polygons",
        "mean_deviation_m": 47.07555329692358,
        "p95_deviation_m": 111.70759685824513,
        "max_deviation_m": 204.22985697752685,
        "planned_distance_m": 16960.50876809473,
        "executed_distance_m": 15930.05356532,
        "additional_distance_m": -1030.4552027747286,
        "trajectory_conformity_ratio": -0.06075614929153364,
        "planned_horizontal_inefficiency_ratio": 0.4187377073548075,
        "executed_horizontal_inefficiency_ratio": 0.3325406674012306,
        "executed_samples": 264
      },
      "geometry": {
        "type": "LineString",
        "coordinates": [
          [
            -46.683889,
            -23.595833
          ],
          [
            -46.692448,
            -23.585231
          ],
          [
            -46.699921,
            -23.612668
          ],
          [
            -46.702161,
            -23.620571
          ],
          [
            -46.71228,
            -23.626616
          ],
          [
            -46.726108,
            -23.640325
          ],
          [
            -46.724402,
            -23.653053
          ],
          [
            -46.690012,
            -23.699694
          ],
          [
            -46.6925,
            -23.703056
          ]
        ]
      }
    },
    {
      "type": "Feature",
      "properties": {
        "id": "EC1_0084",
        "flight_instance": "EC1_0084#0",
        "start_time": "13:13:00.00",
        "scenario": "produto2_C1_2025-11-09_off.scn",
        "waypoint_count": 7,
        "planned_flight_instance": "EC1_0084#0",
        "planned_start_time": "13:13:00.00",
        "vehicle_type": "eVTOL",
        "aircraft_model": "EVTOL",
        "start_time_delta_s": 0.0,
        "spatial_adherence_pct": 47.63406940063091,
        "planned_line_adherence_pct": 100.0,
        "adherence_reference": "official_reh_polygons",
        "mean_deviation_m": 19.80137028866775,
        "p95_deviation_m": 96.90198413515179,
        "max_deviation_m": 143.46250325179614,
        "planned_distance_m": 9746.994556181202,
        "executed_distance_m": 9302.38025204,
        "additional_distance_m": -444.6143041412015,
        "trajectory_conformity_ratio": -0.04561552810750702,
        "planned_horizontal_inefficiency_ratio": 0.9905494341809077,
        "executed_horizontal_inefficiency_ratio": 0.8997494705166463,
        "executed_samples": 317
      },
      "geometry": {
        "type": "LineString",
        "coordinates": [
          [
            -46.685556,
            -23.591111
          ],
          [
            -46.692495,
            -23.585293
          ],
          [
            -46.699932,
            -23.612832
          ],
          [
            -46.688349,
            -23.615738
          ],
          [
            -46.678516,
            -23.62337
          ],
          [
            -46.669241,
            -23.634056
          ],
          [
            -46.656389,
            -23.626111
          ]
        ]
      }
    },
    {
      "type": "Feature",
      "properties": {
        "id": "EC1_0108",
        "flight_instance": "EC1_0108#0",
        "start_time": "13:15:00.00",
        "scenario": "produto2_C1_2025-11-09_off.scn",
        "waypoint_count": 6,
        "planned_flight_instance": "EC1_0108#0",
        "planned_start_time": "13:15:00.00",
        "vehicle_type": "eVTOL",
        "aircraft_model": "EVTOL",
        "start_time_delta_s": 0.0,
        "spatial_adherence_pct": 74.6506986027944,
        "planned_line_adherence_pct": 98.80239520958084,
        "adherence_reference": "official_reh_polygons",
        "mean_deviation_m": 30.51651248890344,
        "p95_deviation_m": 196.3457206798308,
        "max_deviation_m": 265.7757063474017,
        "planned_distance_m": 16002.050913081306,
        "executed_distance_m": 15031.11152739,
        "additional_distance_m": -970.9393856913066,
        "trajectory_conformity_ratio": -0.06067593403902909,
        "planned_horizontal_inefficiency_ratio": 0.7610798612153218,
        "executed_horizontal_inefficiency_ratio": 0.6542246957187584,
        "executed_samples": 501
      },
      "geometry": {
        "type": "LineString",
        "coordinates": [
          [
            -46.830278,
            -23.564722
          ],
          [
            -46.818827,
            -23.564191
          ],
          [
            -46.815687,
            -23.514407
          ],
          [
            -46.821181,
            -23.50778
          ],
          [
            -46.875972,
            -23.504073
          ],
          [
            -46.856667,
            -23.486667
          ]
        ]
      }
    },
    {
      "type": "Feature",
      "properties": {
        "id": "PSHAH_004",
        "flight_instance": "PSHAH_004#0",
        "start_time": "13:16:33.00",
        "scenario": "produto2_C1_2025-11-09_off.scn",
        "waypoint_count": 19,
        "planned_flight_instance": "PSHAH_004#0",
        "planned_start_time": "13:16:33.00",
        "vehicle_type": "helicoptero",
        "aircraft_model": "EC45",
        "start_time_delta_s": 0.0,
        "spatial_adherence_pct": 60.16150740242261,
        "planned_line_adherence_pct": 88.02153432032301,
        "adherence_reference": "official_reh_polygons",
        "mean_deviation_m": 82.67192815840652,
        "p95_deviation_m": 338.38739868675515,
        "max_deviation_m": 426.41037664013595,
        "planned_distance_m": 40426.95659154687,
        "executed_distance_m": 38358.69902689,
        "additional_distance_m": -2068.257564656873,
        "trajectory_conformity_ratio": -0.05116035781653022,
        "planned_horizontal_inefficiency_ratio": 2.032651865123662,
        "executed_horizontal_inefficiency_ratio": 1.8775003105709676,
        "executed_samples": 743
      },
      "geometry": {
        "type": "LineString",
        "coordinates": [
          [
            -46.675556,
            -23.584167
          ],
          [
            -46.670186,
            -23.572144
          ],
          [
            -46.65796,
            -23.582248
          ],
          [
            -46.650833,
            -23.592117
          ],
          [
            -46.638016,
            -23.582288
          ],
          [
            -46.627682,
            -23.57518
          ],
          [
            -46.614564,
            -23.55844
          ],
          [
            -46.612201,
            -23.553621
          ],
          [
            -46.605043,
            -23.567604
          ],
          [
            -46.599279,
            -23.586761
          ],
          [
            -46.601779,
            -23.603514
          ],
          [
            -46.60251,
            -23.620927
          ],
          [
            -46.59658,
            -23.636235
          ],
          [
            -46.584352,
            -23.646914
          ],
          [
            -46.573805,
            -23.665984
          ],
          [
            -46.60796,
            -23.721804
          ],
          [
            -46.674299,
            -23.702626
          ],
          [
            -46.68894,
            -23.698021
          ],
          [
            -46.6925,
            -23.703056
          ]
        ]
      }
    },
    {
      "type": "Feature",
      "properties": {
        "id": "EC1_0047",
        "flight_instance": "EC1_0047#0",
        "start_time": "13:17:00.00",
        "scenario": "produto2_C1_2025-11-09_off.scn",
        "waypoint_count": 20,
        "planned_flight_instance": "EC1_0047#0",
        "planned_start_time": "13:17:00.00",
        "vehicle_type": "eVTOL",
        "aircraft_model": "EVTOL",
        "start_time_delta_s": 0.0,
        "spatial_adherence_pct": 83.79814077025233,
        "planned_line_adherence_pct": 99.20318725099602,
        "adherence_reference": "official_reh_polygons",
        "mean_deviation_m": 23.551924883898913,
        "p95_deviation_m": 85.60386276813107,
        "max_deviation_m": 303.9705901262604,
        "planned_distance_m": 31133.764453844986,
        "executed_distance_m": 29711.93271478,
        "additional_distance_m": -1421.8317390649863,
        "trajectory_conformity_ratio": -0.04566848127770786,
        "planned_horizontal_inefficiency_ratio": 0.7426603872933871,
        "executed_horizontal_inefficiency_ratio": 0.6630757340228759,
        "executed_samples": 753
      },
      "geometry": {
        "type": "LineString",
        "coordinates": [
          [
            -46.655,
            -23.562222
          ],
          [
            -46.670253,
            -23.571249
          ],
          [
            -46.678469,
            -23.562044
          ],
          [
            -46.681254,
            -23.556691
          ],
          [
            -46.678868,
            -23.552963
          ],
          [
            -46.670344,
            -23.524761
          ],
          [
            -46.67633,
            -23.522493
          ],
          [
            -46.682605,
            -23.521447
          ],
          [
            -46.692085,
            -23.520419
          ],
          [
            -46.698562,
            -23.518796
          ],
          [
            -46.709231,
            -23.515456
          ],
          [
            -46.726172,
            -23.513321
          ],
          [
            -46.744128,
            -23.517113
          ],
          [
            -46.750374,
            -23.52499
          ],
          [
            -46.781185,
            -23.519766
          ],
          [
            -46.795617,
            -23.513778
          ],
          [
            -46.821362,
            -23.507764
          ],
          [
            -46.81814,
            -23.514459
          ],
          [
            -46.821212,
            -23.563658
          ],
          [
            -46.830278,
            -23.564722
          ]
        ]
      }
    },
    {
      "type": "Feature",
      "properties": {
        "id": "EC1_0107",
        "flight_instance": "EC1_0107#0",
        "start_time": "13:19:00.00",
        "scenario": "produto2_C1_2025-11-09_off.scn",
        "waypoint_count": 6,
        "planned_flight_instance": "EC1_0107#0",
        "planned_start_time": "13:19:00.00",
        "vehicle_type": "eVTOL",
        "aircraft_model": "EVTOL",
        "start_time_delta_s": 0.0,
        "spatial_adherence_pct": 74.6506986027944,
        "planned_line_adherence_pct": 98.80239520958084,
        "adherence_reference": "official_reh_polygons",
        "mean_deviation_m": 30.51651248890344,
        "p95_deviation_m": 196.3457206798308,
        "max_deviation_m": 265.7757063474017,
        "planned_distance_m": 16002.050913081306,
        "executed_distance_m": 15031.11152739,
        "additional_distance_m": -970.9393856913066,
        "trajectory_conformity_ratio": -0.06067593403902909,
        "planned_horizontal_inefficiency_ratio": 0.7610798612153218,
        "executed_horizontal_inefficiency_ratio": 0.6542246957187584,
        "executed_samples": 501
      },
      "geometry": {
        "type": "LineString",
        "coordinates": [
          [
            -46.830278,
            -23.564722
          ],
          [
            -46.818827,
            -23.564191
          ],
          [
            -46.815687,
            -23.514407
          ],
          [
            -46.821181,
            -23.50778
          ],
          [
            -46.875972,
            -23.504073
          ],
          [
            -46.856667,
            -23.486667
          ]
        ]
      }
    },
    {
      "type": "Feature",
      "properties": {
        "id": "PRURG_001",
        "flight_instance": "PRURG_001#0",
        "start_time": "13:20:08.00",
        "scenario": "produto2_C1_2025-11-09_off.scn",
        "waypoint_count": 10,
        "planned_flight_instance": "PRURG_001#0",
        "planned_start_time": "13:20:08.00",
        "vehicle_type": "helicoptero",
        "aircraft_model": "AS50",
        "start_time_delta_s": 0.0,
        "spatial_adherence_pct": 39.83402489626556,
        "planned_line_adherence_pct": 92.5311203319502,
        "adherence_reference": "official_reh_polygons",
        "mean_deviation_m": 81.93423963762605,
        "p95_deviation_m": 266.87752545650324,
        "max_deviation_m": 338.7578169721068,
        "planned_distance_m": 12696.354951831017,
        "executed_distance_m": 11718.25414216,
        "additional_distance_m": -978.1008096710175,
        "trajectory_conformity_ratio": -0.07703792256768623,
        "planned_horizontal_inefficiency_ratio": 0.9350748186624652,
        "executed_horizontal_inefficiency_ratio": 0.7860006746196668,
        "executed_samples": 241
      },
      "geometry": {
        "type": "LineString",
        "coordinates": [
          [
            -46.633,
            -23.509
          ],
          [
            -46.645915,
            -23.527719
          ],
          [
            -46.651833,
            -23.527834
          ],
          [
            -46.659691,
            -23.525779
          ],
          [
            -46.67124,
            -23.524471
          ],
          [
            -46.679805,
            -23.552694
          ],
          [
            -46.682234,
            -23.556732
          ],
          [
            -46.679272,
            -23.562561
          ],
          [
            -46.670294,
            -23.572147
          ],
          [
            -46.655833,
            -23.564167
          ]
        ]
      }
    },
    {
      "type": "Feature",
      "properties": {
        "id": "EC1_0151",
        "flight_instance": "EC1_0151#0",
        "start_time": "13:22:00.00",
        "scenario": "produto2_C1_2025-11-09_off.scn",
        "waypoint_count": 10,
        "planned_flight_instance": "EC1_0151#0",
        "planned_start_time": "13:22:00.00",
        "vehicle_type": "eVTOL",
        "aircraft_model": "EVTOL",
        "start_time_delta_s": 0.0,
        "spatial_adherence_pct": 65.29680365296804,
        "planned_line_adherence_pct": 100.0,
        "adherence_reference": "official_reh_polygons",
        "mean_deviation_m": 37.07041653258664,
        "p95_deviation_m": 183.205191959099,
        "max_deviation_m": 222.85035285311872,
        "planned_distance_m": 15353.210344139463,
        "executed_distance_m": 14890.3204412,
        "additional_distance_m": -462.88990293946335,
        "trajectory_conformity_ratio": -0.030149388470806365,
        "planned_horizontal_inefficiency_ratio": 0.273173887781755,
        "executed_horizontal_inefficiency_ratio": 0.23478847364813604,
        "executed_samples": 438
      },
      "geometry": {
        "type": "LineString",
        "coordinates": [
          [
            -46.656389,
            -23.626111
          ],
          [
            -46.669092,
            -23.633166
          ],
          [
            -46.677804,
            -23.62275
          ],
          [
            -46.687891,
            -23.614942
          ],
          [
            -46.698957,
            -23.612724
          ],
          [
            -46.691581,
            -23.585508
          ],
          [
            -46.700338,
            -23.570707
          ],
          [
            -46.706363,
            -23.560632
          ],
          [
            -46.734497,
            -23.545433
          ],
          [
            -46.736944,
            -23.546667
          ]
        ]
      }
    },
    {
      "type": "Feature",
      "properties": {
        "id": "EC1_0028",
        "flight_instance": "EC1_0028#0",
        "start_time": "13:24:00.00",
        "scenario": "produto2_C1_2025-11-09_off.scn",
        "waypoint_count": 18,
        "planned_flight_instance": "EC1_0028#0",
        "planned_start_time": "13:24:00.00",
        "vehicle_type": "eVTOL",
        "aircraft_model": "EVTOL",
        "start_time_delta_s": 0.0,
        "spatial_adherence_pct": 70.92882991556093,
        "planned_line_adherence_pct": 100.0,
        "adherence_reference": "official_reh_polygons",
        "mean_deviation_m": 12.831047431059458,
        "p95_deviation_m": 72.2016073010651,
        "max_deviation_m": 110.64608969904546,
        "planned_distance_m": 30100.930949085167,
        "executed_distance_m": 29651.32932895,
        "additional_distance_m": -449.60162013516674,
        "trajectory_conformity_ratio": -0.014936468938308073,
        "planned_horizontal_inefficiency_ratio": 0.31200825355428724,
        "executed_horizontal_inefficiency_ratio": 0.2924114830282698,
        "executed_samples": 829
      },
      "geometry": {
        "type": "LineString",
        "coordinates": [
          [
            -46.856667,
            -23.486667
          ],
          [
            -46.877361,
            -23.505927
          ],
          [
            -46.821551,
            -23.510004
          ],
          [
            -46.79638,
            -23.515916
          ],
          [
            -46.781822,
            -23.521939
          ],
          [
            -46.750181,
            -23.527233
          ],
          [
            -46.742985,
            -23.519104
          ],
          [
            -46.72605,
            -23.515568
          ],
          [
            -46.709753,
            -23.517655
          ],
          [
            -46.6993,
            -23.520942
          ],
          [
            -46.692524,
            -23.522632
          ],
          [
            -46.682954,
            -23.523674
          ],
          [
            -46.676805,
            -23.5247
          ],
          [
            -46.670916,
            -23.525166
          ],
          [
            -46.659889,
            -23.526661
          ],
          [
            -46.651967,
            -23.528726
          ],
          [
            -46.645185,
            -23.528321
          ],
          [
            -46.633,
            -23.509
          ]
        ]
      }
    },
    {
      "type": "Feature",
      "properties": {
        "id": "PROMB_002",
        "flight_instance": "PROMB_002#0",
        "start_time": "13:24:07.00",
        "scenario": "produto2_C1_2025-11-09_off.scn",
        "waypoint_count": 8,
        "planned_flight_instance": "PROMB_002#0",
        "planned_start_time": "13:24:07.00",
        "vehicle_type": "helicoptero",
        "aircraft_model": "EC55",
        "start_time_delta_s": 0.0,
        "spatial_adherence_pct": 51.38121546961326,
        "planned_line_adherence_pct": 100.0,
        "adherence_reference": "official_reh_polygons",
        "mean_deviation_m": 62.40261873164037,
        "p95_deviation_m": 153.91387794645894,
        "max_deviation_m": 166.53888349477702,
        "planned_distance_m": 13575.24573719586,
        "executed_distance_m": 13168.96883642,
        "additional_distance_m": -406.2769007758616,
        "trajectory_conformity_ratio": -0.029927775057704643,
        "planned_horizontal_inefficiency_ratio": 0.2043825290953925,
        "executed_horizontal_inefficiency_ratio": 0.16833803968119618,
        "executed_samples": 181
      },
      "geometry": {
        "type": "LineString",
        "coordinates": [
          [
            -46.699167,
            -23.601667
          ],
          [
            -46.699932,
            -23.612722
          ],
          [
            -46.702161,
            -23.620571
          ],
          [
            -46.71228,
            -23.626616
          ],
          [
            -46.726108,
            -23.640325
          ],
          [
            -46.724402,
            -23.653053
          ],
          [
            -46.690012,
            -23.699694
          ],
          [
            -46.6925,
            -23.703056
          ]
        ]
      }
    },
    {
      "type": "Feature",
      "properties": {
        "id": "EC1_0121",
        "flight_instance": "EC1_0121#0",
        "start_time": "13:25:00.00",
        "scenario": "produto2_C1_2025-11-09_off.scn",
        "waypoint_count": 27,
        "planned_flight_instance": "EC1_0121#0",
        "planned_start_time": "13:25:00.00",
        "vehicle_type": "eVTOL",
        "aircraft_model": "EVTOL",
        "start_time_delta_s": 0.0,
        "spatial_adherence_pct": 75.9231905465288,
        "planned_line_adherence_pct": 100.0,
        "adherence_reference": "official_reh_polygons",
        "mean_deviation_m": 25.288703356803158,
        "p95_deviation_m": 147.17540659878043,
        "max_deviation_m": 203.99617497038074,
        "planned_distance_m": 52410.59412299288,
        "executed_distance_m": 50610.91419971,
        "additional_distance_m": -1799.679923282878,
        "trajectory_conformity_ratio": -0.03433809429939941,
        "planned_horizontal_inefficiency_ratio": 0.3385143893041016,
        "executed_horizontal_inefficiency_ratio": 0.2925523559830744,
        "executed_samples": 1354
      },
      "geometry": {
        "type": "LineString",
        "coordinates": [
          [
            -46.830278,
            -23.564722
          ],
          [
            -46.818827,
            -23.564191
          ],
          [
            -46.815687,
            -23.514407
          ],
          [
            -46.821415,
            -23.510014
          ],
          [
            -46.79638,
            -23.515916
          ],
          [
            -46.781822,
            -23.521939
          ],
          [
            -46.750181,
            -23.527233
          ],
          [
            -46.742985,
            -23.519104
          ],
          [
            -46.72605,
            -23.515568
          ],
          [
            -46.709753,
            -23.517655
          ],
          [
            -46.6993,
            -23.520942
          ],
          [
            -46.692524,
            -23.522632
          ],
          [
            -46.682954,
            -23.523674
          ],
          [
            -46.676805,
            -23.5247
          ],
          [
            -46.670916,
            -23.525166
          ],
          [
            -46.659889,
            -23.526661
          ],
          [
            -46.651967,
            -23.528726
          ],
          [
            -46.645624,
            -23.528465
          ],
          [
            -46.643156,
            -23.529869
          ],
          [
            -46.640193,
            -23.533856
          ],
          [
            -46.635497,
            -23.53568
          ],
          [
            -46.617304,
            -23.545011
          ],
          [
            -46.575669,
            -23.539938
          ],
          [
            -46.557401,
            -23.523786
          ],
          [
            -46.541376,
            -23.503219
          ],
          [
            -46.468276,
            -23.481052
          ],
          [
            -46.473056,
            -23.435556
          ]
        ]
      }
    },
    {
      "type": "Feature",
      "properties": {
        "id": "EC1_0130",
        "flight_instance": "EC1_0130#0",
        "start_time": "13:28:00.00",
        "scenario": "produto2_C1_2025-11-09_off.scn",
        "waypoint_count": 6,
        "planned_flight_instance": "EC1_0130#0",
        "planned_start_time": "13:28:00.00",
        "vehicle_type": "eVTOL",
        "aircraft_model": "EVTOL",
        "start_time_delta_s": 0.0,
        "spatial_adherence_pct": 69.6078431372549,
        "planned_line_adherence_pct": 100.0,
        "adherence_reference": "official_reh_polygons",
        "mean_deviation_m": 5.268262514492248,
        "p95_deviation_m": 22.674779959193412,
        "max_deviation_m": 30.970735476033095,
        "planned_distance_m": 7533.116431374824,
        "executed_distance_m": 7525.29740432,
        "additional_distance_m": -7.819027054823891,
        "trajectory_conformity_ratio": -0.0010379538304038781,
        "planned_horizontal_inefficiency_ratio": 0.0463382273954952,
        "executed_horizontal_inefficiency_ratio": 0.04525217662447204,
        "executed_samples": 204
      },
      "geometry": {
        "type": "LineString",
        "coordinates": [
          [
            -46.736944,
            -23.546667
          ],
          [
            -46.734947,
            -23.546233
          ],
          [
            -46.706979,
            -23.561333
          ],
          [
            -46.7012,
            -23.571137
          ],
          [
            -46.692476,
            -23.585777
          ],
          [
            -46.685556,
            -23.591111
          ]
        ]
      }
    },
    {
      "type": "Feature",
      "properties": {
        "id": "PRURG_002",
        "flight_instance": "PRURG_002#0",
        "start_time": "13:29:39.00",
        "scenario": "produto2_C1_2025-11-09_off.scn",
        "waypoint_count": 19,
        "planned_flight_instance": "PRURG_002#0",
        "planned_start_time": "13:29:39.00",
        "vehicle_type": "helicoptero",
        "aircraft_model": "AS50",
        "start_time_delta_s": 0.0,
        "spatial_adherence_pct": 52.112676056338024,
        "planned_line_adherence_pct": 79.34272300469483,
        "adherence_reference": "official_reh_polygons",
        "mean_deviation_m": 121.82425933284229,
        "p95_deviation_m": 480.7824415374656,
        "max_deviation_m": 595.5749687307224,
        "planned_distance_m": 40793.17803055871,
        "executed_distance_m": 38313.80422382,
        "additional_distance_m": -2479.3738067387094,
        "trajectory_conformity_ratio": -0.060779128433714524,
        "planned_horizontal_inefficiency_ratio": 1.5679991695436262,
        "executed_horizontal_inefficiency_ratio": 1.411918418200262,
        "executed_samples": 639
      },
      "geometry": {
        "type": "LineString",
        "coordinates": [
          [
            -46.655833,
            -23.564167
          ],
          [
            -46.67074,
            -23.571658
          ],
          [
            -46.65796,
            -23.582248
          ],
          [
            -46.650833,
            -23.592117
          ],
          [
            -46.638016,
            -23.582288
          ],
          [
            -46.627682,
            -23.57518
          ],
          [
            -46.614564,
            -23.55844
          ],
          [
            -46.612201,
            -23.553621
          ],
          [
            -46.605043,
            -23.567604
          ],
          [
            -46.599279,
            -23.586761
          ],
          [
            -46.601779,
            -23.603514
          ],
          [
            -46.60251,
            -23.620927
          ],
          [
            -46.59658,
            -23.636235
          ],
          [
            -46.584352,
            -23.646914
          ],
          [
            -46.573805,
            -23.665984
          ],
          [
            -46.60796,
            -23.721804
          ],
          [
            -46.674299,
            -23.702626
          ],
          [
            -46.68894,
            -23.698021
          ],
          [
            -46.6925,
            -23.703056
          ]
        ]
      }
    },
    {
      "type": "Feature",
      "properties": {
        "id": "EC1_0031",
        "flight_instance": "EC1_0031#0",
        "start_time": "13:30:00.00",
        "scenario": "produto2_C1_2025-11-09_off.scn",
        "waypoint_count": 19,
        "planned_flight_instance": "EC1_0031#0",
        "planned_start_time": "13:30:00.00",
        "vehicle_type": "eVTOL",
        "aircraft_model": "EVTOL",
        "start_time_delta_s": 0.0,
        "spatial_adherence_pct": 77.84974093264249,
        "planned_line_adherence_pct": 95.46632124352331,
        "adherence_reference": "official_reh_polygons",
        "mean_deviation_m": 34.016274265630614,
        "p95_deviation_m": 230.00367666787855,
        "max_deviation_m": 399.448029620947,
        "planned_distance_m": 32253.322202445455,
        "executed_distance_m": 30499.09777988,
        "additional_distance_m": -1754.224422565454,
        "trajectory_conformity_ratio": -0.054388952913273794,
        "planned_horizontal_inefficiency_ratio": 0.45212570038933314,
        "executed_horizontal_inefficiency_ratio": 0.373146104046703,
        "executed_samples": 772
      },
      "geometry": {
        "type": "LineString",
        "coordinates": [
          [
            -46.655,
            -23.562222
          ],
          [
            -46.670253,
            -23.571249
          ],
          [
            -46.678469,
            -23.562044
          ],
          [
            -46.681254,
            -23.556691
          ],
          [
            -46.678868,
            -23.552963
          ],
          [
            -46.670344,
            -23.524761
          ],
          [
            -46.67633,
            -23.522493
          ],
          [
            -46.682605,
            -23.521447
          ],
          [
            -46.692085,
            -23.520419
          ],
          [
            -46.698562,
            -23.518796
          ],
          [
            -46.709231,
            -23.515456
          ],
          [
            -46.726172,
            -23.513321
          ],
          [
            -46.744128,
            -23.517113
          ],
          [
            -46.750374,
            -23.52499
          ],
          [
            -46.781185,
            -23.519766
          ],
          [
            -46.795617,
            -23.513778
          ],
          [
            -46.821227,
            -23.507774
          ],
          [
            -46.875972,
            -23.504073
          ],
          [
            -46.856667,
            -23.486667
          ]
        ]
      }
    },
    {
      "type": "Feature",
      "properties": {
        "id": "EC1_0123",
        "flight_instance": "EC1_0123#0",
        "start_time": "13:31:00.00",
        "scenario": "produto2_C1_2025-11-09_off.scn",
        "waypoint_count": 9,
        "planned_flight_instance": "EC1_0123#0",
        "planned_start_time": "13:31:00.00",
        "vehicle_type": "eVTOL",
        "aircraft_model": "EVTOL",
        "start_time_delta_s": 0.0,
        "spatial_adherence_pct": 81.6842105263158,
        "planned_line_adherence_pct": 92.63157894736842,
        "adherence_reference": "official_reh_polygons",
        "mean_deviation_m": 44.6886749476994,
        "p95_deviation_m": 297.04187553295077,
        "max_deviation_m": 401.25309394472254,
        "planned_distance_m": 19129.01853954632,
        "executed_distance_m": 17602.74487563,
        "additional_distance_m": -1526.2736639163195,
        "trajectory_conformity_ratio": -0.07978839378303608,
        "planned_horizontal_inefficiency_ratio": 0.3750656656285474,
        "executed_horizontal_inefficiency_ratio": 0.2653513848218442,
        "executed_samples": 475
      },
      "geometry": {
        "type": "LineString",
        "coordinates": [
          [
            -46.736944,
            -23.546667
          ],
          [
            -46.733761,
            -23.545134
          ],
          [
            -46.746866,
            -23.533391
          ],
          [
            -46.749795,
            -23.525077
          ],
          [
            -46.781185,
            -23.519766
          ],
          [
            -46.795617,
            -23.513778
          ],
          [
            -46.821227,
            -23.507774
          ],
          [
            -46.875972,
            -23.504073
          ],
          [
            -46.856667,
            -23.486667
          ]
        ]
      }
    },
    {
      "type": "Feature",
      "properties": {
        "id": "PPKSL_001",
        "flight_instance": "PPKSL_001#0",
        "start_time": "13:31:50.00",
        "scenario": "produto2_C1_2025-11-09_off.scn",
        "waypoint_count": 14,
        "planned_flight_instance": "PPKSL_001#0",
        "planned_start_time": "13:31:50.00",
        "vehicle_type": "helicoptero",
        "aircraft_model": "B429",
        "start_time_delta_s": 0.0,
        "spatial_adherence_pct": 73.3108108108108,
        "planned_line_adherence_pct": 94.25675675675676,
        "adherence_reference": "official_reh_polygons",
        "mean_deviation_m": 56.277292805178,
        "p95_deviation_m": 259.76774033954615,
        "max_deviation_m": 351.00852893006197,
        "planned_distance_m": 17304.06746868221,
        "executed_distance_m": 16552.79432138,
        "additional_distance_m": -751.2731473022104,
        "trajectory_conformity_ratio": -0.04341598578842247,
        "planned_horizontal_inefficiency_ratio": 1.164694408065207,
        "executed_horizontal_inefficiency_ratio": 1.0707120664083705,
        "executed_samples": 296
      },
      "geometry": {
        "type": "LineString",
        "coordinates": [
          [
            -46.658611,
            -23.55
          ],
          [
            -46.678888,
            -23.552646
          ],
          [
            -46.670344,
            -23.524761
          ],
          [
            -46.67633,
            -23.522493
          ],
          [
            -46.682605,
            -23.521447
          ],
          [
            -46.692085,
            -23.520419
          ],
          [
            -46.698562,
            -23.518796
          ],
          [
            -46.709231,
            -23.515456
          ],
          [
            -46.726172,
            -23.513321
          ],
          [
            -46.744128,
            -23.517113
          ],
          [
            -46.751469,
            -23.525841
          ],
          [
            -46.748854,
            -23.534709
          ],
          [
            -46.735684,
            -23.546532
          ],
          [
            -46.736944,
            -23.546667
          ]
        ]
      }
    },
    {
      "type": "Feature",
      "properties": {
        "id": "EC1_0152",
        "flight_instance": "EC1_0152#0",
        "start_time": "13:32:00.00",
        "scenario": "produto2_C1_2025-11-09_off.scn",
        "waypoint_count": 30,
        "planned_flight_instance": "EC1_0152#0",
        "planned_start_time": "13:32:00.00",
        "vehicle_type": "eVTOL",
        "aircraft_model": "EVTOL",
        "start_time_delta_s": 0.0,
        "spatial_adherence_pct": 81.45161290322581,
        "planned_line_adherence_pct": 100.0,
        "adherence_reference": "official_reh_polygons",
        "mean_deviation_m": 19.106726878205734,
        "p95_deviation_m": 124.18602479938201,
        "max_deviation_m": 189.99600033422743,
        "planned_distance_m": 54910.47865049409,
        "executed_distance_m": 54511.84997306,
        "additional_distance_m": -398.6286774340915,
        "trajectory_conformity_ratio": -0.007259610319031605,
        "planned_horizontal_inefficiency_ratio": 0.9434964699889659,
        "executed_horizontal_inefficiency_ratio": 0.9293874429604325,
        "executed_samples": 1364
      },
      "geometry": {
        "type": "LineString",
        "coordinates": [
          [
            -46.656389,
            -23.626111
          ],
          [
            -46.669092,
            -23.633166
          ],
          [
            -46.677804,
            -23.62275
          ],
          [
            -46.687891,
            -23.614942
          ],
          [
            -46.699366,
            -23.612334
          ],
          [
            -46.712562,
            -23.611263
          ],
          [
            -46.722716,
            -23.601923
          ],
          [
            -46.747069,
            -23.557007
          ],
          [
            -46.754789,
            -23.548019
          ],
          [
            -46.749123,
            -23.526491
          ],
          [
            -46.742985,
            -23.519104
          ],
          [
            -46.72605,
            -23.515568
          ],
          [
            -46.709753,
            -23.517655
          ],
          [
            -46.6993,
            -23.520942
          ],
          [
            -46.692524,
            -23.522632
          ],
          [
            -46.682954,
            -23.523674
          ],
          [
            -46.676805,
            -23.5247
          ],
          [
            -46.670916,
            -23.525166
          ],
          [
            -46.659889,
            -23.526661
          ],
          [
            -46.651967,
            -23.528726
          ],
          [
            -46.645624,
            -23.528465
          ],
          [
            -46.643156,
            -23.529869
          ],
          [
            -46.640193,
            -23.533856
          ],
          [
            -46.635497,
            -23.53568
          ],
          [
            -46.617304,
            -23.545011
          ],
          [
            -46.575669,
            -23.539938
          ],
          [
            -46.557401,
            -23.523786
          ],
          [
            -46.541376,
            -23.503219
          ],
          [
            -46.468276,
            -23.481052
          ],
          [
            -46.473056,
            -23.435556
          ]
        ]
      }
    },
    {
      "type": "Feature",
      "properties": {
        "id": "EC1_0169",
        "flight_instance": "EC1_0169#0",
        "start_time": "13:32:00.00",
        "scenario": "produto2_C1_2025-11-09_off.scn",
        "waypoint_count": 27,
        "planned_flight_instance": "EC1_0169#0",
        "planned_start_time": "13:32:00.00",
        "vehicle_type": "eVTOL",
        "aircraft_model": "EVTOL",
        "start_time_delta_s": 0.0,
        "spatial_adherence_pct": 82.45353159851301,
        "planned_line_adherence_pct": 99.62825278810409,
        "adherence_reference": "official_reh_polygons",
        "mean_deviation_m": 14.532940012005689,
        "p95_deviation_m": 68.39998527524133,
        "max_deviation_m": 312.13681164965016,
        "planned_distance_m": 51752.18540400507,
        "executed_distance_m": 50548.73092619,
        "additional_distance_m": -1203.4544778150666,
        "trajectory_conformity_ratio": -0.023254176967025864,
        "planned_horizontal_inefficiency_ratio": 0.3217042014356548,
        "executed_horizontal_inefficiency_ratio": 0.29096905803740847,
        "executed_samples": 1345
      },
      "geometry": {
        "type": "LineString",
        "coordinates": [
          [
            -46.473056,
            -23.435556
          ],
          [
            -46.470057,
            -23.479504
          ],
          [
            -46.542513,
            -23.501225
          ],
          [
            -46.559266,
            -23.522325
          ],
          [
            -46.576553,
            -23.537839
          ],
          [
            -46.617141,
            -23.542766
          ],
          [
            -46.635058,
            -23.534875
          ],
          [
            -46.639567,
            -23.533164
          ],
          [
            -46.642444,
            -23.529251
          ],
          [
            -46.645476,
            -23.527575
          ],
          [
            -46.651833,
            -23.527834
          ],
          [
            -46.659691,
            -23.525779
          ],
          [
            -46.670751,
            -23.524279
          ],
          [
            -46.67633,
            -23.522493
          ],
          [
            -46.682605,
            -23.521447
          ],
          [
            -46.692085,
            -23.520419
          ],
          [
            -46.698562,
            -23.518796
          ],
          [
            -46.709231,
            -23.515456
          ],
          [
            -46.726172,
            -23.513321
          ],
          [
            -46.744128,
            -23.517113
          ],
          [
            -46.750374,
            -23.52499
          ],
          [
            -46.781185,
            -23.519766
          ],
          [
            -46.795617,
            -23.513778
          ],
          [
            -46.821362,
            -23.507764
          ],
          [
            -46.81814,
            -23.514459
          ],
          [
            -46.821212,
            -23.563658
          ],
          [
            -46.830278,
            -23.564722
          ]
        ]
      }
    },
    {
      "type": "Feature",
      "properties": {
        "id": "PRMKM_003",
        "flight_instance": "PRMKM_003#0",
        "start_time": "13:32:13.00",
        "scenario": "produto2_C1_2025-11-09_off.scn",
        "waypoint_count": 9,
        "planned_flight_instance": "PRMKM_003#0",
        "planned_start_time": "13:32:13.00",
        "vehicle_type": "helicoptero",
        "aircraft_model": "B429",
        "start_time_delta_s": 0.0,
        "spatial_adherence_pct": 41.947565543071164,
        "planned_line_adherence_pct": 100.0,
        "adherence_reference": "official_reh_polygons",
        "mean_deviation_m": 43.69892124579372,
        "p95_deviation_m": 108.64247080855567,
        "max_deviation_m": 137.6797562544876,
        "planned_distance_m": 16719.86628293206,
        "executed_distance_m": 16066.1512759,
        "additional_distance_m": -653.7150070320604,
        "trajectory_conformity_ratio": -0.03909810018632651,
        "planned_horizontal_inefficiency_ratio": 0.34114884211813534,
        "executed_horizontal_inefficiency_ratio": 0.28871247032422465,
        "executed_samples": 267
      },
      "geometry": {
        "type": "LineString",
        "coordinates": [
          [
            -46.682278,
            -23.591167
          ],
          [
            -46.692469,
            -23.585256
          ],
          [
            -46.699921,
            -23.612668
          ],
          [
            -46.702161,
            -23.620571
          ],
          [
            -46.71228,
            -23.626616
          ],
          [
            -46.726108,
            -23.640325
          ],
          [
            -46.724402,
            -23.653053
          ],
          [
            -46.690012,
            -23.699694
          ],
          [
            -46.6925,
            -23.703056
          ]
        ]
      }
    },
    {
      "type": "Feature",
      "properties": {
        "id": "PSJAQ_001",
        "flight_instance": "PSJAQ_001#0",
        "start_time": "13:32:57.00",
        "scenario": "produto2_C1_2025-11-09_off.scn",
        "waypoint_count": 9,
        "planned_flight_instance": "PSJAQ_001#0",
        "planned_start_time": "13:32:57.00",
        "vehicle_type": "helicoptero",
        "aircraft_model": "EC45",
        "start_time_delta_s": 0.0,
        "spatial_adherence_pct": 43.55400696864111,
        "planned_line_adherence_pct": 100.0,
        "adherence_reference": "official_reh_polygons",
        "mean_deviation_m": 27.93308629854731,
        "p95_deviation_m": 73.06131590438592,
        "max_deviation_m": 106.03261176345437,
        "planned_distance_m": 16614.46488498027,
        "executed_distance_m": 16361.57226102,
        "additional_distance_m": -252.8926239602697,
        "trajectory_conformity_ratio": -0.015221231963292933,
        "planned_horizontal_inefficiency_ratio": 0.18119083998765137,
        "executed_horizontal_inefficiency_ratio": 0.1632116602192825,
        "executed_samples": 287
      },
      "geometry": {
        "type": "LineString",
        "coordinates": [
          [
            -46.686667,
            -23.576667
          ],
          [
            -46.692539,
            -23.585382
          ],
          [
            -46.699921,
            -23.612668
          ],
          [
            -46.702161,
            -23.620571
          ],
          [
            -46.71228,
            -23.626616
          ],
          [
            -46.726108,
            -23.640325
          ],
          [
            -46.724402,
            -23.653053
          ],
          [
            -46.690012,
            -23.699694
          ],
          [
            -46.6925,
            -23.703056
          ]
        ]
      }
    },
    {
      "type": "Feature",
      "properties": {
        "id": "EC1_0006",
        "flight_instance": "EC1_0006#0",
        "start_time": "13:37:00.00",
        "scenario": "produto2_C1_2025-11-09_off.scn",
        "waypoint_count": 12,
        "planned_flight_instance": "EC1_0006#0",
        "planned_start_time": "13:37:00.00",
        "vehicle_type": "eVTOL",
        "aircraft_model": "EVTOL",
        "start_time_delta_s": 0.0,
        "spatial_adherence_pct": 71.13259668508287,
        "planned_line_adherence_pct": 100.0,
        "adherence_reference": "official_reh_polygons",
        "mean_deviation_m": 7.173604101707715,
        "p95_deviation_m": 21.506873318233286,
        "max_deviation_m": 106.05061295217199,
        "planned_distance_m": 26310.7491327017,
        "executed_distance_m": 25916.13802414,
        "additional_distance_m": -394.61110856170126,
        "trajectory_conformity_ratio": -0.014998094754787429,
        "planned_horizontal_inefficiency_ratio": 0.2556920998879288,
        "executed_horizontal_inefficiency_ratio": 0.23685911079097163,
        "executed_samples": 724
      },
      "geometry": {
        "type": "LineString",
        "coordinates": [
          [
            -46.856667,
            -23.486667
          ],
          [
            -46.877361,
            -23.505927
          ],
          [
            -46.821551,
            -23.510004
          ],
          [
            -46.79638,
            -23.515916
          ],
          [
            -46.781822,
            -23.521939
          ],
          [
            -46.75076,
            -23.527145
          ],
          [
            -46.748854,
            -23.534709
          ],
          [
            -46.735007,
            -23.5462
          ],
          [
            -46.706979,
            -23.561333
          ],
          [
            -46.7012,
            -23.571137
          ],
          [
            -46.692476,
            -23.585777
          ],
          [
            -46.685556,
            -23.591111
          ]
        ]
      }
    },
    {
      "type": "Feature",
      "properties": {
        "id": "EC1_0128",
        "flight_instance": "EC1_0128#0",
        "start_time": "13:37:00.00",
        "scenario": "produto2_C1_2025-11-09_off.scn",
        "waypoint_count": 17,
        "planned_flight_instance": "EC1_0128#0",
        "planned_start_time": "13:37:00.00",
        "vehicle_type": "eVTOL",
        "aircraft_model": "EVTOL",
        "start_time_delta_s": 0.0,
        "spatial_adherence_pct": 68.43100189035917,
        "planned_line_adherence_pct": 100.0,
        "adherence_reference": "official_reh_polygons",
        "mean_deviation_m": 36.79365272117219,
        "p95_deviation_m": 165.7246870270168,
        "max_deviation_m": 222.76092943680752,
        "planned_distance_m": 19311.426573626995,
        "executed_distance_m": 18457.47068401,
        "additional_distance_m": -853.9558896169947,
        "trajectory_conformity_ratio": -0.04422023853914631,
        "planned_horizontal_inefficiency_ratio": 1.26432928180326,
        "executed_horizontal_inefficiency_ratio": 1.164200100830746,
        "executed_samples": 529
      },
      "geometry": {
        "type": "LineString",
        "coordinates": [
          [
            -46.736944,
            -23.546667
          ],
          [
            -46.733761,
            -23.545134
          ],
          [
            -46.746866,
            -23.533391
          ],
          [
            -46.749087,
            -23.526381
          ],
          [
            -46.742985,
            -23.519104
          ],
          [
            -46.72605,
            -23.515568
          ],
          [
            -46.709753,
            -23.517655
          ],
          [
            -46.6993,
            -23.520942
          ],
          [
            -46.692524,
            -23.522632
          ],
          [
            -46.682954,
            -23.523674
          ],
          [
            -46.676805,
            -23.5247
          ],
          [
            -46.671322,
            -23.524683
          ],
          [
            -46.679805,
            -23.552694
          ],
          [
            -46.682234,
            -23.556732
          ],
          [
            -46.679272,
            -23.562561
          ],
          [
            -46.670249,
            -23.572148
          ],
          [
            -46.655,
            -23.562222
          ]
        ]
      }
    },
    {
      "type": "Feature",
      "properties": {
        "id": "PSHAH_005",
        "flight_instance": "PSHAH_005#0",
        "start_time": "13:39:31.00",
        "scenario": "produto2_C1_2025-11-09_off.scn",
        "waypoint_count": 19,
        "planned_flight_instance": "PSHAH_005#0",
        "planned_start_time": "13:39:31.00",
        "vehicle_type": "helicoptero",
        "aircraft_model": "EC45",
        "start_time_delta_s": 0.0,
        "spatial_adherence_pct": 60.16150740242261,
        "planned_line_adherence_pct": 88.02153432032301,
        "adherence_reference": "official_reh_polygons",
        "mean_deviation_m": 82.67192815840652,
        "p95_deviation_m": 338.38739868675515,
        "max_deviation_m": 426.41037664013595,
        "planned_distance_m": 40426.95659154687,
        "executed_distance_m": 38358.69902689,
        "additional_distance_m": -2068.257564656873,
        "trajectory_conformity_ratio": -0.05116035781653022,
        "planned_horizontal_inefficiency_ratio": 2.032651865123662,
        "executed_horizontal_inefficiency_ratio": 1.8775003105709676,
        "executed_samples": 743
      },
      "geometry": {
        "type": "LineString",
        "coordinates": [
          [
            -46.675556,
            -23.584167
          ],
          [
            -46.670186,
            -23.572144
          ],
          [
            -46.65796,
            -23.582248
          ],
          [
            -46.650833,
            -23.592117
          ],
          [
            -46.638016,
            -23.582288
          ],
          [
            -46.627682,
            -23.57518
          ],
          [
            -46.614564,
            -23.55844
          ],
          [
            -46.612201,
            -23.553621
          ],
          [
            -46.605043,
            -23.567604
          ],
          [
            -46.599279,
            -23.586761
          ],
          [
            -46.601779,
            -23.603514
          ],
          [
            -46.60251,
            -23.620927
          ],
          [
            -46.59658,
            -23.636235
          ],
          [
            -46.584352,
            -23.646914
          ],
          [
            -46.573805,
            -23.665984
          ],
          [
            -46.60796,
            -23.721804
          ],
          [
            -46.674299,
            -23.702626
          ],
          [
            -46.68894,
            -23.698021
          ],
          [
            -46.6925,
            -23.703056
          ]
        ]
      }
    },
    {
      "type": "Feature",
      "properties": {
        "id": "EC1_0019",
        "flight_instance": "EC1_0019#0",
        "start_time": "13:40:00.00",
        "scenario": "produto2_C1_2025-11-09_off.scn",
        "waypoint_count": 9,
        "planned_flight_instance": "EC1_0019#0",
        "planned_start_time": "13:40:00.00",
        "vehicle_type": "eVTOL",
        "aircraft_model": "EVTOL",
        "start_time_delta_s": 0.0,
        "spatial_adherence_pct": 73.4290843806104,
        "planned_line_adherence_pct": 100.0,
        "adherence_reference": "official_reh_polygons",
        "mean_deviation_m": 10.187879703684676,
        "p95_deviation_m": 50.835042257187425,
        "max_deviation_m": 106.05104119901699,
        "planned_distance_m": 19084.076250720507,
        "executed_distance_m": 18502.98132552,
        "additional_distance_m": -581.0949252005084,
        "trajectory_conformity_ratio": -0.030449203700837736,
        "planned_horizontal_inefficiency_ratio": 0.37188382665978764,
        "executed_horizontal_inefficiency_ratio": 0.330111056567939,
        "executed_samples": 557
      },
      "geometry": {
        "type": "LineString",
        "coordinates": [
          [
            -46.856667,
            -23.486667
          ],
          [
            -46.877361,
            -23.505927
          ],
          [
            -46.821551,
            -23.510004
          ],
          [
            -46.79638,
            -23.515916
          ],
          [
            -46.781822,
            -23.521939
          ],
          [
            -46.75076,
            -23.527145
          ],
          [
            -46.748854,
            -23.534709
          ],
          [
            -46.735684,
            -23.546532
          ],
          [
            -46.736944,
            -23.546667
          ]
        ]
      }
    },
    {
      "type": "Feature",
      "properties": {
        "id": "PSCPD",
        "flight_instance": "PSCPD#0",
        "start_time": "13:40:27.00",
        "scenario": "produto2_C1_2025-11-09_off.scn",
        "waypoint_count": 6,
        "planned_flight_instance": "PSCPD#0",
        "planned_start_time": "13:40:27.00",
        "vehicle_type": "helicoptero",
        "aircraft_model": "B429",
        "start_time_delta_s": 0.0,
        "spatial_adherence_pct": 73.4375,
        "planned_line_adherence_pct": 100.0,
        "adherence_reference": "official_reh_polygons",
        "mean_deviation_m": 30.666291986787954,
        "p95_deviation_m": 121.95842850506166,
        "max_deviation_m": 177.1575930335776,
        "planned_distance_m": 8016.092511806814,
        "executed_distance_m": 7869.72393437,
        "additional_distance_m": -146.36857743681412,
        "trajectory_conformity_ratio": -0.018259342344319186,
        "planned_horizontal_inefficiency_ratio": 0.06297476979955136,
        "executed_horizontal_inefficiency_ratio": 0.04356554957440746,
        "executed_samples": 128
      },
      "geometry": {
        "type": "LineString",
        "coordinates": [
          [
            -46.680833,
            -23.591111
          ],
          [
            -46.691708,
            -23.585219
          ],
          [
            -46.700338,
            -23.570707
          ],
          [
            -46.706363,
            -23.560632
          ],
          [
            -46.734497,
            -23.545433
          ],
          [
            -46.736944,
            -23.546667
          ]
        ]
      }
    },
    {
      "type": "Feature",
      "properties": {
        "id": "EC1_0040",
        "flight_instance": "EC1_0040#0",
        "start_time": "13:42:00.00",
        "scenario": "produto2_C1_2025-11-09_off.scn",
        "waypoint_count": 20,
        "planned_flight_instance": "EC1_0040#0",
        "planned_start_time": "13:42:00.00",
        "vehicle_type": "eVTOL",
        "aircraft_model": "EVTOL",
        "start_time_delta_s": 0.0,
        "spatial_adherence_pct": 77.57296466973887,
        "planned_line_adherence_pct": 100.0,
        "adherence_reference": "official_reh_polygons",
        "mean_deviation_m": 9.310514889306596,
        "p95_deviation_m": 46.326521683663444,
        "max_deviation_m": 143.39452232610438,
        "planned_distance_m": 26789.4115158122,
        "executed_distance_m": 26387.73177384,
        "additional_distance_m": -401.6797419721988,
        "trajectory_conformity_ratio": -0.014993974083197427,
        "planned_horizontal_inefficiency_ratio": 4.98782492831469,
        "executed_horizontal_inefficiency_ratio": 4.8980436365248154,
        "executed_samples": 651
      },
      "geometry": {
        "type": "LineString",
        "coordinates": [
          [
            -46.655,
            -23.562222
          ],
          [
            -46.670253,
            -23.571249
          ],
          [
            -46.678469,
            -23.562044
          ],
          [
            -46.681254,
            -23.556691
          ],
          [
            -46.678868,
            -23.552963
          ],
          [
            -46.670344,
            -23.524761
          ],
          [
            -46.67633,
            -23.522493
          ],
          [
            -46.682605,
            -23.521447
          ],
          [
            -46.692085,
            -23.520419
          ],
          [
            -46.698562,
            -23.518796
          ],
          [
            -46.709231,
            -23.515456
          ],
          [
            -46.726172,
            -23.513321
          ],
          [
            -46.744128,
            -23.517113
          ],
          [
            -46.751469,
            -23.525841
          ],
          [
            -46.748854,
            -23.534709
          ],
          [
            -46.735007,
            -23.5462
          ],
          [
            -46.706979,
            -23.561333
          ],
          [
            -46.7012,
            -23.571137
          ],
          [
            -46.692476,
            -23.585777
          ],
          [
            -46.685556,
            -23.591111
          ]
        ]
      }
    },
    {
      "type": "Feature",
      "properties": {
        "id": "EC1_0180",
        "flight_instance": "EC1_0180#0",
        "start_time": "13:43:00.00",
        "scenario": "produto2_C1_2025-11-09_off.scn",
        "waypoint_count": 19,
        "planned_flight_instance": "EC1_0180#0",
        "planned_start_time": "13:43:00.00",
        "vehicle_type": "eVTOL",
        "aircraft_model": "EVTOL",
        "start_time_delta_s": 0.0,
        "spatial_adherence_pct": 79.97118155619597,
        "planned_line_adherence_pct": 99.13544668587896,
        "adherence_reference": "official_reh_polygons",
        "mean_deviation_m": 21.41635169348355,
        "p95_deviation_m": 80.88108980681085,
        "max_deviation_m": 302.2930215442188,
        "planned_distance_m": 28548.256161754158,
        "executed_distance_m": 27410.14664408,
        "additional_distance_m": -1138.1095176741583,
        "trajectory_conformity_ratio": -0.039866165948127974,
        "planned_horizontal_inefficiency_ratio": 0.3566729423062982,
        "executed_horizontal_inefficiency_ratio": 0.30258759365098026,
        "executed_samples": 694
      },
      "geometry": {
        "type": "LineString",
        "coordinates": [
          [
            -46.633,
            -23.509
          ],
          [
            -46.645915,
            -23.527719
          ],
          [
            -46.651833,
            -23.527834
          ],
          [
            -46.659691,
            -23.525779
          ],
          [
            -46.670751,
            -23.524279
          ],
          [
            -46.67633,
            -23.522493
          ],
          [
            -46.682605,
            -23.521447
          ],
          [
            -46.692085,
            -23.520419
          ],
          [
            -46.698562,
            -23.518796
          ],
          [
            -46.709231,
            -23.515456
          ],
          [
            -46.726172,
            -23.513321
          ],
          [
            -46.744128,
            -23.517113
          ],
          [
            -46.750374,
            -23.52499
          ],
          [
            -46.781185,
            -23.519766
          ],
          [
            -46.795617,
            -23.513778
          ],
          [
            -46.821362,
            -23.507764
          ],
          [
            -46.81814,
            -23.514459
          ],
          [
            -46.821212,
            -23.563658
          ],
          [
            -46.830278,
            -23.564722
          ]
        ]
      }
    },
    {
      "type": "Feature",
      "properties": {
        "id": "EC1_0157",
        "flight_instance": "EC1_0157#0",
        "start_time": "13:45:00.00",
        "scenario": "produto2_C1_2025-11-09_off.scn",
        "waypoint_count": 30,
        "planned_flight_instance": "EC1_0157#0",
        "planned_start_time": "13:45:00.00",
        "vehicle_type": "eVTOL",
        "aircraft_model": "EVTOL",
        "start_time_delta_s": 0.0,
        "spatial_adherence_pct": 81.45161290322581,
        "planned_line_adherence_pct": 100.0,
        "adherence_reference": "official_reh_polygons",
        "mean_deviation_m": 19.106726878205734,
        "p95_deviation_m": 124.18602479938201,
        "max_deviation_m": 189.99600033422743,
        "planned_distance_m": 54910.47865049409,
        "executed_distance_m": 54511.84997306,
        "additional_distance_m": -398.6286774340915,
        "trajectory_conformity_ratio": -0.007259610319031605,
        "planned_horizontal_inefficiency_ratio": 0.9434964699889659,
        "executed_horizontal_inefficiency_ratio": 0.9293874429604325,
        "executed_samples": 1364
      },
      "geometry": {
        "type": "LineString",
        "coordinates": [
          [
            -46.656389,
            -23.626111
          ],
          [
            -46.669092,
            -23.633166
          ],
          [
            -46.677804,
            -23.62275
          ],
          [
            -46.687891,
            -23.614942
          ],
          [
            -46.699366,
            -23.612334
          ],
          [
            -46.712562,
            -23.611263
          ],
          [
            -46.722716,
            -23.601923
          ],
          [
            -46.747069,
            -23.557007
          ],
          [
            -46.754789,
            -23.548019
          ],
          [
            -46.749123,
            -23.526491
          ],
          [
            -46.742985,
            -23.519104
          ],
          [
            -46.72605,
            -23.515568
          ],
          [
            -46.709753,
            -23.517655
          ],
          [
            -46.6993,
            -23.520942
          ],
          [
            -46.692524,
            -23.522632
          ],
          [
            -46.682954,
            -23.523674
          ],
          [
            -46.676805,
            -23.5247
          ],
          [
            -46.670916,
            -23.525166
          ],
          [
            -46.659889,
            -23.526661
          ],
          [
            -46.651967,
            -23.528726
          ],
          [
            -46.645624,
            -23.528465
          ],
          [
            -46.643156,
            -23.529869
          ],
          [
            -46.640193,
            -23.533856
          ],
          [
            -46.635497,
            -23.53568
          ],
          [
            -46.617304,
            -23.545011
          ],
          [
            -46.575669,
            -23.539938
          ],
          [
            -46.557401,
            -23.523786
          ],
          [
            -46.541376,
            -23.503219
          ],
          [
            -46.468276,
            -23.481052
          ],
          [
            -46.473056,
            -23.435556
          ]
        ]
      }
    },
    {
      "type": "Feature",
      "properties": {
        "id": "EC1_0092",
        "flight_instance": "EC1_0092#0",
        "start_time": "13:46:00.00",
        "scenario": "produto2_C1_2025-11-09_off.scn",
        "waypoint_count": 18,
        "planned_flight_instance": "EC1_0092#0",
        "planned_start_time": "13:46:00.00",
        "vehicle_type": "eVTOL",
        "aircraft_model": "EVTOL",
        "start_time_delta_s": 0.0,
        "spatial_adherence_pct": 76.40949554896143,
        "planned_line_adherence_pct": 94.80712166172107,
        "adherence_reference": "official_reh_polygons",
        "mean_deviation_m": 42.358456993967884,
        "p95_deviation_m": 252.50549045226361,
        "max_deviation_m": 402.5574612675441,
        "planned_distance_m": 27335.960891084178,
        "executed_distance_m": 25041.76613291,
        "additional_distance_m": -2294.194758174177,
        "trajectory_conformity_ratio": -0.08392588675829007,
        "planned_horizontal_inefficiency_ratio": 2.523692784891626,
        "executed_horizontal_inefficiency_ratio": 2.2279637432558075,
        "executed_samples": 674
      },
      "geometry": {
        "type": "LineString",
        "coordinates": [
          [
            -46.781111,
            -23.478611
          ],
          [
            -46.776754,
            -23.472388
          ],
          [
            -46.771369,
            -23.476155
          ],
          [
            -46.770638,
            -23.485813
          ],
          [
            -46.766936,
            -23.492656
          ],
          [
            -46.7597,
            -23.494855
          ],
          [
            -46.756253,
            -23.498105
          ],
          [
            -46.753944,
            -23.505863
          ],
          [
            -46.744374,
            -23.508658
          ],
          [
            -46.732639,
            -23.509208
          ],
          [
            -46.726957,
            -23.51363
          ],
          [
            -46.744128,
            -23.517113
          ],
          [
            -46.750374,
            -23.52499
          ],
          [
            -46.781185,
            -23.519766
          ],
          [
            -46.795617,
            -23.513778
          ],
          [
            -46.821227,
            -23.507774
          ],
          [
            -46.875972,
            -23.504073
          ],
          [
            -46.856667,
            -23.486667
          ]
        ]
      }
    },
    {
      "type": "Feature",
      "properties": {
        "id": "EC1_0071",
        "flight_instance": "EC1_0071#0",
        "start_time": "13:48:00.00",
        "scenario": "produto2_C1_2025-11-09_off.scn",
        "waypoint_count": 20,
        "planned_flight_instance": "EC1_0071#0",
        "planned_start_time": "13:48:00.00",
        "vehicle_type": "eVTOL",
        "aircraft_model": "EVTOL",
        "start_time_delta_s": 0.0,
        "spatial_adherence_pct": 65.80937972768533,
        "planned_line_adherence_pct": 100.0,
        "adherence_reference": "official_reh_polygons",
        "mean_deviation_m": 30.570365244389606,
        "p95_deviation_m": 153.9193914275658,
        "max_deviation_m": 226.66642923465062,
        "planned_distance_m": 26266.560582715785,
        "executed_distance_m": 25477.54143557,
        "additional_distance_m": -789.0191471457838,
        "trajectory_conformity_ratio": -0.03003892133730607,
        "planned_horizontal_inefficiency_ratio": 4.870943612998789,
        "executed_horizontal_inefficiency_ratio": 4.694586799632159,
        "executed_samples": 661
      },
      "geometry": {
        "type": "LineString",
        "coordinates": [
          [
            -46.685556,
            -23.591111
          ],
          [
            -46.691668,
            -23.585265
          ],
          [
            -46.700338,
            -23.570707
          ],
          [
            -46.706363,
            -23.560632
          ],
          [
            -46.734437,
            -23.545467
          ],
          [
            -46.746866,
            -23.533391
          ],
          [
            -46.749087,
            -23.526381
          ],
          [
            -46.742985,
            -23.519104
          ],
          [
            -46.72605,
            -23.515568
          ],
          [
            -46.709753,
            -23.517655
          ],
          [
            -46.6993,
            -23.520942
          ],
          [
            -46.692524,
            -23.522632
          ],
          [
            -46.682954,
            -23.523674
          ],
          [
            -46.676805,
            -23.5247
          ],
          [
            -46.671322,
            -23.524683
          ],
          [
            -46.679805,
            -23.552694
          ],
          [
            -46.682234,
            -23.556732
          ],
          [
            -46.679272,
            -23.562561
          ],
          [
            -46.670249,
            -23.572148
          ],
          [
            -46.655,
            -23.562222
          ]
        ]
      }
    },
    {
      "type": "Feature",
      "properties": {
        "id": "PROMH_002",
        "flight_instance": "PROMH_002#0",
        "start_time": "13:49:26.00",
        "scenario": "produto2_C1_2025-11-09_off.scn",
        "waypoint_count": 9,
        "planned_flight_instance": "PROMH_002#0",
        "planned_start_time": "13:49:26.00",
        "vehicle_type": "helicoptero",
        "aircraft_model": "EC55",
        "start_time_delta_s": 0.0,
        "spatial_adherence_pct": 43.913043478260875,
        "planned_line_adherence_pct": 100.0,
        "adherence_reference": "official_reh_polygons",
        "mean_deviation_m": 56.81661895877118,
        "p95_deviation_m": 150.71507246931867,
        "max_deviation_m": 169.24467840848152,
        "planned_distance_m": 16532.896537309898,
        "executed_distance_m": 16000.44664195,
        "additional_distance_m": -532.4498953598977,
        "trajectory_conformity_ratio": -0.0322054816080361,
        "planned_horizontal_inefficiency_ratio": 0.2600305889513263,
        "executed_horizontal_inefficiency_ratio": 0.21945069699329148,
        "executed_samples": 230
      },
      "geometry": {
        "type": "LineString",
        "coordinates": [
          [
            -46.682222,
            -23.585278
          ],
          [
            -46.692498,
            -23.585297
          ],
          [
            -46.699921,
            -23.612668
          ],
          [
            -46.702161,
            -23.620571
          ],
          [
            -46.71228,
            -23.626616
          ],
          [
            -46.726108,
            -23.640325
          ],
          [
            -46.724402,
            -23.653053
          ],
          [
            -46.690012,
            -23.699694
          ],
          [
            -46.6925,
            -23.703056
          ]
        ]
      }
    },
    {
      "type": "Feature",
      "properties": {
        "id": "PROOE_003",
        "flight_instance": "PROOE_003#0",
        "start_time": "13:50:21.00",
        "scenario": "produto2_C1_2025-11-09_off.scn",
        "waypoint_count": 9,
        "planned_flight_instance": "PROOE_003#0",
        "planned_start_time": "13:50:21.00",
        "vehicle_type": "helicoptero",
        "aircraft_model": "EC35",
        "start_time_delta_s": 0.0,
        "spatial_adherence_pct": 40.38461538461539,
        "planned_line_adherence_pct": 100.0,
        "adherence_reference": "official_reh_polygons",
        "mean_deviation_m": 30.002988142078877,
        "p95_deviation_m": 75.97858426223168,
        "max_deviation_m": 108.28165787256648,
        "planned_distance_m": 16719.86628293206,
        "executed_distance_m": 16219.0150518,
        "additional_distance_m": -500.851231132061,
        "trajectory_conformity_ratio": -0.02995545673970724,
        "planned_horizontal_inefficiency_ratio": 0.3395754661339986,
        "executed_horizontal_inefficiency_ratio": 0.2994478712086484,
        "executed_samples": 312
      },
      "geometry": {
        "type": "LineString",
        "coordinates": [
          [
            -46.682278,
            -23.591167
          ],
          [
            -46.692469,
            -23.585256
          ],
          [
            -46.699921,
            -23.612668
          ],
          [
            -46.702161,
            -23.620571
          ],
          [
            -46.71228,
            -23.626616
          ],
          [
            -46.726108,
            -23.640325
          ],
          [
            -46.724402,
            -23.653053
          ],
          [
            -46.690012,
            -23.699694
          ],
          [
            -46.6925,
            -23.703056
          ]
        ]
      }
    },
    {
      "type": "Feature",
      "properties": {
        "id": "PROMB_003",
        "flight_instance": "PROMB_003#0",
        "start_time": "13:59:12.00",
        "scenario": "produto2_C1_2025-11-09_off.scn",
        "waypoint_count": 9,
        "planned_flight_instance": "PROMB_003#0",
        "planned_start_time": "13:59:12.00",
        "vehicle_type": "helicoptero",
        "aircraft_model": "EC55",
        "start_time_delta_s": 0.0,
        "spatial_adherence_pct": 43.913043478260875,
        "planned_line_adherence_pct": 100.0,
        "adherence_reference": "official_reh_polygons",
        "mean_deviation_m": 56.81661895877118,
        "p95_deviation_m": 150.71507246931867,
        "max_deviation_m": 169.24467840848152,
        "planned_distance_m": 16532.896537309898,
        "executed_distance_m": 16000.44664195,
        "additional_distance_m": -532.4498953598977,
        "trajectory_conformity_ratio": -0.0322054816080361,
        "planned_horizontal_inefficiency_ratio": 0.2600305889513263,
        "executed_horizontal_inefficiency_ratio": 0.21945069699329148,
        "executed_samples": 230
      },
      "geometry": {
        "type": "LineString",
        "coordinates": [
          [
            -46.682222,
            -23.585278
          ],
          [
            -46.692498,
            -23.585297
          ],
          [
            -46.699921,
            -23.612668
          ],
          [
            -46.702161,
            -23.620571
          ],
          [
            -46.71228,
            -23.626616
          ],
          [
            -46.726108,
            -23.640325
          ],
          [
            -46.724402,
            -23.653053
          ],
          [
            -46.690012,
            -23.699694
          ],
          [
            -46.6925,
            -23.703056
          ]
        ]
      }
    },
    {
      "type": "Feature",
      "properties": {
        "id": "EC1_0017",
        "flight_instance": "EC1_0017#0",
        "start_time": "14:00:00.00",
        "scenario": "produto2_C1_2025-11-09_off.scn",
        "waypoint_count": 6,
        "planned_flight_instance": "EC1_0017#0",
        "planned_start_time": "14:00:00.00",
        "vehicle_type": "eVTOL",
        "aircraft_model": "EVTOL",
        "start_time_delta_s": 0.0,
        "spatial_adherence_pct": 71.51162790697676,
        "planned_line_adherence_pct": 100.0,
        "adherence_reference": "official_reh_polygons",
        "mean_deviation_m": 8.763059361174442,
        "p95_deviation_m": 35.39144709145419,
        "max_deviation_m": 74.38442559347543,
        "planned_distance_m": 15730.476626629677,
        "executed_distance_m": 15363.01785025,
        "additional_distance_m": -367.45877637967715,
        "trajectory_conformity_ratio": -0.023359672125739445,
        "planned_horizontal_inefficiency_ratio": 0.7310735490792416,
        "executed_horizontal_inefficiency_ratio": 0.6906362385472105,
        "executed_samples": 516
      },
      "geometry": {
        "type": "LineString",
        "coordinates": [
          [
            -46.856667,
            -23.486667
          ],
          [
            -46.877361,
            -23.505927
          ],
          [
            -46.821597,
            -23.509997
          ],
          [
            -46.81814,
            -23.514459
          ],
          [
            -46.821212,
            -23.563658
          ],
          [
            -46.830278,
            -23.564722
          ]
        ]
      }
    },
    {
      "type": "Feature",
      "properties": {
        "id": "EC1_0181",
        "flight_instance": "EC1_0181#0",
        "start_time": "14:00:00.00",
        "scenario": "produto2_C1_2025-11-09_off.scn",
        "waypoint_count": 16,
        "planned_flight_instance": "EC1_0181#0",
        "planned_start_time": "14:00:00.00",
        "vehicle_type": "eVTOL",
        "aircraft_model": "EVTOL",
        "start_time_delta_s": 0.0,
        "spatial_adherence_pct": 76.30331753554502,
        "planned_line_adherence_pct": 100.0,
        "adherence_reference": "official_reh_polygons",
        "mean_deviation_m": 7.87791973183402,
        "p95_deviation_m": 48.848612760358854,
        "max_deviation_m": 80.85883372771167,
        "planned_distance_m": 16977.230341740178,
        "executed_distance_m": 16672.55867511,
        "additional_distance_m": -304.67166663017633,
        "trajectory_conformity_ratio": -0.017945899330888578,
        "planned_horizontal_inefficiency_ratio": 0.48986210882285736,
        "executed_horizontal_inefficiency_ratio": 0.463125193401017,
        "executed_samples": 422
      },
      "geometry": {
        "type": "LineString",
        "coordinates": [
          [
            -46.633,
            -23.509
          ],
          [
            -46.645915,
            -23.527719
          ],
          [
            -46.651833,
            -23.527834
          ],
          [
            -46.659691,
            -23.525779
          ],
          [
            -46.670751,
            -23.524279
          ],
          [
            -46.67633,
            -23.522493
          ],
          [
            -46.682605,
            -23.521447
          ],
          [
            -46.692085,
            -23.520419
          ],
          [
            -46.698562,
            -23.518796
          ],
          [
            -46.709231,
            -23.515456
          ],
          [
            -46.726172,
            -23.513321
          ],
          [
            -46.744128,
            -23.517113
          ],
          [
            -46.751469,
            -23.525841
          ],
          [
            -46.748854,
            -23.534709
          ],
          [
            -46.735684,
            -23.546532
          ],
          [
            -46.736944,
            -23.546667
          ]
        ]
      }
    },
    {
      "type": "Feature",
      "properties": {
        "id": "EC1_0059",
        "flight_instance": "EC1_0059#0",
        "start_time": "14:01:00.00",
        "scenario": "produto2_C1_2025-11-09_off.scn",
        "waypoint_count": 12,
        "planned_flight_instance": "EC1_0059#0",
        "planned_start_time": "14:01:00.00",
        "vehicle_type": "eVTOL",
        "aircraft_model": "EVTOL",
        "start_time_delta_s": 0.0,
        "spatial_adherence_pct": 76.64473684210526,
        "planned_line_adherence_pct": 94.4078947368421,
        "adherence_reference": "official_reh_polygons",
        "mean_deviation_m": 38.07782239768814,
        "p95_deviation_m": 268.49576339917013,
        "max_deviation_m": 401.7788829656866,
        "planned_distance_m": 26084.152548635113,
        "executed_distance_m": 24637.57672756,
        "additional_distance_m": -1446.575821075112,
        "trajectory_conformity_ratio": -0.05545803408325818,
        "planned_horizontal_inefficiency_ratio": 0.24471534841749693,
        "executed_horizontal_inefficiency_ratio": 0.17568588220100478,
        "executed_samples": 608
      },
      "geometry": {
        "type": "LineString",
        "coordinates": [
          [
            -46.685556,
            -23.591111
          ],
          [
            -46.691668,
            -23.585265
          ],
          [
            -46.700338,
            -23.570707
          ],
          [
            -46.706363,
            -23.560632
          ],
          [
            -46.734437,
            -23.545467
          ],
          [
            -46.746866,
            -23.533391
          ],
          [
            -46.749795,
            -23.525077
          ],
          [
            -46.781185,
            -23.519766
          ],
          [
            -46.795617,
            -23.513778
          ],
          [
            -46.821227,
            -23.507774
          ],
          [
            -46.875972,
            -23.504073
          ],
          [
            -46.856667,
            -23.486667
          ]
        ]
      }
    },
    {
      "type": "Feature",
      "properties": {
        "id": "EC1_0126",
        "flight_instance": "EC1_0126#0",
        "start_time": "14:02:00.00",
        "scenario": "produto2_C1_2025-11-09_off.scn",
        "waypoint_count": 9,
        "planned_flight_instance": "EC1_0126#0",
        "planned_start_time": "14:02:00.00",
        "vehicle_type": "eVTOL",
        "aircraft_model": "EVTOL",
        "start_time_delta_s": 0.0,
        "spatial_adherence_pct": 81.6842105263158,
        "planned_line_adherence_pct": 92.63157894736842,
        "adherence_reference": "official_reh_polygons",
        "mean_deviation_m": 44.6886749476994,
        "p95_deviation_m": 297.04187553295077,
        "max_deviation_m": 401.25309394472254,
        "planned_distance_m": 19129.01853954632,
        "executed_distance_m": 17602.74487563,
        "additional_distance_m": -1526.2736639163195,
        "trajectory_conformity_ratio": -0.07978839378303608,
        "planned_horizontal_inefficiency_ratio": 0.3750656656285474,
        "executed_horizontal_inefficiency_ratio": 0.2653513848218442,
        "executed_samples": 475
      },
      "geometry": {
        "type": "LineString",
        "coordinates": [
          [
            -46.736944,
            -23.546667
          ],
          [
            -46.733761,
            -23.545134
          ],
          [
            -46.746866,
            -23.533391
          ],
          [
            -46.749795,
            -23.525077
          ],
          [
            -46.781185,
            -23.519766
          ],
          [
            -46.795617,
            -23.513778
          ],
          [
            -46.821227,
            -23.507774
          ],
          [
            -46.875972,
            -23.504073
          ],
          [
            -46.856667,
            -23.486667
          ]
        ]
      }
    },
    {
      "type": "Feature",
      "properties": {
        "id": "PPJDJ_001",
        "flight_instance": "PPJDJ_001#0",
        "start_time": "14:05:23.00",
        "scenario": "produto2_C1_2025-11-09_off.scn",
        "waypoint_count": 9,
        "planned_flight_instance": "PPJDJ_001#0",
        "planned_start_time": "14:05:23.00",
        "vehicle_type": "helicoptero",
        "aircraft_model": "B429",
        "start_time_delta_s": 0.0,
        "spatial_adherence_pct": 45.08196721311475,
        "planned_line_adherence_pct": 100.0,
        "adherence_reference": "official_reh_polygons",
        "mean_deviation_m": 42.30585803204864,
        "p95_deviation_m": 109.475865506063,
        "max_deviation_m": 141.33387369498192,
        "planned_distance_m": 16614.46488498027,
        "executed_distance_m": 16270.75815742,
        "additional_distance_m": -343.7067275602694,
        "trajectory_conformity_ratio": -0.020687198169769862,
        "planned_horizontal_inefficiency_ratio": 0.1820550767582014,
        "executed_horizontal_inefficiency_ratio": 0.15760166913772197,
        "executed_samples": 244
      },
      "geometry": {
        "type": "LineString",
        "coordinates": [
          [
            -46.686667,
            -23.576667
          ],
          [
            -46.692539,
            -23.585382
          ],
          [
            -46.699921,
            -23.612668
          ],
          [
            -46.702161,
            -23.620571
          ],
          [
            -46.71228,
            -23.626616
          ],
          [
            -46.726108,
            -23.640325
          ],
          [
            -46.724402,
            -23.653053
          ],
          [
            -46.690012,
            -23.699694
          ],
          [
            -46.6925,
            -23.703056
          ]
        ]
      }
    },
    {
      "type": "Feature",
      "properties": {
        "id": "PPYSF",
        "flight_instance": "PPYSF#0",
        "start_time": "14:06:58.00",
        "scenario": "produto2_C1_2025-11-09_off.scn",
        "waypoint_count": 27,
        "planned_flight_instance": "PPYSF#0",
        "planned_start_time": "14:06:58.00",
        "vehicle_type": "helicoptero",
        "aircraft_model": "AS65",
        "start_time_delta_s": 0.0,
        "spatial_adherence_pct": 75.13586956521739,
        "planned_line_adherence_pct": 93.61413043478261,
        "adherence_reference": "official_reh_polygons",
        "mean_deviation_m": 59.78487950468531,
        "p95_deviation_m": 312.37397744725706,
        "max_deviation_m": 731.9995736282502,
        "planned_distance_m": 51752.18540400507,
        "executed_distance_m": 49180.80497952,
        "additional_distance_m": -2571.380424485069,
        "trajectory_conformity_ratio": -0.04968641235942998,
        "planned_horizontal_inefficiency_ratio": 0.3217690348569451,
        "executed_horizontal_inefficiency_ratio": 0.25609507354711714,
        "executed_samples": 736
      },
      "geometry": {
        "type": "LineString",
        "coordinates": [
          [
            -46.473056,
            -23.435556
          ],
          [
            -46.470057,
            -23.479504
          ],
          [
            -46.542513,
            -23.501225
          ],
          [
            -46.559266,
            -23.522325
          ],
          [
            -46.576553,
            -23.537839
          ],
          [
            -46.617141,
            -23.542766
          ],
          [
            -46.635058,
            -23.534875
          ],
          [
            -46.639567,
            -23.533164
          ],
          [
            -46.642444,
            -23.529251
          ],
          [
            -46.645476,
            -23.527575
          ],
          [
            -46.651833,
            -23.527834
          ],
          [
            -46.659691,
            -23.525779
          ],
          [
            -46.670751,
            -23.524279
          ],
          [
            -46.67633,
            -23.522493
          ],
          [
            -46.682605,
            -23.521447
          ],
          [
            -46.692085,
            -23.520419
          ],
          [
            -46.698562,
            -23.518796
          ],
          [
            -46.709231,
            -23.515456
          ],
          [
            -46.726172,
            -23.513321
          ],
          [
            -46.744128,
            -23.517113
          ],
          [
            -46.750374,
            -23.52499
          ],
          [
            -46.781185,
            -23.519766
          ],
          [
            -46.795617,
            -23.513778
          ],
          [
            -46.821362,
            -23.507764
          ],
          [
            -46.81814,
            -23.514459
          ],
          [
            -46.821212,
            -23.563658
          ],
          [
            -46.830278,
            -23.564722
          ]
        ]
      }
    },
    {
      "type": "Feature",
      "properties": {
        "id": "PRMKM_004",
        "flight_instance": "PRMKM_004#0",
        "start_time": "14:07:45.00",
        "scenario": "produto2_C1_2025-11-09_off.scn",
        "waypoint_count": 8,
        "planned_flight_instance": "PRMKM_004#0",
        "planned_start_time": "14:07:45.00",
        "vehicle_type": "helicoptero",
        "aircraft_model": "B429",
        "start_time_delta_s": 0.0,
        "spatial_adherence_pct": 49.01960784313725,
        "planned_line_adherence_pct": 100.0,
        "adherence_reference": "official_reh_polygons",
        "mean_deviation_m": 44.62614998771022,
        "p95_deviation_m": 107.52246136941638,
        "max_deviation_m": 138.96965853727218,
        "planned_distance_m": 13575.24573719586,
        "executed_distance_m": 13252.89192745,
        "additional_distance_m": -322.3538097458604,
        "trajectory_conformity_ratio": -0.023745707148609355,
        "planned_horizontal_inefficiency_ratio": 0.2029123986664339,
        "executed_horizontal_inefficiency_ratio": 0.17434839312226955,
        "executed_samples": 204
      },
      "geometry": {
        "type": "LineString",
        "coordinates": [
          [
            -46.699167,
            -23.601667
          ],
          [
            -46.699932,
            -23.612722
          ],
          [
            -46.702161,
            -23.620571
          ],
          [
            -46.71228,
            -23.626616
          ],
          [
            -46.726108,
            -23.640325
          ],
          [
            -46.724402,
            -23.653053
          ],
          [
            -46.690012,
            -23.699694
          ],
          [
            -46.6925,
            -23.703056
          ]
        ]
      }
    },
    {
      "type": "Feature",
      "properties": {
        "id": "EC1_0053",
        "flight_instance": "EC1_0053#0",
        "start_time": "14:10:00.00",
        "scenario": "produto2_C1_2025-11-09_off.scn",
        "waypoint_count": 17,
        "planned_flight_instance": "EC1_0053#0",
        "planned_start_time": "14:10:00.00",
        "vehicle_type": "eVTOL",
        "aircraft_model": "EVTOL",
        "start_time_delta_s": 0.0,
        "spatial_adherence_pct": 82.74428274428274,
        "planned_line_adherence_pct": 100.0,
        "adherence_reference": "official_reh_polygons",
        "mean_deviation_m": 12.811694116653083,
        "p95_deviation_m": 65.62757157684104,
        "max_deviation_m": 143.39574886462367,
        "planned_distance_m": 19562.73863383101,
        "executed_distance_m": 18975.04004298,
        "additional_distance_m": -587.6985908510105,
        "trajectory_conformity_ratio": -0.030041734025657754,
        "planned_horizontal_inefficiency_ratio": 1.2931064067945006,
        "executed_horizontal_inefficiency_ratio": 1.2242175140290483,
        "executed_samples": 481
      },
      "geometry": {
        "type": "LineString",
        "coordinates": [
          [
            -46.655,
            -23.562222
          ],
          [
            -46.670253,
            -23.571249
          ],
          [
            -46.678469,
            -23.562044
          ],
          [
            -46.681254,
            -23.556691
          ],
          [
            -46.678868,
            -23.552963
          ],
          [
            -46.670344,
            -23.524761
          ],
          [
            -46.67633,
            -23.522493
          ],
          [
            -46.682605,
            -23.521447
          ],
          [
            -46.692085,
            -23.520419
          ],
          [
            -46.698562,
            -23.518796
          ],
          [
            -46.709231,
            -23.515456
          ],
          [
            -46.726172,
            -23.513321
          ],
          [
            -46.744128,
            -23.517113
          ],
          [
            -46.751469,
            -23.525841
          ],
          [
            -46.748854,
            -23.534709
          ],
          [
            -46.735684,
            -23.546532
          ],
          [
            -46.736944,
            -23.546667
          ]
        ]
      }
    },
    {
      "type": "Feature",
      "properties": {
        "id": "PSSPA_001",
        "flight_instance": "PSSPA_001#0",
        "start_time": "14:10:11.00",
        "scenario": "produto2_C1_2025-11-09_off.scn",
        "waypoint_count": 18,
        "planned_flight_instance": "PSSPA_001#0",
        "planned_start_time": "14:10:11.00",
        "vehicle_type": "helicoptero",
        "aircraft_model": "EC30",
        "start_time_delta_s": 0.0,
        "spatial_adherence_pct": 68.15533980582525,
        "planned_line_adherence_pct": 100.0,
        "adherence_reference": "official_reh_polygons",
        "mean_deviation_m": 13.429961705979752,
        "p95_deviation_m": 96.77965311352987,
        "max_deviation_m": 163.28281623760716,
        "planned_distance_m": 31334.546224423462,
        "executed_distance_m": 31095.36607325,
        "additional_distance_m": -239.18015117346295,
        "trajectory_conformity_ratio": -0.007633113607595054,
        "planned_horizontal_inefficiency_ratio": 0.07282405964926539,
        "executed_horizontal_inefficiency_ratio": 0.0646350717210012,
        "executed_samples": 515
      },
      "geometry": {
        "type": "LineString",
        "coordinates": [
          [
            -46.633,
            -23.509
          ],
          [
            -46.645915,
            -23.527719
          ],
          [
            -46.651833,
            -23.527834
          ],
          [
            -46.659691,
            -23.525779
          ],
          [
            -46.670751,
            -23.524279
          ],
          [
            -46.67633,
            -23.522493
          ],
          [
            -46.682605,
            -23.521447
          ],
          [
            -46.692085,
            -23.520419
          ],
          [
            -46.698562,
            -23.518796
          ],
          [
            -46.709231,
            -23.515456
          ],
          [
            -46.726172,
            -23.513321
          ],
          [
            -46.744128,
            -23.517113
          ],
          [
            -46.750374,
            -23.52499
          ],
          [
            -46.781185,
            -23.519766
          ],
          [
            -46.795617,
            -23.513778
          ],
          [
            -46.821227,
            -23.507774
          ],
          [
            -46.876584,
            -23.503878
          ],
          [
            -46.919361,
            -23.502806
          ]
        ]
      }
    },
    {
      "type": "Feature",
      "properties": {
        "id": "EC1_0134",
        "flight_instance": "EC1_0134#0",
        "start_time": "14:14:00.00",
        "scenario": "produto2_C1_2025-11-09_off.scn",
        "waypoint_count": 16,
        "planned_flight_instance": "EC1_0134#0",
        "planned_start_time": "14:14:00.00",
        "vehicle_type": "eVTOL",
        "aircraft_model": "EVTOL",
        "start_time_delta_s": 0.0,
        "spatial_adherence_pct": 90.73170731707317,
        "planned_line_adherence_pct": 98.04878048780488,
        "adherence_reference": "official_reh_polygons",
        "mean_deviation_m": 35.176513204837136,
        "p95_deviation_m": 145.6533218105943,
        "max_deviation_m": 301.091233336486,
        "planned_distance_m": 15205.986597422148,
        "executed_distance_m": 14063.09431715,
        "additional_distance_m": -1142.8922802721481,
        "trajectory_conformity_ratio": -0.075160679180521,
        "planned_horizontal_inefficiency_ratio": 0.7267400618175689,
        "executed_horizontal_inefficiency_ratio": 0.5969571060031456,
        "executed_samples": 410
      },
      "geometry": {
        "type": "LineString",
        "coordinates": [
          [
            -46.736944,
            -23.546667
          ],
          [
            -46.733761,
            -23.545134
          ],
          [
            -46.746866,
            -23.533391
          ],
          [
            -46.749087,
            -23.526381
          ],
          [
            -46.742985,
            -23.519104
          ],
          [
            -46.725265,
            -23.515259
          ],
          [
            -46.731696,
            -23.50713
          ],
          [
            -46.743982,
            -23.506437
          ],
          [
            -46.75222,
            -23.504262
          ],
          [
            -46.754052,
            -23.497111
          ],
          [
            -46.758475,
            -23.492906
          ],
          [
            -46.765319,
            -23.490964
          ],
          [
            -46.768251,
            -23.485298
          ],
          [
            -46.769169,
            -23.47516
          ],
          [
            -46.777452,
            -23.470231
          ],
          [
            -46.781111,
            -23.478611
          ]
        ]
      }
    },
    {
      "type": "Feature",
      "properties": {
        "id": "EC1_0124",
        "flight_instance": "EC1_0124#0",
        "start_time": "14:18:00.00",
        "scenario": "produto2_C1_2025-11-09_off.scn",
        "waypoint_count": 9,
        "planned_flight_instance": "EC1_0124#0",
        "planned_start_time": "14:18:00.00",
        "vehicle_type": "eVTOL",
        "aircraft_model": "EVTOL",
        "start_time_delta_s": 0.0,
        "spatial_adherence_pct": 81.6842105263158,
        "planned_line_adherence_pct": 92.63157894736842,
        "adherence_reference": "official_reh_polygons",
        "mean_deviation_m": 44.6886749476994,
        "p95_deviation_m": 297.04187553295077,
        "max_deviation_m": 401.25309394472254,
        "planned_distance_m": 19129.01853954632,
        "executed_distance_m": 17602.74487563,
        "additional_distance_m": -1526.2736639163195,
        "trajectory_conformity_ratio": -0.07978839378303608,
        "planned_horizontal_inefficiency_ratio": 0.3750656656285474,
        "executed_horizontal_inefficiency_ratio": 0.2653513848218442,
        "executed_samples": 475
      },
      "geometry": {
        "type": "LineString",
        "coordinates": [
          [
            -46.736944,
            -23.546667
          ],
          [
            -46.733761,
            -23.545134
          ],
          [
            -46.746866,
            -23.533391
          ],
          [
            -46.749795,
            -23.525077
          ],
          [
            -46.781185,
            -23.519766
          ],
          [
            -46.795617,
            -23.513778
          ],
          [
            -46.821227,
            -23.507774
          ],
          [
            -46.875972,
            -23.504073
          ],
          [
            -46.856667,
            -23.486667
          ]
        ]
      }
    },
    {
      "type": "Feature",
      "properties": {
        "id": "PROMH_003",
        "flight_instance": "PROMH_003#0",
        "start_time": "14:18:08.00",
        "scenario": "produto2_C1_2025-11-09_off.scn",
        "waypoint_count": 9,
        "planned_flight_instance": "PROMH_003#0",
        "planned_start_time": "14:18:08.00",
        "vehicle_type": "helicoptero",
        "aircraft_model": "EC55",
        "start_time_delta_s": 0.0,
        "spatial_adherence_pct": 43.913043478260875,
        "planned_line_adherence_pct": 100.0,
        "adherence_reference": "official_reh_polygons",
        "mean_deviation_m": 56.81661895877118,
        "p95_deviation_m": 150.71507246931867,
        "max_deviation_m": 169.24467840848152,
        "planned_distance_m": 16532.896537309898,
        "executed_distance_m": 16000.44664195,
        "additional_distance_m": -532.4498953598977,
        "trajectory_conformity_ratio": -0.0322054816080361,
        "planned_horizontal_inefficiency_ratio": 0.2600305889513263,
        "executed_horizontal_inefficiency_ratio": 0.21945069699329148,
        "executed_samples": 230
      },
      "geometry": {
        "type": "LineString",
        "coordinates": [
          [
            -46.682222,
            -23.585278
          ],
          [
            -46.692498,
            -23.585297
          ],
          [
            -46.699921,
            -23.612668
          ],
          [
            -46.702161,
            -23.620571
          ],
          [
            -46.71228,
            -23.626616
          ],
          [
            -46.726108,
            -23.640325
          ],
          [
            -46.724402,
            -23.653053
          ],
          [
            -46.690012,
            -23.699694
          ],
          [
            -46.6925,
            -23.703056
          ]
        ]
      }
    },
    {
      "type": "Feature",
      "properties": {
        "id": "PSEII_002",
        "flight_instance": "PSEII_002#0",
        "start_time": "14:21:34.00",
        "scenario": "produto2_C1_2025-11-09_off.scn",
        "waypoint_count": 9,
        "planned_flight_instance": "PSEII_002#0",
        "planned_start_time": "14:21:34.00",
        "vehicle_type": "helicoptero",
        "aircraft_model": "AS50",
        "start_time_delta_s": 0.0,
        "spatial_adherence_pct": 41.69741697416974,
        "planned_line_adherence_pct": 100.0,
        "adherence_reference": "official_reh_polygons",
        "mean_deviation_m": 42.7569619536226,
        "p95_deviation_m": 108.46307410810681,
        "max_deviation_m": 136.0092748207881,
        "planned_distance_m": 16844.96062058117,
        "executed_distance_m": 16232.14584238,
        "additional_distance_m": -612.8147782011692,
        "trajectory_conformity_ratio": -0.03637970975440764,
        "planned_horizontal_inefficiency_ratio": 0.34916872299902496,
        "executed_horizontal_inefficiency_ratio": 0.30008635644659565,
        "executed_samples": 271
      },
      "geometry": {
        "type": "LineString",
        "coordinates": [
          [
            -46.680833,
            -23.591111
          ],
          [
            -46.692458,
            -23.585243
          ],
          [
            -46.699921,
            -23.612668
          ],
          [
            -46.702161,
            -23.620571
          ],
          [
            -46.71228,
            -23.626616
          ],
          [
            -46.726108,
            -23.640325
          ],
          [
            -46.724402,
            -23.653053
          ],
          [
            -46.690012,
            -23.699694
          ],
          [
            -46.6925,
            -23.703056
          ]
        ]
      }
    },
    {
      "type": "Feature",
      "properties": {
        "id": "PRSBK_001",
        "flight_instance": "PRSBK_001#0",
        "start_time": "14:22:30.00",
        "scenario": "produto2_C1_2025-11-09_off.scn",
        "waypoint_count": 9,
        "planned_flight_instance": "PRSBK_001#0",
        "planned_start_time": "14:22:30.00",
        "vehicle_type": "helicoptero",
        "aircraft_model": "B429",
        "start_time_delta_s": 0.0,
        "spatial_adherence_pct": 40.316205533596836,
        "planned_line_adherence_pct": 86.56126482213439,
        "adherence_reference": "official_reh_polygons",
        "mean_deviation_m": 103.30654952114159,
        "p95_deviation_m": 382.4192345153639,
        "max_deviation_m": 437.5177447204368,
        "planned_distance_m": 16108.863215316727,
        "executed_distance_m": 15478.05140007,
        "additional_distance_m": -630.8118152467268,
        "trajectory_conformity_ratio": -0.03915930049284511,
        "planned_horizontal_inefficiency_ratio": 0.2909138870113205,
        "executed_horizontal_inefficiency_ratio": 0.2403626021994575,
        "executed_samples": 253
      },
      "geometry": {
        "type": "LineString",
        "coordinates": [
          [
            -46.690833,
            -23.590833
          ],
          [
            -46.692534,
            -23.585369
          ],
          [
            -46.699921,
            -23.612668
          ],
          [
            -46.702161,
            -23.620571
          ],
          [
            -46.71228,
            -23.626616
          ],
          [
            -46.726108,
            -23.640325
          ],
          [
            -46.724402,
            -23.653053
          ],
          [
            -46.690012,
            -23.699694
          ],
          [
            -46.6925,
            -23.703056
          ]
        ]
      }
    },
    {
      "type": "Feature",
      "properties": {
        "id": "EC1_0153",
        "flight_instance": "EC1_0153#0",
        "start_time": "14:23:00.00",
        "scenario": "produto2_C1_2025-11-09_off.scn",
        "waypoint_count": 30,
        "planned_flight_instance": "EC1_0153#0",
        "planned_start_time": "14:23:00.00",
        "vehicle_type": "eVTOL",
        "aircraft_model": "EVTOL",
        "start_time_delta_s": 0.0,
        "spatial_adherence_pct": 81.45161290322581,
        "planned_line_adherence_pct": 100.0,
        "adherence_reference": "official_reh_polygons",
        "mean_deviation_m": 19.106726878205734,
        "p95_deviation_m": 124.18602479938201,
        "max_deviation_m": 189.99600033422743,
        "planned_distance_m": 54910.47865049409,
        "executed_distance_m": 54511.84997306,
        "additional_distance_m": -398.6286774340915,
        "trajectory_conformity_ratio": -0.007259610319031605,
        "planned_horizontal_inefficiency_ratio": 0.9434964699889659,
        "executed_horizontal_inefficiency_ratio": 0.9293874429604325,
        "executed_samples": 1364
      },
      "geometry": {
        "type": "LineString",
        "coordinates": [
          [
            -46.656389,
            -23.626111
          ],
          [
            -46.669092,
            -23.633166
          ],
          [
            -46.677804,
            -23.62275
          ],
          [
            -46.687891,
            -23.614942
          ],
          [
            -46.699366,
            -23.612334
          ],
          [
            -46.712562,
            -23.611263
          ],
          [
            -46.722716,
            -23.601923
          ],
          [
            -46.747069,
            -23.557007
          ],
          [
            -46.754789,
            -23.548019
          ],
          [
            -46.749123,
            -23.526491
          ],
          [
            -46.742985,
            -23.519104
          ],
          [
            -46.72605,
            -23.515568
          ],
          [
            -46.709753,
            -23.517655
          ],
          [
            -46.6993,
            -23.520942
          ],
          [
            -46.692524,
            -23.522632
          ],
          [
            -46.682954,
            -23.523674
          ],
          [
            -46.676805,
            -23.5247
          ],
          [
            -46.670916,
            -23.525166
          ],
          [
            -46.659889,
            -23.526661
          ],
          [
            -46.651967,
            -23.528726
          ],
          [
            -46.645624,
            -23.528465
          ],
          [
            -46.643156,
            -23.529869
          ],
          [
            -46.640193,
            -23.533856
          ],
          [
            -46.635497,
            -23.53568
          ],
          [
            -46.617304,
            -23.545011
          ],
          [
            -46.575669,
            -23.539938
          ],
          [
            -46.557401,
            -23.523786
          ],
          [
            -46.541376,
            -23.503219
          ],
          [
            -46.468276,
            -23.481052
          ],
          [
            -46.473056,
            -23.435556
          ]
        ]
      }
    },
    {
      "type": "Feature",
      "properties": {
        "id": "PROMB_004",
        "flight_instance": "PROMB_004#0",
        "start_time": "14:23:19.00",
        "scenario": "produto2_C1_2025-11-09_off.scn",
        "waypoint_count": 19,
        "planned_flight_instance": "PROMB_004#0",
        "planned_start_time": "14:23:19.00",
        "vehicle_type": "helicoptero",
        "aircraft_model": "EC55",
        "start_time_delta_s": 0.0,
        "spatial_adherence_pct": 43.523316062176164,
        "planned_line_adherence_pct": 73.40241796200345,
        "adherence_reference": "official_reh_polygons",
        "mean_deviation_m": 166.71243267225145,
        "p95_deviation_m": 639.3605671393992,
        "max_deviation_m": 742.2166712641708,
        "planned_distance_m": 41473.34589585486,
        "executed_distance_m": 39137.49747704,
        "additional_distance_m": -2335.8484188148577,
        "trajectory_conformity_ratio": -0.05632167765486023,
        "planned_horizontal_inefficiency_ratio": 1.482577607375339,
        "executed_horizontal_inefficiency_ratio": 1.342754671619571,
        "executed_samples": 579
      },
      "geometry": {
        "type": "LineString",
        "coordinates": [
          [
            -46.653056,
            -23.557222
          ],
          [
            -46.670735,
            -23.571624
          ],
          [
            -46.65796,
            -23.582248
          ],
          [
            -46.650833,
            -23.592117
          ],
          [
            -46.638016,
            -23.582288
          ],
          [
            -46.627682,
            -23.57518
          ],
          [
            -46.614564,
            -23.55844
          ],
          [
            -46.612201,
            -23.553621
          ],
          [
            -46.605043,
            -23.567604
          ],
          [
            -46.599279,
            -23.586761
          ],
          [
            -46.601779,
            -23.603514
          ],
          [
            -46.60251,
            -23.620927
          ],
          [
            -46.59658,
            -23.636235
          ],
          [
            -46.584352,
            -23.646914
          ],
          [
            -46.573805,
            -23.665984
          ],
          [
            -46.60796,
            -23.721804
          ],
          [
            -46.674299,
            -23.702626
          ],
          [
            -46.68894,
            -23.698021
          ],
          [
            -46.6925,
            -23.703056
          ]
        ]
      }
    },
    {
      "type": "Feature",
      "properties": {
        "id": "EC1_0035",
        "flight_instance": "EC1_0035#0",
        "start_time": "14:25:00.00",
        "scenario": "produto2_C1_2025-11-09_off.scn",
        "waypoint_count": 20,
        "planned_flight_instance": "EC1_0035#0",
        "planned_start_time": "14:25:00.00",
        "vehicle_type": "eVTOL",
        "aircraft_model": "EVTOL",
        "start_time_delta_s": 0.0,
        "spatial_adherence_pct": 77.57296466973887,
        "planned_line_adherence_pct": 100.0,
        "adherence_reference": "official_reh_polygons",
        "mean_deviation_m": 9.310514889306596,
        "p95_deviation_m": 46.326521683663444,
        "max_deviation_m": 143.39452232610438,
        "planned_distance_m": 26789.4115158122,
        "executed_distance_m": 26387.73177384,
        "additional_distance_m": -401.6797419721988,
        "trajectory_conformity_ratio": -0.014993974083197427,
        "planned_horizontal_inefficiency_ratio": 4.98782492831469,
        "executed_horizontal_inefficiency_ratio": 4.8980436365248154,
        "executed_samples": 651
      },
      "geometry": {
        "type": "LineString",
        "coordinates": [
          [
            -46.655,
            -23.562222
          ],
          [
            -46.670253,
            -23.571249
          ],
          [
            -46.678469,
            -23.562044
          ],
          [
            -46.681254,
            -23.556691
          ],
          [
            -46.678868,
            -23.552963
          ],
          [
            -46.670344,
            -23.524761
          ],
          [
            -46.67633,
            -23.522493
          ],
          [
            -46.682605,
            -23.521447
          ],
          [
            -46.692085,
            -23.520419
          ],
          [
            -46.698562,
            -23.518796
          ],
          [
            -46.709231,
            -23.515456
          ],
          [
            -46.726172,
            -23.513321
          ],
          [
            -46.744128,
            -23.517113
          ],
          [
            -46.751469,
            -23.525841
          ],
          [
            -46.748854,
            -23.534709
          ],
          [
            -46.735007,
            -23.5462
          ],
          [
            -46.706979,
            -23.561333
          ],
          [
            -46.7012,
            -23.571137
          ],
          [
            -46.692476,
            -23.585777
          ],
          [
            -46.685556,
            -23.591111
          ]
        ]
      }
    },
    {
      "type": "Feature",
      "properties": {
        "id": "PRMKM_005",
        "flight_instance": "PRMKM_005#0",
        "start_time": "14:28:07.00",
        "scenario": "produto2_C1_2025-11-09_off.scn",
        "waypoint_count": 9,
        "planned_flight_instance": "PRMKM_005#0",
        "planned_start_time": "14:28:07.00",
        "vehicle_type": "helicoptero",
        "aircraft_model": "B429",
        "start_time_delta_s": 0.0,
        "spatial_adherence_pct": 45.52845528455284,
        "planned_line_adherence_pct": 100.0,
        "adherence_reference": "official_reh_polygons",
        "mean_deviation_m": 49.064010802628864,
        "p95_deviation_m": 111.9200386482446,
        "max_deviation_m": 202.96078026445602,
        "planned_distance_m": 16338.087591086225,
        "executed_distance_m": 15193.210483,
        "additional_distance_m": -1144.8771080862243,
        "trajectory_conformity_ratio": -0.07007411985665013,
        "planned_horizontal_inefficiency_ratio": 0.32010338890851536,
        "executed_horizontal_inefficiency_ratio": 0.22759830581097004,
        "executed_samples": 246
      },
      "geometry": {
        "type": "LineString",
        "coordinates": [
          [
            -46.687778,
            -23.591667
          ],
          [
            -46.69251,
            -23.585318
          ],
          [
            -46.699921,
            -23.612668
          ],
          [
            -46.702161,
            -23.620571
          ],
          [
            -46.71228,
            -23.626616
          ],
          [
            -46.726108,
            -23.640325
          ],
          [
            -46.724402,
            -23.653053
          ],
          [
            -46.690012,
            -23.699694
          ],
          [
            -46.6925,
            -23.703056
          ]
        ]
      }
    },
    {
      "type": "Feature",
      "properties": {
        "id": "EC1_0145",
        "flight_instance": "EC1_0145#0",
        "start_time": "14:29:00.00",
        "scenario": "produto2_C1_2025-11-09_off.scn",
        "waypoint_count": 23,
        "planned_flight_instance": "EC1_0145#0",
        "planned_start_time": "14:29:00.00",
        "vehicle_type": "eVTOL",
        "aircraft_model": "EVTOL",
        "start_time_delta_s": 0.0,
        "spatial_adherence_pct": 73.757225433526,
        "planned_line_adherence_pct": 100.0,
        "adherence_reference": "official_reh_polygons",
        "mean_deviation_m": 23.463864945448808,
        "p95_deviation_m": 136.7658546188478,
        "max_deviation_m": 223.00833440945988,
        "planned_distance_m": 33926.688265716,
        "executed_distance_m": 33115.21600321,
        "additional_distance_m": -811.4722625060022,
        "trajectory_conformity_ratio": -0.02391840477179792,
        "planned_horizontal_inefficiency_ratio": 3.7752642033458756,
        "executed_horizontal_inefficiency_ratio": 3.661047501237972,
        "executed_samples": 865
      },
      "geometry": {
        "type": "LineString",
        "coordinates": [
          [
            -46.656389,
            -23.626111
          ],
          [
            -46.669092,
            -23.633166
          ],
          [
            -46.677804,
            -23.62275
          ],
          [
            -46.687891,
            -23.614942
          ],
          [
            -46.699366,
            -23.612334
          ],
          [
            -46.712562,
            -23.611263
          ],
          [
            -46.722716,
            -23.601923
          ],
          [
            -46.747069,
            -23.557007
          ],
          [
            -46.754789,
            -23.548019
          ],
          [
            -46.749123,
            -23.526491
          ],
          [
            -46.742985,
            -23.519104
          ],
          [
            -46.72605,
            -23.515568
          ],
          [
            -46.709753,
            -23.517655
          ],
          [
            -46.6993,
            -23.520942
          ],
          [
            -46.692524,
            -23.522632
          ],
          [
            -46.682954,
            -23.523674
          ],
          [
            -46.676805,
            -23.5247
          ],
          [
            -46.671322,
            -23.524683
          ],
          [
            -46.679805,
            -23.552694
          ],
          [
            -46.682234,
            -23.556732
          ],
          [
            -46.679272,
            -23.562561
          ],
          [
            -46.670249,
            -23.572148
          ],
          [
            -46.655,
            -23.562222
          ]
        ]
      }
    },
    {
      "type": "Feature",
      "properties": {
        "id": "EC1_0029",
        "flight_instance": "EC1_0029#0",
        "start_time": "14:32:00.00",
        "scenario": "produto2_C1_2025-11-09_off.scn",
        "waypoint_count": 19,
        "planned_flight_instance": "EC1_0029#0",
        "planned_start_time": "14:32:00.00",
        "vehicle_type": "eVTOL",
        "aircraft_model": "EVTOL",
        "start_time_delta_s": 0.0,
        "spatial_adherence_pct": 77.84974093264249,
        "planned_line_adherence_pct": 95.46632124352331,
        "adherence_reference": "official_reh_polygons",
        "mean_deviation_m": 34.016274265630614,
        "p95_deviation_m": 230.00367666787855,
        "max_deviation_m": 399.448029620947,
        "planned_distance_m": 32253.322202445455,
        "executed_distance_m": 30499.09777988,
        "additional_distance_m": -1754.224422565454,
        "trajectory_conformity_ratio": -0.054388952913273794,
        "planned_horizontal_inefficiency_ratio": 0.45212570038933314,
        "executed_horizontal_inefficiency_ratio": 0.373146104046703,
        "executed_samples": 772
      },
      "geometry": {
        "type": "LineString",
        "coordinates": [
          [
            -46.655,
            -23.562222
          ],
          [
            -46.670253,
            -23.571249
          ],
          [
            -46.678469,
            -23.562044
          ],
          [
            -46.681254,
            -23.556691
          ],
          [
            -46.678868,
            -23.552963
          ],
          [
            -46.670344,
            -23.524761
          ],
          [
            -46.67633,
            -23.522493
          ],
          [
            -46.682605,
            -23.521447
          ],
          [
            -46.692085,
            -23.520419
          ],
          [
            -46.698562,
            -23.518796
          ],
          [
            -46.709231,
            -23.515456
          ],
          [
            -46.726172,
            -23.513321
          ],
          [
            -46.744128,
            -23.517113
          ],
          [
            -46.750374,
            -23.52499
          ],
          [
            -46.781185,
            -23.519766
          ],
          [
            -46.795617,
            -23.513778
          ],
          [
            -46.821227,
            -23.507774
          ],
          [
            -46.875972,
            -23.504073
          ],
          [
            -46.856667,
            -23.486667
          ]
        ]
      }
    },
    {
      "type": "Feature",
      "properties": {
        "id": "EC1_0104",
        "flight_instance": "EC1_0104#0",
        "start_time": "14:32:00.00",
        "scenario": "produto2_C1_2025-11-09_off.scn",
        "waypoint_count": 21,
        "planned_flight_instance": "EC1_0104#0",
        "planned_start_time": "14:32:00.00",
        "vehicle_type": "eVTOL",
        "aircraft_model": "EVTOL",
        "start_time_delta_s": 0.0,
        "spatial_adherence_pct": 76.1252446183953,
        "planned_line_adherence_pct": 100.0,
        "adherence_reference": "official_reh_polygons",
        "mean_deviation_m": 15.781361064628877,
        "p95_deviation_m": 82.41067156597828,
        "max_deviation_m": 110.1665915203189,
        "planned_distance_m": 19717.314341737165,
        "executed_distance_m": 19459.88066887,
        "additional_distance_m": -257.433672867166,
        "trajectory_conformity_ratio": -0.013056224007254185,
        "planned_horizontal_inefficiency_ratio": 0.27398784062133913,
        "executed_horizontal_inefficiency_ratio": 0.2573543699916689,
        "executed_samples": 511
      },
      "geometry": {
        "type": "LineString",
        "coordinates": [
          [
            -46.781111,
            -23.478611
          ],
          [
            -46.776754,
            -23.472388
          ],
          [
            -46.771369,
            -23.476155
          ],
          [
            -46.770638,
            -23.485813
          ],
          [
            -46.766936,
            -23.492656
          ],
          [
            -46.7597,
            -23.494855
          ],
          [
            -46.756253,
            -23.498105
          ],
          [
            -46.753944,
            -23.505863
          ],
          [
            -46.744374,
            -23.508658
          ],
          [
            -46.732639,
            -23.509208
          ],
          [
            -46.72657,
            -23.515488
          ],
          [
            -46.709753,
            -23.517655
          ],
          [
            -46.6993,
            -23.520942
          ],
          [
            -46.692524,
            -23.522632
          ],
          [
            -46.682954,
            -23.523674
          ],
          [
            -46.676805,
            -23.5247
          ],
          [
            -46.670916,
            -23.525166
          ],
          [
            -46.659889,
            -23.526661
          ],
          [
            -46.651967,
            -23.528726
          ],
          [
            -46.645185,
            -23.528321
          ],
          [
            -46.633,
            -23.509
          ]
        ]
      }
    },
    {
      "type": "Feature",
      "properties": {
        "id": "EC1_0162",
        "flight_instance": "EC1_0162#0",
        "start_time": "14:32:00.00",
        "scenario": "produto2_C1_2025-11-09_off.scn",
        "waypoint_count": 26,
        "planned_flight_instance": "EC1_0162#0",
        "planned_start_time": "14:32:00.00",
        "vehicle_type": "eVTOL",
        "aircraft_model": "EVTOL",
        "start_time_delta_s": 0.0,
        "spatial_adherence_pct": 79.10557184750732,
        "planned_line_adherence_pct": 97.43401759530792,
        "adherence_reference": "official_reh_polygons",
        "mean_deviation_m": 20.576176030925417,
        "p95_deviation_m": 97.47559808440485,
        "max_deviation_m": 402.0250899149255,
        "planned_distance_m": 52871.74315260554,
        "executed_distance_m": 51335.77788834,
        "additional_distance_m": -1535.9652642655346,
        "trajectory_conformity_ratio": -0.029050777838593767,
        "planned_horizontal_inefficiency_ratio": 0.33717188746042404,
        "executed_horizontal_inefficiency_ratio": 0.2983260040257982,
        "executed_samples": 1364
      },
      "geometry": {
        "type": "LineString",
        "coordinates": [
          [
            -46.473056,
            -23.435556
          ],
          [
            -46.470057,
            -23.479504
          ],
          [
            -46.542513,
            -23.501225
          ],
          [
            -46.559266,
            -23.522325
          ],
          [
            -46.576553,
            -23.537839
          ],
          [
            -46.617141,
            -23.542766
          ],
          [
            -46.635058,
            -23.534875
          ],
          [
            -46.639567,
            -23.533164
          ],
          [
            -46.642444,
            -23.529251
          ],
          [
            -46.645476,
            -23.527575
          ],
          [
            -46.651833,
            -23.527834
          ],
          [
            -46.659691,
            -23.525779
          ],
          [
            -46.670751,
            -23.524279
          ],
          [
            -46.67633,
            -23.522493
          ],
          [
            -46.682605,
            -23.521447
          ],
          [
            -46.692085,
            -23.520419
          ],
          [
            -46.698562,
            -23.518796
          ],
          [
            -46.709231,
            -23.515456
          ],
          [
            -46.726172,
            -23.513321
          ],
          [
            -46.744128,
            -23.517113
          ],
          [
            -46.750374,
            -23.52499
          ],
          [
            -46.781185,
            -23.519766
          ],
          [
            -46.795617,
            -23.513778
          ],
          [
            -46.821227,
            -23.507774
          ],
          [
            -46.875972,
            -23.504073
          ],
          [
            -46.856667,
            -23.486667
          ]
        ]
      }
    },
    {
      "type": "Feature",
      "properties": {
        "id": "PPSAX_001",
        "flight_instance": "PPSAX_001#0",
        "start_time": "14:33:54.00",
        "scenario": "produto2_C1_2025-11-09_off.scn",
        "waypoint_count": 9,
        "planned_flight_instance": "PPSAX_001#0",
        "planned_start_time": "14:33:54.00",
        "vehicle_type": "helicoptero",
        "aircraft_model": "A109",
        "start_time_delta_s": 0.0,
        "spatial_adherence_pct": 44.25531914893617,
        "planned_line_adherence_pct": 82.5531914893617,
        "adherence_reference": "official_reh_polygons",
        "mean_deviation_m": 132.0268437439624,
        "p95_deviation_m": 506.5465898985252,
        "max_deviation_m": 570.8368689182832,
        "planned_distance_m": 16108.863215316727,
        "executed_distance_m": 15659.37169692,
        "additional_distance_m": -449.49151839672777,
        "trajectory_conformity_ratio": -0.027903366760811496,
        "planned_horizontal_inefficiency_ratio": 0.29212762926034685,
        "executed_horizontal_inefficiency_ratio": 0.25607291811931754,
        "executed_samples": 235
      },
      "geometry": {
        "type": "LineString",
        "coordinates": [
          [
            -46.690833,
            -23.590833
          ],
          [
            -46.692534,
            -23.585369
          ],
          [
            -46.699921,
            -23.612668
          ],
          [
            -46.702161,
            -23.620571
          ],
          [
            -46.71228,
            -23.626616
          ],
          [
            -46.726108,
            -23.640325
          ],
          [
            -46.724402,
            -23.653053
          ],
          [
            -46.690012,
            -23.699694
          ],
          [
            -46.6925,
            -23.703056
          ]
        ]
      }
    },
    {
      "type": "Feature",
      "properties": {
        "id": "EC1_0102",
        "flight_instance": "EC1_0102#0",
        "start_time": "14:34:00.00",
        "scenario": "produto2_C1_2025-11-09_off.scn",
        "waypoint_count": 22,
        "planned_flight_instance": "EC1_0102#0",
        "planned_start_time": "14:34:00.00",
        "vehicle_type": "eVTOL",
        "aircraft_model": "EVTOL",
        "start_time_delta_s": 0.0,
        "spatial_adherence_pct": 78.97648686030429,
        "planned_line_adherence_pct": 100.0,
        "adherence_reference": "official_reh_polygons",
        "mean_deviation_m": 20.467375251066407,
        "p95_deviation_m": 110.85192001898716,
        "max_deviation_m": 240.56851749734076,
        "planned_distance_m": 29504.706330086396,
        "executed_distance_m": 28362.89935583,
        "additional_distance_m": -1141.8069742563966,
        "trajectory_conformity_ratio": -0.03869914723035486,
        "planned_horizontal_inefficiency_ratio": 0.42181507216715314,
        "executed_horizontal_inefficiency_ratio": 0.3667920413550188,
        "executed_samples": 723
      },
      "geometry": {
        "type": "LineString",
        "coordinates": [
          [
            -46.781111,
            -23.478611
          ],
          [
            -46.776754,
            -23.472388
          ],
          [
            -46.771369,
            -23.476155
          ],
          [
            -46.770638,
            -23.485813
          ],
          [
            -46.766936,
            -23.492656
          ],
          [
            -46.7597,
            -23.494855
          ],
          [
            -46.756253,
            -23.498105
          ],
          [
            -46.753944,
            -23.505863
          ],
          [
            -46.744374,
            -23.508658
          ],
          [
            -46.732639,
            -23.509208
          ],
          [
            -46.726957,
            -23.51363
          ],
          [
            -46.744128,
            -23.517113
          ],
          [
            -46.751433,
            -23.525731
          ],
          [
            -46.755767,
            -23.548092
          ],
          [
            -46.747931,
            -23.557437
          ],
          [
            -46.723564,
            -23.602377
          ],
          [
            -46.712994,
            -23.612071
          ],
          [
            -46.699523,
            -23.613222
          ],
          [
            -46.688349,
            -23.615738
          ],
          [
            -46.678516,
            -23.62337
          ],
          [
            -46.669241,
            -23.634056
          ],
          [
            -46.656389,
            -23.626111
          ]
        ]
      }
    },
    {
      "type": "Feature",
      "properties": {
        "id": "EC1_0136",
        "flight_instance": "EC1_0136#0",
        "start_time": "14:35:00.00",
        "scenario": "produto2_C1_2025-11-09_off.scn",
        "waypoint_count": 16,
        "planned_flight_instance": "EC1_0136#0",
        "planned_start_time": "14:35:00.00",
        "vehicle_type": "eVTOL",
        "aircraft_model": "EVTOL",
        "start_time_delta_s": 0.0,
        "spatial_adherence_pct": 90.73170731707317,
        "planned_line_adherence_pct": 98.04878048780488,
        "adherence_reference": "official_reh_polygons",
        "mean_deviation_m": 35.176513204837136,
        "p95_deviation_m": 145.6533218105943,
        "max_deviation_m": 301.091233336486,
        "planned_distance_m": 15205.986597422148,
        "executed_distance_m": 14063.09431715,
        "additional_distance_m": -1142.8922802721481,
        "trajectory_conformity_ratio": -0.075160679180521,
        "planned_horizontal_inefficiency_ratio": 0.7267400618175689,
        "executed_horizontal_inefficiency_ratio": 0.5969571060031456,
        "executed_samples": 410
      },
      "geometry": {
        "type": "LineString",
        "coordinates": [
          [
            -46.736944,
            -23.546667
          ],
          [
            -46.733761,
            -23.545134
          ],
          [
            -46.746866,
            -23.533391
          ],
          [
            -46.749087,
            -23.526381
          ],
          [
            -46.742985,
            -23.519104
          ],
          [
            -46.725265,
            -23.515259
          ],
          [
            -46.731696,
            -23.50713
          ],
          [
            -46.743982,
            -23.506437
          ],
          [
            -46.75222,
            -23.504262
          ],
          [
            -46.754052,
            -23.497111
          ],
          [
            -46.758475,
            -23.492906
          ],
          [
            -46.765319,
            -23.490964
          ],
          [
            -46.768251,
            -23.485298
          ],
          [
            -46.769169,
            -23.47516
          ],
          [
            -46.777452,
            -23.470231
          ],
          [
            -46.781111,
            -23.478611
          ]
        ]
      }
    },
    {
      "type": "Feature",
      "properties": {
        "id": "PTYML",
        "flight_instance": "PTYML#0",
        "start_time": "14:35:20.00",
        "scenario": "produto2_C1_2025-11-09_off.scn",
        "waypoint_count": 23,
        "planned_flight_instance": "PTYML#0",
        "planned_start_time": "14:35:20.00",
        "vehicle_type": "helicoptero",
        "aircraft_model": "B06",
        "start_time_delta_s": 0.0,
        "spatial_adherence_pct": 79.86463620981388,
        "planned_line_adherence_pct": 100.0,
        "adherence_reference": "official_reh_polygons",
        "mean_deviation_m": 23.351314542579836,
        "p95_deviation_m": 135.74974418417594,
        "max_deviation_m": 236.6096063991958,
        "planned_distance_m": 34149.62566420084,
        "executed_distance_m": 33221.35437113,
        "additional_distance_m": -928.2712930708367,
        "trajectory_conformity_ratio": -0.027182473453697224,
        "planned_horizontal_inefficiency_ratio": 5.753800323826964,
        "executed_horizontal_inefficiency_ratio": 5.570215325812966,
        "executed_samples": 591
      },
      "geometry": {
        "type": "LineString",
        "coordinates": [
          [
            -46.675556,
            -23.584167
          ],
          [
            -46.669765,
            -23.571637
          ],
          [
            -46.678469,
            -23.562044
          ],
          [
            -46.681254,
            -23.556691
          ],
          [
            -46.678868,
            -23.552963
          ],
          [
            -46.670344,
            -23.524761
          ],
          [
            -46.67633,
            -23.522493
          ],
          [
            -46.682605,
            -23.521447
          ],
          [
            -46.692085,
            -23.520419
          ],
          [
            -46.698562,
            -23.518796
          ],
          [
            -46.709231,
            -23.515456
          ],
          [
            -46.726172,
            -23.513321
          ],
          [
            -46.744128,
            -23.517113
          ],
          [
            -46.751433,
            -23.525731
          ],
          [
            -46.755767,
            -23.548092
          ],
          [
            -46.747931,
            -23.557437
          ],
          [
            -46.723564,
            -23.602377
          ],
          [
            -46.712994,
            -23.612071
          ],
          [
            -46.699523,
            -23.613222
          ],
          [
            -46.688349,
            -23.615738
          ],
          [
            -46.678516,
            -23.62337
          ],
          [
            -46.669241,
            -23.634056
          ],
          [
            -46.656389,
            -23.626111
          ]
        ]
      }
    },
    {
      "type": "Feature",
      "properties": {
        "id": "PTYME",
        "flight_instance": "PTYME#0",
        "start_time": "14:36:07.00",
        "scenario": "produto2_C1_2025-11-09_off.scn",
        "waypoint_count": 12,
        "planned_flight_instance": "PTYME#0",
        "planned_start_time": "14:36:07.00",
        "vehicle_type": "helicoptero",
        "aircraft_model": "B06",
        "start_time_delta_s": 0.0,
        "spatial_adherence_pct": 60.18808777429467,
        "planned_line_adherence_pct": 100.0,
        "adherence_reference": "official_reh_polygons",
        "mean_deviation_m": 21.0703340562927,
        "p95_deviation_m": 81.09047160233497,
        "max_deviation_m": 113.52290710164273,
        "planned_distance_m": 15438.46411306824,
        "executed_distance_m": 15251.6818165,
        "additional_distance_m": -186.78229656823896,
        "trajectory_conformity_ratio": -0.012098502493530613,
        "planned_horizontal_inefficiency_ratio": 0.173985871186462,
        "executed_horizontal_inefficiency_ratio": 0.15978240019654288,
        "executed_samples": 319
      },
      "geometry": {
        "type": "LineString",
        "coordinates": [
          [
            -46.633,
            -23.509
          ],
          [
            -46.646,
            -23.52784
          ],
          [
            -46.643156,
            -23.529869
          ],
          [
            -46.640193,
            -23.533856
          ],
          [
            -46.635497,
            -23.53568
          ],
          [
            -46.617988,
            -23.544768
          ],
          [
            -46.612476,
            -23.5533
          ],
          [
            -46.605043,
            -23.567604
          ],
          [
            -46.599068,
            -23.587303
          ],
          [
            -46.586326,
            -23.592585
          ],
          [
            -46.580394,
            -23.599341
          ],
          [
            -46.580278,
            -23.616944
          ]
        ]
      }
    },
    {
      "type": "Feature",
      "properties": {
        "id": "EC1_0080",
        "flight_instance": "EC1_0080#0",
        "start_time": "14:37:00.00",
        "scenario": "produto2_C1_2025-11-09_off.scn",
        "waypoint_count": 10,
        "planned_flight_instance": "EC1_0080#0",
        "planned_start_time": "14:37:00.00",
        "vehicle_type": "eVTOL",
        "aircraft_model": "EVTOL",
        "start_time_delta_s": 0.0,
        "spatial_adherence_pct": 72.17068645640074,
        "planned_line_adherence_pct": 100.0,
        "adherence_reference": "official_reh_polygons",
        "mean_deviation_m": 17.41259759371132,
        "p95_deviation_m": 91.41398808552802,
        "max_deviation_m": 199.56051167379863,
        "planned_distance_m": 20254.987749473454,
        "executed_distance_m": 19718.00859382,
        "additional_distance_m": -536.9791556534547,
        "trajectory_conformity_ratio": -0.026510959290380904,
        "planned_horizontal_inefficiency_ratio": 0.34692924540488557,
        "executed_horizontal_inefficiency_ratio": 0.31122085901293317,
        "executed_samples": 539
      },
      "geometry": {
        "type": "LineString",
        "coordinates": [
          [
            -46.685556,
            -23.591111
          ],
          [
            -46.692495,
            -23.585293
          ],
          [
            -46.699842,
            -23.612514
          ],
          [
            -46.712735,
            -23.611218
          ],
          [
            -46.751406,
            -23.607512
          ],
          [
            -46.809684,
            -23.591238
          ],
          [
            -46.807212,
            -23.579688
          ],
          [
            -46.8132,
            -23.569513
          ],
          [
            -46.819596,
            -23.562869
          ],
          [
            -46.830278,
            -23.564722
          ]
        ]
      }
    },
    {
      "type": "Feature",
      "properties": {
        "id": "PSEII_003",
        "flight_instance": "PSEII_003#0",
        "start_time": "14:37:54.00",
        "scenario": "produto2_C1_2025-11-09_off.scn",
        "waypoint_count": 9,
        "planned_flight_instance": "PSEII_003#0",
        "planned_start_time": "14:37:54.00",
        "vehicle_type": "helicoptero",
        "aircraft_model": "AS50",
        "start_time_delta_s": 0.0,
        "spatial_adherence_pct": 41.69741697416974,
        "planned_line_adherence_pct": 100.0,
        "adherence_reference": "official_reh_polygons",
        "mean_deviation_m": 42.7569619536226,
        "p95_deviation_m": 108.46307410810681,
        "max_deviation_m": 136.0092748207881,
        "planned_distance_m": 16844.96062058117,
        "executed_distance_m": 16232.14584238,
        "additional_distance_m": -612.8147782011692,
        "trajectory_conformity_ratio": -0.03637970975440764,
        "planned_horizontal_inefficiency_ratio": 0.34916872299902496,
        "executed_horizontal_inefficiency_ratio": 0.30008635644659565,
        "executed_samples": 271
      },
      "geometry": {
        "type": "LineString",
        "coordinates": [
          [
            -46.680833,
            -23.591111
          ],
          [
            -46.692458,
            -23.585243
          ],
          [
            -46.699921,
            -23.612668
          ],
          [
            -46.702161,
            -23.620571
          ],
          [
            -46.71228,
            -23.626616
          ],
          [
            -46.726108,
            -23.640325
          ],
          [
            -46.724402,
            -23.653053
          ],
          [
            -46.690012,
            -23.699694
          ],
          [
            -46.6925,
            -23.703056
          ]
        ]
      }
    },
    {
      "type": "Feature",
      "properties": {
        "id": "EC1_0156",
        "flight_instance": "EC1_0156#0",
        "start_time": "14:38:00.00",
        "scenario": "produto2_C1_2025-11-09_off.scn",
        "waypoint_count": 30,
        "planned_flight_instance": "EC1_0156#0",
        "planned_start_time": "14:38:00.00",
        "vehicle_type": "eVTOL",
        "aircraft_model": "EVTOL",
        "start_time_delta_s": 0.0,
        "spatial_adherence_pct": 81.45161290322581,
        "planned_line_adherence_pct": 100.0,
        "adherence_reference": "official_reh_polygons",
        "mean_deviation_m": 19.106726878205734,
        "p95_deviation_m": 124.18602479938201,
        "max_deviation_m": 189.99600033422743,
        "planned_distance_m": 54910.47865049409,
        "executed_distance_m": 54511.84997306,
        "additional_distance_m": -398.6286774340915,
        "trajectory_conformity_ratio": -0.007259610319031605,
        "planned_horizontal_inefficiency_ratio": 0.9434964699889659,
        "executed_horizontal_inefficiency_ratio": 0.9293874429604325,
        "executed_samples": 1364
      },
      "geometry": {
        "type": "LineString",
        "coordinates": [
          [
            -46.656389,
            -23.626111
          ],
          [
            -46.669092,
            -23.633166
          ],
          [
            -46.677804,
            -23.62275
          ],
          [
            -46.687891,
            -23.614942
          ],
          [
            -46.699366,
            -23.612334
          ],
          [
            -46.712562,
            -23.611263
          ],
          [
            -46.722716,
            -23.601923
          ],
          [
            -46.747069,
            -23.557007
          ],
          [
            -46.754789,
            -23.548019
          ],
          [
            -46.749123,
            -23.526491
          ],
          [
            -46.742985,
            -23.519104
          ],
          [
            -46.72605,
            -23.515568
          ],
          [
            -46.709753,
            -23.517655
          ],
          [
            -46.6993,
            -23.520942
          ],
          [
            -46.692524,
            -23.522632
          ],
          [
            -46.682954,
            -23.523674
          ],
          [
            -46.676805,
            -23.5247
          ],
          [
            -46.670916,
            -23.525166
          ],
          [
            -46.659889,
            -23.526661
          ],
          [
            -46.651967,
            -23.528726
          ],
          [
            -46.645624,
            -23.528465
          ],
          [
            -46.643156,
            -23.529869
          ],
          [
            -46.640193,
            -23.533856
          ],
          [
            -46.635497,
            -23.53568
          ],
          [
            -46.617304,
            -23.545011
          ],
          [
            -46.575669,
            -23.539938
          ],
          [
            -46.557401,
            -23.523786
          ],
          [
            -46.541376,
            -23.503219
          ],
          [
            -46.468276,
            -23.481052
          ],
          [
            -46.473056,
            -23.435556
          ]
        ]
      }
    },
    {
      "type": "Feature",
      "properties": {
        "id": "EC1_0009",
        "flight_instance": "EC1_0009#0",
        "start_time": "14:39:00.00",
        "scenario": "produto2_C1_2025-11-09_off.scn",
        "waypoint_count": 12,
        "planned_flight_instance": "EC1_0009#0",
        "planned_start_time": "14:39:00.00",
        "vehicle_type": "eVTOL",
        "aircraft_model": "EVTOL",
        "start_time_delta_s": 0.0,
        "spatial_adherence_pct": 71.13259668508287,
        "planned_line_adherence_pct": 100.0,
        "adherence_reference": "official_reh_polygons",
        "mean_deviation_m": 7.173604101707715,
        "p95_deviation_m": 21.506873318233286,
        "max_deviation_m": 106.05061295217199,
        "planned_distance_m": 26310.7491327017,
        "executed_distance_m": 25916.13802414,
        "additional_distance_m": -394.61110856170126,
        "trajectory_conformity_ratio": -0.014998094754787429,
        "planned_horizontal_inefficiency_ratio": 0.2556920998879288,
        "executed_horizontal_inefficiency_ratio": 0.23685911079097163,
        "executed_samples": 724
      },
      "geometry": {
        "type": "LineString",
        "coordinates": [
          [
            -46.856667,
            -23.486667
          ],
          [
            -46.877361,
            -23.505927
          ],
          [
            -46.821551,
            -23.510004
          ],
          [
            -46.79638,
            -23.515916
          ],
          [
            -46.781822,
            -23.521939
          ],
          [
            -46.75076,
            -23.527145
          ],
          [
            -46.748854,
            -23.534709
          ],
          [
            -46.735007,
            -23.5462
          ],
          [
            -46.706979,
            -23.561333
          ],
          [
            -46.7012,
            -23.571137
          ],
          [
            -46.692476,
            -23.585777
          ],
          [
            -46.685556,
            -23.591111
          ]
        ]
      }
    },
    {
      "type": "Feature",
      "properties": {
        "id": "EC1_0004",
        "flight_instance": "EC1_0004#0",
        "start_time": "14:40:00.00",
        "scenario": "produto2_C1_2025-11-09_off.scn",
        "waypoint_count": 19,
        "planned_flight_instance": "EC1_0004#0",
        "planned_start_time": "14:40:00.00",
        "vehicle_type": "eVTOL",
        "aircraft_model": "EVTOL",
        "start_time_delta_s": 0.0,
        "spatial_adherence_pct": 65.75492341356673,
        "planned_line_adherence_pct": 100.0,
        "adherence_reference": "official_reh_polygons",
        "mean_deviation_m": 23.972768205009228,
        "p95_deviation_m": 131.82999984291865,
        "max_deviation_m": 221.99223783147434,
        "planned_distance_m": 32680.92519170369,
        "executed_distance_m": 31627.69096777,
        "additional_distance_m": -1053.2342239336904,
        "trajectory_conformity_ratio": -0.0322277970331471,
        "planned_horizontal_inefficiency_ratio": 0.4714471972258208,
        "executed_horizontal_inefficiency_ratio": 0.42402569560863385,
        "executed_samples": 914
      },
      "geometry": {
        "type": "LineString",
        "coordinates": [
          [
            -46.856667,
            -23.486667
          ],
          [
            -46.877361,
            -23.505927
          ],
          [
            -46.821551,
            -23.510004
          ],
          [
            -46.79638,
            -23.515916
          ],
          [
            -46.781822,
            -23.521939
          ],
          [
            -46.750181,
            -23.527233
          ],
          [
            -46.742985,
            -23.519104
          ],
          [
            -46.72605,
            -23.515568
          ],
          [
            -46.709753,
            -23.517655
          ],
          [
            -46.6993,
            -23.520942
          ],
          [
            -46.692524,
            -23.522632
          ],
          [
            -46.682954,
            -23.523674
          ],
          [
            -46.676805,
            -23.5247
          ],
          [
            -46.671322,
            -23.524683
          ],
          [
            -46.679805,
            -23.552694
          ],
          [
            -46.682234,
            -23.556732
          ],
          [
            -46.679272,
            -23.562561
          ],
          [
            -46.670249,
            -23.572148
          ],
          [
            -46.655,
            -23.562222
          ]
        ]
      }
    },
    {
      "type": "Feature",
      "properties": {
        "id": "EC1_0012",
        "flight_instance": "EC1_0012#0",
        "start_time": "14:41:00.00",
        "scenario": "produto2_C1_2025-11-09_off.scn",
        "waypoint_count": 18,
        "planned_flight_instance": "EC1_0012#0",
        "planned_start_time": "14:41:00.00",
        "vehicle_type": "eVTOL",
        "aircraft_model": "EVTOL",
        "start_time_delta_s": 0.0,
        "spatial_adherence_pct": 76.88442211055276,
        "planned_line_adherence_pct": 99.12060301507537,
        "adherence_reference": "official_reh_polygons",
        "mean_deviation_m": 20.52934376988952,
        "p95_deviation_m": 89.85703524940581,
        "max_deviation_m": 304.40200385946,
        "planned_distance_m": 28575.485215498844,
        "executed_distance_m": 27263.39415782,
        "additional_distance_m": -1312.0910576788447,
        "trajectory_conformity_ratio": -0.045916667653544845,
        "planned_horizontal_inefficiency_ratio": 2.683558655045073,
        "executed_horizontal_inefficiency_ratio": 2.5144219164990296,
        "executed_samples": 796
      },
      "geometry": {
        "type": "LineString",
        "coordinates": [
          [
            -46.856667,
            -23.486667
          ],
          [
            -46.877361,
            -23.505927
          ],
          [
            -46.821551,
            -23.510004
          ],
          [
            -46.79638,
            -23.515916
          ],
          [
            -46.781822,
            -23.521939
          ],
          [
            -46.750181,
            -23.527233
          ],
          [
            -46.742985,
            -23.519104
          ],
          [
            -46.725265,
            -23.515259
          ],
          [
            -46.731696,
            -23.50713
          ],
          [
            -46.743982,
            -23.506437
          ],
          [
            -46.75222,
            -23.504262
          ],
          [
            -46.754052,
            -23.497111
          ],
          [
            -46.758475,
            -23.492906
          ],
          [
            -46.765319,
            -23.490964
          ],
          [
            -46.768251,
            -23.485298
          ],
          [
            -46.769169,
            -23.47516
          ],
          [
            -46.777452,
            -23.470231
          ],
          [
            -46.781111,
            -23.478611
          ]
        ]
      }
    },
    {
      "type": "Feature",
      "properties": {
        "id": "PPKSL_002",
        "flight_instance": "PPKSL_002#0",
        "start_time": "14:43:11.00",
        "scenario": "produto2_C1_2025-11-09_off.scn",
        "waypoint_count": 19,
        "planned_flight_instance": "PPKSL_002#0",
        "planned_start_time": "14:43:11.00",
        "vehicle_type": "helicoptero",
        "aircraft_model": "B429",
        "start_time_delta_s": 0.0,
        "spatial_adherence_pct": 52.112676056338024,
        "planned_line_adherence_pct": 79.34272300469483,
        "adherence_reference": "official_reh_polygons",
        "mean_deviation_m": 121.82425933284229,
        "p95_deviation_m": 480.7824415374656,
        "max_deviation_m": 595.5749687307224,
        "planned_distance_m": 40793.17803055871,
        "executed_distance_m": 38313.80422382,
        "additional_distance_m": -2479.3738067387094,
        "trajectory_conformity_ratio": -0.060779128433714524,
        "planned_horizontal_inefficiency_ratio": 1.5679991695436262,
        "executed_horizontal_inefficiency_ratio": 1.411918418200262,
        "executed_samples": 639
      },
      "geometry": {
        "type": "LineString",
        "coordinates": [
          [
            -46.655833,
            -23.564167
          ],
          [
            -46.67074,
            -23.571658
          ],
          [
            -46.65796,
            -23.582248
          ],
          [
            -46.650833,
            -23.592117
          ],
          [
            -46.638016,
            -23.582288
          ],
          [
            -46.627682,
            -23.57518
          ],
          [
            -46.614564,
            -23.55844
          ],
          [
            -46.612201,
            -23.553621
          ],
          [
            -46.605043,
            -23.567604
          ],
          [
            -46.599279,
            -23.586761
          ],
          [
            -46.601779,
            -23.603514
          ],
          [
            -46.60251,
            -23.620927
          ],
          [
            -46.59658,
            -23.636235
          ],
          [
            -46.584352,
            -23.646914
          ],
          [
            -46.573805,
            -23.665984
          ],
          [
            -46.60796,
            -23.721804
          ],
          [
            -46.674299,
            -23.702626
          ],
          [
            -46.68894,
            -23.698021
          ],
          [
            -46.6925,
            -23.703056
          ]
        ]
      }
    },
    {
      "type": "Feature",
      "properties": {
        "id": "PPKSL_003",
        "flight_instance": "PPKSL_003#0",
        "start_time": "14:43:22.00",
        "scenario": "produto2_C1_2025-11-09_off.scn",
        "waypoint_count": 19,
        "planned_flight_instance": "PPKSL_003#0",
        "planned_start_time": "14:43:22.00",
        "vehicle_type": "helicoptero",
        "aircraft_model": "B429",
        "start_time_delta_s": 0.0,
        "spatial_adherence_pct": 52.112676056338024,
        "planned_line_adherence_pct": 79.34272300469483,
        "adherence_reference": "official_reh_polygons",
        "mean_deviation_m": 121.82425933284229,
        "p95_deviation_m": 480.7824415374656,
        "max_deviation_m": 595.5749687307224,
        "planned_distance_m": 40793.17803055871,
        "executed_distance_m": 38313.80422382,
        "additional_distance_m": -2479.3738067387094,
        "trajectory_conformity_ratio": -0.060779128433714524,
        "planned_horizontal_inefficiency_ratio": 1.5679991695436262,
        "executed_horizontal_inefficiency_ratio": 1.411918418200262,
        "executed_samples": 639
      },
      "geometry": {
        "type": "LineString",
        "coordinates": [
          [
            -46.655833,
            -23.564167
          ],
          [
            -46.67074,
            -23.571658
          ],
          [
            -46.65796,
            -23.582248
          ],
          [
            -46.650833,
            -23.592117
          ],
          [
            -46.638016,
            -23.582288
          ],
          [
            -46.627682,
            -23.57518
          ],
          [
            -46.614564,
            -23.55844
          ],
          [
            -46.612201,
            -23.553621
          ],
          [
            -46.605043,
            -23.567604
          ],
          [
            -46.599279,
            -23.586761
          ],
          [
            -46.601779,
            -23.603514
          ],
          [
            -46.60251,
            -23.620927
          ],
          [
            -46.59658,
            -23.636235
          ],
          [
            -46.584352,
            -23.646914
          ],
          [
            -46.573805,
            -23.665984
          ],
          [
            -46.60796,
            -23.721804
          ],
          [
            -46.674299,
            -23.702626
          ],
          [
            -46.68894,
            -23.698021
          ],
          [
            -46.6925,
            -23.703056
          ]
        ]
      }
    },
    {
      "type": "Feature",
      "properties": {
        "id": "EC1_0043",
        "flight_instance": "EC1_0043#0",
        "start_time": "14:44:00.00",
        "scenario": "produto2_C1_2025-11-09_off.scn",
        "waypoint_count": 20,
        "planned_flight_instance": "EC1_0043#0",
        "planned_start_time": "14:44:00.00",
        "vehicle_type": "eVTOL",
        "aircraft_model": "EVTOL",
        "start_time_delta_s": 0.0,
        "spatial_adherence_pct": 77.57296466973887,
        "planned_line_adherence_pct": 100.0,
        "adherence_reference": "official_reh_polygons",
        "mean_deviation_m": 9.310514889306596,
        "p95_deviation_m": 46.326521683663444,
        "max_deviation_m": 143.39452232610438,
        "planned_distance_m": 26789.4115158122,
        "executed_distance_m": 26387.73177384,
        "additional_distance_m": -401.6797419721988,
        "trajectory_conformity_ratio": -0.014993974083197427,
        "planned_horizontal_inefficiency_ratio": 4.98782492831469,
        "executed_horizontal_inefficiency_ratio": 4.8980436365248154,
        "executed_samples": 651
      },
      "geometry": {
        "type": "LineString",
        "coordinates": [
          [
            -46.655,
            -23.562222
          ],
          [
            -46.670253,
            -23.571249
          ],
          [
            -46.678469,
            -23.562044
          ],
          [
            -46.681254,
            -23.556691
          ],
          [
            -46.678868,
            -23.552963
          ],
          [
            -46.670344,
            -23.524761
          ],
          [
            -46.67633,
            -23.522493
          ],
          [
            -46.682605,
            -23.521447
          ],
          [
            -46.692085,
            -23.520419
          ],
          [
            -46.698562,
            -23.518796
          ],
          [
            -46.709231,
            -23.515456
          ],
          [
            -46.726172,
            -23.513321
          ],
          [
            -46.744128,
            -23.517113
          ],
          [
            -46.751469,
            -23.525841
          ],
          [
            -46.748854,
            -23.534709
          ],
          [
            -46.735007,
            -23.5462
          ],
          [
            -46.706979,
            -23.561333
          ],
          [
            -46.7012,
            -23.571137
          ],
          [
            -46.692476,
            -23.585777
          ],
          [
            -46.685556,
            -23.591111
          ]
        ]
      }
    },
    {
      "type": "Feature",
      "properties": {
        "id": "EC1_0067",
        "flight_instance": "EC1_0067#0",
        "start_time": "14:44:00.00",
        "scenario": "produto2_C1_2025-11-09_off.scn",
        "waypoint_count": 20,
        "planned_flight_instance": "EC1_0067#0",
        "planned_start_time": "14:44:00.00",
        "vehicle_type": "eVTOL",
        "aircraft_model": "EVTOL",
        "start_time_delta_s": 0.0,
        "spatial_adherence_pct": 65.80937972768533,
        "planned_line_adherence_pct": 100.0,
        "adherence_reference": "official_reh_polygons",
        "mean_deviation_m": 30.570365244389606,
        "p95_deviation_m": 153.9193914275658,
        "max_deviation_m": 226.66642923465062,
        "planned_distance_m": 26266.560582715785,
        "executed_distance_m": 25477.54143557,
        "additional_distance_m": -789.0191471457838,
        "trajectory_conformity_ratio": -0.03003892133730607,
        "planned_horizontal_inefficiency_ratio": 4.870943612998789,
        "executed_horizontal_inefficiency_ratio": 4.694586799632159,
        "executed_samples": 661
      },
      "geometry": {
        "type": "LineString",
        "coordinates": [
          [
            -46.685556,
            -23.591111
          ],
          [
            -46.691668,
            -23.585265
          ],
          [
            -46.700338,
            -23.570707
          ],
          [
            -46.706363,
            -23.560632
          ],
          [
            -46.734437,
            -23.545467
          ],
          [
            -46.746866,
            -23.533391
          ],
          [
            -46.749087,
            -23.526381
          ],
          [
            -46.742985,
            -23.519104
          ],
          [
            -46.72605,
            -23.515568
          ],
          [
            -46.709753,
            -23.517655
          ],
          [
            -46.6993,
            -23.520942
          ],
          [
            -46.692524,
            -23.522632
          ],
          [
            -46.682954,
            -23.523674
          ],
          [
            -46.676805,
            -23.5247
          ],
          [
            -46.671322,
            -23.524683
          ],
          [
            -46.679805,
            -23.552694
          ],
          [
            -46.682234,
            -23.556732
          ],
          [
            -46.679272,
            -23.562561
          ],
          [
            -46.670249,
            -23.572148
          ],
          [
            -46.655,
            -23.562222
          ]
        ]
      }
    },
    {
      "type": "Feature",
      "properties": {
        "id": "EC1_0087",
        "flight_instance": "EC1_0087#0",
        "start_time": "14:45:00.00",
        "scenario": "produto2_C1_2025-11-09_off.scn",
        "waypoint_count": 27,
        "planned_flight_instance": "EC1_0087#0",
        "planned_start_time": "14:45:00.00",
        "vehicle_type": "eVTOL",
        "aircraft_model": "EVTOL",
        "start_time_delta_s": 0.0,
        "spatial_adherence_pct": 78.1896551724138,
        "planned_line_adherence_pct": 100.0,
        "adherence_reference": "official_reh_polygons",
        "mean_deviation_m": 22.420024982593276,
        "p95_deviation_m": 134.64614367175895,
        "max_deviation_m": 189.2984249439732,
        "planned_distance_m": 47250.35096749387,
        "executed_distance_m": 46873.04692946,
        "additional_distance_m": -377.3040380338716,
        "trajectory_conformity_ratio": -0.007985211333000255,
        "planned_horizontal_inefficiency_ratio": 0.7042937255546974,
        "executed_horizontal_inefficiency_ratio": 0.6906845799826368,
        "executed_samples": 1160
      },
      "geometry": {
        "type": "LineString",
        "coordinates": [
          [
            -46.685556,
            -23.591111
          ],
          [
            -46.691668,
            -23.585265
          ],
          [
            -46.700338,
            -23.570707
          ],
          [
            -46.706363,
            -23.560632
          ],
          [
            -46.734437,
            -23.545467
          ],
          [
            -46.746866,
            -23.533391
          ],
          [
            -46.749087,
            -23.526381
          ],
          [
            -46.742985,
            -23.519104
          ],
          [
            -46.72605,
            -23.515568
          ],
          [
            -46.709753,
            -23.517655
          ],
          [
            -46.6993,
            -23.520942
          ],
          [
            -46.692524,
            -23.522632
          ],
          [
            -46.682954,
            -23.523674
          ],
          [
            -46.676805,
            -23.5247
          ],
          [
            -46.670916,
            -23.525166
          ],
          [
            -46.659889,
            -23.526661
          ],
          [
            -46.651967,
            -23.528726
          ],
          [
            -46.645624,
            -23.528465
          ],
          [
            -46.643156,
            -23.529869
          ],
          [
            -46.640193,
            -23.533856
          ],
          [
            -46.635497,
            -23.53568
          ],
          [
            -46.617304,
            -23.545011
          ],
          [
            -46.575669,
            -23.539938
          ],
          [
            -46.557401,
            -23.523786
          ],
          [
            -46.541376,
            -23.503219
          ],
          [
            -46.468276,
            -23.481052
          ],
          [
            -46.473056,
            -23.435556
          ]
        ]
      }
    },
    {
      "type": "Feature",
      "properties": {
        "id": "EC1_0114",
        "flight_instance": "EC1_0114#0",
        "start_time": "14:45:00.00",
        "scenario": "produto2_C1_2025-11-09_off.scn",
        "waypoint_count": 10,
        "planned_flight_instance": "EC1_0114#0",
        "planned_start_time": "14:45:00.00",
        "vehicle_type": "eVTOL",
        "aircraft_model": "EVTOL",
        "start_time_delta_s": 0.0,
        "spatial_adherence_pct": 78.41726618705036,
        "planned_line_adherence_pct": 98.38129496402878,
        "adherence_reference": "official_reh_polygons",
        "mean_deviation_m": 60.30430732441436,
        "p95_deviation_m": 166.58664393497543,
        "max_deviation_m": 333.5502808579451,
        "planned_distance_m": 20153.271224488002,
        "executed_distance_m": 18939.26536973,
        "additional_distance_m": -1214.005854758001,
        "trajectory_conformity_ratio": -0.06023865015436684,
        "planned_horizontal_inefficiency_ratio": 0.3401823829455895,
        "executed_horizontal_inefficiency_ratio": 0.2594516052362844,
        "executed_samples": 556
      },
      "geometry": {
        "type": "LineString",
        "coordinates": [
          [
            -46.830278,
            -23.564722
          ],
          [
            -46.820443,
            -23.56498
          ],
          [
            -46.815243,
            -23.570761
          ],
          [
            -46.809635,
            -23.580051
          ],
          [
            -46.810871,
            -23.593207
          ],
          [
            -46.751928,
            -23.60971
          ],
          [
            -46.71282,
            -23.612115
          ],
          [
            -46.699047,
            -23.613042
          ],
          [
            -46.691649,
            -23.585749
          ],
          [
            -46.685556,
            -23.591111
          ]
        ]
      }
    },
    {
      "type": "Feature",
      "properties": {
        "id": "PTEGB_004",
        "flight_instance": "PTEGB_004#0",
        "start_time": "14:45:19.00",
        "scenario": "produto2_C1_2025-11-09_off.scn",
        "waypoint_count": 19,
        "planned_flight_instance": "PTEGB_004#0",
        "planned_start_time": "14:45:19.00",
        "vehicle_type": "helicoptero",
        "aircraft_model": "EC45",
        "start_time_delta_s": 0.0,
        "spatial_adherence_pct": 73.29842931937172,
        "planned_line_adherence_pct": 97.90575916230367,
        "adherence_reference": "official_reh_polygons",
        "mean_deviation_m": 38.17623940066869,
        "p95_deviation_m": 177.3629218473178,
        "max_deviation_m": 334.4328250383679,
        "planned_distance_m": 19883.080380574585,
        "executed_distance_m": 18899.36459819,
        "additional_distance_m": -983.7157823845846,
        "trajectory_conformity_ratio": -0.04947501913967301,
        "planned_horizontal_inefficiency_ratio": 0.3535226918253154,
        "executed_horizontal_inefficiency_ratio": 0.2865571307412762,
        "executed_samples": 382
      },
      "geometry": {
        "type": "LineString",
        "coordinates": [
          [
            -46.661667,
            -23.5525
          ],
          [
            -46.678867,
            -23.552698
          ],
          [
            -46.670344,
            -23.524761
          ],
          [
            -46.67633,
            -23.522493
          ],
          [
            -46.682605,
            -23.521447
          ],
          [
            -46.692085,
            -23.520419
          ],
          [
            -46.698562,
            -23.518796
          ],
          [
            -46.709231,
            -23.515456
          ],
          [
            -46.725652,
            -23.513401
          ],
          [
            -46.731696,
            -23.50713
          ],
          [
            -46.743982,
            -23.506437
          ],
          [
            -46.75222,
            -23.504262
          ],
          [
            -46.754052,
            -23.497111
          ],
          [
            -46.758475,
            -23.492906
          ],
          [
            -46.765319,
            -23.490964
          ],
          [
            -46.768251,
            -23.485298
          ],
          [
            -46.769169,
            -23.47516
          ],
          [
            -46.777452,
            -23.470231
          ],
          [
            -46.781111,
            -23.478611
          ]
        ]
      }
    },
    {
      "type": "Feature",
      "properties": {
        "id": "PRAGW_001",
        "flight_instance": "PRAGW_001#0",
        "start_time": "14:46:15.00",
        "scenario": "produto2_C1_2025-11-09_off.scn",
        "waypoint_count": 7,
        "planned_flight_instance": "PRAGW_001#0",
        "planned_start_time": "14:46:15.00",
        "vehicle_type": "helicoptero",
        "aircraft_model": "A109",
        "start_time_delta_s": 0.0,
        "spatial_adherence_pct": 35.35911602209944,
        "planned_line_adherence_pct": 91.71270718232044,
        "adherence_reference": "official_reh_polygons",
        "mean_deviation_m": 73.42377629641562,
        "p95_deviation_m": 321.1112563720933,
        "max_deviation_m": 425.321080480419,
        "planned_distance_m": 10147.34315346145,
        "executed_distance_m": 9015.23422757,
        "additional_distance_m": -1132.1089258914508,
        "trajectory_conformity_ratio": -0.11156702880450703,
        "planned_horizontal_inefficiency_ratio": 1.196249127514672,
        "executed_horizontal_inefficiency_ratio": 0.9512201378433692,
        "executed_samples": 181
      },
      "geometry": {
        "type": "LineString",
        "coordinates": [
          [
            -46.680833,
            -23.591111
          ],
          [
            -46.692458,
            -23.585243
          ],
          [
            -46.699932,
            -23.612832
          ],
          [
            -46.688349,
            -23.615738
          ],
          [
            -46.678516,
            -23.62337
          ],
          [
            -46.669241,
            -23.634056
          ],
          [
            -46.656389,
            -23.626111
          ]
        ]
      }
    },
    {
      "type": "Feature",
      "properties": {
        "id": "PSAAA",
        "flight_instance": "PSAAA#0",
        "start_time": "14:47:36.00",
        "scenario": "produto2_C1_2025-11-09_off.scn",
        "waypoint_count": 17,
        "planned_flight_instance": "PSAAA#0",
        "planned_start_time": "14:47:36.00",
        "vehicle_type": "helicoptero",
        "aircraft_model": "R66",
        "start_time_delta_s": 0.0,
        "spatial_adherence_pct": 81.75,
        "planned_line_adherence_pct": 95.75,
        "adherence_reference": "official_reh_polygons",
        "mean_deviation_m": 46.06678044275972,
        "p95_deviation_m": 238.73889457255467,
        "max_deviation_m": 424.61938848086817,
        "planned_distance_m": 22260.526988734193,
        "executed_distance_m": 20075.48748167,
        "additional_distance_m": -2185.0395070641935,
        "trajectory_conformity_ratio": -0.0981575821708991,
        "planned_horizontal_inefficiency_ratio": 0.47401488919223705,
        "executed_horizontal_inefficiency_ratio": 0.3293291515852213,
        "executed_samples": 400
      },
      "geometry": {
        "type": "LineString",
        "coordinates": [
          [
            -46.715278,
            -23.600278
          ],
          [
            -46.722735,
            -23.601896
          ],
          [
            -46.747069,
            -23.557007
          ],
          [
            -46.754789,
            -23.548019
          ],
          [
            -46.749123,
            -23.526491
          ],
          [
            -46.742985,
            -23.519104
          ],
          [
            -46.725265,
            -23.515259
          ],
          [
            -46.731696,
            -23.50713
          ],
          [
            -46.743982,
            -23.506437
          ],
          [
            -46.75222,
            -23.504262
          ],
          [
            -46.754052,
            -23.497111
          ],
          [
            -46.758475,
            -23.492906
          ],
          [
            -46.765319,
            -23.490964
          ],
          [
            -46.768251,
            -23.485298
          ],
          [
            -46.769169,
            -23.47516
          ],
          [
            -46.777452,
            -23.470231
          ],
          [
            -46.781111,
            -23.478611
          ]
        ]
      }
    },
    {
      "type": "Feature",
      "properties": {
        "id": "EC1_0088",
        "flight_instance": "EC1_0088#0",
        "start_time": "14:55:00.00",
        "scenario": "produto2_C1_2025-11-09_off.scn",
        "waypoint_count": 27,
        "planned_flight_instance": "EC1_0088#0",
        "planned_start_time": "14:55:00.00",
        "vehicle_type": "eVTOL",
        "aircraft_model": "EVTOL",
        "start_time_delta_s": 0.0,
        "spatial_adherence_pct": 78.1896551724138,
        "planned_line_adherence_pct": 100.0,
        "adherence_reference": "official_reh_polygons",
        "mean_deviation_m": 22.420024982593276,
        "p95_deviation_m": 134.64614367175895,
        "max_deviation_m": 189.2984249439732,
        "planned_distance_m": 47250.35096749387,
        "executed_distance_m": 46873.04692946,
        "additional_distance_m": -377.3040380338716,
        "trajectory_conformity_ratio": -0.007985211333000255,
        "planned_horizontal_inefficiency_ratio": 0.7042937255546974,
        "executed_horizontal_inefficiency_ratio": 0.6906845799826368,
        "executed_samples": 1160
      },
      "geometry": {
        "type": "LineString",
        "coordinates": [
          [
            -46.685556,
            -23.591111
          ],
          [
            -46.691668,
            -23.585265
          ],
          [
            -46.700338,
            -23.570707
          ],
          [
            -46.706363,
            -23.560632
          ],
          [
            -46.734437,
            -23.545467
          ],
          [
            -46.746866,
            -23.533391
          ],
          [
            -46.749087,
            -23.526381
          ],
          [
            -46.742985,
            -23.519104
          ],
          [
            -46.72605,
            -23.515568
          ],
          [
            -46.709753,
            -23.517655
          ],
          [
            -46.6993,
            -23.520942
          ],
          [
            -46.692524,
            -23.522632
          ],
          [
            -46.682954,
            -23.523674
          ],
          [
            -46.676805,
            -23.5247
          ],
          [
            -46.670916,
            -23.525166
          ],
          [
            -46.659889,
            -23.526661
          ],
          [
            -46.651967,
            -23.528726
          ],
          [
            -46.645624,
            -23.528465
          ],
          [
            -46.643156,
            -23.529869
          ],
          [
            -46.640193,
            -23.533856
          ],
          [
            -46.635497,
            -23.53568
          ],
          [
            -46.617304,
            -23.545011
          ],
          [
            -46.575669,
            -23.539938
          ],
          [
            -46.557401,
            -23.523786
          ],
          [
            -46.541376,
            -23.503219
          ],
          [
            -46.468276,
            -23.481052
          ],
          [
            -46.473056,
            -23.435556
          ]
        ]
      }
    },
    {
      "type": "Feature",
      "properties": {
        "id": "EC1_0165",
        "flight_instance": "EC1_0165#0",
        "start_time": "14:59:00.00",
        "scenario": "produto2_C1_2025-11-09_off.scn",
        "waypoint_count": 27,
        "planned_flight_instance": "EC1_0165#0",
        "planned_start_time": "14:59:00.00",
        "vehicle_type": "eVTOL",
        "aircraft_model": "EVTOL",
        "start_time_delta_s": 0.0,
        "spatial_adherence_pct": 79.08286403861625,
        "planned_line_adherence_pct": 100.0,
        "adherence_reference": "official_reh_polygons",
        "mean_deviation_m": 6.308739679368362,
        "p95_deviation_m": 25.08410011051689,
        "max_deviation_m": 81.00376736944034,
        "planned_distance_m": 47407.83246597228,
        "executed_distance_m": 47224.87673633,
        "additional_distance_m": -182.95572964227904,
        "trajectory_conformity_ratio": -0.0038591878203585537,
        "planned_horizontal_inefficiency_ratio": 0.7099696313524825,
        "executed_horizontal_inefficiency_ratio": 0.703370537377984,
        "executed_samples": 1243
      },
      "geometry": {
        "type": "LineString",
        "coordinates": [
          [
            -46.473056,
            -23.435556
          ],
          [
            -46.470057,
            -23.479504
          ],
          [
            -46.542513,
            -23.501225
          ],
          [
            -46.559266,
            -23.522325
          ],
          [
            -46.576553,
            -23.537839
          ],
          [
            -46.617141,
            -23.542766
          ],
          [
            -46.635058,
            -23.534875
          ],
          [
            -46.639567,
            -23.533164
          ],
          [
            -46.642444,
            -23.529251
          ],
          [
            -46.645476,
            -23.527575
          ],
          [
            -46.651833,
            -23.527834
          ],
          [
            -46.659691,
            -23.525779
          ],
          [
            -46.670751,
            -23.524279
          ],
          [
            -46.67633,
            -23.522493
          ],
          [
            -46.682605,
            -23.521447
          ],
          [
            -46.692085,
            -23.520419
          ],
          [
            -46.698562,
            -23.518796
          ],
          [
            -46.709231,
            -23.515456
          ],
          [
            -46.726172,
            -23.513321
          ],
          [
            -46.744128,
            -23.517113
          ],
          [
            -46.751469,
            -23.525841
          ],
          [
            -46.748854,
            -23.534709
          ],
          [
            -46.735007,
            -23.5462
          ],
          [
            -46.706979,
            -23.561333
          ],
          [
            -46.7012,
            -23.571137
          ],
          [
            -46.692476,
            -23.585777
          ],
          [
            -46.685556,
            -23.591111
          ]
        ]
      }
    },
    {
      "type": "Feature",
      "properties": {
        "id": "EC1_0163",
        "flight_instance": "EC1_0163#0",
        "start_time": "15:01:00.00",
        "scenario": "produto2_C1_2025-11-09_off.scn",
        "waypoint_count": 14,
        "planned_flight_instance": "EC1_0163#0",
        "planned_start_time": "15:01:00.00",
        "vehicle_type": "eVTOL",
        "aircraft_model": "EVTOL",
        "start_time_delta_s": 0.0,
        "spatial_adherence_pct": 69.95841995841997,
        "planned_line_adherence_pct": 98.96049896049897,
        "adherence_reference": "official_reh_polygons",
        "mean_deviation_m": 24.644965677843945,
        "p95_deviation_m": 158.06492318484337,
        "max_deviation_m": 319.53865724902266,
        "planned_distance_m": 34081.07527716264,
        "executed_distance_m": 32627.52839229,
        "additional_distance_m": -1453.5468848726414,
        "trajectory_conformity_ratio": -0.04264967795328475,
        "planned_horizontal_inefficiency_ratio": 0.4630697199686702,
        "executed_horizontal_inefficiency_ratio": 0.4006702675888039,
        "executed_samples": 962
      },
      "geometry": {
        "type": "LineString",
        "coordinates": [
          [
            -46.473056,
            -23.435556
          ],
          [
            -46.470057,
            -23.479504
          ],
          [
            -46.542513,
            -23.501225
          ],
          [
            -46.559266,
            -23.522325
          ],
          [
            -46.576553,
            -23.537839
          ],
          [
            -46.617706,
            -23.542855
          ],
          [
            -46.612609,
            -23.552901
          ],
          [
            -46.616547,
            -23.557115
          ],
          [
            -46.62954,
            -23.573709
          ],
          [
            -46.63865,
            -23.581601
          ],
          [
            -46.650833,
            -23.591217
          ],
          [
            -46.657227,
            -23.581649
          ],
          [
            -46.669764,
            -23.571752
          ],
          [
            -46.655,
            -23.562222
          ]
        ]
      }
    },
    {
      "type": "Feature",
      "properties": {
        "id": "PRAGW_002",
        "flight_instance": "PRAGW_002#0",
        "start_time": "15:05:26.00",
        "scenario": "produto2_C1_2025-11-09_off.scn",
        "waypoint_count": 7,
        "planned_flight_instance": "PRAGW_002#0",
        "planned_start_time": "15:05:26.00",
        "vehicle_type": "helicoptero",
        "aircraft_model": "A109",
        "start_time_delta_s": 0.0,
        "spatial_adherence_pct": 23.56687898089172,
        "planned_line_adherence_pct": 59.23566878980891,
        "adherence_reference": "official_reh_polygons",
        "mean_deviation_m": 246.70016727867295,
        "p95_deviation_m": 684.8291622846327,
        "max_deviation_m": 728.2892201061898,
        "planned_distance_m": 9524.681149529568,
        "executed_distance_m": 7744.53139249,
        "additional_distance_m": -1780.1497570395677,
        "trajectory_conformity_ratio": -0.1868986193965654,
        "planned_horizontal_inefficiency_ratio": 0.8149534827120029,
        "executed_horizontal_inefficiency_ratio": 0.4757411825241414,
        "executed_samples": 157
      },
      "geometry": {
        "type": "LineString",
        "coordinates": [
          [
            -46.656389,
            -23.626111
          ],
          [
            -46.669092,
            -23.633166
          ],
          [
            -46.677804,
            -23.62275
          ],
          [
            -46.687891,
            -23.614942
          ],
          [
            -46.698957,
            -23.612724
          ],
          [
            -46.691646,
            -23.585745
          ],
          [
            -46.682222,
            -23.585278
          ]
        ]
      }
    },
    {
      "type": "Feature",
      "properties": {
        "id": "PPMFT",
        "flight_instance": "PPMFT#0",
        "start_time": "15:05:31.00",
        "scenario": "produto2_C1_2025-11-09_off.scn",
        "waypoint_count": 19,
        "planned_flight_instance": "PPMFT#0",
        "planned_start_time": "15:05:31.00",
        "vehicle_type": "helicoptero",
        "aircraft_model": "A109",
        "start_time_delta_s": 0.0,
        "spatial_adherence_pct": 62.848297213622295,
        "planned_line_adherence_pct": 92.26006191950464,
        "adherence_reference": "official_reh_polygons",
        "mean_deviation_m": 80.25010720450162,
        "p95_deviation_m": 374.6380987151611,
        "max_deviation_m": 500.85744050113806,
        "planned_distance_m": 22541.79242236932,
        "executed_distance_m": 21343.29824156,
        "additional_distance_m": -1198.4941808093172,
        "trajectory_conformity_ratio": -0.05316765225909866,
        "planned_horizontal_inefficiency_ratio": 0.39531435676621335,
        "executed_horizontal_inefficiency_ratio": 0.32112876825353937,
        "executed_samples": 323
      },
      "geometry": {
        "type": "LineString",
        "coordinates": [
          [
            -46.680833,
            -23.591111
          ],
          [
            -46.691708,
            -23.585219
          ],
          [
            -46.700338,
            -23.570707
          ],
          [
            -46.706363,
            -23.560632
          ],
          [
            -46.734437,
            -23.545467
          ],
          [
            -46.746866,
            -23.533391
          ],
          [
            -46.749087,
            -23.526381
          ],
          [
            -46.742985,
            -23.519104
          ],
          [
            -46.725265,
            -23.515259
          ],
          [
            -46.731696,
            -23.50713
          ],
          [
            -46.743982,
            -23.506437
          ],
          [
            -46.75222,
            -23.504262
          ],
          [
            -46.754052,
            -23.497111
          ],
          [
            -46.758475,
            -23.492906
          ],
          [
            -46.765319,
            -23.490964
          ],
          [
            -46.768251,
            -23.485298
          ],
          [
            -46.769169,
            -23.47516
          ],
          [
            -46.777452,
            -23.470231
          ],
          [
            -46.781111,
            -23.478611
          ]
        ]
      }
    },
    {
      "type": "Feature",
      "properties": {
        "id": "PRTJR_001",
        "flight_instance": "PRTJR_001#0",
        "start_time": "15:08:08.00",
        "scenario": "produto2_C1_2025-11-09_off.scn",
        "waypoint_count": 8,
        "planned_flight_instance": "PRTJR_001#0",
        "planned_start_time": "15:08:08.00",
        "vehicle_type": "helicoptero",
        "aircraft_model": "A109",
        "start_time_delta_s": 0.0,
        "spatial_adherence_pct": 49.735449735449734,
        "planned_line_adherence_pct": 100.0,
        "adherence_reference": "official_reh_polygons",
        "mean_deviation_m": 55.303088851601096,
        "p95_deviation_m": 135.60790871731152,
        "max_deviation_m": 162.36419204233164,
        "planned_distance_m": 13575.24573719586,
        "executed_distance_m": 13216.93912437,
        "additional_distance_m": -358.3066128258615,
        "trajectory_conformity_ratio": -0.026394116155415856,
        "planned_horizontal_inefficiency_ratio": 0.2019967041765036,
        "executed_horizontal_inefficiency_ratio": 0.17027106354804192,
        "executed_samples": 189
      },
      "geometry": {
        "type": "LineString",
        "coordinates": [
          [
            -46.699167,
            -23.601667
          ],
          [
            -46.699932,
            -23.612722
          ],
          [
            -46.702161,
            -23.620571
          ],
          [
            -46.71228,
            -23.626616
          ],
          [
            -46.726108,
            -23.640325
          ],
          [
            -46.724402,
            -23.653053
          ],
          [
            -46.690012,
            -23.699694
          ],
          [
            -46.6925,
            -23.703056
          ]
        ]
      }
    },
    {
      "type": "Feature",
      "properties": {
        "id": "EC1_0003",
        "flight_instance": "EC1_0003#0",
        "start_time": "15:09:00.00",
        "scenario": "produto2_C1_2025-11-09_off.scn",
        "waypoint_count": 19,
        "planned_flight_instance": "EC1_0003#0",
        "planned_start_time": "15:09:00.00",
        "vehicle_type": "eVTOL",
        "aircraft_model": "EVTOL",
        "start_time_delta_s": 0.0,
        "spatial_adherence_pct": 65.75492341356673,
        "planned_line_adherence_pct": 100.0,
        "adherence_reference": "official_reh_polygons",
        "mean_deviation_m": 23.972768205009228,
        "p95_deviation_m": 131.82999984291865,
        "max_deviation_m": 221.99223783147434,
        "planned_distance_m": 32680.92519170369,
        "executed_distance_m": 31627.69096777,
        "additional_distance_m": -1053.2342239336904,
        "trajectory_conformity_ratio": -0.0322277970331471,
        "planned_horizontal_inefficiency_ratio": 0.4714471972258208,
        "executed_horizontal_inefficiency_ratio": 0.42402569560863385,
        "executed_samples": 914
      },
      "geometry": {
        "type": "LineString",
        "coordinates": [
          [
            -46.856667,
            -23.486667
          ],
          [
            -46.877361,
            -23.505927
          ],
          [
            -46.821551,
            -23.510004
          ],
          [
            -46.79638,
            -23.515916
          ],
          [
            -46.781822,
            -23.521939
          ],
          [
            -46.750181,
            -23.527233
          ],
          [
            -46.742985,
            -23.519104
          ],
          [
            -46.72605,
            -23.515568
          ],
          [
            -46.709753,
            -23.517655
          ],
          [
            -46.6993,
            -23.520942
          ],
          [
            -46.692524,
            -23.522632
          ],
          [
            -46.682954,
            -23.523674
          ],
          [
            -46.676805,
            -23.5247
          ],
          [
            -46.671322,
            -23.524683
          ],
          [
            -46.679805,
            -23.552694
          ],
          [
            -46.682234,
            -23.556732
          ],
          [
            -46.679272,
            -23.562561
          ],
          [
            -46.670249,
            -23.572148
          ],
          [
            -46.655,
            -23.562222
          ]
        ]
      }
    },
    {
      "type": "Feature",
      "properties": {
        "id": "EC1_0179",
        "flight_instance": "EC1_0179#0",
        "start_time": "15:09:00.00",
        "scenario": "produto2_C1_2025-11-09_off.scn",
        "waypoint_count": 21,
        "planned_flight_instance": "EC1_0179#0",
        "planned_start_time": "15:09:00.00",
        "vehicle_type": "eVTOL",
        "aircraft_model": "EVTOL",
        "start_time_delta_s": 0.0,
        "spatial_adherence_pct": 75.35070140280561,
        "planned_line_adherence_pct": 98.59719438877755,
        "adherence_reference": "official_reh_polygons",
        "mean_deviation_m": 17.83169070048503,
        "p95_deviation_m": 111.8916017512918,
        "max_deviation_m": 301.2822485949556,
        "planned_distance_m": 19885.61536958456,
        "executed_distance_m": 19232.23604231,
        "additional_distance_m": -653.3793272745606,
        "trajectory_conformity_ratio": -0.03285688248169162,
        "planned_horizontal_inefficiency_ratio": 0.28490244125525027,
        "executed_horizontal_inefficiency_ratio": 0.24268455274248782,
        "executed_samples": 499
      },
      "geometry": {
        "type": "LineString",
        "coordinates": [
          [
            -46.633,
            -23.509
          ],
          [
            -46.645915,
            -23.527719
          ],
          [
            -46.651833,
            -23.527834
          ],
          [
            -46.659691,
            -23.525779
          ],
          [
            -46.670751,
            -23.524279
          ],
          [
            -46.67633,
            -23.522493
          ],
          [
            -46.682605,
            -23.521447
          ],
          [
            -46.692085,
            -23.520419
          ],
          [
            -46.698562,
            -23.518796
          ],
          [
            -46.709231,
            -23.515456
          ],
          [
            -46.725652,
            -23.513401
          ],
          [
            -46.731696,
            -23.50713
          ],
          [
            -46.743982,
            -23.506437
          ],
          [
            -46.75222,
            -23.504262
          ],
          [
            -46.754052,
            -23.497111
          ],
          [
            -46.758475,
            -23.492906
          ],
          [
            -46.765319,
            -23.490964
          ],
          [
            -46.768251,
            -23.485298
          ],
          [
            -46.769169,
            -23.47516
          ],
          [
            -46.777452,
            -23.470231
          ],
          [
            -46.781111,
            -23.478611
          ]
        ]
      }
    },
    {
      "type": "Feature",
      "properties": {
        "id": "PRTJR_002",
        "flight_instance": "PRTJR_002#0",
        "start_time": "15:09:55.00",
        "scenario": "produto2_C1_2025-11-09_off.scn",
        "waypoint_count": 8,
        "planned_flight_instance": "PRTJR_002#0",
        "planned_start_time": "15:09:55.00",
        "vehicle_type": "helicoptero",
        "aircraft_model": "A109",
        "start_time_delta_s": 0.0,
        "spatial_adherence_pct": 49.735449735449734,
        "planned_line_adherence_pct": 100.0,
        "adherence_reference": "official_reh_polygons",
        "mean_deviation_m": 55.303088851601096,
        "p95_deviation_m": 135.60790871731152,
        "max_deviation_m": 162.36419204233164,
        "planned_distance_m": 13575.24573719586,
        "executed_distance_m": 13216.93912437,
        "additional_distance_m": -358.3066128258615,
        "trajectory_conformity_ratio": -0.026394116155415856,
        "planned_horizontal_inefficiency_ratio": 0.2019967041765036,
        "executed_horizontal_inefficiency_ratio": 0.17027106354804192,
        "executed_samples": 189
      },
      "geometry": {
        "type": "LineString",
        "coordinates": [
          [
            -46.699167,
            -23.601667
          ],
          [
            -46.699932,
            -23.612722
          ],
          [
            -46.702161,
            -23.620571
          ],
          [
            -46.71228,
            -23.626616
          ],
          [
            -46.726108,
            -23.640325
          ],
          [
            -46.724402,
            -23.653053
          ],
          [
            -46.690012,
            -23.699694
          ],
          [
            -46.6925,
            -23.703056
          ]
        ]
      }
    },
    {
      "type": "Feature",
      "properties": {
        "id": "EC1_0139",
        "flight_instance": "EC1_0139#0",
        "start_time": "15:11:00.00",
        "scenario": "produto2_C1_2025-11-09_off.scn",
        "waypoint_count": 10,
        "planned_flight_instance": "EC1_0139#0",
        "planned_start_time": "15:11:00.00",
        "vehicle_type": "eVTOL",
        "aircraft_model": "EVTOL",
        "start_time_delta_s": 0.0,
        "spatial_adherence_pct": 91.46608315098467,
        "planned_line_adherence_pct": 98.6870897155361,
        "adherence_reference": "official_reh_polygons",
        "mean_deviation_m": 27.660233344885796,
        "p95_deviation_m": 88.72158951766917,
        "max_deviation_m": 306.34035380728636,
        "planned_distance_m": 18009.460790945846,
        "executed_distance_m": 16820.92820308,
        "additional_distance_m": -1188.5325878658477,
        "trajectory_conformity_ratio": -0.06599490132782741,
        "planned_horizontal_inefficiency_ratio": 0.8523930176609669,
        "executed_horizontal_inefficiency_ratio": 0.7301445232400748,
        "executed_samples": 457
      },
      "geometry": {
        "type": "LineString",
        "coordinates": [
          [
            -46.736944,
            -23.546667
          ],
          [
            -46.733761,
            -23.545134
          ],
          [
            -46.746866,
            -23.533391
          ],
          [
            -46.749795,
            -23.525077
          ],
          [
            -46.781185,
            -23.519766
          ],
          [
            -46.795617,
            -23.513778
          ],
          [
            -46.821362,
            -23.507764
          ],
          [
            -46.81814,
            -23.514459
          ],
          [
            -46.821212,
            -23.563658
          ],
          [
            -46.830278,
            -23.564722
          ]
        ]
      }
    },
    {
      "type": "Feature",
      "properties": {
        "id": "EC1_0030",
        "flight_instance": "EC1_0030#0",
        "start_time": "15:12:00.00",
        "scenario": "produto2_C1_2025-11-09_off.scn",
        "waypoint_count": 19,
        "planned_flight_instance": "EC1_0030#0",
        "planned_start_time": "15:12:00.00",
        "vehicle_type": "eVTOL",
        "aircraft_model": "EVTOL",
        "start_time_delta_s": 0.0,
        "spatial_adherence_pct": 77.84974093264249,
        "planned_line_adherence_pct": 95.46632124352331,
        "adherence_reference": "official_reh_polygons",
        "mean_deviation_m": 34.016274265630614,
        "p95_deviation_m": 230.00367666787855,
        "max_deviation_m": 399.448029620947,
        "planned_distance_m": 32253.322202445455,
        "executed_distance_m": 30499.09777988,
        "additional_distance_m": -1754.224422565454,
        "trajectory_conformity_ratio": -0.054388952913273794,
        "planned_horizontal_inefficiency_ratio": 0.45212570038933314,
        "executed_horizontal_inefficiency_ratio": 0.373146104046703,
        "executed_samples": 772
      },
      "geometry": {
        "type": "LineString",
        "coordinates": [
          [
            -46.655,
            -23.562222
          ],
          [
            -46.670253,
            -23.571249
          ],
          [
            -46.678469,
            -23.562044
          ],
          [
            -46.681254,
            -23.556691
          ],
          [
            -46.678868,
            -23.552963
          ],
          [
            -46.670344,
            -23.524761
          ],
          [
            -46.67633,
            -23.522493
          ],
          [
            -46.682605,
            -23.521447
          ],
          [
            -46.692085,
            -23.520419
          ],
          [
            -46.698562,
            -23.518796
          ],
          [
            -46.709231,
            -23.515456
          ],
          [
            -46.726172,
            -23.513321
          ],
          [
            -46.744128,
            -23.517113
          ],
          [
            -46.750374,
            -23.52499
          ],
          [
            -46.781185,
            -23.519766
          ],
          [
            -46.795617,
            -23.513778
          ],
          [
            -46.821227,
            -23.507774
          ],
          [
            -46.875972,
            -23.504073
          ],
          [
            -46.856667,
            -23.486667
          ]
        ]
      }
    },
    {
      "type": "Feature",
      "properties": {
        "id": "EC1_0110",
        "flight_instance": "EC1_0110#0",
        "start_time": "15:13:00.00",
        "scenario": "produto2_C1_2025-11-09_off.scn",
        "waypoint_count": 20,
        "planned_flight_instance": "EC1_0110#0",
        "planned_start_time": "15:13:00.00",
        "vehicle_type": "eVTOL",
        "aircraft_model": "EVTOL",
        "start_time_delta_s": 0.0,
        "spatial_adherence_pct": 65.02923976608187,
        "planned_line_adherence_pct": 100.0,
        "adherence_reference": "official_reh_polygons",
        "mean_deviation_m": 33.1085671424608,
        "p95_deviation_m": 164.7681204349857,
        "max_deviation_m": 225.19528827899074,
        "planned_distance_m": 31426.803738214796,
        "executed_distance_m": 29214.76124667,
        "additional_distance_m": -2212.0424915447948,
        "trajectory_conformity_ratio": -0.07038712908799456,
        "planned_horizontal_inefficiency_ratio": 0.7591398668013213,
        "executed_horizontal_inefficiency_ratio": 0.6353190619129391,
        "executed_samples": 855
      },
      "geometry": {
        "type": "LineString",
        "coordinates": [
          [
            -46.830278,
            -23.564722
          ],
          [
            -46.818827,
            -23.564191
          ],
          [
            -46.815687,
            -23.514407
          ],
          [
            -46.821415,
            -23.510014
          ],
          [
            -46.79638,
            -23.515916
          ],
          [
            -46.781822,
            -23.521939
          ],
          [
            -46.750181,
            -23.527233
          ],
          [
            -46.742985,
            -23.519104
          ],
          [
            -46.72605,
            -23.515568
          ],
          [
            -46.709753,
            -23.517655
          ],
          [
            -46.6993,
            -23.520942
          ],
          [
            -46.692524,
            -23.522632
          ],
          [
            -46.682954,
            -23.523674
          ],
          [
            -46.676805,
            -23.5247
          ],
          [
            -46.671322,
            -23.524683
          ],
          [
            -46.679805,
            -23.552694
          ],
          [
            -46.682234,
            -23.556732
          ],
          [
            -46.679272,
            -23.562561
          ],
          [
            -46.670249,
            -23.572148
          ],
          [
            -46.655,
            -23.562222
          ]
        ]
      }
    },
    {
      "type": "Feature",
      "properties": {
        "id": "PRSBK_002",
        "flight_instance": "PRSBK_002#0",
        "start_time": "15:13:15.00",
        "scenario": "produto2_C1_2025-11-09_off.scn",
        "waypoint_count": 9,
        "planned_flight_instance": "PRSBK_002#0",
        "planned_start_time": "15:13:15.00",
        "vehicle_type": "helicoptero",
        "aircraft_model": "B429",
        "start_time_delta_s": 0.0,
        "spatial_adherence_pct": 40.316205533596836,
        "planned_line_adherence_pct": 86.56126482213439,
        "adherence_reference": "official_reh_polygons",
        "mean_deviation_m": 103.30654952114159,
        "p95_deviation_m": 382.4192345153639,
        "max_deviation_m": 437.5177447204368,
        "planned_distance_m": 16108.863215316727,
        "executed_distance_m": 15478.05140007,
        "additional_distance_m": -630.8118152467268,
        "trajectory_conformity_ratio": -0.03915930049284511,
        "planned_horizontal_inefficiency_ratio": 0.2909138870113205,
        "executed_horizontal_inefficiency_ratio": 0.2403626021994575,
        "executed_samples": 253
      },
      "geometry": {
        "type": "LineString",
        "coordinates": [
          [
            -46.690833,
            -23.590833
          ],
          [
            -46.692534,
            -23.585369
          ],
          [
            -46.699921,
            -23.612668
          ],
          [
            -46.702161,
            -23.620571
          ],
          [
            -46.71228,
            -23.626616
          ],
          [
            -46.726108,
            -23.640325
          ],
          [
            -46.724402,
            -23.653053
          ],
          [
            -46.690012,
            -23.699694
          ],
          [
            -46.6925,
            -23.703056
          ]
        ]
      }
    },
    {
      "type": "Feature",
      "properties": {
        "id": "PROOE_004",
        "flight_instance": "PROOE_004#0",
        "start_time": "15:13:33.00",
        "scenario": "produto2_C1_2025-11-09_off.scn",
        "waypoint_count": 9,
        "planned_flight_instance": "PROOE_004#0",
        "planned_start_time": "15:13:33.00",
        "vehicle_type": "helicoptero",
        "aircraft_model": "EC35",
        "start_time_delta_s": 0.0,
        "spatial_adherence_pct": 40.38461538461539,
        "planned_line_adherence_pct": 100.0,
        "adherence_reference": "official_reh_polygons",
        "mean_deviation_m": 30.002988142078877,
        "p95_deviation_m": 75.97858426223168,
        "max_deviation_m": 108.28165787256648,
        "planned_distance_m": 16719.86628293206,
        "executed_distance_m": 16219.0150518,
        "additional_distance_m": -500.851231132061,
        "trajectory_conformity_ratio": -0.02995545673970724,
        "planned_horizontal_inefficiency_ratio": 0.3395754661339986,
        "executed_horizontal_inefficiency_ratio": 0.2994478712086484,
        "executed_samples": 312
      },
      "geometry": {
        "type": "LineString",
        "coordinates": [
          [
            -46.682278,
            -23.591167
          ],
          [
            -46.692469,
            -23.585256
          ],
          [
            -46.699921,
            -23.612668
          ],
          [
            -46.702161,
            -23.620571
          ],
          [
            -46.71228,
            -23.626616
          ],
          [
            -46.726108,
            -23.640325
          ],
          [
            -46.724402,
            -23.653053
          ],
          [
            -46.690012,
            -23.699694
          ],
          [
            -46.6925,
            -23.703056
          ]
        ]
      }
    },
    {
      "type": "Feature",
      "properties": {
        "id": "PPSAX_002",
        "flight_instance": "PPSAX_002#0",
        "start_time": "15:18:52.00",
        "scenario": "produto2_C1_2025-11-09_off.scn",
        "waypoint_count": 9,
        "planned_flight_instance": "PPSAX_002#0",
        "planned_start_time": "15:18:52.00",
        "vehicle_type": "helicoptero",
        "aircraft_model": "A109",
        "start_time_delta_s": 0.0,
        "spatial_adherence_pct": 44.25531914893617,
        "planned_line_adherence_pct": 82.5531914893617,
        "adherence_reference": "official_reh_polygons",
        "mean_deviation_m": 132.0268437439624,
        "p95_deviation_m": 506.5465898985252,
        "max_deviation_m": 570.8368689182832,
        "planned_distance_m": 16108.863215316727,
        "executed_distance_m": 15659.37169692,
        "additional_distance_m": -449.49151839672777,
        "trajectory_conformity_ratio": -0.027903366760811496,
        "planned_horizontal_inefficiency_ratio": 0.29212762926034685,
        "executed_horizontal_inefficiency_ratio": 0.25607291811931754,
        "executed_samples": 235
      },
      "geometry": {
        "type": "LineString",
        "coordinates": [
          [
            -46.690833,
            -23.590833
          ],
          [
            -46.692534,
            -23.585369
          ],
          [
            -46.699921,
            -23.612668
          ],
          [
            -46.702161,
            -23.620571
          ],
          [
            -46.71228,
            -23.626616
          ],
          [
            -46.726108,
            -23.640325
          ],
          [
            -46.724402,
            -23.653053
          ],
          [
            -46.690012,
            -23.699694
          ],
          [
            -46.6925,
            -23.703056
          ]
        ]
      }
    },
    {
      "type": "Feature",
      "properties": {
        "id": "EC1_0166",
        "flight_instance": "EC1_0166#0",
        "start_time": "15:21:00.00",
        "scenario": "produto2_C1_2025-11-09_off.scn",
        "waypoint_count": 27,
        "planned_flight_instance": "EC1_0166#0",
        "planned_start_time": "15:21:00.00",
        "vehicle_type": "eVTOL",
        "aircraft_model": "EVTOL",
        "start_time_delta_s": 0.0,
        "spatial_adherence_pct": 79.08286403861625,
        "planned_line_adherence_pct": 100.0,
        "adherence_reference": "official_reh_polygons",
        "mean_deviation_m": 6.308739679368362,
        "p95_deviation_m": 25.08410011051689,
        "max_deviation_m": 81.00376736944034,
        "planned_distance_m": 47407.83246597228,
        "executed_distance_m": 47224.87673633,
        "additional_distance_m": -182.95572964227904,
        "trajectory_conformity_ratio": -0.0038591878203585537,
        "planned_horizontal_inefficiency_ratio": 0.7099696313524825,
        "executed_horizontal_inefficiency_ratio": 0.703370537377984,
        "executed_samples": 1243
      },
      "geometry": {
        "type": "LineString",
        "coordinates": [
          [
            -46.473056,
            -23.435556
          ],
          [
            -46.470057,
            -23.479504
          ],
          [
            -46.542513,
            -23.501225
          ],
          [
            -46.559266,
            -23.522325
          ],
          [
            -46.576553,
            -23.537839
          ],
          [
            -46.617141,
            -23.542766
          ],
          [
            -46.635058,
            -23.534875
          ],
          [
            -46.639567,
            -23.533164
          ],
          [
            -46.642444,
            -23.529251
          ],
          [
            -46.645476,
            -23.527575
          ],
          [
            -46.651833,
            -23.527834
          ],
          [
            -46.659691,
            -23.525779
          ],
          [
            -46.670751,
            -23.524279
          ],
          [
            -46.67633,
            -23.522493
          ],
          [
            -46.682605,
            -23.521447
          ],
          [
            -46.692085,
            -23.520419
          ],
          [
            -46.698562,
            -23.518796
          ],
          [
            -46.709231,
            -23.515456
          ],
          [
            -46.726172,
            -23.513321
          ],
          [
            -46.744128,
            -23.517113
          ],
          [
            -46.751469,
            -23.525841
          ],
          [
            -46.748854,
            -23.534709
          ],
          [
            -46.735007,
            -23.5462
          ],
          [
            -46.706979,
            -23.561333
          ],
          [
            -46.7012,
            -23.571137
          ],
          [
            -46.692476,
            -23.585777
          ],
          [
            -46.685556,
            -23.591111
          ]
        ]
      }
    },
    {
      "type": "Feature",
      "properties": {
        "id": "EC1_0098",
        "flight_instance": "EC1_0098#0",
        "start_time": "15:22:00.00",
        "scenario": "produto2_C1_2025-11-09_off.scn",
        "waypoint_count": 16,
        "planned_flight_instance": "EC1_0098#0",
        "planned_start_time": "15:22:00.00",
        "vehicle_type": "eVTOL",
        "aircraft_model": "EVTOL",
        "start_time_delta_s": 0.0,
        "spatial_adherence_pct": 81.4621409921671,
        "planned_line_adherence_pct": 100.0,
        "adherence_reference": "official_reh_polygons",
        "mean_deviation_m": 28.856327917465745,
        "p95_deviation_m": 166.64853053732222,
        "max_deviation_m": 240.59511245896476,
        "planned_distance_m": 14645.377322469732,
        "executed_distance_m": 13516.0447534,
        "additional_distance_m": -1129.332569069733,
        "trajectory_conformity_ratio": -0.07711187934619135,
        "planned_horizontal_inefficiency_ratio": 0.663328651596909,
        "executed_horizontal_inefficiency_ratio": 0.5350662533019049,
        "executed_samples": 383
      },
      "geometry": {
        "type": "LineString",
        "coordinates": [
          [
            -46.781111,
            -23.478611
          ],
          [
            -46.776754,
            -23.472388
          ],
          [
            -46.771369,
            -23.476155
          ],
          [
            -46.770638,
            -23.485813
          ],
          [
            -46.766936,
            -23.492656
          ],
          [
            -46.7597,
            -23.494855
          ],
          [
            -46.756253,
            -23.498105
          ],
          [
            -46.753944,
            -23.505863
          ],
          [
            -46.744374,
            -23.508658
          ],
          [
            -46.732639,
            -23.509208
          ],
          [
            -46.726957,
            -23.51363
          ],
          [
            -46.744128,
            -23.517113
          ],
          [
            -46.751469,
            -23.525841
          ],
          [
            -46.748854,
            -23.534709
          ],
          [
            -46.735684,
            -23.546532
          ],
          [
            -46.736944,
            -23.546667
          ]
        ]
      }
    },
    {
      "type": "Feature",
      "properties": {
        "id": "PROMB_005",
        "flight_instance": "PROMB_005#0",
        "start_time": "15:26:16.00",
        "scenario": "produto2_C1_2025-11-09_off.scn",
        "waypoint_count": 9,
        "planned_flight_instance": "PROMB_005#0",
        "planned_start_time": "15:26:16.00",
        "vehicle_type": "helicoptero",
        "aircraft_model": "EC55",
        "start_time_delta_s": 0.0,
        "spatial_adherence_pct": 43.913043478260875,
        "planned_line_adherence_pct": 100.0,
        "adherence_reference": "official_reh_polygons",
        "mean_deviation_m": 56.81661895877118,
        "p95_deviation_m": 150.71507246931867,
        "max_deviation_m": 169.24467840848152,
        "planned_distance_m": 16532.896537309898,
        "executed_distance_m": 16000.44664195,
        "additional_distance_m": -532.4498953598977,
        "trajectory_conformity_ratio": -0.0322054816080361,
        "planned_horizontal_inefficiency_ratio": 0.2600305889513263,
        "executed_horizontal_inefficiency_ratio": 0.21945069699329148,
        "executed_samples": 230
      },
      "geometry": {
        "type": "LineString",
        "coordinates": [
          [
            -46.682222,
            -23.585278
          ],
          [
            -46.692498,
            -23.585297
          ],
          [
            -46.699921,
            -23.612668
          ],
          [
            -46.702161,
            -23.620571
          ],
          [
            -46.71228,
            -23.626616
          ],
          [
            -46.726108,
            -23.640325
          ],
          [
            -46.724402,
            -23.653053
          ],
          [
            -46.690012,
            -23.699694
          ],
          [
            -46.6925,
            -23.703056
          ]
        ]
      }
    },
    {
      "type": "Feature",
      "properties": {
        "id": "PSCFH_001",
        "flight_instance": "PSCFH_001#0",
        "start_time": "15:29:40.00",
        "scenario": "produto2_C1_2025-11-09_off.scn",
        "waypoint_count": 11,
        "planned_flight_instance": "PSCFH_001#0",
        "planned_start_time": "15:29:40.00",
        "vehicle_type": "helicoptero",
        "aircraft_model": "A109",
        "start_time_delta_s": 0.0,
        "spatial_adherence_pct": 53.30739299610895,
        "planned_line_adherence_pct": 97.27626459143968,
        "adherence_reference": "official_reh_polygons",
        "mean_deviation_m": 58.7863475898075,
        "p95_deviation_m": 156.71427934973426,
        "max_deviation_m": 345.63078244232224,
        "planned_distance_m": 17938.244989607767,
        "executed_distance_m": 17026.39371676,
        "additional_distance_m": -911.8512728477654,
        "trajectory_conformity_ratio": -0.05083280295123808,
        "planned_horizontal_inefficiency_ratio": 0.9282114124680055,
        "executed_horizontal_inefficiency_ratio": 0.830195021689691,
        "executed_samples": 257
      },
      "geometry": {
        "type": "LineString",
        "coordinates": [
          [
            -46.656389,
            -23.626111
          ],
          [
            -46.669092,
            -23.633166
          ],
          [
            -46.677804,
            -23.62275
          ],
          [
            -46.687891,
            -23.614942
          ],
          [
            -46.699642,
            -23.612366
          ],
          [
            -46.702161,
            -23.620571
          ],
          [
            -46.71228,
            -23.626616
          ],
          [
            -46.726108,
            -23.640325
          ],
          [
            -46.724402,
            -23.653053
          ],
          [
            -46.690012,
            -23.699694
          ],
          [
            -46.6925,
            -23.703056
          ]
        ]
      }
    },
    {
      "type": "Feature",
      "properties": {
        "id": "EC1_0016",
        "flight_instance": "EC1_0016#0",
        "start_time": "15:30:00.00",
        "scenario": "produto2_C1_2025-11-09_off.scn",
        "waypoint_count": 6,
        "planned_flight_instance": "EC1_0016#0",
        "planned_start_time": "15:30:00.00",
        "vehicle_type": "eVTOL",
        "aircraft_model": "EVTOL",
        "start_time_delta_s": 0.0,
        "spatial_adherence_pct": 71.51162790697676,
        "planned_line_adherence_pct": 100.0,
        "adherence_reference": "official_reh_polygons",
        "mean_deviation_m": 8.763059361174442,
        "p95_deviation_m": 35.39144709145419,
        "max_deviation_m": 74.38442559347543,
        "planned_distance_m": 15730.476626629677,
        "executed_distance_m": 15363.01785025,
        "additional_distance_m": -367.45877637967715,
        "trajectory_conformity_ratio": -0.023359672125739445,
        "planned_horizontal_inefficiency_ratio": 0.7310735490792416,
        "executed_horizontal_inefficiency_ratio": 0.6906362385472105,
        "executed_samples": 516
      },
      "geometry": {
        "type": "LineString",
        "coordinates": [
          [
            -46.856667,
            -23.486667
          ],
          [
            -46.877361,
            -23.505927
          ],
          [
            -46.821597,
            -23.509997
          ],
          [
            -46.81814,
            -23.514459
          ],
          [
            -46.821212,
            -23.563658
          ],
          [
            -46.830278,
            -23.564722
          ]
        ]
      }
    },
    {
      "type": "Feature",
      "properties": {
        "id": "PRSBK_003",
        "flight_instance": "PRSBK_003#0",
        "start_time": "15:30:10.00",
        "scenario": "produto2_C1_2025-11-09_off.scn",
        "waypoint_count": 9,
        "planned_flight_instance": "PRSBK_003#0",
        "planned_start_time": "15:30:10.00",
        "vehicle_type": "helicoptero",
        "aircraft_model": "B429",
        "start_time_delta_s": 0.0,
        "spatial_adherence_pct": 40.316205533596836,
        "planned_line_adherence_pct": 86.56126482213439,
        "adherence_reference": "official_reh_polygons",
        "mean_deviation_m": 103.30654952114159,
        "p95_deviation_m": 382.4192345153639,
        "max_deviation_m": 437.5177447204368,
        "planned_distance_m": 16108.863215316727,
        "executed_distance_m": 15478.05140007,
        "additional_distance_m": -630.8118152467268,
        "trajectory_conformity_ratio": -0.03915930049284511,
        "planned_horizontal_inefficiency_ratio": 0.2909138870113205,
        "executed_horizontal_inefficiency_ratio": 0.2403626021994575,
        "executed_samples": 253
      },
      "geometry": {
        "type": "LineString",
        "coordinates": [
          [
            -46.690833,
            -23.590833
          ],
          [
            -46.692534,
            -23.585369
          ],
          [
            -46.699921,
            -23.612668
          ],
          [
            -46.702161,
            -23.620571
          ],
          [
            -46.71228,
            -23.626616
          ],
          [
            -46.726108,
            -23.640325
          ],
          [
            -46.724402,
            -23.653053
          ],
          [
            -46.690012,
            -23.699694
          ],
          [
            -46.6925,
            -23.703056
          ]
        ]
      }
    },
    {
      "type": "Feature",
      "properties": {
        "id": "PROOE_005",
        "flight_instance": "PROOE_005#0",
        "start_time": "15:32:31.00",
        "scenario": "produto2_C1_2025-11-09_off.scn",
        "waypoint_count": 9,
        "planned_flight_instance": "PROOE_005#0",
        "planned_start_time": "15:32:31.00",
        "vehicle_type": "helicoptero",
        "aircraft_model": "EC35",
        "start_time_delta_s": 0.0,
        "spatial_adherence_pct": 40.38461538461539,
        "planned_line_adherence_pct": 100.0,
        "adherence_reference": "official_reh_polygons",
        "mean_deviation_m": 30.002988142078877,
        "p95_deviation_m": 75.97858426223168,
        "max_deviation_m": 108.28165787256648,
        "planned_distance_m": 16719.86628293206,
        "executed_distance_m": 16219.0150518,
        "additional_distance_m": -500.851231132061,
        "trajectory_conformity_ratio": -0.02995545673970724,
        "planned_horizontal_inefficiency_ratio": 0.3395754661339986,
        "executed_horizontal_inefficiency_ratio": 0.2994478712086484,
        "executed_samples": 312
      },
      "geometry": {
        "type": "LineString",
        "coordinates": [
          [
            -46.682278,
            -23.591167
          ],
          [
            -46.692469,
            -23.585256
          ],
          [
            -46.699921,
            -23.612668
          ],
          [
            -46.702161,
            -23.620571
          ],
          [
            -46.71228,
            -23.626616
          ],
          [
            -46.726108,
            -23.640325
          ],
          [
            -46.724402,
            -23.653053
          ],
          [
            -46.690012,
            -23.699694
          ],
          [
            -46.6925,
            -23.703056
          ]
        ]
      }
    },
    {
      "type": "Feature",
      "properties": {
        "id": "EC1_0075",
        "flight_instance": "EC1_0075#0",
        "start_time": "15:37:00.00",
        "scenario": "produto2_C1_2025-11-09_off.scn",
        "waypoint_count": 20,
        "planned_flight_instance": "EC1_0075#0",
        "planned_start_time": "15:37:00.00",
        "vehicle_type": "eVTOL",
        "aircraft_model": "EVTOL",
        "start_time_delta_s": 0.0,
        "spatial_adherence_pct": 65.80937972768533,
        "planned_line_adherence_pct": 100.0,
        "adherence_reference": "official_reh_polygons",
        "mean_deviation_m": 30.570365244389606,
        "p95_deviation_m": 153.9193914275658,
        "max_deviation_m": 226.66642923465062,
        "planned_distance_m": 26266.560582715785,
        "executed_distance_m": 25477.54143557,
        "additional_distance_m": -789.0191471457838,
        "trajectory_conformity_ratio": -0.03003892133730607,
        "planned_horizontal_inefficiency_ratio": 4.870943612998789,
        "executed_horizontal_inefficiency_ratio": 4.694586799632159,
        "executed_samples": 661
      },
      "geometry": {
        "type": "LineString",
        "coordinates": [
          [
            -46.685556,
            -23.591111
          ],
          [
            -46.691668,
            -23.585265
          ],
          [
            -46.700338,
            -23.570707
          ],
          [
            -46.706363,
            -23.560632
          ],
          [
            -46.734437,
            -23.545467
          ],
          [
            -46.746866,
            -23.533391
          ],
          [
            -46.749087,
            -23.526381
          ],
          [
            -46.742985,
            -23.519104
          ],
          [
            -46.72605,
            -23.515568
          ],
          [
            -46.709753,
            -23.517655
          ],
          [
            -46.6993,
            -23.520942
          ],
          [
            -46.692524,
            -23.522632
          ],
          [
            -46.682954,
            -23.523674
          ],
          [
            -46.676805,
            -23.5247
          ],
          [
            -46.671322,
            -23.524683
          ],
          [
            -46.679805,
            -23.552694
          ],
          [
            -46.682234,
            -23.556732
          ],
          [
            -46.679272,
            -23.562561
          ],
          [
            -46.670249,
            -23.572148
          ],
          [
            -46.655,
            -23.562222
          ]
        ]
      }
    },
    {
      "type": "Feature",
      "properties": {
        "id": "PPIFF_003",
        "flight_instance": "PPIFF_003#0",
        "start_time": "15:40:33.00",
        "scenario": "produto2_C1_2025-11-09_off.scn",
        "waypoint_count": 9,
        "planned_flight_instance": "PPIFF_003#0",
        "planned_start_time": "15:40:33.00",
        "vehicle_type": "helicoptero",
        "aircraft_model": "EC45",
        "start_time_delta_s": 0.0,
        "spatial_adherence_pct": 42.244224422442244,
        "planned_line_adherence_pct": 100.0,
        "adherence_reference": "official_reh_polygons",
        "mean_deviation_m": 30.898512096527735,
        "p95_deviation_m": 73.54576474540448,
        "max_deviation_m": 125.66280138711787,
        "planned_distance_m": 16317.178474118204,
        "executed_distance_m": 15693.48112392,
        "additional_distance_m": -623.6973501982029,
        "trajectory_conformity_ratio": -0.03822335774456914,
        "planned_horizontal_inefficiency_ratio": 0.3030785109592604,
        "executed_horizontal_inefficiency_ratio": 0.2532704748656041,
        "executed_samples": 303
      },
      "geometry": {
        "type": "LineString",
        "coordinates": [
          [
            -46.686667,
            -23.590556
          ],
          [
            -46.692506,
            -23.585311
          ],
          [
            -46.699921,
            -23.612668
          ],
          [
            -46.702161,
            -23.620571
          ],
          [
            -46.71228,
            -23.626616
          ],
          [
            -46.726108,
            -23.640325
          ],
          [
            -46.724402,
            -23.653053
          ],
          [
            -46.690012,
            -23.699694
          ],
          [
            -46.6925,
            -23.703056
          ]
        ]
      }
    },
    {
      "type": "Feature",
      "properties": {
        "id": "PRAGW_003",
        "flight_instance": "PRAGW_003#0",
        "start_time": "15:41:48.00",
        "scenario": "produto2_C1_2025-11-09_off.scn",
        "waypoint_count": 9,
        "planned_flight_instance": "PRAGW_003#0",
        "planned_start_time": "15:41:48.00",
        "vehicle_type": "helicoptero",
        "aircraft_model": "A109",
        "start_time_delta_s": 0.0,
        "spatial_adherence_pct": 42.738589211618255,
        "planned_line_adherence_pct": 100.0,
        "adherence_reference": "official_reh_polygons",
        "mean_deviation_m": 50.521674655687875,
        "p95_deviation_m": 134.64768528193062,
        "max_deviation_m": 154.22017489298236,
        "planned_distance_m": 16532.896537309898,
        "executed_distance_m": 16047.35340941,
        "additional_distance_m": -485.54312789989854,
        "trajectory_conformity_ratio": -0.029368303781746298,
        "planned_horizontal_inefficiency_ratio": 0.2590439294011586,
        "executed_horizontal_inefficiency_ratio": 0.22206794480794187,
        "executed_samples": 241
      },
      "geometry": {
        "type": "LineString",
        "coordinates": [
          [
            -46.682222,
            -23.585278
          ],
          [
            -46.692498,
            -23.585297
          ],
          [
            -46.699921,
            -23.612668
          ],
          [
            -46.702161,
            -23.620571
          ],
          [
            -46.71228,
            -23.626616
          ],
          [
            -46.726108,
            -23.640325
          ],
          [
            -46.724402,
            -23.653053
          ],
          [
            -46.690012,
            -23.699694
          ],
          [
            -46.6925,
            -23.703056
          ]
        ]
      }
    },
    {
      "type": "Feature",
      "properties": {
        "id": "EC1_0122",
        "flight_instance": "EC1_0122#0",
        "start_time": "15:42:00.00",
        "scenario": "produto2_C1_2025-11-09_off.scn",
        "waypoint_count": 19,
        "planned_flight_instance": "EC1_0122#0",
        "planned_start_time": "15:42:00.00",
        "vehicle_type": "eVTOL",
        "aircraft_model": "EVTOL",
        "start_time_delta_s": 0.0,
        "spatial_adherence_pct": 70.3896103896104,
        "planned_line_adherence_pct": 100.0,
        "adherence_reference": "official_reh_polygons",
        "mean_deviation_m": 22.152516568483755,
        "p95_deviation_m": 108.35505766084984,
        "max_deviation_m": 203.9958786948523,
        "planned_distance_m": 28846.809495596273,
        "executed_distance_m": 27237.73326068,
        "additional_distance_m": -1609.0762349162724,
        "trajectory_conformity_ratio": -0.05578004164245313,
        "planned_horizontal_inefficiency_ratio": 0.3708658948986174,
        "executed_horizontal_inefficiency_ratio": 0.2943989381949537,
        "executed_samples": 770
      },
      "geometry": {
        "type": "LineString",
        "coordinates": [
          [
            -46.830278,
            -23.564722
          ],
          [
            -46.818827,
            -23.564191
          ],
          [
            -46.815687,
            -23.514407
          ],
          [
            -46.821415,
            -23.510014
          ],
          [
            -46.79638,
            -23.515916
          ],
          [
            -46.781822,
            -23.521939
          ],
          [
            -46.750181,
            -23.527233
          ],
          [
            -46.742985,
            -23.519104
          ],
          [
            -46.72605,
            -23.515568
          ],
          [
            -46.709753,
            -23.517655
          ],
          [
            -46.6993,
            -23.520942
          ],
          [
            -46.692524,
            -23.522632
          ],
          [
            -46.682954,
            -23.523674
          ],
          [
            -46.676805,
            -23.5247
          ],
          [
            -46.670916,
            -23.525166
          ],
          [
            -46.659889,
            -23.526661
          ],
          [
            -46.651967,
            -23.528726
          ],
          [
            -46.645185,
            -23.528321
          ],
          [
            -46.633,
            -23.509
          ]
        ]
      }
    },
    {
      "type": "Feature",
      "properties": {
        "id": "EC1_0057",
        "flight_instance": "EC1_0057#0",
        "start_time": "15:46:00.00",
        "scenario": "produto2_C1_2025-11-09_off.scn",
        "waypoint_count": 12,
        "planned_flight_instance": "EC1_0057#0",
        "planned_start_time": "15:46:00.00",
        "vehicle_type": "eVTOL",
        "aircraft_model": "EVTOL",
        "start_time_delta_s": 0.0,
        "spatial_adherence_pct": 76.64473684210526,
        "planned_line_adherence_pct": 94.4078947368421,
        "adherence_reference": "official_reh_polygons",
        "mean_deviation_m": 38.07782239768814,
        "p95_deviation_m": 268.49576339917013,
        "max_deviation_m": 401.7788829656866,
        "planned_distance_m": 26084.152548635113,
        "executed_distance_m": 24637.57672756,
        "additional_distance_m": -1446.575821075112,
        "trajectory_conformity_ratio": -0.05545803408325818,
        "planned_horizontal_inefficiency_ratio": 0.24471534841749693,
        "executed_horizontal_inefficiency_ratio": 0.17568588220100478,
        "executed_samples": 608
      },
      "geometry": {
        "type": "LineString",
        "coordinates": [
          [
            -46.685556,
            -23.591111
          ],
          [
            -46.691668,
            -23.585265
          ],
          [
            -46.700338,
            -23.570707
          ],
          [
            -46.706363,
            -23.560632
          ],
          [
            -46.734437,
            -23.545467
          ],
          [
            -46.746866,
            -23.533391
          ],
          [
            -46.749795,
            -23.525077
          ],
          [
            -46.781185,
            -23.519766
          ],
          [
            -46.795617,
            -23.513778
          ],
          [
            -46.821227,
            -23.507774
          ],
          [
            -46.875972,
            -23.504073
          ],
          [
            -46.856667,
            -23.486667
          ]
        ]
      }
    },
    {
      "type": "Feature",
      "properties": {
        "id": "PSHAI",
        "flight_instance": "PSHAI#0",
        "start_time": "15:47:38.00",
        "scenario": "produto2_C1_2025-11-09_off.scn",
        "waypoint_count": 5,
        "planned_flight_instance": "PSHAI#0",
        "planned_start_time": "15:47:38.00",
        "vehicle_type": "helicoptero",
        "aircraft_model": "EC45",
        "start_time_delta_s": 0.0,
        "spatial_adherence_pct": 90.04975124378109,
        "planned_line_adherence_pct": 100.0,
        "adherence_reference": "official_reh_polygons",
        "mean_deviation_m": 24.217240982908542,
        "p95_deviation_m": 97.64696673279445,
        "max_deviation_m": 125.36109898520752,
        "planned_distance_m": 8386.85646825342,
        "executed_distance_m": 7797.73032149,
        "additional_distance_m": -589.1261467634195,
        "trajectory_conformity_ratio": -0.07024397627328255,
        "planned_horizontal_inefficiency_ratio": 0.3194606525160538,
        "executed_horizontal_inefficiency_ratio": 0.22677648974718626,
        "executed_samples": 201
      },
      "geometry": {
        "type": "LineString",
        "coordinates": [
          [
            -46.715278,
            -23.600278
          ],
          [
            -46.722735,
            -23.601896
          ],
          [
            -46.747018,
            -23.557139
          ],
          [
            -46.73436,
            -23.546137
          ],
          [
            -46.736944,
            -23.546667
          ]
        ]
      }
    },
    {
      "type": "Feature",
      "properties": {
        "id": "EC1_0117",
        "flight_instance": "EC1_0117#0",
        "start_time": "15:50:00.00",
        "scenario": "produto2_C1_2025-11-09_off.scn",
        "waypoint_count": 19,
        "planned_flight_instance": "EC1_0117#0",
        "planned_start_time": "15:50:00.00",
        "vehicle_type": "eVTOL",
        "aircraft_model": "EVTOL",
        "start_time_delta_s": 0.0,
        "spatial_adherence_pct": 76.79782903663501,
        "planned_line_adherence_pct": 98.9145183175034,
        "adherence_reference": "official_reh_polygons",
        "mean_deviation_m": 30.967679734206754,
        "p95_deviation_m": 157.43743022152236,
        "max_deviation_m": 301.11902867509997,
        "planned_distance_m": 27321.363762009954,
        "executed_distance_m": 24849.86530437,
        "additional_distance_m": -2471.4984576399547,
        "trajectory_conformity_ratio": -0.09046028884826551,
        "planned_horizontal_inefficiency_ratio": 1.5278063225117609,
        "executed_horizontal_inefficiency_ratio": 1.2991402324248753,
        "executed_samples": 737
      },
      "geometry": {
        "type": "LineString",
        "coordinates": [
          [
            -46.830278,
            -23.564722
          ],
          [
            -46.818827,
            -23.564191
          ],
          [
            -46.815687,
            -23.514407
          ],
          [
            -46.821415,
            -23.510014
          ],
          [
            -46.79638,
            -23.515916
          ],
          [
            -46.781822,
            -23.521939
          ],
          [
            -46.750181,
            -23.527233
          ],
          [
            -46.742985,
            -23.519104
          ],
          [
            -46.725265,
            -23.515259
          ],
          [
            -46.731696,
            -23.50713
          ],
          [
            -46.743982,
            -23.506437
          ],
          [
            -46.75222,
            -23.504262
          ],
          [
            -46.754052,
            -23.497111
          ],
          [
            -46.758475,
            -23.492906
          ],
          [
            -46.765319,
            -23.490964
          ],
          [
            -46.768251,
            -23.485298
          ],
          [
            -46.769169,
            -23.47516
          ],
          [
            -46.777452,
            -23.470231
          ],
          [
            -46.781111,
            -23.478611
          ]
        ]
      }
    },
    {
      "type": "Feature",
      "properties": {
        "id": "EC1_0036",
        "flight_instance": "EC1_0036#0",
        "start_time": "15:52:00.00",
        "scenario": "produto2_C1_2025-11-09_off.scn",
        "waypoint_count": 20,
        "planned_flight_instance": "EC1_0036#0",
        "planned_start_time": "15:52:00.00",
        "vehicle_type": "eVTOL",
        "aircraft_model": "EVTOL",
        "start_time_delta_s": 0.0,
        "spatial_adherence_pct": 77.57296466973887,
        "planned_line_adherence_pct": 100.0,
        "adherence_reference": "official_reh_polygons",
        "mean_deviation_m": 9.310514889306596,
        "p95_deviation_m": 46.326521683663444,
        "max_deviation_m": 143.39452232610438,
        "planned_distance_m": 26789.4115158122,
        "executed_distance_m": 26387.73177384,
        "additional_distance_m": -401.6797419721988,
        "trajectory_conformity_ratio": -0.014993974083197427,
        "planned_horizontal_inefficiency_ratio": 4.98782492831469,
        "executed_horizontal_inefficiency_ratio": 4.8980436365248154,
        "executed_samples": 651
      },
      "geometry": {
        "type": "LineString",
        "coordinates": [
          [
            -46.655,
            -23.562222
          ],
          [
            -46.670253,
            -23.571249
          ],
          [
            -46.678469,
            -23.562044
          ],
          [
            -46.681254,
            -23.556691
          ],
          [
            -46.678868,
            -23.552963
          ],
          [
            -46.670344,
            -23.524761
          ],
          [
            -46.67633,
            -23.522493
          ],
          [
            -46.682605,
            -23.521447
          ],
          [
            -46.692085,
            -23.520419
          ],
          [
            -46.698562,
            -23.518796
          ],
          [
            -46.709231,
            -23.515456
          ],
          [
            -46.726172,
            -23.513321
          ],
          [
            -46.744128,
            -23.517113
          ],
          [
            -46.751469,
            -23.525841
          ],
          [
            -46.748854,
            -23.534709
          ],
          [
            -46.735007,
            -23.5462
          ],
          [
            -46.706979,
            -23.561333
          ],
          [
            -46.7012,
            -23.571137
          ],
          [
            -46.692476,
            -23.585777
          ],
          [
            -46.685556,
            -23.591111
          ]
        ]
      }
    },
    {
      "type": "Feature",
      "properties": {
        "id": "EC1_0174",
        "flight_instance": "EC1_0174#0",
        "start_time": "15:52:00.00",
        "scenario": "produto2_C1_2025-11-09_off.scn",
        "waypoint_count": 30,
        "planned_flight_instance": "EC1_0174#0",
        "planned_start_time": "15:52:00.00",
        "vehicle_type": "eVTOL",
        "aircraft_model": "EVTOL",
        "start_time_delta_s": 0.0,
        "spatial_adherence_pct": 80.19801980198021,
        "planned_line_adherence_pct": 100.0,
        "adherence_reference": "official_reh_polygons",
        "mean_deviation_m": 7.764933335320625,
        "p95_deviation_m": 30.534873370890743,
        "max_deviation_m": 128.04823690690847,
        "planned_distance_m": 55040.48859160776,
        "executed_distance_m": 54690.06200743,
        "additional_distance_m": -350.42658417775965,
        "trajectory_conformity_ratio": -0.0063667055497612455,
        "planned_horizontal_inefficiency_ratio": 0.9480424672311862,
        "executed_horizontal_inefficiency_ratio": 0.9356398544438949,
        "executed_samples": 1414
      },
      "geometry": {
        "type": "LineString",
        "coordinates": [
          [
            -46.473056,
            -23.435556
          ],
          [
            -46.470057,
            -23.479504
          ],
          [
            -46.542513,
            -23.501225
          ],
          [
            -46.559266,
            -23.522325
          ],
          [
            -46.576553,
            -23.537839
          ],
          [
            -46.617141,
            -23.542766
          ],
          [
            -46.635058,
            -23.534875
          ],
          [
            -46.639567,
            -23.533164
          ],
          [
            -46.642444,
            -23.529251
          ],
          [
            -46.645476,
            -23.527575
          ],
          [
            -46.651833,
            -23.527834
          ],
          [
            -46.659691,
            -23.525779
          ],
          [
            -46.670751,
            -23.524279
          ],
          [
            -46.67633,
            -23.522493
          ],
          [
            -46.682605,
            -23.521447
          ],
          [
            -46.692085,
            -23.520419
          ],
          [
            -46.698562,
            -23.518796
          ],
          [
            -46.709231,
            -23.515456
          ],
          [
            -46.726172,
            -23.513321
          ],
          [
            -46.744128,
            -23.517113
          ],
          [
            -46.751433,
            -23.525731
          ],
          [
            -46.755767,
            -23.548092
          ],
          [
            -46.747931,
            -23.557437
          ],
          [
            -46.723564,
            -23.602377
          ],
          [
            -46.712994,
            -23.612071
          ],
          [
            -46.699523,
            -23.613222
          ],
          [
            -46.688349,
            -23.615738
          ],
          [
            -46.678516,
            -23.62337
          ],
          [
            -46.669241,
            -23.634056
          ],
          [
            -46.656389,
            -23.626111
          ]
        ]
      }
    },
    {
      "type": "Feature",
      "properties": {
        "id": "PROMH_004",
        "flight_instance": "PROMH_004#0",
        "start_time": "15:56:33.00",
        "scenario": "produto2_C1_2025-11-09_off.scn",
        "waypoint_count": 9,
        "planned_flight_instance": "PROMH_004#0",
        "planned_start_time": "15:56:33.00",
        "vehicle_type": "helicoptero",
        "aircraft_model": "EC55",
        "start_time_delta_s": 0.0,
        "spatial_adherence_pct": 43.913043478260875,
        "planned_line_adherence_pct": 100.0,
        "adherence_reference": "official_reh_polygons",
        "mean_deviation_m": 56.81661895877118,
        "p95_deviation_m": 150.71507246931867,
        "max_deviation_m": 169.24467840848152,
        "planned_distance_m": 16532.896537309898,
        "executed_distance_m": 16000.44664195,
        "additional_distance_m": -532.4498953598977,
        "trajectory_conformity_ratio": -0.0322054816080361,
        "planned_horizontal_inefficiency_ratio": 0.2600305889513263,
        "executed_horizontal_inefficiency_ratio": 0.21945069699329148,
        "executed_samples": 230
      },
      "geometry": {
        "type": "LineString",
        "coordinates": [
          [
            -46.682222,
            -23.585278
          ],
          [
            -46.692498,
            -23.585297
          ],
          [
            -46.699921,
            -23.612668
          ],
          [
            -46.702161,
            -23.620571
          ],
          [
            -46.71228,
            -23.626616
          ],
          [
            -46.726108,
            -23.640325
          ],
          [
            -46.724402,
            -23.653053
          ],
          [
            -46.690012,
            -23.699694
          ],
          [
            -46.6925,
            -23.703056
          ]
        ]
      }
    },
    {
      "type": "Feature",
      "properties": {
        "id": "PRHLA",
        "flight_instance": "PRHLA#0",
        "start_time": "15:58:10.00",
        "scenario": "produto2_C1_2025-11-09_off.scn",
        "waypoint_count": 19,
        "planned_flight_instance": "PRHLA#0",
        "planned_start_time": "15:58:10.00",
        "vehicle_type": "helicoptero",
        "aircraft_model": "B407",
        "start_time_delta_s": 0.0,
        "spatial_adherence_pct": 73.57293868921776,
        "planned_line_adherence_pct": 88.16067653276956,
        "adherence_reference": "official_reh_polygons",
        "mean_deviation_m": 74.58335647484377,
        "p95_deviation_m": 407.32970479933897,
        "max_deviation_m": 584.5949229358373,
        "planned_distance_m": 28548.256161754158,
        "executed_distance_m": 26589.31932435,
        "additional_distance_m": -1958.9368374041587,
        "trajectory_conformity_ratio": -0.06861844122123749,
        "planned_horizontal_inefficiency_ratio": 0.35666126935785547,
        "executed_horizontal_inefficiency_ratio": 0.263569287789294,
        "executed_samples": 473
      },
      "geometry": {
        "type": "LineString",
        "coordinates": [
          [
            -46.633,
            -23.509
          ],
          [
            -46.645915,
            -23.527719
          ],
          [
            -46.651833,
            -23.527834
          ],
          [
            -46.659691,
            -23.525779
          ],
          [
            -46.670751,
            -23.524279
          ],
          [
            -46.67633,
            -23.522493
          ],
          [
            -46.682605,
            -23.521447
          ],
          [
            -46.692085,
            -23.520419
          ],
          [
            -46.698562,
            -23.518796
          ],
          [
            -46.709231,
            -23.515456
          ],
          [
            -46.726172,
            -23.513321
          ],
          [
            -46.744128,
            -23.517113
          ],
          [
            -46.750374,
            -23.52499
          ],
          [
            -46.781185,
            -23.519766
          ],
          [
            -46.795617,
            -23.513778
          ],
          [
            -46.821362,
            -23.507764
          ],
          [
            -46.81814,
            -23.514459
          ],
          [
            -46.821212,
            -23.563658
          ],
          [
            -46.830278,
            -23.564722
          ]
        ]
      }
    },
    {
      "type": "Feature",
      "properties": {
        "id": "EC1_0024",
        "flight_instance": "EC1_0024#0",
        "start_time": "16:03:00.00",
        "scenario": "produto2_C1_2025-11-09_off.scn",
        "waypoint_count": 15,
        "planned_flight_instance": "EC1_0024#0",
        "planned_start_time": "16:03:00.00",
        "vehicle_type": "eVTOL",
        "aircraft_model": "EVTOL",
        "start_time_delta_s": 0.0,
        "spatial_adherence_pct": 72.80606717226435,
        "planned_line_adherence_pct": 100.0,
        "adherence_reference": "official_reh_polygons",
        "mean_deviation_m": 19.94427516853599,
        "p95_deviation_m": 111.24050656083988,
        "max_deviation_m": 206.86419090295348,
        "planned_distance_m": 33945.53144483985,
        "executed_distance_m": 33098.16813617,
        "additional_distance_m": -847.3633086698464,
        "trajectory_conformity_ratio": -0.02496244049225679,
        "planned_horizontal_inefficiency_ratio": 0.32421150439966073,
        "executed_horizontal_inefficiency_ratio": 0.29115595352192236,
        "executed_samples": 923
      },
      "geometry": {
        "type": "LineString",
        "coordinates": [
          [
            -46.856667,
            -23.486667
          ],
          [
            -46.877361,
            -23.505927
          ],
          [
            -46.821551,
            -23.510004
          ],
          [
            -46.79638,
            -23.515916
          ],
          [
            -46.781822,
            -23.521939
          ],
          [
            -46.751197,
            -23.526856
          ],
          [
            -46.755767,
            -23.548092
          ],
          [
            -46.747931,
            -23.557437
          ],
          [
            -46.723564,
            -23.602377
          ],
          [
            -46.712994,
            -23.612071
          ],
          [
            -46.699523,
            -23.613222
          ],
          [
            -46.688349,
            -23.615738
          ],
          [
            -46.678516,
            -23.62337
          ],
          [
            -46.669241,
            -23.634056
          ],
          [
            -46.656389,
            -23.626111
          ]
        ]
      }
    },
    {
      "type": "Feature",
      "properties": {
        "id": "EC1_0032",
        "flight_instance": "EC1_0032#0",
        "start_time": "16:03:00.00",
        "scenario": "produto2_C1_2025-11-09_off.scn",
        "waypoint_count": 20,
        "planned_flight_instance": "EC1_0032#0",
        "planned_start_time": "16:03:00.00",
        "vehicle_type": "eVTOL",
        "aircraft_model": "EVTOL",
        "start_time_delta_s": 0.0,
        "spatial_adherence_pct": 77.57296466973887,
        "planned_line_adherence_pct": 100.0,
        "adherence_reference": "official_reh_polygons",
        "mean_deviation_m": 9.310514889306596,
        "p95_deviation_m": 46.326521683663444,
        "max_deviation_m": 143.39452232610438,
        "planned_distance_m": 26789.4115158122,
        "executed_distance_m": 26387.73177384,
        "additional_distance_m": -401.6797419721988,
        "trajectory_conformity_ratio": -0.014993974083197427,
        "planned_horizontal_inefficiency_ratio": 4.98782492831469,
        "executed_horizontal_inefficiency_ratio": 4.8980436365248154,
        "executed_samples": 651
      },
      "geometry": {
        "type": "LineString",
        "coordinates": [
          [
            -46.655,
            -23.562222
          ],
          [
            -46.670253,
            -23.571249
          ],
          [
            -46.678469,
            -23.562044
          ],
          [
            -46.681254,
            -23.556691
          ],
          [
            -46.678868,
            -23.552963
          ],
          [
            -46.670344,
            -23.524761
          ],
          [
            -46.67633,
            -23.522493
          ],
          [
            -46.682605,
            -23.521447
          ],
          [
            -46.692085,
            -23.520419
          ],
          [
            -46.698562,
            -23.518796
          ],
          [
            -46.709231,
            -23.515456
          ],
          [
            -46.726172,
            -23.513321
          ],
          [
            -46.744128,
            -23.517113
          ],
          [
            -46.751469,
            -23.525841
          ],
          [
            -46.748854,
            -23.534709
          ],
          [
            -46.735007,
            -23.5462
          ],
          [
            -46.706979,
            -23.561333
          ],
          [
            -46.7012,
            -23.571137
          ],
          [
            -46.692476,
            -23.585777
          ],
          [
            -46.685556,
            -23.591111
          ]
        ]
      }
    },
    {
      "type": "Feature",
      "properties": {
        "id": "PRTJR_003",
        "flight_instance": "PRTJR_003#0",
        "start_time": "16:04:11.00",
        "scenario": "produto2_C1_2025-11-09_off.scn",
        "waypoint_count": 22,
        "planned_flight_instance": "PRTJR_003#0",
        "planned_start_time": "16:04:11.00",
        "vehicle_type": "helicoptero",
        "aircraft_model": "A109",
        "start_time_delta_s": 0.0,
        "spatial_adherence_pct": 62.06896551724138,
        "planned_line_adherence_pct": 98.7460815047022,
        "adherence_reference": "official_reh_polygons",
        "mean_deviation_m": 54.604839762413285,
        "p95_deviation_m": 207.02476782765694,
        "max_deviation_m": 351.77748466729355,
        "planned_distance_m": 22510.23069173731,
        "executed_distance_m": 21093.8722525,
        "additional_distance_m": -1416.3584392373086,
        "trajectory_conformity_ratio": -0.06292065410760994,
        "planned_horizontal_inefficiency_ratio": 0.4583424862384041,
        "executed_horizontal_inefficiency_ratio": 0.3665826230913656,
        "executed_samples": 319
      },
      "geometry": {
        "type": "LineString",
        "coordinates": [
          [
            -46.657583,
            -23.558861
          ],
          [
            -46.670336,
            -23.571255
          ],
          [
            -46.678469,
            -23.562044
          ],
          [
            -46.681254,
            -23.556691
          ],
          [
            -46.678868,
            -23.552963
          ],
          [
            -46.670344,
            -23.524761
          ],
          [
            -46.67633,
            -23.522493
          ],
          [
            -46.682605,
            -23.521447
          ],
          [
            -46.692085,
            -23.520419
          ],
          [
            -46.698562,
            -23.518796
          ],
          [
            -46.709231,
            -23.515456
          ],
          [
            -46.725652,
            -23.513401
          ],
          [
            -46.731696,
            -23.50713
          ],
          [
            -46.743982,
            -23.506437
          ],
          [
            -46.75222,
            -23.504262
          ],
          [
            -46.754052,
            -23.497111
          ],
          [
            -46.758475,
            -23.492906
          ],
          [
            -46.765319,
            -23.490964
          ],
          [
            -46.768251,
            -23.485298
          ],
          [
            -46.769169,
            -23.47516
          ],
          [
            -46.777452,
            -23.470231
          ],
          [
            -46.781111,
            -23.478611
          ]
        ]
      }
    },
    {
      "type": "Feature",
      "properties": {
        "id": "EC1_0064",
        "flight_instance": "EC1_0064#0",
        "start_time": "16:05:00.00",
        "scenario": "produto2_C1_2025-11-09_off.scn",
        "waypoint_count": 20,
        "planned_flight_instance": "EC1_0064#0",
        "planned_start_time": "16:05:00.00",
        "vehicle_type": "eVTOL",
        "aircraft_model": "EVTOL",
        "start_time_delta_s": 0.0,
        "spatial_adherence_pct": 65.80937972768533,
        "planned_line_adherence_pct": 100.0,
        "adherence_reference": "official_reh_polygons",
        "mean_deviation_m": 30.570365244389606,
        "p95_deviation_m": 153.9193914275658,
        "max_deviation_m": 226.66642923465062,
        "planned_distance_m": 26266.560582715785,
        "executed_distance_m": 25477.54143557,
        "additional_distance_m": -789.0191471457838,
        "trajectory_conformity_ratio": -0.03003892133730607,
        "planned_horizontal_inefficiency_ratio": 4.870943612998789,
        "executed_horizontal_inefficiency_ratio": 4.694586799632159,
        "executed_samples": 661
      },
      "geometry": {
        "type": "LineString",
        "coordinates": [
          [
            -46.685556,
            -23.591111
          ],
          [
            -46.691668,
            -23.585265
          ],
          [
            -46.700338,
            -23.570707
          ],
          [
            -46.706363,
            -23.560632
          ],
          [
            -46.734437,
            -23.545467
          ],
          [
            -46.746866,
            -23.533391
          ],
          [
            -46.749087,
            -23.526381
          ],
          [
            -46.742985,
            -23.519104
          ],
          [
            -46.72605,
            -23.515568
          ],
          [
            -46.709753,
            -23.517655
          ],
          [
            -46.6993,
            -23.520942
          ],
          [
            -46.692524,
            -23.522632
          ],
          [
            -46.682954,
            -23.523674
          ],
          [
            -46.676805,
            -23.5247
          ],
          [
            -46.671322,
            -23.524683
          ],
          [
            -46.679805,
            -23.552694
          ],
          [
            -46.682234,
            -23.556732
          ],
          [
            -46.679272,
            -23.562561
          ],
          [
            -46.670249,
            -23.572148
          ],
          [
            -46.655,
            -23.562222
          ]
        ]
      }
    },
    {
      "type": "Feature",
      "properties": {
        "id": "PSCML",
        "flight_instance": "PSCML#0",
        "start_time": "16:09:48.00",
        "scenario": "produto2_C1_2025-11-09_off.scn",
        "waypoint_count": 18,
        "planned_flight_instance": "PSCML#0",
        "planned_start_time": "16:09:48.00",
        "vehicle_type": "helicoptero",
        "aircraft_model": "B429",
        "start_time_delta_s": 0.0,
        "spatial_adherence_pct": 60.72507552870091,
        "planned_line_adherence_pct": 100.0,
        "adherence_reference": "official_reh_polygons",
        "mean_deviation_m": 33.62481389239231,
        "p95_deviation_m": 135.49588887629426,
        "max_deviation_m": 208.86376096850378,
        "planned_distance_m": 21331.583868441096,
        "executed_distance_m": 20957.40335236,
        "additional_distance_m": -374.18051608109454,
        "trajectory_conformity_ratio": -0.017541150173788735,
        "planned_horizontal_inefficiency_ratio": 1.2008357069872877,
        "executed_horizontal_inefficiency_ratio": 1.1622305173431873,
        "executed_samples": 331
      },
      "geometry": {
        "type": "LineString",
        "coordinates": [
          [
            -46.6975,
            -23.573056
          ],
          [
            -46.700366,
            -23.570665
          ],
          [
            -46.706363,
            -23.560632
          ],
          [
            -46.734437,
            -23.545467
          ],
          [
            -46.746866,
            -23.533391
          ],
          [
            -46.749087,
            -23.526381
          ],
          [
            -46.742985,
            -23.519104
          ],
          [
            -46.72605,
            -23.515568
          ],
          [
            -46.709753,
            -23.517655
          ],
          [
            -46.6993,
            -23.520942
          ],
          [
            -46.692524,
            -23.522632
          ],
          [
            -46.682954,
            -23.523674
          ],
          [
            -46.676805,
            -23.5247
          ],
          [
            -46.670916,
            -23.525166
          ],
          [
            -46.659889,
            -23.526661
          ],
          [
            -46.651967,
            -23.528726
          ],
          [
            -46.645185,
            -23.528321
          ],
          [
            -46.633,
            -23.509
          ]
        ]
      }
    },
    {
      "type": "Feature",
      "properties": {
        "id": "AGUIA21",
        "flight_instance": "AGUIA21#0",
        "start_time": "16:11:43.00",
        "scenario": "produto2_C1_2025-11-09_off.scn",
        "waypoint_count": 9,
        "planned_flight_instance": "AGUIA21#0",
        "planned_start_time": "16:11:43.00",
        "vehicle_type": "helicoptero",
        "aircraft_model": "AS50",
        "start_time_delta_s": 0.0,
        "spatial_adherence_pct": 40.86021505376344,
        "planned_line_adherence_pct": 98.9247311827957,
        "adherence_reference": "official_reh_polygons",
        "mean_deviation_m": 59.6189648051991,
        "p95_deviation_m": 163.0950762940803,
        "max_deviation_m": 287.12826946407944,
        "planned_distance_m": 10500.112569664838,
        "executed_distance_m": 9865.22724993,
        "additional_distance_m": -634.885319734838,
        "trajectory_conformity_ratio": -0.060464620309790024,
        "planned_horizontal_inefficiency_ratio": 0.5935221537343683,
        "executed_horizontal_inefficiency_ratio": 0.4971704417535809,
        "executed_samples": 186
      },
      "geometry": {
        "type": "LineString",
        "coordinates": [
          [
            -46.669278,
            -23.558056
          ],
          [
            -46.678813,
            -23.561856
          ],
          [
            -46.681254,
            -23.556691
          ],
          [
            -46.678868,
            -23.552963
          ],
          [
            -46.670426,
            -23.524974
          ],
          [
            -46.659889,
            -23.526661
          ],
          [
            -46.651967,
            -23.528726
          ],
          [
            -46.645185,
            -23.528321
          ],
          [
            -46.633,
            -23.509
          ]
        ]
      }
    },
    {
      "type": "Feature",
      "properties": {
        "id": "EC1_0137",
        "flight_instance": "EC1_0137#0",
        "start_time": "16:14:00.00",
        "scenario": "produto2_C1_2025-11-09_off.scn",
        "waypoint_count": 16,
        "planned_flight_instance": "EC1_0137#0",
        "planned_start_time": "16:14:00.00",
        "vehicle_type": "eVTOL",
        "aircraft_model": "EVTOL",
        "start_time_delta_s": 0.0,
        "spatial_adherence_pct": 90.73170731707317,
        "planned_line_adherence_pct": 98.04878048780488,
        "adherence_reference": "official_reh_polygons",
        "mean_deviation_m": 35.176513204837136,
        "p95_deviation_m": 145.6533218105943,
        "max_deviation_m": 301.091233336486,
        "planned_distance_m": 15205.986597422148,
        "executed_distance_m": 14063.09431715,
        "additional_distance_m": -1142.8922802721481,
        "trajectory_conformity_ratio": -0.075160679180521,
        "planned_horizontal_inefficiency_ratio": 0.7267400618175689,
        "executed_horizontal_inefficiency_ratio": 0.5969571060031456,
        "executed_samples": 410
      },
      "geometry": {
        "type": "LineString",
        "coordinates": [
          [
            -46.736944,
            -23.546667
          ],
          [
            -46.733761,
            -23.545134
          ],
          [
            -46.746866,
            -23.533391
          ],
          [
            -46.749087,
            -23.526381
          ],
          [
            -46.742985,
            -23.519104
          ],
          [
            -46.725265,
            -23.515259
          ],
          [
            -46.731696,
            -23.50713
          ],
          [
            -46.743982,
            -23.506437
          ],
          [
            -46.75222,
            -23.504262
          ],
          [
            -46.754052,
            -23.497111
          ],
          [
            -46.758475,
            -23.492906
          ],
          [
            -46.765319,
            -23.490964
          ],
          [
            -46.768251,
            -23.485298
          ],
          [
            -46.769169,
            -23.47516
          ],
          [
            -46.777452,
            -23.470231
          ],
          [
            -46.781111,
            -23.478611
          ]
        ]
      }
    },
    {
      "type": "Feature",
      "properties": {
        "id": "PROMH_005",
        "flight_instance": "PROMH_005#0",
        "start_time": "16:17:32.00",
        "scenario": "produto2_C1_2025-11-09_off.scn",
        "waypoint_count": 9,
        "planned_flight_instance": "PROMH_005#0",
        "planned_start_time": "16:17:32.00",
        "vehicle_type": "helicoptero",
        "aircraft_model": "EC55",
        "start_time_delta_s": 0.0,
        "spatial_adherence_pct": 43.913043478260875,
        "planned_line_adherence_pct": 100.0,
        "adherence_reference": "official_reh_polygons",
        "mean_deviation_m": 56.81661895877118,
        "p95_deviation_m": 150.71507246931867,
        "max_deviation_m": 169.24467840848152,
        "planned_distance_m": 16532.896537309898,
        "executed_distance_m": 16000.44664195,
        "additional_distance_m": -532.4498953598977,
        "trajectory_conformity_ratio": -0.0322054816080361,
        "planned_horizontal_inefficiency_ratio": 0.2600305889513263,
        "executed_horizontal_inefficiency_ratio": 0.21945069699329148,
        "executed_samples": 230
      },
      "geometry": {
        "type": "LineString",
        "coordinates": [
          [
            -46.682222,
            -23.585278
          ],
          [
            -46.692498,
            -23.585297
          ],
          [
            -46.699921,
            -23.612668
          ],
          [
            -46.702161,
            -23.620571
          ],
          [
            -46.71228,
            -23.626616
          ],
          [
            -46.726108,
            -23.640325
          ],
          [
            -46.724402,
            -23.653053
          ],
          [
            -46.690012,
            -23.699694
          ],
          [
            -46.6925,
            -23.703056
          ]
        ]
      }
    },
    {
      "type": "Feature",
      "properties": {
        "id": "PSEII_004",
        "flight_instance": "PSEII_004#0",
        "start_time": "16:18:08.00",
        "scenario": "produto2_C1_2025-11-09_off.scn",
        "waypoint_count": 8,
        "planned_flight_instance": "PSEII_004#0",
        "planned_start_time": "16:18:08.00",
        "vehicle_type": "helicoptero",
        "aircraft_model": "AS50",
        "start_time_delta_s": 0.0,
        "spatial_adherence_pct": 49.01960784313725,
        "planned_line_adherence_pct": 100.0,
        "adherence_reference": "official_reh_polygons",
        "mean_deviation_m": 44.62614998771022,
        "p95_deviation_m": 107.52246136941638,
        "max_deviation_m": 138.96965853727218,
        "planned_distance_m": 13575.24573719586,
        "executed_distance_m": 13252.89192745,
        "additional_distance_m": -322.3538097458604,
        "trajectory_conformity_ratio": -0.023745707148609355,
        "planned_horizontal_inefficiency_ratio": 0.2029123986664339,
        "executed_horizontal_inefficiency_ratio": 0.17434839312226955,
        "executed_samples": 204
      },
      "geometry": {
        "type": "LineString",
        "coordinates": [
          [
            -46.699167,
            -23.601667
          ],
          [
            -46.699932,
            -23.612722
          ],
          [
            -46.702161,
            -23.620571
          ],
          [
            -46.71228,
            -23.626616
          ],
          [
            -46.726108,
            -23.640325
          ],
          [
            -46.724402,
            -23.653053
          ],
          [
            -46.690012,
            -23.699694
          ],
          [
            -46.6925,
            -23.703056
          ]
        ]
      }
    },
    {
      "type": "Feature",
      "properties": {
        "id": "PRMKM_006",
        "flight_instance": "PRMKM_006#0",
        "start_time": "16:19:09.00",
        "scenario": "produto2_C1_2025-11-09_off.scn",
        "waypoint_count": 9,
        "planned_flight_instance": "PRMKM_006#0",
        "planned_start_time": "16:19:09.00",
        "vehicle_type": "helicoptero",
        "aircraft_model": "B429",
        "start_time_delta_s": 0.0,
        "spatial_adherence_pct": 41.947565543071164,
        "planned_line_adherence_pct": 100.0,
        "adherence_reference": "official_reh_polygons",
        "mean_deviation_m": 43.69892124579372,
        "p95_deviation_m": 108.64247080855567,
        "max_deviation_m": 137.6797562544876,
        "planned_distance_m": 16719.86628293206,
        "executed_distance_m": 16066.1512759,
        "additional_distance_m": -653.7150070320604,
        "trajectory_conformity_ratio": -0.03909810018632651,
        "planned_horizontal_inefficiency_ratio": 0.34114884211813534,
        "executed_horizontal_inefficiency_ratio": 0.28871247032422465,
        "executed_samples": 267
      },
      "geometry": {
        "type": "LineString",
        "coordinates": [
          [
            -46.682278,
            -23.591167
          ],
          [
            -46.692469,
            -23.585256
          ],
          [
            -46.699921,
            -23.612668
          ],
          [
            -46.702161,
            -23.620571
          ],
          [
            -46.71228,
            -23.626616
          ],
          [
            -46.726108,
            -23.640325
          ],
          [
            -46.724402,
            -23.653053
          ],
          [
            -46.690012,
            -23.699694
          ],
          [
            -46.6925,
            -23.703056
          ]
        ]
      }
    },
    {
      "type": "Feature",
      "properties": {
        "id": "EC1_0116",
        "flight_instance": "EC1_0116#0",
        "start_time": "16:20:00.00",
        "scenario": "produto2_C1_2025-11-09_off.scn",
        "waypoint_count": 10,
        "planned_flight_instance": "EC1_0116#0",
        "planned_start_time": "16:20:00.00",
        "vehicle_type": "eVTOL",
        "aircraft_model": "EVTOL",
        "start_time_delta_s": 0.0,
        "spatial_adherence_pct": 78.41726618705036,
        "planned_line_adherence_pct": 98.38129496402878,
        "adherence_reference": "official_reh_polygons",
        "mean_deviation_m": 60.30430732441436,
        "p95_deviation_m": 166.58664393497543,
        "max_deviation_m": 333.5502808579451,
        "planned_distance_m": 20153.271224488002,
        "executed_distance_m": 18939.26536973,
        "additional_distance_m": -1214.005854758001,
        "trajectory_conformity_ratio": -0.06023865015436684,
        "planned_horizontal_inefficiency_ratio": 0.3401823829455895,
        "executed_horizontal_inefficiency_ratio": 0.2594516052362844,
        "executed_samples": 556
      },
      "geometry": {
        "type": "LineString",
        "coordinates": [
          [
            -46.830278,
            -23.564722
          ],
          [
            -46.820443,
            -23.56498
          ],
          [
            -46.815243,
            -23.570761
          ],
          [
            -46.809635,
            -23.580051
          ],
          [
            -46.810871,
            -23.593207
          ],
          [
            -46.751928,
            -23.60971
          ],
          [
            -46.71282,
            -23.612115
          ],
          [
            -46.699047,
            -23.613042
          ],
          [
            -46.691649,
            -23.585749
          ],
          [
            -46.685556,
            -23.591111
          ]
        ]
      }
    },
    {
      "type": "Feature",
      "properties": {
        "id": "PPBEB_001",
        "flight_instance": "PPBEB_001#0",
        "start_time": "16:31:04.00",
        "scenario": "produto2_C1_2025-11-09_off.scn",
        "waypoint_count": 19,
        "planned_flight_instance": "PPBEB_001#0",
        "planned_start_time": "16:31:04.00",
        "vehicle_type": "helicoptero",
        "aircraft_model": "A109",
        "start_time_delta_s": 0.0,
        "spatial_adherence_pct": 65.814696485623,
        "planned_line_adherence_pct": 91.69329073482429,
        "adherence_reference": "official_reh_polygons",
        "mean_deviation_m": 79.26556450789575,
        "p95_deviation_m": 385.5960337517054,
        "max_deviation_m": 501.8318289028796,
        "planned_distance_m": 22039.22954400071,
        "executed_distance_m": 20843.6397732,
        "additional_distance_m": -1195.5897708007105,
        "trajectory_conformity_ratio": -0.054248256202139404,
        "planned_horizontal_inefficiency_ratio": 0.4004867424953831,
        "executed_horizontal_inefficiency_ratio": 0.3245127788807939,
        "executed_samples": 313
      },
      "geometry": {
        "type": "LineString",
        "coordinates": [
          [
            -46.686667,
            -23.590556
          ],
          [
            -46.691662,
            -23.585274
          ],
          [
            -46.700338,
            -23.570707
          ],
          [
            -46.706363,
            -23.560632
          ],
          [
            -46.734437,
            -23.545467
          ],
          [
            -46.746866,
            -23.533391
          ],
          [
            -46.749087,
            -23.526381
          ],
          [
            -46.742985,
            -23.519104
          ],
          [
            -46.725265,
            -23.515259
          ],
          [
            -46.731696,
            -23.50713
          ],
          [
            -46.743982,
            -23.506437
          ],
          [
            -46.75222,
            -23.504262
          ],
          [
            -46.754052,
            -23.497111
          ],
          [
            -46.758475,
            -23.492906
          ],
          [
            -46.765319,
            -23.490964
          ],
          [
            -46.768251,
            -23.485298
          ],
          [
            -46.769169,
            -23.47516
          ],
          [
            -46.777452,
            -23.470231
          ],
          [
            -46.781111,
            -23.478611
          ]
        ]
      }
    },
    {
      "type": "Feature",
      "properties": {
        "id": "EC1_0007",
        "flight_instance": "EC1_0007#0",
        "start_time": "16:32:00.00",
        "scenario": "produto2_C1_2025-11-09_off.scn",
        "waypoint_count": 12,
        "planned_flight_instance": "EC1_0007#0",
        "planned_start_time": "16:32:00.00",
        "vehicle_type": "eVTOL",
        "aircraft_model": "EVTOL",
        "start_time_delta_s": 0.0,
        "spatial_adherence_pct": 71.13259668508287,
        "planned_line_adherence_pct": 100.0,
        "adherence_reference": "official_reh_polygons",
        "mean_deviation_m": 7.173604101707715,
        "p95_deviation_m": 21.506873318233286,
        "max_deviation_m": 106.05061295217199,
        "planned_distance_m": 26310.7491327017,
        "executed_distance_m": 25916.13802414,
        "additional_distance_m": -394.61110856170126,
        "trajectory_conformity_ratio": -0.014998094754787429,
        "planned_horizontal_inefficiency_ratio": 0.2556920998879288,
        "executed_horizontal_inefficiency_ratio": 0.23685911079097163,
        "executed_samples": 724
      },
      "geometry": {
        "type": "LineString",
        "coordinates": [
          [
            -46.856667,
            -23.486667
          ],
          [
            -46.877361,
            -23.505927
          ],
          [
            -46.821551,
            -23.510004
          ],
          [
            -46.79638,
            -23.515916
          ],
          [
            -46.781822,
            -23.521939
          ],
          [
            -46.75076,
            -23.527145
          ],
          [
            -46.748854,
            -23.534709
          ],
          [
            -46.735007,
            -23.5462
          ],
          [
            -46.706979,
            -23.561333
          ],
          [
            -46.7012,
            -23.571137
          ],
          [
            -46.692476,
            -23.585777
          ],
          [
            -46.685556,
            -23.591111
          ]
        ]
      }
    },
    {
      "type": "Feature",
      "properties": {
        "id": "EC1_0101",
        "flight_instance": "EC1_0101#0",
        "start_time": "17:32:00.00",
        "scenario": "produto2_C1_2025-11-09_off.scn",
        "waypoint_count": 16,
        "planned_flight_instance": "EC1_0101#0",
        "planned_start_time": "17:32:00.00",
        "vehicle_type": "eVTOL",
        "aircraft_model": "EVTOL",
        "start_time_delta_s": 0.0,
        "spatial_adherence_pct": 81.4621409921671,
        "planned_line_adherence_pct": 100.0,
        "adherence_reference": "official_reh_polygons",
        "mean_deviation_m": 28.856327917465745,
        "p95_deviation_m": 166.64853053732222,
        "max_deviation_m": 240.59511245896476,
        "planned_distance_m": 14645.377322469732,
        "executed_distance_m": 13516.0447534,
        "additional_distance_m": -1129.332569069733,
        "trajectory_conformity_ratio": -0.07711187934619135,
        "planned_horizontal_inefficiency_ratio": 0.663328651596909,
        "executed_horizontal_inefficiency_ratio": 0.5350662533019049,
        "executed_samples": 383
      },
      "geometry": {
        "type": "LineString",
        "coordinates": [
          [
            -46.781111,
            -23.478611
          ],
          [
            -46.776754,
            -23.472388
          ],
          [
            -46.771369,
            -23.476155
          ],
          [
            -46.770638,
            -23.485813
          ],
          [
            -46.766936,
            -23.492656
          ],
          [
            -46.7597,
            -23.494855
          ],
          [
            -46.756253,
            -23.498105
          ],
          [
            -46.753944,
            -23.505863
          ],
          [
            -46.744374,
            -23.508658
          ],
          [
            -46.732639,
            -23.509208
          ],
          [
            -46.726957,
            -23.51363
          ],
          [
            -46.744128,
            -23.517113
          ],
          [
            -46.751469,
            -23.525841
          ],
          [
            -46.748854,
            -23.534709
          ],
          [
            -46.735684,
            -23.546532
          ],
          [
            -46.736944,
            -23.546667
          ]
        ]
      }
    },
    {
      "type": "Feature",
      "properties": {
        "id": "PPYSE",
        "flight_instance": "PPYSE#0",
        "start_time": "17:37:27.00",
        "scenario": "produto2_C1_2025-11-09_off.scn",
        "waypoint_count": 10,
        "planned_flight_instance": "PPYSE#0",
        "planned_start_time": "17:37:27.00",
        "vehicle_type": "helicoptero",
        "aircraft_model": "AS65",
        "start_time_delta_s": 0.0,
        "spatial_adherence_pct": 54.850746268656714,
        "planned_line_adherence_pct": 92.16417910447761,
        "adherence_reference": "official_reh_polygons",
        "mean_deviation_m": 67.2999140500099,
        "p95_deviation_m": 340.74109912064705,
        "max_deviation_m": 576.6883363418759,
        "planned_distance_m": 20424.845385756613,
        "executed_distance_m": 19197.44889661,
        "additional_distance_m": -1227.396489146613,
        "trajectory_conformity_ratio": -0.06009330626328977,
        "planned_horizontal_inefficiency_ratio": 0.38976525895147635,
        "executed_horizontal_inefficiency_ratio": 0.3062496696112251,
        "executed_samples": 268
      },
      "geometry": {
        "type": "LineString",
        "coordinates": [
          [
            -46.686667,
            -23.576667
          ],
          [
            -46.692539,
            -23.585382
          ],
          [
            -46.699842,
            -23.612514
          ],
          [
            -46.712735,
            -23.611218
          ],
          [
            -46.751406,
            -23.607512
          ],
          [
            -46.809684,
            -23.591238
          ],
          [
            -46.807212,
            -23.579688
          ],
          [
            -46.8132,
            -23.569513
          ],
          [
            -46.819596,
            -23.562869
          ],
          [
            -46.830278,
            -23.564722
          ]
        ]
      }
    },
    {
      "type": "Feature",
      "properties": {
        "id": "PSBOS_002",
        "flight_instance": "PSBOS_002#0",
        "start_time": "17:38:42.00",
        "scenario": "produto2_C1_2025-11-09_off.scn",
        "waypoint_count": 19,
        "planned_flight_instance": "PSBOS_002#0",
        "planned_start_time": "17:38:42.00",
        "vehicle_type": "helicoptero",
        "aircraft_model": "AS50",
        "start_time_delta_s": 0.0,
        "spatial_adherence_pct": 62.0,
        "planned_line_adherence_pct": 91.71428571428571,
        "adherence_reference": "official_reh_polygons",
        "mean_deviation_m": 94.05015939108296,
        "p95_deviation_m": 378.01084609690975,
        "max_deviation_m": 593.5886677112892,
        "planned_distance_m": 22541.79242236932,
        "executed_distance_m": 21520.63822161,
        "additional_distance_m": -1021.1542007593198,
        "trajectory_conformity_ratio": -0.04530048816109134,
        "planned_horizontal_inefficiency_ratio": 0.3953052902382543,
        "executed_horizontal_inefficiency_ratio": 0.33209727945670814,
        "executed_samples": 350
      },
      "geometry": {
        "type": "LineString",
        "coordinates": [
          [
            -46.680833,
            -23.591111
          ],
          [
            -46.691708,
            -23.585219
          ],
          [
            -46.700338,
            -23.570707
          ],
          [
            -46.706363,
            -23.560632
          ],
          [
            -46.734437,
            -23.545467
          ],
          [
            -46.746866,
            -23.533391
          ],
          [
            -46.749087,
            -23.526381
          ],
          [
            -46.742985,
            -23.519104
          ],
          [
            -46.725265,
            -23.515259
          ],
          [
            -46.731696,
            -23.50713
          ],
          [
            -46.743982,
            -23.506437
          ],
          [
            -46.75222,
            -23.504262
          ],
          [
            -46.754052,
            -23.497111
          ],
          [
            -46.758475,
            -23.492906
          ],
          [
            -46.765319,
            -23.490964
          ],
          [
            -46.768251,
            -23.485298
          ],
          [
            -46.769169,
            -23.47516
          ],
          [
            -46.777452,
            -23.470231
          ],
          [
            -46.781111,
            -23.478611
          ]
        ]
      }
    },
    {
      "type": "Feature",
      "properties": {
        "id": "PRGZA_002",
        "flight_instance": "PRGZA_002#0",
        "start_time": "17:40:27.00",
        "scenario": "produto2_C1_2025-11-09_off.scn",
        "waypoint_count": 19,
        "planned_flight_instance": "PRGZA_002#0",
        "planned_start_time": "17:40:27.00",
        "vehicle_type": "helicoptero",
        "aircraft_model": "AS50",
        "start_time_delta_s": 0.0,
        "spatial_adherence_pct": 70.49608355091384,
        "planned_line_adherence_pct": 99.73890339425587,
        "adherence_reference": "official_reh_polygons",
        "mean_deviation_m": 24.049100433451596,
        "p95_deviation_m": 116.48729879632316,
        "max_deviation_m": 265.84662960016567,
        "planned_distance_m": 24609.430739860276,
        "executed_distance_m": 24191.35702726,
        "additional_distance_m": -418.07371260027503,
        "trajectory_conformity_ratio": -0.01698835365269602,
        "planned_horizontal_inefficiency_ratio": 1.3776090426627516,
        "executed_horizontal_inefficiency_ratio": 1.3372173793981488,
        "executed_samples": 383
      },
      "geometry": {
        "type": "LineString",
        "coordinates": [
          [
            -46.633,
            -23.509
          ],
          [
            -46.645915,
            -23.527719
          ],
          [
            -46.651833,
            -23.527834
          ],
          [
            -46.659691,
            -23.525779
          ],
          [
            -46.670751,
            -23.524279
          ],
          [
            -46.67633,
            -23.522493
          ],
          [
            -46.682605,
            -23.521447
          ],
          [
            -46.692085,
            -23.520419
          ],
          [
            -46.698562,
            -23.518796
          ],
          [
            -46.709231,
            -23.515456
          ],
          [
            -46.726172,
            -23.513321
          ],
          [
            -46.744128,
            -23.517113
          ],
          [
            -46.751469,
            -23.525841
          ],
          [
            -46.748854,
            -23.534709
          ],
          [
            -46.735007,
            -23.5462
          ],
          [
            -46.706979,
            -23.561333
          ],
          [
            -46.7012,
            -23.571137
          ],
          [
            -46.692436,
            -23.585823
          ],
          [
            -46.680833,
            -23.591111
          ]
        ]
      }
    },
    {
      "type": "Feature",
      "properties": {
        "id": "PRVEM_001",
        "flight_instance": "PRVEM_001#0",
        "start_time": "17:42:31.00",
        "scenario": "produto2_C1_2025-11-09_off.scn",
        "waypoint_count": 7,
        "planned_flight_instance": "PRVEM_001#0",
        "planned_start_time": "17:42:31.00",
        "vehicle_type": "helicoptero",
        "aircraft_model": "B429",
        "start_time_delta_s": 0.0,
        "spatial_adherence_pct": 23.783783783783786,
        "planned_line_adherence_pct": 69.1891891891892,
        "adherence_reference": "official_reh_polygons",
        "mean_deviation_m": 164.6494600536504,
        "p95_deviation_m": 533.8449182642732,
        "max_deviation_m": 605.6143633189535,
        "planned_distance_m": 9606.574475088051,
        "executed_distance_m": 8443.34844074,
        "additional_distance_m": -1163.226034348052,
        "trajectory_conformity_ratio": -0.1210864535911892,
        "planned_horizontal_inefficiency_ratio": 0.6949859621764395,
        "executed_horizontal_inefficiency_ratio": 0.48974612312964494,
        "executed_samples": 185
      },
      "geometry": {
        "type": "LineString",
        "coordinates": [
          [
            -46.656389,
            -23.626111
          ],
          [
            -46.669092,
            -23.633166
          ],
          [
            -46.677804,
            -23.62275
          ],
          [
            -46.687891,
            -23.614942
          ],
          [
            -46.698957,
            -23.612724
          ],
          [
            -46.69163,
            -23.585718
          ],
          [
            -46.682694,
            -23.581194
          ]
        ]
      }
    },
    {
      "type": "Feature",
      "properties": {
        "id": "EC1_0044",
        "flight_instance": "EC1_0044#0",
        "start_time": "18:32:00.00",
        "scenario": "produto2_C1_2025-11-09_off.scn",
        "waypoint_count": 20,
        "planned_flight_instance": "EC1_0044#0",
        "planned_start_time": "18:32:00.00",
        "vehicle_type": "eVTOL",
        "aircraft_model": "EVTOL",
        "start_time_delta_s": 0.0,
        "spatial_adherence_pct": 77.57296466973887,
        "planned_line_adherence_pct": 100.0,
        "adherence_reference": "official_reh_polygons",
        "mean_deviation_m": 9.310514889306596,
        "p95_deviation_m": 46.326521683663444,
        "max_deviation_m": 143.39452232610438,
        "planned_distance_m": 26789.4115158122,
        "executed_distance_m": 26387.73177384,
        "additional_distance_m": -401.6797419721988,
        "trajectory_conformity_ratio": -0.014993974083197427,
        "planned_horizontal_inefficiency_ratio": 4.98782492831469,
        "executed_horizontal_inefficiency_ratio": 4.8980436365248154,
        "executed_samples": 651
      },
      "geometry": {
        "type": "LineString",
        "coordinates": [
          [
            -46.655,
            -23.562222
          ],
          [
            -46.670253,
            -23.571249
          ],
          [
            -46.678469,
            -23.562044
          ],
          [
            -46.681254,
            -23.556691
          ],
          [
            -46.678868,
            -23.552963
          ],
          [
            -46.670344,
            -23.524761
          ],
          [
            -46.67633,
            -23.522493
          ],
          [
            -46.682605,
            -23.521447
          ],
          [
            -46.692085,
            -23.520419
          ],
          [
            -46.698562,
            -23.518796
          ],
          [
            -46.709231,
            -23.515456
          ],
          [
            -46.726172,
            -23.513321
          ],
          [
            -46.744128,
            -23.517113
          ],
          [
            -46.751469,
            -23.525841
          ],
          [
            -46.748854,
            -23.534709
          ],
          [
            -46.735007,
            -23.5462
          ],
          [
            -46.706979,
            -23.561333
          ],
          [
            -46.7012,
            -23.571137
          ],
          [
            -46.692476,
            -23.585777
          ],
          [
            -46.685556,
            -23.591111
          ]
        ]
      }
    },
    {
      "type": "Feature",
      "properties": {
        "id": "EC1_0140",
        "flight_instance": "EC1_0140#0",
        "start_time": "18:35:00.00",
        "scenario": "produto2_C1_2025-11-09_off.scn",
        "waypoint_count": 10,
        "planned_flight_instance": "EC1_0140#0",
        "planned_start_time": "18:35:00.00",
        "vehicle_type": "eVTOL",
        "aircraft_model": "EVTOL",
        "start_time_delta_s": 0.0,
        "spatial_adherence_pct": 57.78894472361809,
        "planned_line_adherence_pct": 99.74874371859298,
        "adherence_reference": "official_reh_polygons",
        "mean_deviation_m": 31.772550514579788,
        "p95_deviation_m": 147.84319486262925,
        "max_deviation_m": 250.1096814074702,
        "planned_distance_m": 15344.635798253421,
        "executed_distance_m": 14792.39606132,
        "additional_distance_m": -552.2397369334212,
        "trajectory_conformity_ratio": -0.035989106824958275,
        "planned_horizontal_inefficiency_ratio": 0.2724707515935232,
        "executed_horizontal_inefficiency_ratio": 0.22667566578278892,
        "executed_samples": 398
      },
      "geometry": {
        "type": "LineString",
        "coordinates": [
          [
            -46.736944,
            -23.546667
          ],
          [
            -46.734947,
            -23.546233
          ],
          [
            -46.706979,
            -23.561333
          ],
          [
            -46.7012,
            -23.571137
          ],
          [
            -46.692563,
            -23.585534
          ],
          [
            -46.699932,
            -23.612832
          ],
          [
            -46.688349,
            -23.615738
          ],
          [
            -46.678516,
            -23.62337
          ],
          [
            -46.669241,
            -23.634056
          ],
          [
            -46.656389,
            -23.626111
          ]
        ]
      }
    },
    {
      "type": "Feature",
      "properties": {
        "id": "EC1_0066",
        "flight_instance": "EC1_0066#0",
        "start_time": "18:36:00.00",
        "scenario": "produto2_C1_2025-11-09_off.scn",
        "waypoint_count": 20,
        "planned_flight_instance": "EC1_0066#0",
        "planned_start_time": "18:36:00.00",
        "vehicle_type": "eVTOL",
        "aircraft_model": "EVTOL",
        "start_time_delta_s": 0.0,
        "spatial_adherence_pct": 65.80937972768533,
        "planned_line_adherence_pct": 100.0,
        "adherence_reference": "official_reh_polygons",
        "mean_deviation_m": 30.570365244389606,
        "p95_deviation_m": 153.9193914275658,
        "max_deviation_m": 226.66642923465062,
        "planned_distance_m": 26266.560582715785,
        "executed_distance_m": 25477.54143557,
        "additional_distance_m": -789.0191471457838,
        "trajectory_conformity_ratio": -0.03003892133730607,
        "planned_horizontal_inefficiency_ratio": 4.870943612998789,
        "executed_horizontal_inefficiency_ratio": 4.694586799632159,
        "executed_samples": 661
      },
      "geometry": {
        "type": "LineString",
        "coordinates": [
          [
            -46.685556,
            -23.591111
          ],
          [
            -46.691668,
            -23.585265
          ],
          [
            -46.700338,
            -23.570707
          ],
          [
            -46.706363,
            -23.560632
          ],
          [
            -46.734437,
            -23.545467
          ],
          [
            -46.746866,
            -23.533391
          ],
          [
            -46.749087,
            -23.526381
          ],
          [
            -46.742985,
            -23.519104
          ],
          [
            -46.72605,
            -23.515568
          ],
          [
            -46.709753,
            -23.517655
          ],
          [
            -46.6993,
            -23.520942
          ],
          [
            -46.692524,
            -23.522632
          ],
          [
            -46.682954,
            -23.523674
          ],
          [
            -46.676805,
            -23.5247
          ],
          [
            -46.671322,
            -23.524683
          ],
          [
            -46.679805,
            -23.552694
          ],
          [
            -46.682234,
            -23.556732
          ],
          [
            -46.679272,
            -23.562561
          ],
          [
            -46.670249,
            -23.572148
          ],
          [
            -46.655,
            -23.562222
          ]
        ]
      }
    },
    {
      "type": "Feature",
      "properties": {
        "id": "PRMSO_002",
        "flight_instance": "PRMSO_002#0",
        "start_time": "18:38:04.00",
        "scenario": "produto2_C1_2025-11-09_off.scn",
        "waypoint_count": 10,
        "planned_flight_instance": "PRMSO_002#0",
        "planned_start_time": "18:38:04.00",
        "vehicle_type": "helicoptero",
        "aircraft_model": "A169",
        "start_time_delta_s": 0.0,
        "spatial_adherence_pct": 55.69620253164557,
        "planned_line_adherence_pct": 92.40506329113924,
        "adherence_reference": "official_reh_polygons",
        "mean_deviation_m": 65.07008744313131,
        "p95_deviation_m": 269.93965936914054,
        "max_deviation_m": 519.0049020422573,
        "planned_distance_m": 20696.291573577728,
        "executed_distance_m": 19550.22769372,
        "additional_distance_m": -1146.0638798577274,
        "trajectory_conformity_ratio": -0.0553753253708925,
        "planned_horizontal_inefficiency_ratio": 0.33477453139699054,
        "executed_horizontal_inefficiency_ratio": 0.2608609574241016,
        "executed_samples": 316
      },
      "geometry": {
        "type": "LineString",
        "coordinates": [
          [
            -46.681111,
            -23.592222
          ],
          [
            -46.692452,
            -23.585236
          ],
          [
            -46.699842,
            -23.612514
          ],
          [
            -46.712735,
            -23.611218
          ],
          [
            -46.751406,
            -23.607512
          ],
          [
            -46.809684,
            -23.591238
          ],
          [
            -46.807212,
            -23.579688
          ],
          [
            -46.8132,
            -23.569513
          ],
          [
            -46.819596,
            -23.562869
          ],
          [
            -46.830278,
            -23.564722
          ]
        ]
      }
    },
    {
      "type": "Feature",
      "properties": {
        "id": "PSCCM_001",
        "flight_instance": "PSCCM_001#0",
        "start_time": "18:38:10.00",
        "scenario": "produto2_C1_2025-11-09_off.scn",
        "waypoint_count": 10,
        "planned_flight_instance": "PSCCM_001#0",
        "planned_start_time": "18:38:10.00",
        "vehicle_type": "helicoptero",
        "aircraft_model": "A109",
        "start_time_delta_s": 0.0,
        "spatial_adherence_pct": 57.91245791245792,
        "planned_line_adherence_pct": 89.8989898989899,
        "adherence_reference": "official_reh_polygons",
        "mean_deviation_m": 84.49978473623325,
        "p95_deviation_m": 318.49610826444916,
        "max_deviation_m": 530.7111625130716,
        "planned_distance_m": 20320.929003546982,
        "executed_distance_m": 18934.97230344,
        "additional_distance_m": -1385.9567001069809,
        "trajectory_conformity_ratio": -0.06820341234719458,
        "planned_horizontal_inefficiency_ratio": 0.3496949638554079,
        "executed_horizontal_inefficiency_ratio": 0.2576411616926456,
        "executed_samples": 297
      },
      "geometry": {
        "type": "LineString",
        "coordinates": [
          [
            -46.685556,
            -23.591944
          ],
          [
            -46.692491,
            -23.585286
          ],
          [
            -46.699842,
            -23.612514
          ],
          [
            -46.712735,
            -23.611218
          ],
          [
            -46.751406,
            -23.607512
          ],
          [
            -46.809684,
            -23.591238
          ],
          [
            -46.807212,
            -23.579688
          ],
          [
            -46.8132,
            -23.569513
          ],
          [
            -46.819596,
            -23.562869
          ],
          [
            -46.830278,
            -23.564722
          ]
        ]
      }
    },
    {
      "type": "Feature",
      "properties": {
        "id": "EC1_0118",
        "flight_instance": "EC1_0118#0",
        "start_time": "18:39:00.00",
        "scenario": "produto2_C1_2025-11-09_off.scn",
        "waypoint_count": 10,
        "planned_flight_instance": "EC1_0118#0",
        "planned_start_time": "18:39:00.00",
        "vehicle_type": "eVTOL",
        "aircraft_model": "EVTOL",
        "start_time_delta_s": 0.0,
        "spatial_adherence_pct": 72.83702213279678,
        "planned_line_adherence_pct": 100.0,
        "adherence_reference": "official_reh_polygons",
        "mean_deviation_m": 24.38628404038306,
        "p95_deviation_m": 139.7512895308327,
        "max_deviation_m": 203.99498157766905,
        "planned_distance_m": 17829.954797231614,
        "executed_distance_m": 16087.53471098,
        "additional_distance_m": -1742.4200862516136,
        "trajectory_conformity_ratio": -0.09772431316102675,
        "planned_horizontal_inefficiency_ratio": 0.8339782601179861,
        "executed_horizontal_inefficiency_ratio": 0.6547539942957011,
        "executed_samples": 497
      },
      "geometry": {
        "type": "LineString",
        "coordinates": [
          [
            -46.830278,
            -23.564722
          ],
          [
            -46.818827,
            -23.564191
          ],
          [
            -46.815687,
            -23.514407
          ],
          [
            -46.821415,
            -23.510014
          ],
          [
            -46.79638,
            -23.515916
          ],
          [
            -46.781822,
            -23.521939
          ],
          [
            -46.75076,
            -23.527145
          ],
          [
            -46.748854,
            -23.534709
          ],
          [
            -46.735684,
            -23.546532
          ],
          [
            -46.736944,
            -23.546667
          ]
        ]
      }
    },
    {
      "type": "Feature",
      "properties": {
        "id": "PTEGB_005",
        "flight_instance": "PTEGB_005#0",
        "start_time": "18:42:17.00",
        "scenario": "produto2_C1_2025-11-09_off.scn",
        "waypoint_count": 19,
        "planned_flight_instance": "PTEGB_005#0",
        "planned_start_time": "18:42:17.00",
        "vehicle_type": "helicoptero",
        "aircraft_model": "EC45",
        "start_time_delta_s": 0.0,
        "spatial_adherence_pct": 73.29842931937172,
        "planned_line_adherence_pct": 97.90575916230367,
        "adherence_reference": "official_reh_polygons",
        "mean_deviation_m": 38.17623940066869,
        "p95_deviation_m": 177.3629218473178,
        "max_deviation_m": 334.4328250383679,
        "planned_distance_m": 19883.080380574585,
        "executed_distance_m": 18899.36459819,
        "additional_distance_m": -983.7157823845846,
        "trajectory_conformity_ratio": -0.04947501913967301,
        "planned_horizontal_inefficiency_ratio": 0.3535226918253154,
        "executed_horizontal_inefficiency_ratio": 0.2865571307412762,
        "executed_samples": 382
      },
      "geometry": {
        "type": "LineString",
        "coordinates": [
          [
            -46.661667,
            -23.5525
          ],
          [
            -46.678867,
            -23.552698
          ],
          [
            -46.670344,
            -23.524761
          ],
          [
            -46.67633,
            -23.522493
          ],
          [
            -46.682605,
            -23.521447
          ],
          [
            -46.692085,
            -23.520419
          ],
          [
            -46.698562,
            -23.518796
          ],
          [
            -46.709231,
            -23.515456
          ],
          [
            -46.725652,
            -23.513401
          ],
          [
            -46.731696,
            -23.50713
          ],
          [
            -46.743982,
            -23.506437
          ],
          [
            -46.75222,
            -23.504262
          ],
          [
            -46.754052,
            -23.497111
          ],
          [
            -46.758475,
            -23.492906
          ],
          [
            -46.765319,
            -23.490964
          ],
          [
            -46.768251,
            -23.485298
          ],
          [
            -46.769169,
            -23.47516
          ],
          [
            -46.777452,
            -23.470231
          ],
          [
            -46.781111,
            -23.478611
          ]
        ]
      }
    },
    {
      "type": "Feature",
      "properties": {
        "id": "EC1_0033",
        "flight_instance": "EC1_0033#0",
        "start_time": "18:43:00.00",
        "scenario": "produto2_C1_2025-11-09_off.scn",
        "waypoint_count": 20,
        "planned_flight_instance": "EC1_0033#0",
        "planned_start_time": "18:43:00.00",
        "vehicle_type": "eVTOL",
        "aircraft_model": "EVTOL",
        "start_time_delta_s": 0.0,
        "spatial_adherence_pct": 77.57296466973887,
        "planned_line_adherence_pct": 100.0,
        "adherence_reference": "official_reh_polygons",
        "mean_deviation_m": 9.310514889306596,
        "p95_deviation_m": 46.326521683663444,
        "max_deviation_m": 143.39452232610438,
        "planned_distance_m": 26789.4115158122,
        "executed_distance_m": 26387.73177384,
        "additional_distance_m": -401.6797419721988,
        "trajectory_conformity_ratio": -0.014993974083197427,
        "planned_horizontal_inefficiency_ratio": 4.98782492831469,
        "executed_horizontal_inefficiency_ratio": 4.8980436365248154,
        "executed_samples": 651
      },
      "geometry": {
        "type": "LineString",
        "coordinates": [
          [
            -46.655,
            -23.562222
          ],
          [
            -46.670253,
            -23.571249
          ],
          [
            -46.678469,
            -23.562044
          ],
          [
            -46.681254,
            -23.556691
          ],
          [
            -46.678868,
            -23.552963
          ],
          [
            -46.670344,
            -23.524761
          ],
          [
            -46.67633,
            -23.522493
          ],
          [
            -46.682605,
            -23.521447
          ],
          [
            -46.692085,
            -23.520419
          ],
          [
            -46.698562,
            -23.518796
          ],
          [
            -46.709231,
            -23.515456
          ],
          [
            -46.726172,
            -23.513321
          ],
          [
            -46.744128,
            -23.517113
          ],
          [
            -46.751469,
            -23.525841
          ],
          [
            -46.748854,
            -23.534709
          ],
          [
            -46.735007,
            -23.5462
          ],
          [
            -46.706979,
            -23.561333
          ],
          [
            -46.7012,
            -23.571137
          ],
          [
            -46.692476,
            -23.585777
          ],
          [
            -46.685556,
            -23.591111
          ]
        ]
      }
    },
    {
      "type": "Feature",
      "properties": {
        "id": "EC1_0135",
        "flight_instance": "EC1_0135#0",
        "start_time": "18:46:00.00",
        "scenario": "produto2_C1_2025-11-09_off.scn",
        "waypoint_count": 16,
        "planned_flight_instance": "EC1_0135#0",
        "planned_start_time": "18:46:00.00",
        "vehicle_type": "eVTOL",
        "aircraft_model": "EVTOL",
        "start_time_delta_s": 0.0,
        "spatial_adherence_pct": 90.73170731707317,
        "planned_line_adherence_pct": 98.04878048780488,
        "adherence_reference": "official_reh_polygons",
        "mean_deviation_m": 35.176513204837136,
        "p95_deviation_m": 145.6533218105943,
        "max_deviation_m": 301.091233336486,
        "planned_distance_m": 15205.986597422148,
        "executed_distance_m": 14063.09431715,
        "additional_distance_m": -1142.8922802721481,
        "trajectory_conformity_ratio": -0.075160679180521,
        "planned_horizontal_inefficiency_ratio": 0.7267400618175689,
        "executed_horizontal_inefficiency_ratio": 0.5969571060031456,
        "executed_samples": 410
      },
      "geometry": {
        "type": "LineString",
        "coordinates": [
          [
            -46.736944,
            -23.546667
          ],
          [
            -46.733761,
            -23.545134
          ],
          [
            -46.746866,
            -23.533391
          ],
          [
            -46.749087,
            -23.526381
          ],
          [
            -46.742985,
            -23.519104
          ],
          [
            -46.725265,
            -23.515259
          ],
          [
            -46.731696,
            -23.50713
          ],
          [
            -46.743982,
            -23.506437
          ],
          [
            -46.75222,
            -23.504262
          ],
          [
            -46.754052,
            -23.497111
          ],
          [
            -46.758475,
            -23.492906
          ],
          [
            -46.765319,
            -23.490964
          ],
          [
            -46.768251,
            -23.485298
          ],
          [
            -46.769169,
            -23.47516
          ],
          [
            -46.777452,
            -23.470231
          ],
          [
            -46.781111,
            -23.478611
          ]
        ]
      }
    },
    {
      "type": "Feature",
      "properties": {
        "id": "PRMVR_001",
        "flight_instance": "PRMVR_001#0",
        "start_time": "18:46:12.00",
        "scenario": "produto2_C1_2025-11-09_off.scn",
        "waypoint_count": 11,
        "planned_flight_instance": "PRMVR_001#0",
        "planned_start_time": "18:46:12.00",
        "vehicle_type": "helicoptero",
        "aircraft_model": "B429",
        "start_time_delta_s": 0.0,
        "spatial_adherence_pct": 53.392330383480825,
        "planned_line_adherence_pct": 78.17109144542773,
        "adherence_reference": "official_reh_polygons",
        "mean_deviation_m": 129.60728993252434,
        "p95_deviation_m": 475.27527362360365,
        "max_deviation_m": 521.709594205684,
        "planned_distance_m": 21784.44592857774,
        "executed_distance_m": 20791.377184,
        "additional_distance_m": -993.0687445777403,
        "trajectory_conformity_ratio": -0.045586137367624825,
        "planned_horizontal_inefficiency_ratio": 0.5875958444770587,
        "executed_horizontal_inefficiency_ratio": 0.5152234822264572,
        "executed_samples": 339
      },
      "geometry": {
        "type": "LineString",
        "coordinates": [
          [
            -46.696111,
            -23.575
          ],
          [
            -46.701232,
            -23.571071
          ],
          [
            -46.692563,
            -23.585534
          ],
          [
            -46.699842,
            -23.612514
          ],
          [
            -46.712735,
            -23.611218
          ],
          [
            -46.751406,
            -23.607512
          ],
          [
            -46.809684,
            -23.591238
          ],
          [
            -46.807212,
            -23.579688
          ],
          [
            -46.8132,
            -23.569513
          ],
          [
            -46.819596,
            -23.562869
          ],
          [
            -46.830278,
            -23.564722
          ]
        ]
      }
    },
    {
      "type": "Feature",
      "properties": {
        "id": "EC1_0115",
        "flight_instance": "EC1_0115#0",
        "start_time": "18:54:00.00",
        "scenario": "produto2_C1_2025-11-09_off.scn",
        "waypoint_count": 10,
        "planned_flight_instance": "EC1_0115#0",
        "planned_start_time": "18:54:00.00",
        "vehicle_type": "eVTOL",
        "aircraft_model": "EVTOL",
        "start_time_delta_s": 0.0,
        "spatial_adherence_pct": 78.41726618705036,
        "planned_line_adherence_pct": 98.38129496402878,
        "adherence_reference": "official_reh_polygons",
        "mean_deviation_m": 60.30430732441436,
        "p95_deviation_m": 166.58664393497543,
        "max_deviation_m": 333.5502808579451,
        "planned_distance_m": 20153.271224488002,
        "executed_distance_m": 18939.26536973,
        "additional_distance_m": -1214.005854758001,
        "trajectory_conformity_ratio": -0.06023865015436684,
        "planned_horizontal_inefficiency_ratio": 0.3401823829455895,
        "executed_horizontal_inefficiency_ratio": 0.2594516052362844,
        "executed_samples": 556
      },
      "geometry": {
        "type": "LineString",
        "coordinates": [
          [
            -46.830278,
            -23.564722
          ],
          [
            -46.820443,
            -23.56498
          ],
          [
            -46.815243,
            -23.570761
          ],
          [
            -46.809635,
            -23.580051
          ],
          [
            -46.810871,
            -23.593207
          ],
          [
            -46.751928,
            -23.60971
          ],
          [
            -46.71282,
            -23.612115
          ],
          [
            -46.699047,
            -23.613042
          ],
          [
            -46.691649,
            -23.585749
          ],
          [
            -46.685556,
            -23.591111
          ]
        ]
      }
    },
    {
      "type": "Feature",
      "properties": {
        "id": "PSCFH_002",
        "flight_instance": "PSCFH_002#0",
        "start_time": "18:54:41.00",
        "scenario": "produto2_C1_2025-11-09_off.scn",
        "waypoint_count": 11,
        "planned_flight_instance": "PSCFH_002#0",
        "planned_start_time": "18:54:41.00",
        "vehicle_type": "helicoptero",
        "aircraft_model": "A109",
        "start_time_delta_s": 0.0,
        "spatial_adherence_pct": 53.30739299610895,
        "planned_line_adherence_pct": 97.27626459143968,
        "adherence_reference": "official_reh_polygons",
        "mean_deviation_m": 58.7863475898075,
        "p95_deviation_m": 156.71427934973426,
        "max_deviation_m": 345.63078244232224,
        "planned_distance_m": 17938.244989607767,
        "executed_distance_m": 17026.39371676,
        "additional_distance_m": -911.8512728477654,
        "trajectory_conformity_ratio": -0.05083280295123808,
        "planned_horizontal_inefficiency_ratio": 0.9282114124680055,
        "executed_horizontal_inefficiency_ratio": 0.830195021689691,
        "executed_samples": 257
      },
      "geometry": {
        "type": "LineString",
        "coordinates": [
          [
            -46.656389,
            -23.626111
          ],
          [
            -46.669092,
            -23.633166
          ],
          [
            -46.677804,
            -23.62275
          ],
          [
            -46.687891,
            -23.614942
          ],
          [
            -46.699642,
            -23.612366
          ],
          [
            -46.702161,
            -23.620571
          ],
          [
            -46.71228,
            -23.626616
          ],
          [
            -46.726108,
            -23.640325
          ],
          [
            -46.724402,
            -23.653053
          ],
          [
            -46.690012,
            -23.699694
          ],
          [
            -46.6925,
            -23.703056
          ]
        ]
      }
    },
    {
      "type": "Feature",
      "properties": {
        "id": "EC1_0111",
        "flight_instance": "EC1_0111#0",
        "start_time": "18:58:00.00",
        "scenario": "produto2_C1_2025-11-09_off.scn",
        "waypoint_count": 20,
        "planned_flight_instance": "EC1_0111#0",
        "planned_start_time": "18:58:00.00",
        "vehicle_type": "eVTOL",
        "aircraft_model": "EVTOL",
        "start_time_delta_s": 0.0,
        "spatial_adherence_pct": 65.02923976608187,
        "planned_line_adherence_pct": 100.0,
        "adherence_reference": "official_reh_polygons",
        "mean_deviation_m": 33.1085671424608,
        "p95_deviation_m": 164.7681204349857,
        "max_deviation_m": 225.19528827899074,
        "planned_distance_m": 31426.803738214796,
        "executed_distance_m": 29214.76124667,
        "additional_distance_m": -2212.0424915447948,
        "trajectory_conformity_ratio": -0.07038712908799456,
        "planned_horizontal_inefficiency_ratio": 0.7591398668013213,
        "executed_horizontal_inefficiency_ratio": 0.6353190619129391,
        "executed_samples": 855
      },
      "geometry": {
        "type": "LineString",
        "coordinates": [
          [
            -46.830278,
            -23.564722
          ],
          [
            -46.818827,
            -23.564191
          ],
          [
            -46.815687,
            -23.514407
          ],
          [
            -46.821415,
            -23.510014
          ],
          [
            -46.79638,
            -23.515916
          ],
          [
            -46.781822,
            -23.521939
          ],
          [
            -46.750181,
            -23.527233
          ],
          [
            -46.742985,
            -23.519104
          ],
          [
            -46.72605,
            -23.515568
          ],
          [
            -46.709753,
            -23.517655
          ],
          [
            -46.6993,
            -23.520942
          ],
          [
            -46.692524,
            -23.522632
          ],
          [
            -46.682954,
            -23.523674
          ],
          [
            -46.676805,
            -23.5247
          ],
          [
            -46.671322,
            -23.524683
          ],
          [
            -46.679805,
            -23.552694
          ],
          [
            -46.682234,
            -23.556732
          ],
          [
            -46.679272,
            -23.562561
          ],
          [
            -46.670249,
            -23.572148
          ],
          [
            -46.655,
            -23.562222
          ]
        ]
      }
    },
    {
      "type": "Feature",
      "properties": {
        "id": "EC1_0149",
        "flight_instance": "EC1_0149#0",
        "start_time": "18:58:00.00",
        "scenario": "produto2_C1_2025-11-09_off.scn",
        "waypoint_count": 22,
        "planned_flight_instance": "EC1_0149#0",
        "planned_start_time": "18:58:00.00",
        "vehicle_type": "eVTOL",
        "aircraft_model": "EVTOL",
        "start_time_delta_s": 0.0,
        "spatial_adherence_pct": 85.7336956521739,
        "planned_line_adherence_pct": 98.6413043478261,
        "adherence_reference": "official_reh_polygons",
        "mean_deviation_m": 25.97979053693489,
        "p95_deviation_m": 155.4413056928646,
        "max_deviation_m": 299.5656978692593,
        "planned_distance_m": 29821.248289511164,
        "executed_distance_m": 28381.91659434,
        "additional_distance_m": -1439.331695171164,
        "trajectory_conformity_ratio": -0.04826530671009539,
        "planned_horizontal_inefficiency_ratio": 0.4370599109281849,
        "executed_horizontal_inefficiency_ratio": 0.36769977356645367,
        "executed_samples": 736
      },
      "geometry": {
        "type": "LineString",
        "coordinates": [
          [
            -46.656389,
            -23.626111
          ],
          [
            -46.669092,
            -23.633166
          ],
          [
            -46.677804,
            -23.62275
          ],
          [
            -46.687891,
            -23.614942
          ],
          [
            -46.699366,
            -23.612334
          ],
          [
            -46.712562,
            -23.611263
          ],
          [
            -46.722716,
            -23.601923
          ],
          [
            -46.747069,
            -23.557007
          ],
          [
            -46.754789,
            -23.548019
          ],
          [
            -46.749123,
            -23.526491
          ],
          [
            -46.742985,
            -23.519104
          ],
          [
            -46.725265,
            -23.515259
          ],
          [
            -46.731696,
            -23.50713
          ],
          [
            -46.743982,
            -23.506437
          ],
          [
            -46.75222,
            -23.504262
          ],
          [
            -46.754052,
            -23.497111
          ],
          [
            -46.758475,
            -23.492906
          ],
          [
            -46.765319,
            -23.490964
          ],
          [
            -46.768251,
            -23.485298
          ],
          [
            -46.769169,
            -23.47516
          ],
          [
            -46.777452,
            -23.470231
          ],
          [
            -46.781111,
            -23.478611
          ]
        ]
      }
    },
    {
      "type": "Feature",
      "properties": {
        "id": "PPIFF_004",
        "flight_instance": "PPIFF_004#0",
        "start_time": "18:59:44.00",
        "scenario": "produto2_C1_2025-11-09_off.scn",
        "waypoint_count": 10,
        "planned_flight_instance": "PPIFF_004#0",
        "planned_start_time": "18:59:44.00",
        "vehicle_type": "helicoptero",
        "aircraft_model": "EC45",
        "start_time_delta_s": 0.0,
        "spatial_adherence_pct": 66.30727762803235,
        "planned_line_adherence_pct": 96.49595687331536,
        "adherence_reference": "official_reh_polygons",
        "mean_deviation_m": 38.63243289246436,
        "p95_deviation_m": 190.53160890991887,
        "max_deviation_m": 385.1411922557615,
        "planned_distance_m": 20127.557354083387,
        "executed_distance_m": 19119.47968837,
        "additional_distance_m": -1008.0776657133865,
        "trajectory_conformity_ratio": -0.050084451281360895,
        "planned_horizontal_inefficiency_ratio": 0.3495392738010486,
        "executed_horizontal_inefficiency_ratio": 0.28194833979007683,
        "executed_samples": 371
      },
      "geometry": {
        "type": "LineString",
        "coordinates": [
          [
            -46.686667,
            -23.590556
          ],
          [
            -46.692506,
            -23.585311
          ],
          [
            -46.699842,
            -23.612514
          ],
          [
            -46.712735,
            -23.611218
          ],
          [
            -46.751406,
            -23.607512
          ],
          [
            -46.809684,
            -23.591238
          ],
          [
            -46.807212,
            -23.579688
          ],
          [
            -46.8132,
            -23.569513
          ],
          [
            -46.819596,
            -23.562869
          ],
          [
            -46.830278,
            -23.564722
          ]
        ]
      }
    },
    {
      "type": "Feature",
      "properties": {
        "id": "EC1_0170",
        "flight_instance": "EC1_0170#0",
        "start_time": "19:01:00.00",
        "scenario": "produto2_C1_2025-11-09_off.scn",
        "waypoint_count": 24,
        "planned_flight_instance": "EC1_0170#0",
        "planned_start_time": "19:01:00.00",
        "vehicle_type": "eVTOL",
        "aircraft_model": "EVTOL",
        "start_time_delta_s": 0.0,
        "spatial_adherence_pct": 81.64026095060578,
        "planned_line_adherence_pct": 100.0,
        "adherence_reference": "official_reh_polygons",
        "mean_deviation_m": 7.410921653471387,
        "p95_deviation_m": 31.30641360646399,
        "max_deviation_m": 81.00800020035605,
        "planned_distance_m": 40181.15958399109,
        "executed_distance_m": 39812.91566631,
        "additional_distance_m": -368.2439176810876,
        "trajectory_conformity_ratio": -0.009164591601975637,
        "planned_horizontal_inefficiency_ratio": 0.35693292568189383,
        "executed_horizontal_inefficiency_ratio": 0.3444971895867453,
        "executed_samples": 1073
      },
      "geometry": {
        "type": "LineString",
        "coordinates": [
          [
            -46.473056,
            -23.435556
          ],
          [
            -46.470057,
            -23.479504
          ],
          [
            -46.542513,
            -23.501225
          ],
          [
            -46.559266,
            -23.522325
          ],
          [
            -46.576553,
            -23.537839
          ],
          [
            -46.617141,
            -23.542766
          ],
          [
            -46.635058,
            -23.534875
          ],
          [
            -46.639567,
            -23.533164
          ],
          [
            -46.642444,
            -23.529251
          ],
          [
            -46.645476,
            -23.527575
          ],
          [
            -46.651833,
            -23.527834
          ],
          [
            -46.659691,
            -23.525779
          ],
          [
            -46.670751,
            -23.524279
          ],
          [
            -46.67633,
            -23.522493
          ],
          [
            -46.682605,
            -23.521447
          ],
          [
            -46.692085,
            -23.520419
          ],
          [
            -46.698562,
            -23.518796
          ],
          [
            -46.709231,
            -23.515456
          ],
          [
            -46.726172,
            -23.513321
          ],
          [
            -46.744128,
            -23.517113
          ],
          [
            -46.751469,
            -23.525841
          ],
          [
            -46.748854,
            -23.534709
          ],
          [
            -46.735684,
            -23.546532
          ],
          [
            -46.736944,
            -23.546667
          ]
        ]
      }
    },
    {
      "type": "Feature",
      "properties": {
        "id": "PPJDJ_002",
        "flight_instance": "PPJDJ_002#0",
        "start_time": "19:02:42.00",
        "scenario": "produto2_C1_2025-11-09_off.scn",
        "waypoint_count": 19,
        "planned_flight_instance": "PPJDJ_002#0",
        "planned_start_time": "19:02:42.00",
        "vehicle_type": "helicoptero",
        "aircraft_model": "B429",
        "start_time_delta_s": 0.0,
        "spatial_adherence_pct": 61.04651162790697,
        "planned_line_adherence_pct": 91.56976744186046,
        "adherence_reference": "official_reh_polygons",
        "mean_deviation_m": 96.1545850892045,
        "p95_deviation_m": 376.7855069034618,
        "max_deviation_m": 589.1247896218887,
        "planned_distance_m": 22314.09887160141,
        "executed_distance_m": 20779.63776887,
        "additional_distance_m": -1534.4611027314095,
        "trajectory_conformity_ratio": -0.06876643827568046,
        "planned_horizontal_inefficiency_ratio": 0.533998004479623,
        "executed_horizontal_inefficiency_ratio": 0.428510425389558,
        "executed_samples": 344
      },
      "geometry": {
        "type": "LineString",
        "coordinates": [
          [
            -46.686667,
            -23.576667
          ],
          [
            -46.691873,
            -23.58511
          ],
          [
            -46.700338,
            -23.570707
          ],
          [
            -46.706363,
            -23.560632
          ],
          [
            -46.734437,
            -23.545467
          ],
          [
            -46.746866,
            -23.533391
          ],
          [
            -46.749087,
            -23.526381
          ],
          [
            -46.742985,
            -23.519104
          ],
          [
            -46.725265,
            -23.515259
          ],
          [
            -46.731696,
            -23.50713
          ],
          [
            -46.743982,
            -23.506437
          ],
          [
            -46.75222,
            -23.504262
          ],
          [
            -46.754052,
            -23.497111
          ],
          [
            -46.758475,
            -23.492906
          ],
          [
            -46.765319,
            -23.490964
          ],
          [
            -46.768251,
            -23.485298
          ],
          [
            -46.769169,
            -23.47516
          ],
          [
            -46.777452,
            -23.470231
          ],
          [
            -46.781111,
            -23.478611
          ]
        ]
      }
    },
    {
      "type": "Feature",
      "properties": {
        "id": "EC1_0144",
        "flight_instance": "EC1_0144#0",
        "start_time": "19:03:00.00",
        "scenario": "produto2_C1_2025-11-09_off.scn",
        "waypoint_count": 15,
        "planned_flight_instance": "EC1_0144#0",
        "planned_start_time": "19:03:00.00",
        "vehicle_type": "eVTOL",
        "aircraft_model": "EVTOL",
        "start_time_delta_s": 0.0,
        "spatial_adherence_pct": 82.17703349282297,
        "planned_line_adherence_pct": 94.85645933014354,
        "adherence_reference": "official_reh_polygons",
        "mean_deviation_m": 45.87064260340705,
        "p95_deviation_m": 251.9644377886168,
        "max_deviation_m": 401.02079053880607,
        "planned_distance_m": 33738.65640879083,
        "executed_distance_m": 31931.46194274,
        "additional_distance_m": -1807.194466050827,
        "trajectory_conformity_ratio": -0.05356450607143771,
        "planned_horizontal_inefficiency_ratio": 0.31612053553057895,
        "executed_horizontal_inefficiency_ratio": 0.2456231891144074,
        "executed_samples": 836
      },
      "geometry": {
        "type": "LineString",
        "coordinates": [
          [
            -46.656389,
            -23.626111
          ],
          [
            -46.669092,
            -23.633166
          ],
          [
            -46.677804,
            -23.62275
          ],
          [
            -46.687891,
            -23.614942
          ],
          [
            -46.699366,
            -23.612334
          ],
          [
            -46.712562,
            -23.611263
          ],
          [
            -46.722716,
            -23.601923
          ],
          [
            -46.747069,
            -23.557007
          ],
          [
            -46.754789,
            -23.548019
          ],
          [
            -46.749359,
            -23.525366
          ],
          [
            -46.781185,
            -23.519766
          ],
          [
            -46.795617,
            -23.513778
          ],
          [
            -46.821227,
            -23.507774
          ],
          [
            -46.875972,
            -23.504073
          ],
          [
            -46.856667,
            -23.486667
          ]
        ]
      }
    },
    {
      "type": "Feature",
      "properties": {
        "id": "EC1_0010",
        "flight_instance": "EC1_0010#0",
        "start_time": "19:10:00.00",
        "scenario": "produto2_C1_2025-11-09_off.scn",
        "waypoint_count": 12,
        "planned_flight_instance": "EC1_0010#0",
        "planned_start_time": "19:10:00.00",
        "vehicle_type": "eVTOL",
        "aircraft_model": "EVTOL",
        "start_time_delta_s": 0.0,
        "spatial_adherence_pct": 71.13259668508287,
        "planned_line_adherence_pct": 100.0,
        "adherence_reference": "official_reh_polygons",
        "mean_deviation_m": 7.173604101707715,
        "p95_deviation_m": 21.506873318233286,
        "max_deviation_m": 106.05061295217199,
        "planned_distance_m": 26310.7491327017,
        "executed_distance_m": 25916.13802414,
        "additional_distance_m": -394.61110856170126,
        "trajectory_conformity_ratio": -0.014998094754787429,
        "planned_horizontal_inefficiency_ratio": 0.2556920998879288,
        "executed_horizontal_inefficiency_ratio": 0.23685911079097163,
        "executed_samples": 724
      },
      "geometry": {
        "type": "LineString",
        "coordinates": [
          [
            -46.856667,
            -23.486667
          ],
          [
            -46.877361,
            -23.505927
          ],
          [
            -46.821551,
            -23.510004
          ],
          [
            -46.79638,
            -23.515916
          ],
          [
            -46.781822,
            -23.521939
          ],
          [
            -46.75076,
            -23.527145
          ],
          [
            -46.748854,
            -23.534709
          ],
          [
            -46.735007,
            -23.5462
          ],
          [
            -46.706979,
            -23.561333
          ],
          [
            -46.7012,
            -23.571137
          ],
          [
            -46.692476,
            -23.585777
          ],
          [
            -46.685556,
            -23.591111
          ]
        ]
      }
    },
    {
      "type": "Feature",
      "properties": {
        "id": "EC1_0060",
        "flight_instance": "EC1_0060#0",
        "start_time": "19:11:00.00",
        "scenario": "produto2_C1_2025-11-09_off.scn",
        "waypoint_count": 12,
        "planned_flight_instance": "EC1_0060#0",
        "planned_start_time": "19:11:00.00",
        "vehicle_type": "eVTOL",
        "aircraft_model": "EVTOL",
        "start_time_delta_s": 0.0,
        "spatial_adherence_pct": 76.64473684210526,
        "planned_line_adherence_pct": 94.4078947368421,
        "adherence_reference": "official_reh_polygons",
        "mean_deviation_m": 38.07782239768814,
        "p95_deviation_m": 268.49576339917013,
        "max_deviation_m": 401.7788829656866,
        "planned_distance_m": 26084.152548635113,
        "executed_distance_m": 24637.57672756,
        "additional_distance_m": -1446.575821075112,
        "trajectory_conformity_ratio": -0.05545803408325818,
        "planned_horizontal_inefficiency_ratio": 0.24471534841749693,
        "executed_horizontal_inefficiency_ratio": 0.17568588220100478,
        "executed_samples": 608
      },
      "geometry": {
        "type": "LineString",
        "coordinates": [
          [
            -46.685556,
            -23.591111
          ],
          [
            -46.691668,
            -23.585265
          ],
          [
            -46.700338,
            -23.570707
          ],
          [
            -46.706363,
            -23.560632
          ],
          [
            -46.734437,
            -23.545467
          ],
          [
            -46.746866,
            -23.533391
          ],
          [
            -46.749795,
            -23.525077
          ],
          [
            -46.781185,
            -23.519766
          ],
          [
            -46.795617,
            -23.513778
          ],
          [
            -46.821227,
            -23.507774
          ],
          [
            -46.875972,
            -23.504073
          ],
          [
            -46.856667,
            -23.486667
          ]
        ]
      }
    },
    {
      "type": "Feature",
      "properties": {
        "id": "PSCFH_003",
        "flight_instance": "PSCFH_003#0",
        "start_time": "19:12:13.00",
        "scenario": "produto2_C1_2025-11-09_off.scn",
        "waypoint_count": 7,
        "planned_flight_instance": "PSCFH_003#0",
        "planned_start_time": "19:12:13.00",
        "vehicle_type": "helicoptero",
        "aircraft_model": "A109",
        "start_time_delta_s": 0.0,
        "spatial_adherence_pct": 35.35911602209944,
        "planned_line_adherence_pct": 91.71270718232044,
        "adherence_reference": "official_reh_polygons",
        "mean_deviation_m": 73.42377629641562,
        "p95_deviation_m": 321.1112563720933,
        "max_deviation_m": 425.321080480419,
        "planned_distance_m": 10147.34315346145,
        "executed_distance_m": 9015.23422757,
        "additional_distance_m": -1132.1089258914508,
        "trajectory_conformity_ratio": -0.11156702880450703,
        "planned_horizontal_inefficiency_ratio": 1.196249127514672,
        "executed_horizontal_inefficiency_ratio": 0.9512201378433692,
        "executed_samples": 181
      },
      "geometry": {
        "type": "LineString",
        "coordinates": [
          [
            -46.680833,
            -23.591111
          ],
          [
            -46.692458,
            -23.585243
          ],
          [
            -46.699932,
            -23.612832
          ],
          [
            -46.688349,
            -23.615738
          ],
          [
            -46.678516,
            -23.62337
          ],
          [
            -46.669241,
            -23.634056
          ],
          [
            -46.656389,
            -23.626111
          ]
        ]
      }
    },
    {
      "type": "Feature",
      "properties": {
        "id": "EC1_0079",
        "flight_instance": "EC1_0079#0",
        "start_time": "19:16:00.00",
        "scenario": "produto2_C1_2025-11-09_off.scn",
        "waypoint_count": 10,
        "planned_flight_instance": "EC1_0079#0",
        "planned_start_time": "19:16:00.00",
        "vehicle_type": "eVTOL",
        "aircraft_model": "EVTOL",
        "start_time_delta_s": 0.0,
        "spatial_adherence_pct": 72.17068645640074,
        "planned_line_adherence_pct": 100.0,
        "adherence_reference": "official_reh_polygons",
        "mean_deviation_m": 17.41259759371132,
        "p95_deviation_m": 91.41398808552802,
        "max_deviation_m": 199.56051167379863,
        "planned_distance_m": 20254.987749473454,
        "executed_distance_m": 19718.00859382,
        "additional_distance_m": -536.9791556534547,
        "trajectory_conformity_ratio": -0.026510959290380904,
        "planned_horizontal_inefficiency_ratio": 0.34692924540488557,
        "executed_horizontal_inefficiency_ratio": 0.31122085901293317,
        "executed_samples": 539
      },
      "geometry": {
        "type": "LineString",
        "coordinates": [
          [
            -46.685556,
            -23.591111
          ],
          [
            -46.692495,
            -23.585293
          ],
          [
            -46.699842,
            -23.612514
          ],
          [
            -46.712735,
            -23.611218
          ],
          [
            -46.751406,
            -23.607512
          ],
          [
            -46.809684,
            -23.591238
          ],
          [
            -46.807212,
            -23.579688
          ],
          [
            -46.8132,
            -23.569513
          ],
          [
            -46.819596,
            -23.562869
          ],
          [
            -46.830278,
            -23.564722
          ]
        ]
      }
    },
    {
      "type": "Feature",
      "properties": {
        "id": "PPLMF",
        "flight_instance": "PPLMF#0",
        "start_time": "19:16:53.00",
        "scenario": "produto2_C1_2025-11-09_off.scn",
        "waypoint_count": 10,
        "planned_flight_instance": "PPLMF#0",
        "planned_start_time": "19:16:53.00",
        "vehicle_type": "helicoptero",
        "aircraft_model": "AS50",
        "start_time_delta_s": 0.0,
        "spatial_adherence_pct": 61.72106824925816,
        "planned_line_adherence_pct": 94.65875370919882,
        "adherence_reference": "official_reh_polygons",
        "mean_deviation_m": 50.669810482216064,
        "p95_deviation_m": 251.97807144600566,
        "max_deviation_m": 487.7797987220024,
        "planned_distance_m": 20655.336054638443,
        "executed_distance_m": 19610.55323665,
        "additional_distance_m": -1044.7828179884418,
        "trajectory_conformity_ratio": -0.050581739034636586,
        "planned_horizontal_inefficiency_ratio": 0.3318272029274071,
        "executed_horizontal_inefficiency_ratio": 0.264461066909703,
        "executed_samples": 337
      },
      "geometry": {
        "type": "LineString",
        "coordinates": [
          [
            -46.680833,
            -23.591111
          ],
          [
            -46.692458,
            -23.585243
          ],
          [
            -46.699842,
            -23.612514
          ],
          [
            -46.712735,
            -23.611218
          ],
          [
            -46.751406,
            -23.607512
          ],
          [
            -46.809684,
            -23.591238
          ],
          [
            -46.807212,
            -23.579688
          ],
          [
            -46.8132,
            -23.569513
          ],
          [
            -46.819596,
            -23.562869
          ],
          [
            -46.830278,
            -23.564722
          ]
        ]
      }
    },
    {
      "type": "Feature",
      "properties": {
        "id": "EC1_0094",
        "flight_instance": "EC1_0094#0",
        "start_time": "19:17:00.00",
        "scenario": "produto2_C1_2025-11-09_off.scn",
        "waypoint_count": 22,
        "planned_flight_instance": "EC1_0094#0",
        "planned_start_time": "19:17:00.00",
        "vehicle_type": "eVTOL",
        "aircraft_model": "EVTOL",
        "start_time_delta_s": 0.0,
        "spatial_adherence_pct": 67.4496644295302,
        "planned_line_adherence_pct": 100.0,
        "adherence_reference": "official_reh_polygons",
        "mean_deviation_m": 32.568152895362374,
        "p95_deviation_m": 160.2556439145896,
        "max_deviation_m": 222.3077299471648,
        "planned_distance_m": 22297.308584355684,
        "executed_distance_m": 21435.74799895,
        "additional_distance_m": -861.5605854056848,
        "trajectory_conformity_ratio": -0.038639667300930484,
        "planned_horizontal_inefficiency_ratio": 0.4053069508178147,
        "executed_horizontal_inefficiency_ratio": 0.35100635778252925,
        "executed_samples": 596
      },
      "geometry": {
        "type": "LineString",
        "coordinates": [
          [
            -46.781111,
            -23.478611
          ],
          [
            -46.776754,
            -23.472388
          ],
          [
            -46.771369,
            -23.476155
          ],
          [
            -46.770638,
            -23.485813
          ],
          [
            -46.766936,
            -23.492656
          ],
          [
            -46.7597,
            -23.494855
          ],
          [
            -46.756253,
            -23.498105
          ],
          [
            -46.753944,
            -23.505863
          ],
          [
            -46.744374,
            -23.508658
          ],
          [
            -46.732639,
            -23.509208
          ],
          [
            -46.72657,
            -23.515488
          ],
          [
            -46.709753,
            -23.517655
          ],
          [
            -46.6993,
            -23.520942
          ],
          [
            -46.692524,
            -23.522632
          ],
          [
            -46.682954,
            -23.523674
          ],
          [
            -46.676805,
            -23.5247
          ],
          [
            -46.671322,
            -23.524683
          ],
          [
            -46.679805,
            -23.552694
          ],
          [
            -46.682234,
            -23.556732
          ],
          [
            -46.679272,
            -23.562561
          ],
          [
            -46.670249,
            -23.572148
          ],
          [
            -46.655,
            -23.562222
          ]
        ]
      }
    },
    {
      "type": "Feature",
      "properties": {
        "id": "PRFAD",
        "flight_instance": "PRFAD#0",
        "start_time": "19:17:05.00",
        "scenario": "produto2_C1_2025-11-09_off.scn",
        "waypoint_count": 19,
        "planned_flight_instance": "PRFAD#0",
        "planned_start_time": "19:17:05.00",
        "vehicle_type": "helicoptero",
        "aircraft_model": "AS50",
        "start_time_delta_s": 0.0,
        "spatial_adherence_pct": 74.79224376731301,
        "planned_line_adherence_pct": 92.5207756232687,
        "adherence_reference": "official_reh_polygons",
        "mean_deviation_m": 74.80685457219246,
        "p95_deviation_m": 285.19396913148535,
        "max_deviation_m": 542.18968147178,
        "planned_distance_m": 24661.95121467555,
        "executed_distance_m": 22389.48998624,
        "additional_distance_m": -2272.46122843555,
        "trajectory_conformity_ratio": -0.0921444215283047,
        "planned_horizontal_inefficiency_ratio": 0.41754824386032535,
        "executed_horizontal_inefficiency_ratio": 0.28692908094135144,
        "executed_samples": 361
      },
      "geometry": {
        "type": "LineString",
        "coordinates": [
          [
            -46.696944,
            -23.614722
          ],
          [
            -46.699343,
            -23.612337
          ],
          [
            -46.712562,
            -23.611263
          ],
          [
            -46.722716,
            -23.601923
          ],
          [
            -46.747069,
            -23.557007
          ],
          [
            -46.754789,
            -23.548019
          ],
          [
            -46.749123,
            -23.526491
          ],
          [
            -46.742985,
            -23.519104
          ],
          [
            -46.725265,
            -23.515259
          ],
          [
            -46.731696,
            -23.50713
          ],
          [
            -46.743982,
            -23.506437
          ],
          [
            -46.75222,
            -23.504262
          ],
          [
            -46.754052,
            -23.497111
          ],
          [
            -46.758475,
            -23.492906
          ],
          [
            -46.765319,
            -23.490964
          ],
          [
            -46.768251,
            -23.485298
          ],
          [
            -46.769169,
            -23.47516
          ],
          [
            -46.777452,
            -23.470231
          ],
          [
            -46.781111,
            -23.478611
          ]
        ]
      }
    },
    {
      "type": "Feature",
      "properties": {
        "id": "PRMKM_007",
        "flight_instance": "PRMKM_007#0",
        "start_time": "19:20:00.00",
        "scenario": "produto2_C1_2025-11-09_off.scn",
        "waypoint_count": 9,
        "planned_flight_instance": "PRMKM_007#0",
        "planned_start_time": "19:20:00.00",
        "vehicle_type": "helicoptero",
        "aircraft_model": "B429",
        "start_time_delta_s": 0.0,
        "spatial_adherence_pct": 45.52845528455284,
        "planned_line_adherence_pct": 100.0,
        "adherence_reference": "official_reh_polygons",
        "mean_deviation_m": 49.064010802628864,
        "p95_deviation_m": 111.9200386482446,
        "max_deviation_m": 202.96078026445602,
        "planned_distance_m": 16338.087591086225,
        "executed_distance_m": 15193.210483,
        "additional_distance_m": -1144.8771080862243,
        "trajectory_conformity_ratio": -0.07007411985665013,
        "planned_horizontal_inefficiency_ratio": 0.32010338890851536,
        "executed_horizontal_inefficiency_ratio": 0.22759830581097004,
        "executed_samples": 246
      },
      "geometry": {
        "type": "LineString",
        "coordinates": [
          [
            -46.687778,
            -23.591667
          ],
          [
            -46.69251,
            -23.585318
          ],
          [
            -46.699921,
            -23.612668
          ],
          [
            -46.702161,
            -23.620571
          ],
          [
            -46.71228,
            -23.626616
          ],
          [
            -46.726108,
            -23.640325
          ],
          [
            -46.724402,
            -23.653053
          ],
          [
            -46.690012,
            -23.699694
          ],
          [
            -46.6925,
            -23.703056
          ]
        ]
      }
    },
    {
      "type": "Feature",
      "properties": {
        "id": "EC1_0109",
        "flight_instance": "EC1_0109#0",
        "start_time": "19:25:00.00",
        "scenario": "produto2_C1_2025-11-09_off.scn",
        "waypoint_count": 20,
        "planned_flight_instance": "EC1_0109#0",
        "planned_start_time": "19:25:00.00",
        "vehicle_type": "eVTOL",
        "aircraft_model": "EVTOL",
        "start_time_delta_s": 0.0,
        "spatial_adherence_pct": 65.02923976608187,
        "planned_line_adherence_pct": 100.0,
        "adherence_reference": "official_reh_polygons",
        "mean_deviation_m": 33.1085671424608,
        "p95_deviation_m": 164.7681204349857,
        "max_deviation_m": 225.19528827899074,
        "planned_distance_m": 31426.803738214796,
        "executed_distance_m": 29214.76124667,
        "additional_distance_m": -2212.0424915447948,
        "trajectory_conformity_ratio": -0.07038712908799456,
        "planned_horizontal_inefficiency_ratio": 0.7591398668013213,
        "executed_horizontal_inefficiency_ratio": 0.6353190619129391,
        "executed_samples": 855
      },
      "geometry": {
        "type": "LineString",
        "coordinates": [
          [
            -46.830278,
            -23.564722
          ],
          [
            -46.818827,
            -23.564191
          ],
          [
            -46.815687,
            -23.514407
          ],
          [
            -46.821415,
            -23.510014
          ],
          [
            -46.79638,
            -23.515916
          ],
          [
            -46.781822,
            -23.521939
          ],
          [
            -46.750181,
            -23.527233
          ],
          [
            -46.742985,
            -23.519104
          ],
          [
            -46.72605,
            -23.515568
          ],
          [
            -46.709753,
            -23.517655
          ],
          [
            -46.6993,
            -23.520942
          ],
          [
            -46.692524,
            -23.522632
          ],
          [
            -46.682954,
            -23.523674
          ],
          [
            -46.676805,
            -23.5247
          ],
          [
            -46.671322,
            -23.524683
          ],
          [
            -46.679805,
            -23.552694
          ],
          [
            -46.682234,
            -23.556732
          ],
          [
            -46.679272,
            -23.562561
          ],
          [
            -46.670249,
            -23.572148
          ],
          [
            -46.655,
            -23.562222
          ]
        ]
      }
    },
    {
      "type": "Feature",
      "properties": {
        "id": "EC1_0160",
        "flight_instance": "EC1_0160#0",
        "start_time": "19:25:00.00",
        "scenario": "produto2_C1_2025-11-09_off.scn",
        "waypoint_count": 26,
        "planned_flight_instance": "EC1_0160#0",
        "planned_start_time": "19:25:00.00",
        "vehicle_type": "eVTOL",
        "aircraft_model": "EVTOL",
        "start_time_delta_s": 0.0,
        "spatial_adherence_pct": 79.10557184750732,
        "planned_line_adherence_pct": 97.43401759530792,
        "adherence_reference": "official_reh_polygons",
        "mean_deviation_m": 20.576176030925417,
        "p95_deviation_m": 97.47559808440485,
        "max_deviation_m": 402.0250899149255,
        "planned_distance_m": 52871.74315260554,
        "executed_distance_m": 51335.77788834,
        "additional_distance_m": -1535.9652642655346,
        "trajectory_conformity_ratio": -0.029050777838593767,
        "planned_horizontal_inefficiency_ratio": 0.33717188746042404,
        "executed_horizontal_inefficiency_ratio": 0.2983260040257982,
        "executed_samples": 1364
      },
      "geometry": {
        "type": "LineString",
        "coordinates": [
          [
            -46.473056,
            -23.435556
          ],
          [
            -46.470057,
            -23.479504
          ],
          [
            -46.542513,
            -23.501225
          ],
          [
            -46.559266,
            -23.522325
          ],
          [
            -46.576553,
            -23.537839
          ],
          [
            -46.617141,
            -23.542766
          ],
          [
            -46.635058,
            -23.534875
          ],
          [
            -46.639567,
            -23.533164
          ],
          [
            -46.642444,
            -23.529251
          ],
          [
            -46.645476,
            -23.527575
          ],
          [
            -46.651833,
            -23.527834
          ],
          [
            -46.659691,
            -23.525779
          ],
          [
            -46.670751,
            -23.524279
          ],
          [
            -46.67633,
            -23.522493
          ],
          [
            -46.682605,
            -23.521447
          ],
          [
            -46.692085,
            -23.520419
          ],
          [
            -46.698562,
            -23.518796
          ],
          [
            -46.709231,
            -23.515456
          ],
          [
            -46.726172,
            -23.513321
          ],
          [
            -46.744128,
            -23.517113
          ],
          [
            -46.750374,
            -23.52499
          ],
          [
            -46.781185,
            -23.519766
          ],
          [
            -46.795617,
            -23.513778
          ],
          [
            -46.821227,
            -23.507774
          ],
          [
            -46.875972,
            -23.504073
          ],
          [
            -46.856667,
            -23.486667
          ]
        ]
      }
    },
    {
      "type": "Feature",
      "properties": {
        "id": "EC1_0011",
        "flight_instance": "EC1_0011#0",
        "start_time": "19:29:00.00",
        "scenario": "produto2_C1_2025-11-09_off.scn",
        "waypoint_count": 18,
        "planned_flight_instance": "EC1_0011#0",
        "planned_start_time": "19:29:00.00",
        "vehicle_type": "eVTOL",
        "aircraft_model": "EVTOL",
        "start_time_delta_s": 0.0,
        "spatial_adherence_pct": 76.88442211055276,
        "planned_line_adherence_pct": 99.12060301507537,
        "adherence_reference": "official_reh_polygons",
        "mean_deviation_m": 20.52934376988952,
        "p95_deviation_m": 89.85703524940581,
        "max_deviation_m": 304.40200385946,
        "planned_distance_m": 28575.485215498844,
        "executed_distance_m": 27263.39415782,
        "additional_distance_m": -1312.0910576788447,
        "trajectory_conformity_ratio": -0.045916667653544845,
        "planned_horizontal_inefficiency_ratio": 2.683558655045073,
        "executed_horizontal_inefficiency_ratio": 2.5144219164990296,
        "executed_samples": 796
      },
      "geometry": {
        "type": "LineString",
        "coordinates": [
          [
            -46.856667,
            -23.486667
          ],
          [
            -46.877361,
            -23.505927
          ],
          [
            -46.821551,
            -23.510004
          ],
          [
            -46.79638,
            -23.515916
          ],
          [
            -46.781822,
            -23.521939
          ],
          [
            -46.750181,
            -23.527233
          ],
          [
            -46.742985,
            -23.519104
          ],
          [
            -46.725265,
            -23.515259
          ],
          [
            -46.731696,
            -23.50713
          ],
          [
            -46.743982,
            -23.506437
          ],
          [
            -46.75222,
            -23.504262
          ],
          [
            -46.754052,
            -23.497111
          ],
          [
            -46.758475,
            -23.492906
          ],
          [
            -46.765319,
            -23.490964
          ],
          [
            -46.768251,
            -23.485298
          ],
          [
            -46.769169,
            -23.47516
          ],
          [
            -46.777452,
            -23.470231
          ],
          [
            -46.781111,
            -23.478611
          ]
        ]
      }
    },
    {
      "type": "Feature",
      "properties": {
        "id": "EC1_0147",
        "flight_instance": "EC1_0147#0",
        "start_time": "19:29:00.00",
        "scenario": "produto2_C1_2025-11-09_off.scn",
        "waypoint_count": 7,
        "planned_flight_instance": "EC1_0147#0",
        "planned_start_time": "19:29:00.00",
        "vehicle_type": "eVTOL",
        "aircraft_model": "EVTOL",
        "start_time_delta_s": 0.0,
        "spatial_adherence_pct": 44.4043321299639,
        "planned_line_adherence_pct": 96.38989169675091,
        "adherence_reference": "official_reh_polygons",
        "mean_deviation_m": 68.87660182683302,
        "p95_deviation_m": 221.1839855149094,
        "max_deviation_m": 355.1820030442265,
        "planned_distance_m": 9423.22538876213,
        "executed_distance_m": 8158.88071884,
        "additional_distance_m": -1264.3446699221304,
        "trajectory_conformity_ratio": -0.1341732387543178,
        "planned_horizontal_inefficiency_ratio": 0.9240018658830419,
        "executed_horizontal_inefficiency_ratio": 0.6658523041681635,
        "executed_samples": 277
      },
      "geometry": {
        "type": "LineString",
        "coordinates": [
          [
            -46.656389,
            -23.626111
          ],
          [
            -46.669092,
            -23.633166
          ],
          [
            -46.677804,
            -23.62275
          ],
          [
            -46.687891,
            -23.614942
          ],
          [
            -46.698957,
            -23.612724
          ],
          [
            -46.691649,
            -23.585749
          ],
          [
            -46.685556,
            -23.591111
          ]
        ]
      }
    },
    {
      "type": "Feature",
      "properties": {
        "id": "PROMH_006",
        "flight_instance": "PROMH_006#0",
        "start_time": "19:29:20.00",
        "scenario": "produto2_C1_2025-11-09_off.scn",
        "waypoint_count": 10,
        "planned_flight_instance": "PROMH_006#0",
        "planned_start_time": "19:29:20.00",
        "vehicle_type": "helicoptero",
        "aircraft_model": "EC55",
        "start_time_delta_s": 0.0,
        "spatial_adherence_pct": 54.325259515570934,
        "planned_line_adherence_pct": 84.77508650519032,
        "adherence_reference": "official_reh_polygons",
        "mean_deviation_m": 94.18723953206336,
        "p95_deviation_m": 385.9023186550734,
        "max_deviation_m": 549.2248836418494,
        "planned_distance_m": 20233.946673682214,
        "executed_distance_m": 19339.44869074,
        "additional_distance_m": -894.4979829422155,
        "trajectory_conformity_ratio": -0.04420778592372523,
        "planned_horizontal_inefficiency_ratio": 0.3344459295042627,
        "executed_horizontal_inefficiency_ratio": 0.27545302952595174,
        "executed_samples": 289
      },
      "geometry": {
        "type": "LineString",
        "coordinates": [
          [
            -46.683333,
            -23.586111
          ],
          [
            -46.692501,
            -23.585303
          ],
          [
            -46.699842,
            -23.612514
          ],
          [
            -46.712735,
            -23.611218
          ],
          [
            -46.751406,
            -23.607512
          ],
          [
            -46.809684,
            -23.591238
          ],
          [
            -46.807212,
            -23.579688
          ],
          [
            -46.8132,
            -23.569513
          ],
          [
            -46.819596,
            -23.562869
          ],
          [
            -46.830278,
            -23.564722
          ]
        ]
      }
    },
    {
      "type": "Feature",
      "properties": {
        "id": "PROOE_006",
        "flight_instance": "PROOE_006#0",
        "start_time": "19:30:02.00",
        "scenario": "produto2_C1_2025-11-09_off.scn",
        "waypoint_count": 18,
        "planned_flight_instance": "PROOE_006#0",
        "planned_start_time": "19:30:02.00",
        "vehicle_type": "helicoptero",
        "aircraft_model": "EC35",
        "start_time_delta_s": 0.0,
        "spatial_adherence_pct": 63.34310850439883,
        "planned_line_adherence_pct": 90.81133919843597,
        "adherence_reference": "official_reh_polygons",
        "mean_deviation_m": 60.8873815249169,
        "p95_deviation_m": 337.7814383405151,
        "max_deviation_m": 525.6628784561935,
        "planned_distance_m": 53682.36237286706,
        "executed_distance_m": 51736.5952132,
        "additional_distance_m": -1945.7671596670552,
        "trajectory_conformity_ratio": -0.0362459302024032,
        "planned_horizontal_inefficiency_ratio": 0.44255254107034914,
        "executed_horizontal_inefficiency_ratio": 0.3902658823534139,
        "executed_samples": 1023
      },
      "geometry": {
        "type": "LineString",
        "coordinates": [
          [
            -46.473056,
            -23.435556
          ],
          [
            -46.470057,
            -23.479504
          ],
          [
            -46.542513,
            -23.501225
          ],
          [
            -46.559266,
            -23.522325
          ],
          [
            -46.576553,
            -23.537839
          ],
          [
            -46.617706,
            -23.542855
          ],
          [
            -46.612476,
            -23.5533
          ],
          [
            -46.605043,
            -23.567604
          ],
          [
            -46.599279,
            -23.586761
          ],
          [
            -46.601779,
            -23.603514
          ],
          [
            -46.60251,
            -23.620927
          ],
          [
            -46.59658,
            -23.636235
          ],
          [
            -46.584352,
            -23.646914
          ],
          [
            -46.573805,
            -23.665984
          ],
          [
            -46.60796,
            -23.721804
          ],
          [
            -46.674299,
            -23.702626
          ],
          [
            -46.68894,
            -23.698021
          ],
          [
            -46.6925,
            -23.703056
          ]
        ]
      }
    },
    {
      "type": "Feature",
      "properties": {
        "id": "EC1_0183",
        "flight_instance": "EC1_0183#0",
        "start_time": "19:33:00.00",
        "scenario": "produto2_C1_2025-11-09_off.scn",
        "waypoint_count": 11,
        "planned_flight_instance": "EC1_0183#0",
        "planned_start_time": "19:33:00.00",
        "vehicle_type": "eVTOL",
        "aircraft_model": "EVTOL",
        "start_time_delta_s": 0.0,
        "spatial_adherence_pct": 64.63104325699746,
        "planned_line_adherence_pct": 100.0,
        "adherence_reference": "official_reh_polygons",
        "mean_deviation_m": 29.37825961294012,
        "p95_deviation_m": 153.81613779622472,
        "max_deviation_m": 192.29299848033236,
        "planned_distance_m": 28641.38468407953,
        "executed_distance_m": 28346.01374091,
        "additional_distance_m": -295.37094316953153,
        "trajectory_conformity_ratio": -0.010312732656871687,
        "planned_horizontal_inefficiency_ratio": 0.5700778147446571,
        "executed_horizontal_inefficiency_ratio": 0.5538860219907101,
        "executed_samples": 786
      },
      "geometry": {
        "type": "LineString",
        "coordinates": [
          [
            -46.633,
            -23.509
          ],
          [
            -46.646,
            -23.52784
          ],
          [
            -46.643156,
            -23.529869
          ],
          [
            -46.640193,
            -23.533856
          ],
          [
            -46.635497,
            -23.53568
          ],
          [
            -46.617304,
            -23.545011
          ],
          [
            -46.575669,
            -23.539938
          ],
          [
            -46.557401,
            -23.523786
          ],
          [
            -46.541376,
            -23.503219
          ],
          [
            -46.468276,
            -23.481052
          ],
          [
            -46.473056,
            -23.435556
          ]
        ]
      }
    },
    {
      "type": "Feature",
      "properties": {
        "id": "EC1_0125",
        "flight_instance": "EC1_0125#0",
        "start_time": "19:36:00.00",
        "scenario": "produto2_C1_2025-11-09_off.scn",
        "waypoint_count": 9,
        "planned_flight_instance": "EC1_0125#0",
        "planned_start_time": "19:36:00.00",
        "vehicle_type": "eVTOL",
        "aircraft_model": "EVTOL",
        "start_time_delta_s": 0.0,
        "spatial_adherence_pct": 81.6842105263158,
        "planned_line_adherence_pct": 92.63157894736842,
        "adherence_reference": "official_reh_polygons",
        "mean_deviation_m": 44.6886749476994,
        "p95_deviation_m": 297.04187553295077,
        "max_deviation_m": 401.25309394472254,
        "planned_distance_m": 19129.01853954632,
        "executed_distance_m": 17602.74487563,
        "additional_distance_m": -1526.2736639163195,
        "trajectory_conformity_ratio": -0.07978839378303608,
        "planned_horizontal_inefficiency_ratio": 0.3750656656285474,
        "executed_horizontal_inefficiency_ratio": 0.2653513848218442,
        "executed_samples": 475
      },
      "geometry": {
        "type": "LineString",
        "coordinates": [
          [
            -46.736944,
            -23.546667
          ],
          [
            -46.733761,
            -23.545134
          ],
          [
            -46.746866,
            -23.533391
          ],
          [
            -46.749795,
            -23.525077
          ],
          [
            -46.781185,
            -23.519766
          ],
          [
            -46.795617,
            -23.513778
          ],
          [
            -46.821227,
            -23.507774
          ],
          [
            -46.875972,
            -23.504073
          ],
          [
            -46.856667,
            -23.486667
          ]
        ]
      }
    },
    {
      "type": "Feature",
      "properties": {
        "id": "EC1_0091",
        "flight_instance": "EC1_0091#0",
        "start_time": "19:37:00.00",
        "scenario": "produto2_C1_2025-11-09_off.scn",
        "waypoint_count": 18,
        "planned_flight_instance": "EC1_0091#0",
        "planned_start_time": "19:37:00.00",
        "vehicle_type": "eVTOL",
        "aircraft_model": "EVTOL",
        "start_time_delta_s": 0.0,
        "spatial_adherence_pct": 76.40949554896143,
        "planned_line_adherence_pct": 94.80712166172107,
        "adherence_reference": "official_reh_polygons",
        "mean_deviation_m": 42.358456993967884,
        "p95_deviation_m": 252.50549045226361,
        "max_deviation_m": 402.5574612675441,
        "planned_distance_m": 27335.960891084178,
        "executed_distance_m": 25041.76613291,
        "additional_distance_m": -2294.194758174177,
        "trajectory_conformity_ratio": -0.08392588675829007,
        "planned_horizontal_inefficiency_ratio": 2.523692784891626,
        "executed_horizontal_inefficiency_ratio": 2.2279637432558075,
        "executed_samples": 674
      },
      "geometry": {
        "type": "LineString",
        "coordinates": [
          [
            -46.781111,
            -23.478611
          ],
          [
            -46.776754,
            -23.472388
          ],
          [
            -46.771369,
            -23.476155
          ],
          [
            -46.770638,
            -23.485813
          ],
          [
            -46.766936,
            -23.492656
          ],
          [
            -46.7597,
            -23.494855
          ],
          [
            -46.756253,
            -23.498105
          ],
          [
            -46.753944,
            -23.505863
          ],
          [
            -46.744374,
            -23.508658
          ],
          [
            -46.732639,
            -23.509208
          ],
          [
            -46.726957,
            -23.51363
          ],
          [
            -46.744128,
            -23.517113
          ],
          [
            -46.750374,
            -23.52499
          ],
          [
            -46.781185,
            -23.519766
          ],
          [
            -46.795617,
            -23.513778
          ],
          [
            -46.821227,
            -23.507774
          ],
          [
            -46.875972,
            -23.504073
          ],
          [
            -46.856667,
            -23.486667
          ]
        ]
      }
    },
    {
      "type": "Feature",
      "properties": {
        "id": "EC1_0112",
        "flight_instance": "EC1_0112#0",
        "start_time": "19:38:00.00",
        "scenario": "produto2_C1_2025-11-09_off.scn",
        "waypoint_count": 20,
        "planned_flight_instance": "EC1_0112#0",
        "planned_start_time": "19:38:00.00",
        "vehicle_type": "eVTOL",
        "aircraft_model": "EVTOL",
        "start_time_delta_s": 0.0,
        "spatial_adherence_pct": 65.02923976608187,
        "planned_line_adherence_pct": 100.0,
        "adherence_reference": "official_reh_polygons",
        "mean_deviation_m": 33.1085671424608,
        "p95_deviation_m": 164.7681204349857,
        "max_deviation_m": 225.19528827899074,
        "planned_distance_m": 31426.803738214796,
        "executed_distance_m": 29214.76124667,
        "additional_distance_m": -2212.0424915447948,
        "trajectory_conformity_ratio": -0.07038712908799456,
        "planned_horizontal_inefficiency_ratio": 0.7591398668013213,
        "executed_horizontal_inefficiency_ratio": 0.6353190619129391,
        "executed_samples": 855
      },
      "geometry": {
        "type": "LineString",
        "coordinates": [
          [
            -46.830278,
            -23.564722
          ],
          [
            -46.818827,
            -23.564191
          ],
          [
            -46.815687,
            -23.514407
          ],
          [
            -46.821415,
            -23.510014
          ],
          [
            -46.79638,
            -23.515916
          ],
          [
            -46.781822,
            -23.521939
          ],
          [
            -46.750181,
            -23.527233
          ],
          [
            -46.742985,
            -23.519104
          ],
          [
            -46.72605,
            -23.515568
          ],
          [
            -46.709753,
            -23.517655
          ],
          [
            -46.6993,
            -23.520942
          ],
          [
            -46.692524,
            -23.522632
          ],
          [
            -46.682954,
            -23.523674
          ],
          [
            -46.676805,
            -23.5247
          ],
          [
            -46.671322,
            -23.524683
          ],
          [
            -46.679805,
            -23.552694
          ],
          [
            -46.682234,
            -23.556732
          ],
          [
            -46.679272,
            -23.562561
          ],
          [
            -46.670249,
            -23.572148
          ],
          [
            -46.655,
            -23.562222
          ]
        ]
      }
    },
    {
      "type": "Feature",
      "properties": {
        "id": "PRTJR_004",
        "flight_instance": "PRTJR_004#0",
        "start_time": "19:38:36.00",
        "scenario": "produto2_C1_2025-11-09_off.scn",
        "waypoint_count": 21,
        "planned_flight_instance": "PRTJR_004#0",
        "planned_start_time": "19:38:36.00",
        "vehicle_type": "helicoptero",
        "aircraft_model": "A109",
        "start_time_delta_s": 0.0,
        "spatial_adherence_pct": 66.88963210702342,
        "planned_line_adherence_pct": 99.66555183946488,
        "adherence_reference": "official_reh_polygons",
        "mean_deviation_m": 31.707535907258528,
        "p95_deviation_m": 132.73198615930437,
        "max_deviation_m": 250.09062853022303,
        "planned_distance_m": 19885.61536958456,
        "executed_distance_m": 19169.75488777,
        "additional_distance_m": -715.8604818145614,
        "trajectory_conformity_ratio": -0.03599891019261511,
        "planned_horizontal_inefficiency_ratio": 0.28485112011199176,
        "executed_horizontal_inefficiency_ratio": 0.23859788002819923,
        "executed_samples": 299
      },
      "geometry": {
        "type": "LineString",
        "coordinates": [
          [
            -46.633,
            -23.509
          ],
          [
            -46.645915,
            -23.527719
          ],
          [
            -46.651833,
            -23.527834
          ],
          [
            -46.659691,
            -23.525779
          ],
          [
            -46.670751,
            -23.524279
          ],
          [
            -46.67633,
            -23.522493
          ],
          [
            -46.682605,
            -23.521447
          ],
          [
            -46.692085,
            -23.520419
          ],
          [
            -46.698562,
            -23.518796
          ],
          [
            -46.709231,
            -23.515456
          ],
          [
            -46.725652,
            -23.513401
          ],
          [
            -46.731696,
            -23.50713
          ],
          [
            -46.743982,
            -23.506437
          ],
          [
            -46.75222,
            -23.504262
          ],
          [
            -46.754052,
            -23.497111
          ],
          [
            -46.758475,
            -23.492906
          ],
          [
            -46.765319,
            -23.490964
          ],
          [
            -46.768251,
            -23.485298
          ],
          [
            -46.769169,
            -23.47516
          ],
          [
            -46.777452,
            -23.470231
          ],
          [
            -46.781111,
            -23.478611
          ]
        ]
      }
    },
    {
      "type": "Feature",
      "properties": {
        "id": "EC1_0068",
        "flight_instance": "EC1_0068#0",
        "start_time": "19:40:00.00",
        "scenario": "produto2_C1_2025-11-09_off.scn",
        "waypoint_count": 20,
        "planned_flight_instance": "EC1_0068#0",
        "planned_start_time": "19:40:00.00",
        "vehicle_type": "eVTOL",
        "aircraft_model": "EVTOL",
        "start_time_delta_s": 0.0,
        "spatial_adherence_pct": 65.80937972768533,
        "planned_line_adherence_pct": 100.0,
        "adherence_reference": "official_reh_polygons",
        "mean_deviation_m": 30.570365244389606,
        "p95_deviation_m": 153.9193914275658,
        "max_deviation_m": 226.66642923465062,
        "planned_distance_m": 26266.560582715785,
        "executed_distance_m": 25477.54143557,
        "additional_distance_m": -789.0191471457838,
        "trajectory_conformity_ratio": -0.03003892133730607,
        "planned_horizontal_inefficiency_ratio": 4.870943612998789,
        "executed_horizontal_inefficiency_ratio": 4.694586799632159,
        "executed_samples": 661
      },
      "geometry": {
        "type": "LineString",
        "coordinates": [
          [
            -46.685556,
            -23.591111
          ],
          [
            -46.691668,
            -23.585265
          ],
          [
            -46.700338,
            -23.570707
          ],
          [
            -46.706363,
            -23.560632
          ],
          [
            -46.734437,
            -23.545467
          ],
          [
            -46.746866,
            -23.533391
          ],
          [
            -46.749087,
            -23.526381
          ],
          [
            -46.742985,
            -23.519104
          ],
          [
            -46.72605,
            -23.515568
          ],
          [
            -46.709753,
            -23.517655
          ],
          [
            -46.6993,
            -23.520942
          ],
          [
            -46.692524,
            -23.522632
          ],
          [
            -46.682954,
            -23.523674
          ],
          [
            -46.676805,
            -23.5247
          ],
          [
            -46.671322,
            -23.524683
          ],
          [
            -46.679805,
            -23.552694
          ],
          [
            -46.682234,
            -23.556732
          ],
          [
            -46.679272,
            -23.562561
          ],
          [
            -46.670249,
            -23.572148
          ],
          [
            -46.655,
            -23.562222
          ]
        ]
      }
    },
    {
      "type": "Feature",
      "properties": {
        "id": "EC1_0096",
        "flight_instance": "EC1_0096#0",
        "start_time": "19:40:00.00",
        "scenario": "produto2_C1_2025-11-09_off.scn",
        "waypoint_count": 19,
        "planned_flight_instance": "EC1_0096#0",
        "planned_start_time": "19:40:00.00",
        "vehicle_type": "eVTOL",
        "aircraft_model": "EVTOL",
        "start_time_delta_s": 0.0,
        "spatial_adherence_pct": 75.76853526220614,
        "planned_line_adherence_pct": 100.0,
        "adherence_reference": "official_reh_polygons",
        "mean_deviation_m": 19.80840223457322,
        "p95_deviation_m": 131.35536382211552,
        "max_deviation_m": 240.58535574824646,
        "planned_distance_m": 21872.050204450923,
        "executed_distance_m": 20929.1952185,
        "additional_distance_m": -942.8549859509221,
        "trajectory_conformity_ratio": -0.04310775520070143,
        "planned_horizontal_inefficiency_ratio": 0.37953022799265257,
        "executed_horizontal_inefficiency_ratio": 0.3200617766323775,
        "executed_samples": 553
      },
      "geometry": {
        "type": "LineString",
        "coordinates": [
          [
            -46.781111,
            -23.478611
          ],
          [
            -46.776754,
            -23.472388
          ],
          [
            -46.771369,
            -23.476155
          ],
          [
            -46.770638,
            -23.485813
          ],
          [
            -46.766936,
            -23.492656
          ],
          [
            -46.7597,
            -23.494855
          ],
          [
            -46.756253,
            -23.498105
          ],
          [
            -46.753944,
            -23.505863
          ],
          [
            -46.744374,
            -23.508658
          ],
          [
            -46.732639,
            -23.509208
          ],
          [
            -46.726957,
            -23.51363
          ],
          [
            -46.744128,
            -23.517113
          ],
          [
            -46.751469,
            -23.525841
          ],
          [
            -46.748854,
            -23.534709
          ],
          [
            -46.735007,
            -23.5462
          ],
          [
            -46.706979,
            -23.561333
          ],
          [
            -46.7012,
            -23.571137
          ],
          [
            -46.692476,
            -23.585777
          ],
          [
            -46.685556,
            -23.591111
          ]
        ]
      }
    },
    {
      "type": "Feature",
      "properties": {
        "id": "EC1_0042",
        "flight_instance": "EC1_0042#0",
        "start_time": "19:41:00.00",
        "scenario": "produto2_C1_2025-11-09_off.scn",
        "waypoint_count": 20,
        "planned_flight_instance": "EC1_0042#0",
        "planned_start_time": "19:41:00.00",
        "vehicle_type": "eVTOL",
        "aircraft_model": "EVTOL",
        "start_time_delta_s": 0.0,
        "spatial_adherence_pct": 77.57296466973887,
        "planned_line_adherence_pct": 100.0,
        "adherence_reference": "official_reh_polygons",
        "mean_deviation_m": 9.310514889306596,
        "p95_deviation_m": 46.326521683663444,
        "max_deviation_m": 143.39452232610438,
        "planned_distance_m": 26789.4115158122,
        "executed_distance_m": 26387.73177384,
        "additional_distance_m": -401.6797419721988,
        "trajectory_conformity_ratio": -0.014993974083197427,
        "planned_horizontal_inefficiency_ratio": 4.98782492831469,
        "executed_horizontal_inefficiency_ratio": 4.8980436365248154,
        "executed_samples": 651
      },
      "geometry": {
        "type": "LineString",
        "coordinates": [
          [
            -46.655,
            -23.562222
          ],
          [
            -46.670253,
            -23.571249
          ],
          [
            -46.678469,
            -23.562044
          ],
          [
            -46.681254,
            -23.556691
          ],
          [
            -46.678868,
            -23.552963
          ],
          [
            -46.670344,
            -23.524761
          ],
          [
            -46.67633,
            -23.522493
          ],
          [
            -46.682605,
            -23.521447
          ],
          [
            -46.692085,
            -23.520419
          ],
          [
            -46.698562,
            -23.518796
          ],
          [
            -46.709231,
            -23.515456
          ],
          [
            -46.726172,
            -23.513321
          ],
          [
            -46.744128,
            -23.517113
          ],
          [
            -46.751469,
            -23.525841
          ],
          [
            -46.748854,
            -23.534709
          ],
          [
            -46.735007,
            -23.5462
          ],
          [
            -46.706979,
            -23.561333
          ],
          [
            -46.7012,
            -23.571137
          ],
          [
            -46.692476,
            -23.585777
          ],
          [
            -46.685556,
            -23.591111
          ]
        ]
      }
    },
    {
      "type": "Feature",
      "properties": {
        "id": "PRMKM_008",
        "flight_instance": "PRMKM_008#0",
        "start_time": "19:41:35.00",
        "scenario": "produto2_C1_2025-11-09_off.scn",
        "waypoint_count": 9,
        "planned_flight_instance": "PRMKM_008#0",
        "planned_start_time": "19:41:35.00",
        "vehicle_type": "helicoptero",
        "aircraft_model": "B429",
        "start_time_delta_s": 0.0,
        "spatial_adherence_pct": 41.947565543071164,
        "planned_line_adherence_pct": 100.0,
        "adherence_reference": "official_reh_polygons",
        "mean_deviation_m": 43.69892124579372,
        "p95_deviation_m": 108.64247080855567,
        "max_deviation_m": 137.6797562544876,
        "planned_distance_m": 16719.86628293206,
        "executed_distance_m": 16066.1512759,
        "additional_distance_m": -653.7150070320604,
        "trajectory_conformity_ratio": -0.03909810018632651,
        "planned_horizontal_inefficiency_ratio": 0.34114884211813534,
        "executed_horizontal_inefficiency_ratio": 0.28871247032422465,
        "executed_samples": 267
      },
      "geometry": {
        "type": "LineString",
        "coordinates": [
          [
            -46.682278,
            -23.591167
          ],
          [
            -46.692469,
            -23.585256
          ],
          [
            -46.699921,
            -23.612668
          ],
          [
            -46.702161,
            -23.620571
          ],
          [
            -46.71228,
            -23.626616
          ],
          [
            -46.726108,
            -23.640325
          ],
          [
            -46.724402,
            -23.653053
          ],
          [
            -46.690012,
            -23.699694
          ],
          [
            -46.6925,
            -23.703056
          ]
        ]
      }
    },
    {
      "type": "Feature",
      "properties": {
        "id": "EC1_0146",
        "flight_instance": "EC1_0146#0",
        "start_time": "19:44:00.00",
        "scenario": "produto2_C1_2025-11-09_off.scn",
        "waypoint_count": 7,
        "planned_flight_instance": "EC1_0146#0",
        "planned_start_time": "19:44:00.00",
        "vehicle_type": "eVTOL",
        "aircraft_model": "EVTOL",
        "start_time_delta_s": 0.0,
        "spatial_adherence_pct": 44.4043321299639,
        "planned_line_adherence_pct": 96.38989169675091,
        "adherence_reference": "official_reh_polygons",
        "mean_deviation_m": 68.87660182683302,
        "p95_deviation_m": 221.1839855149094,
        "max_deviation_m": 355.1820030442265,
        "planned_distance_m": 9423.22538876213,
        "executed_distance_m": 8158.88071884,
        "additional_distance_m": -1264.3446699221304,
        "trajectory_conformity_ratio": -0.1341732387543178,
        "planned_horizontal_inefficiency_ratio": 0.9240018658830419,
        "executed_horizontal_inefficiency_ratio": 0.6658523041681635,
        "executed_samples": 277
      },
      "geometry": {
        "type": "LineString",
        "coordinates": [
          [
            -46.656389,
            -23.626111
          ],
          [
            -46.669092,
            -23.633166
          ],
          [
            -46.677804,
            -23.62275
          ],
          [
            -46.687891,
            -23.614942
          ],
          [
            -46.698957,
            -23.612724
          ],
          [
            -46.691649,
            -23.585749
          ],
          [
            -46.685556,
            -23.591111
          ]
        ]
      }
    },
    {
      "type": "Feature",
      "properties": {
        "id": "EC1_0113",
        "flight_instance": "EC1_0113#0",
        "start_time": "19:45:00.00",
        "scenario": "produto2_C1_2025-11-09_off.scn",
        "waypoint_count": 10,
        "planned_flight_instance": "EC1_0113#0",
        "planned_start_time": "19:45:00.00",
        "vehicle_type": "eVTOL",
        "aircraft_model": "EVTOL",
        "start_time_delta_s": 0.0,
        "spatial_adherence_pct": 78.41726618705036,
        "planned_line_adherence_pct": 98.38129496402878,
        "adherence_reference": "official_reh_polygons",
        "mean_deviation_m": 60.30430732441436,
        "p95_deviation_m": 166.58664393497543,
        "max_deviation_m": 333.5502808579451,
        "planned_distance_m": 20153.271224488002,
        "executed_distance_m": 18939.26536973,
        "additional_distance_m": -1214.005854758001,
        "trajectory_conformity_ratio": -0.06023865015436684,
        "planned_horizontal_inefficiency_ratio": 0.3401823829455895,
        "executed_horizontal_inefficiency_ratio": 0.2594516052362844,
        "executed_samples": 556
      },
      "geometry": {
        "type": "LineString",
        "coordinates": [
          [
            -46.830278,
            -23.564722
          ],
          [
            -46.820443,
            -23.56498
          ],
          [
            -46.815243,
            -23.570761
          ],
          [
            -46.809635,
            -23.580051
          ],
          [
            -46.810871,
            -23.593207
          ],
          [
            -46.751928,
            -23.60971
          ],
          [
            -46.71282,
            -23.612115
          ],
          [
            -46.699047,
            -23.613042
          ],
          [
            -46.691649,
            -23.585749
          ],
          [
            -46.685556,
            -23.591111
          ]
        ]
      }
    },
    {
      "type": "Feature",
      "properties": {
        "id": "PSGSK_002",
        "flight_instance": "PSGSK_002#0",
        "start_time": "19:45:34.00",
        "scenario": "produto2_C1_2025-11-09_off.scn",
        "waypoint_count": 22,
        "planned_flight_instance": "PSGSK_002#0",
        "planned_start_time": "19:45:34.00",
        "vehicle_type": "helicoptero",
        "aircraft_model": "R66",
        "start_time_delta_s": 0.0,
        "spatial_adherence_pct": 77.088948787062,
        "planned_line_adherence_pct": 98.38274932614556,
        "adherence_reference": "official_reh_polygons",
        "mean_deviation_m": 35.799901335240364,
        "p95_deviation_m": 174.13038971678318,
        "max_deviation_m": 315.72240196912657,
        "planned_distance_m": 22198.681684428557,
        "executed_distance_m": 20900.16329911,
        "additional_distance_m": -1298.5183853185554,
        "trajectory_conformity_ratio": -0.05849529281864569,
        "planned_horizontal_inefficiency_ratio": 0.3940636331551698,
        "executed_horizontal_inefficiency_ratio": 0.31251747272593305,
        "executed_samples": 371
      },
      "geometry": {
        "type": "LineString",
        "coordinates": [
          [
            -46.675556,
            -23.584167
          ],
          [
            -46.669765,
            -23.571637
          ],
          [
            -46.678469,
            -23.562044
          ],
          [
            -46.681254,
            -23.556691
          ],
          [
            -46.678868,
            -23.552963
          ],
          [
            -46.670344,
            -23.524761
          ],
          [
            -46.67633,
            -23.522493
          ],
          [
            -46.682605,
            -23.521447
          ],
          [
            -46.692085,
            -23.520419
          ],
          [
            -46.698562,
            -23.518796
          ],
          [
            -46.709231,
            -23.515456
          ],
          [
            -46.725652,
            -23.513401
          ],
          [
            -46.731696,
            -23.50713
          ],
          [
            -46.743982,
            -23.506437
          ],
          [
            -46.75222,
            -23.504262
          ],
          [
            -46.754052,
            -23.497111
          ],
          [
            -46.758475,
            -23.492906
          ],
          [
            -46.765319,
            -23.490964
          ],
          [
            -46.768251,
            -23.485298
          ],
          [
            -46.769169,
            -23.47516
          ],
          [
            -46.777452,
            -23.470231
          ],
          [
            -46.781111,
            -23.478611
          ]
        ]
      }
    },
    {
      "type": "Feature",
      "properties": {
        "id": "EC1_0065",
        "flight_instance": "EC1_0065#0",
        "start_time": "19:46:00.00",
        "scenario": "produto2_C1_2025-11-09_off.scn",
        "waypoint_count": 20,
        "planned_flight_instance": "EC1_0065#0",
        "planned_start_time": "19:46:00.00",
        "vehicle_type": "eVTOL",
        "aircraft_model": "EVTOL",
        "start_time_delta_s": 0.0,
        "spatial_adherence_pct": 65.80937972768533,
        "planned_line_adherence_pct": 100.0,
        "adherence_reference": "official_reh_polygons",
        "mean_deviation_m": 30.570365244389606,
        "p95_deviation_m": 153.9193914275658,
        "max_deviation_m": 226.66642923465062,
        "planned_distance_m": 26266.560582715785,
        "executed_distance_m": 25477.54143557,
        "additional_distance_m": -789.0191471457838,
        "trajectory_conformity_ratio": -0.03003892133730607,
        "planned_horizontal_inefficiency_ratio": 4.870943612998789,
        "executed_horizontal_inefficiency_ratio": 4.694586799632159,
        "executed_samples": 661
      },
      "geometry": {
        "type": "LineString",
        "coordinates": [
          [
            -46.685556,
            -23.591111
          ],
          [
            -46.691668,
            -23.585265
          ],
          [
            -46.700338,
            -23.570707
          ],
          [
            -46.706363,
            -23.560632
          ],
          [
            -46.734437,
            -23.545467
          ],
          [
            -46.746866,
            -23.533391
          ],
          [
            -46.749087,
            -23.526381
          ],
          [
            -46.742985,
            -23.519104
          ],
          [
            -46.72605,
            -23.515568
          ],
          [
            -46.709753,
            -23.517655
          ],
          [
            -46.6993,
            -23.520942
          ],
          [
            -46.692524,
            -23.522632
          ],
          [
            -46.682954,
            -23.523674
          ],
          [
            -46.676805,
            -23.5247
          ],
          [
            -46.671322,
            -23.524683
          ],
          [
            -46.679805,
            -23.552694
          ],
          [
            -46.682234,
            -23.556732
          ],
          [
            -46.679272,
            -23.562561
          ],
          [
            -46.670249,
            -23.572148
          ],
          [
            -46.655,
            -23.562222
          ]
        ]
      }
    },
    {
      "type": "Feature",
      "properties": {
        "id": "PTYGR",
        "flight_instance": "PTYGR#0",
        "start_time": "19:47:16.00",
        "scenario": "produto2_C1_2025-11-09_off.scn",
        "waypoint_count": 28,
        "planned_flight_instance": "PTYGR#0",
        "planned_start_time": "19:47:16.00",
        "vehicle_type": "helicoptero",
        "aircraft_model": "B06",
        "start_time_delta_s": 0.0,
        "spatial_adherence_pct": 78.77280265339967,
        "planned_line_adherence_pct": 100.0,
        "adherence_reference": "official_reh_polygons",
        "mean_deviation_m": 18.38796865539503,
        "p95_deviation_m": 78.01234182489176,
        "max_deviation_m": 158.28408671952815,
        "planned_distance_m": 34428.10221234095,
        "executed_distance_m": 34065.98459955,
        "additional_distance_m": -362.11761279094935,
        "trajectory_conformity_ratio": -0.010518082308386613,
        "planned_horizontal_inefficiency_ratio": 2.235653990178763,
        "executed_horizontal_inefficiency_ratio": 2.2016211151886034,
        "executed_samples": 603
      },
      "geometry": {
        "type": "LineString",
        "coordinates": [
          [
            -46.680833,
            -23.591111
          ],
          [
            -46.691708,
            -23.585219
          ],
          [
            -46.700338,
            -23.570707
          ],
          [
            -46.706363,
            -23.560632
          ],
          [
            -46.734437,
            -23.545467
          ],
          [
            -46.746866,
            -23.533391
          ],
          [
            -46.749087,
            -23.526381
          ],
          [
            -46.742985,
            -23.519104
          ],
          [
            -46.72605,
            -23.515568
          ],
          [
            -46.709753,
            -23.517655
          ],
          [
            -46.6993,
            -23.520942
          ],
          [
            -46.692524,
            -23.522632
          ],
          [
            -46.682954,
            -23.523674
          ],
          [
            -46.676805,
            -23.5247
          ],
          [
            -46.670916,
            -23.525166
          ],
          [
            -46.659889,
            -23.526661
          ],
          [
            -46.651967,
            -23.528726
          ],
          [
            -46.645624,
            -23.528465
          ],
          [
            -46.643156,
            -23.529869
          ],
          [
            -46.640193,
            -23.533856
          ],
          [
            -46.635497,
            -23.53568
          ],
          [
            -46.617988,
            -23.544768
          ],
          [
            -46.612476,
            -23.5533
          ],
          [
            -46.605043,
            -23.567604
          ],
          [
            -46.599068,
            -23.587303
          ],
          [
            -46.586326,
            -23.592585
          ],
          [
            -46.580394,
            -23.599341
          ],
          [
            -46.580278,
            -23.616944
          ]
        ]
      }
    },
    {
      "type": "Feature",
      "properties": {
        "id": "EC1_0054",
        "flight_instance": "EC1_0054#0",
        "start_time": "19:48:00.00",
        "scenario": "produto2_C1_2025-11-09_off.scn",
        "waypoint_count": 23,
        "planned_flight_instance": "EC1_0054#0",
        "planned_start_time": "19:48:00.00",
        "vehicle_type": "eVTOL",
        "aircraft_model": "EVTOL",
        "start_time_delta_s": 0.0,
        "spatial_adherence_pct": 80.04866180048663,
        "planned_line_adherence_pct": 100.0,
        "adherence_reference": "official_reh_polygons",
        "mean_deviation_m": 11.138805084397001,
        "p95_deviation_m": 65.55269539466809,
        "max_deviation_m": 143.39167911796233,
        "planned_distance_m": 34422.06764144768,
        "executed_distance_m": 33853.98493249,
        "additional_distance_m": -568.0827089576778,
        "trajectory_conformity_ratio": -0.016503445257124775,
        "planned_horizontal_inefficiency_ratio": 3.8441528039285955,
        "executed_horizontal_inefficiency_ratio": 3.7642075933118124,
        "executed_samples": 822
      },
      "geometry": {
        "type": "LineString",
        "coordinates": [
          [
            -46.655,
            -23.562222
          ],
          [
            -46.670253,
            -23.571249
          ],
          [
            -46.678469,
            -23.562044
          ],
          [
            -46.681254,
            -23.556691
          ],
          [
            -46.678868,
            -23.552963
          ],
          [
            -46.670344,
            -23.524761
          ],
          [
            -46.67633,
            -23.522493
          ],
          [
            -46.682605,
            -23.521447
          ],
          [
            -46.692085,
            -23.520419
          ],
          [
            -46.698562,
            -23.518796
          ],
          [
            -46.709231,
            -23.515456
          ],
          [
            -46.726172,
            -23.513321
          ],
          [
            -46.744128,
            -23.517113
          ],
          [
            -46.751433,
            -23.525731
          ],
          [
            -46.755767,
            -23.548092
          ],
          [
            -46.747931,
            -23.557437
          ],
          [
            -46.723564,
            -23.602377
          ],
          [
            -46.712994,
            -23.612071
          ],
          [
            -46.699523,
            -23.613222
          ],
          [
            -46.688349,
            -23.615738
          ],
          [
            -46.678516,
            -23.62337
          ],
          [
            -46.669241,
            -23.634056
          ],
          [
            -46.656389,
            -23.626111
          ]
        ]
      }
    },
    {
      "type": "Feature",
      "properties": {
        "id": "EC1_0063",
        "flight_instance": "EC1_0063#0",
        "start_time": "19:48:00.00",
        "scenario": "produto2_C1_2025-11-09_off.scn",
        "waypoint_count": 20,
        "planned_flight_instance": "EC1_0063#0",
        "planned_start_time": "19:48:00.00",
        "vehicle_type": "eVTOL",
        "aircraft_model": "EVTOL",
        "start_time_delta_s": 0.0,
        "spatial_adherence_pct": 65.80937972768533,
        "planned_line_adherence_pct": 100.0,
        "adherence_reference": "official_reh_polygons",
        "mean_deviation_m": 30.570365244389606,
        "p95_deviation_m": 153.9193914275658,
        "max_deviation_m": 226.66642923465062,
        "planned_distance_m": 26266.560582715785,
        "executed_distance_m": 25477.54143557,
        "additional_distance_m": -789.0191471457838,
        "trajectory_conformity_ratio": -0.03003892133730607,
        "planned_horizontal_inefficiency_ratio": 4.870943612998789,
        "executed_horizontal_inefficiency_ratio": 4.694586799632159,
        "executed_samples": 661
      },
      "geometry": {
        "type": "LineString",
        "coordinates": [
          [
            -46.685556,
            -23.591111
          ],
          [
            -46.691668,
            -23.585265
          ],
          [
            -46.700338,
            -23.570707
          ],
          [
            -46.706363,
            -23.560632
          ],
          [
            -46.734437,
            -23.545467
          ],
          [
            -46.746866,
            -23.533391
          ],
          [
            -46.749087,
            -23.526381
          ],
          [
            -46.742985,
            -23.519104
          ],
          [
            -46.72605,
            -23.515568
          ],
          [
            -46.709753,
            -23.517655
          ],
          [
            -46.6993,
            -23.520942
          ],
          [
            -46.692524,
            -23.522632
          ],
          [
            -46.682954,
            -23.523674
          ],
          [
            -46.676805,
            -23.5247
          ],
          [
            -46.671322,
            -23.524683
          ],
          [
            -46.679805,
            -23.552694
          ],
          [
            -46.682234,
            -23.556732
          ],
          [
            -46.679272,
            -23.562561
          ],
          [
            -46.670249,
            -23.572148
          ],
          [
            -46.655,
            -23.562222
          ]
        ]
      }
    },
    {
      "type": "Feature",
      "properties": {
        "id": "PSGSK_003",
        "flight_instance": "PSGSK_003#0",
        "start_time": "19:49:28.00",
        "scenario": "produto2_C1_2025-11-09_off.scn",
        "waypoint_count": 22,
        "planned_flight_instance": "PSGSK_003#0",
        "planned_start_time": "19:49:28.00",
        "vehicle_type": "helicoptero",
        "aircraft_model": "R66",
        "start_time_delta_s": 0.0,
        "spatial_adherence_pct": 77.088948787062,
        "planned_line_adherence_pct": 98.38274932614556,
        "adherence_reference": "official_reh_polygons",
        "mean_deviation_m": 35.799901335240364,
        "p95_deviation_m": 174.13038971678318,
        "max_deviation_m": 315.72240196912657,
        "planned_distance_m": 22198.681684428557,
        "executed_distance_m": 20900.16329911,
        "additional_distance_m": -1298.5183853185554,
        "trajectory_conformity_ratio": -0.05849529281864569,
        "planned_horizontal_inefficiency_ratio": 0.3940636331551698,
        "executed_horizontal_inefficiency_ratio": 0.31251747272593305,
        "executed_samples": 371
      },
      "geometry": {
        "type": "LineString",
        "coordinates": [
          [
            -46.675556,
            -23.584167
          ],
          [
            -46.669765,
            -23.571637
          ],
          [
            -46.678469,
            -23.562044
          ],
          [
            -46.681254,
            -23.556691
          ],
          [
            -46.678868,
            -23.552963
          ],
          [
            -46.670344,
            -23.524761
          ],
          [
            -46.67633,
            -23.522493
          ],
          [
            -46.682605,
            -23.521447
          ],
          [
            -46.692085,
            -23.520419
          ],
          [
            -46.698562,
            -23.518796
          ],
          [
            -46.709231,
            -23.515456
          ],
          [
            -46.725652,
            -23.513401
          ],
          [
            -46.731696,
            -23.50713
          ],
          [
            -46.743982,
            -23.506437
          ],
          [
            -46.75222,
            -23.504262
          ],
          [
            -46.754052,
            -23.497111
          ],
          [
            -46.758475,
            -23.492906
          ],
          [
            -46.765319,
            -23.490964
          ],
          [
            -46.768251,
            -23.485298
          ],
          [
            -46.769169,
            -23.47516
          ],
          [
            -46.777452,
            -23.470231
          ],
          [
            -46.781111,
            -23.478611
          ]
        ]
      }
    },
    {
      "type": "Feature",
      "properties": {
        "id": "PTEGB_006",
        "flight_instance": "PTEGB_006#0",
        "start_time": "19:50:28.00",
        "scenario": "produto2_C1_2025-11-09_off.scn",
        "waypoint_count": 22,
        "planned_flight_instance": "PTEGB_006#0",
        "planned_start_time": "19:50:28.00",
        "vehicle_type": "helicoptero",
        "aircraft_model": "EC45",
        "start_time_delta_s": 0.0,
        "spatial_adherence_pct": 69.57831325301204,
        "planned_line_adherence_pct": 97.43975903614458,
        "adherence_reference": "official_reh_polygons",
        "mean_deviation_m": 35.40682953370918,
        "p95_deviation_m": 153.4173959984083,
        "max_deviation_m": 414.56924403475375,
        "planned_distance_m": 38530.748728750106,
        "executed_distance_m": 37062.94491823,
        "additional_distance_m": -1467.803810520105,
        "trajectory_conformity_ratio": -0.03809434955061977,
        "planned_horizontal_inefficiency_ratio": 1.26232043662179,
        "executed_horizontal_inefficiency_ratio": 1.1761388111136086,
        "executed_samples": 664
      },
      "geometry": {
        "type": "LineString",
        "coordinates": [
          [
            -46.661667,
            -23.5525
          ],
          [
            -46.678867,
            -23.552698
          ],
          [
            -46.670344,
            -23.524761
          ],
          [
            -46.67633,
            -23.522493
          ],
          [
            -46.682605,
            -23.521447
          ],
          [
            -46.692085,
            -23.520419
          ],
          [
            -46.698562,
            -23.518796
          ],
          [
            -46.709231,
            -23.515456
          ],
          [
            -46.726172,
            -23.513321
          ],
          [
            -46.744128,
            -23.517113
          ],
          [
            -46.751433,
            -23.525731
          ],
          [
            -46.755767,
            -23.548092
          ],
          [
            -46.747931,
            -23.557437
          ],
          [
            -46.723564,
            -23.602377
          ],
          [
            -46.712994,
            -23.612071
          ],
          [
            -46.699775,
            -23.61311
          ],
          [
            -46.702161,
            -23.620571
          ],
          [
            -46.71228,
            -23.626616
          ],
          [
            -46.726108,
            -23.640325
          ],
          [
            -46.724402,
            -23.653053
          ],
          [
            -46.690012,
            -23.699694
          ],
          [
            -46.6925,
            -23.703056
          ]
        ]
      }
    },
    {
      "type": "Feature",
      "properties": {
        "id": "EC1_0049",
        "flight_instance": "EC1_0049#0",
        "start_time": "19:51:00.00",
        "scenario": "produto2_C1_2025-11-09_off.scn",
        "waypoint_count": 20,
        "planned_flight_instance": "EC1_0049#0",
        "planned_start_time": "19:51:00.00",
        "vehicle_type": "eVTOL",
        "aircraft_model": "EVTOL",
        "start_time_delta_s": 0.0,
        "spatial_adherence_pct": 83.79814077025233,
        "planned_line_adherence_pct": 99.20318725099602,
        "adherence_reference": "official_reh_polygons",
        "mean_deviation_m": 23.551924883898913,
        "p95_deviation_m": 85.60386276813107,
        "max_deviation_m": 303.9705901262604,
        "planned_distance_m": 31133.764453844986,
        "executed_distance_m": 29711.93271478,
        "additional_distance_m": -1421.8317390649863,
        "trajectory_conformity_ratio": -0.04566848127770786,
        "planned_horizontal_inefficiency_ratio": 0.7426603872933871,
        "executed_horizontal_inefficiency_ratio": 0.6630757340228759,
        "executed_samples": 753
      },
      "geometry": {
        "type": "LineString",
        "coordinates": [
          [
            -46.655,
            -23.562222
          ],
          [
            -46.670253,
            -23.571249
          ],
          [
            -46.678469,
            -23.562044
          ],
          [
            -46.681254,
            -23.556691
          ],
          [
            -46.678868,
            -23.552963
          ],
          [
            -46.670344,
            -23.524761
          ],
          [
            -46.67633,
            -23.522493
          ],
          [
            -46.682605,
            -23.521447
          ],
          [
            -46.692085,
            -23.520419
          ],
          [
            -46.698562,
            -23.518796
          ],
          [
            -46.709231,
            -23.515456
          ],
          [
            -46.726172,
            -23.513321
          ],
          [
            -46.744128,
            -23.517113
          ],
          [
            -46.750374,
            -23.52499
          ],
          [
            -46.781185,
            -23.519766
          ],
          [
            -46.795617,
            -23.513778
          ],
          [
            -46.821362,
            -23.507764
          ],
          [
            -46.81814,
            -23.514459
          ],
          [
            -46.821212,
            -23.563658
          ],
          [
            -46.830278,
            -23.564722
          ]
        ]
      }
    },
    {
      "type": "Feature",
      "properties": {
        "id": "EC1_0089",
        "flight_instance": "EC1_0089#0",
        "start_time": "19:51:00.00",
        "scenario": "produto2_C1_2025-11-09_off.scn",
        "waypoint_count": 27,
        "planned_flight_instance": "EC1_0089#0",
        "planned_start_time": "19:51:00.00",
        "vehicle_type": "eVTOL",
        "aircraft_model": "EVTOL",
        "start_time_delta_s": 0.0,
        "spatial_adherence_pct": 78.1896551724138,
        "planned_line_adherence_pct": 100.0,
        "adherence_reference": "official_reh_polygons",
        "mean_deviation_m": 22.420024982593276,
        "p95_deviation_m": 134.64614367175895,
        "max_deviation_m": 189.2984249439732,
        "planned_distance_m": 47250.35096749387,
        "executed_distance_m": 46873.04692946,
        "additional_distance_m": -377.3040380338716,
        "trajectory_conformity_ratio": -0.007985211333000255,
        "planned_horizontal_inefficiency_ratio": 0.7042937255546974,
        "executed_horizontal_inefficiency_ratio": 0.6906845799826368,
        "executed_samples": 1160
      },
      "geometry": {
        "type": "LineString",
        "coordinates": [
          [
            -46.685556,
            -23.591111
          ],
          [
            -46.691668,
            -23.585265
          ],
          [
            -46.700338,
            -23.570707
          ],
          [
            -46.706363,
            -23.560632
          ],
          [
            -46.734437,
            -23.545467
          ],
          [
            -46.746866,
            -23.533391
          ],
          [
            -46.749087,
            -23.526381
          ],
          [
            -46.742985,
            -23.519104
          ],
          [
            -46.72605,
            -23.515568
          ],
          [
            -46.709753,
            -23.517655
          ],
          [
            -46.6993,
            -23.520942
          ],
          [
            -46.692524,
            -23.522632
          ],
          [
            -46.682954,
            -23.523674
          ],
          [
            -46.676805,
            -23.5247
          ],
          [
            -46.670916,
            -23.525166
          ],
          [
            -46.659889,
            -23.526661
          ],
          [
            -46.651967,
            -23.528726
          ],
          [
            -46.645624,
            -23.528465
          ],
          [
            -46.643156,
            -23.529869
          ],
          [
            -46.640193,
            -23.533856
          ],
          [
            -46.635497,
            -23.53568
          ],
          [
            -46.617304,
            -23.545011
          ],
          [
            -46.575669,
            -23.539938
          ],
          [
            -46.557401,
            -23.523786
          ],
          [
            -46.541376,
            -23.503219
          ],
          [
            -46.468276,
            -23.481052
          ],
          [
            -46.473056,
            -23.435556
          ]
        ]
      }
    },
    {
      "type": "Feature",
      "properties": {
        "id": "EC1_0021",
        "flight_instance": "EC1_0021#0",
        "start_time": "19:52:00.00",
        "scenario": "produto2_C1_2025-11-09_off.scn",
        "waypoint_count": 9,
        "planned_flight_instance": "EC1_0021#0",
        "planned_start_time": "19:52:00.00",
        "vehicle_type": "eVTOL",
        "aircraft_model": "EVTOL",
        "start_time_delta_s": 0.0,
        "spatial_adherence_pct": 73.4290843806104,
        "planned_line_adherence_pct": 100.0,
        "adherence_reference": "official_reh_polygons",
        "mean_deviation_m": 10.187879703684676,
        "p95_deviation_m": 50.835042257187425,
        "max_deviation_m": 106.05104119901699,
        "planned_distance_m": 19084.076250720507,
        "executed_distance_m": 18502.98132552,
        "additional_distance_m": -581.0949252005084,
        "trajectory_conformity_ratio": -0.030449203700837736,
        "planned_horizontal_inefficiency_ratio": 0.37188382665978764,
        "executed_horizontal_inefficiency_ratio": 0.330111056567939,
        "executed_samples": 557
      },
      "geometry": {
        "type": "LineString",
        "coordinates": [
          [
            -46.856667,
            -23.486667
          ],
          [
            -46.877361,
            -23.505927
          ],
          [
            -46.821551,
            -23.510004
          ],
          [
            -46.79638,
            -23.515916
          ],
          [
            -46.781822,
            -23.521939
          ],
          [
            -46.75076,
            -23.527145
          ],
          [
            -46.748854,
            -23.534709
          ],
          [
            -46.735684,
            -23.546532
          ],
          [
            -46.736944,
            -23.546667
          ]
        ]
      }
    },
    {
      "type": "Feature",
      "properties": {
        "id": "EC1_0154",
        "flight_instance": "EC1_0154#0",
        "start_time": "19:53:00.00",
        "scenario": "produto2_C1_2025-11-09_off.scn",
        "waypoint_count": 30,
        "planned_flight_instance": "EC1_0154#0",
        "planned_start_time": "19:53:00.00",
        "vehicle_type": "eVTOL",
        "aircraft_model": "EVTOL",
        "start_time_delta_s": 0.0,
        "spatial_adherence_pct": 81.45161290322581,
        "planned_line_adherence_pct": 100.0,
        "adherence_reference": "official_reh_polygons",
        "mean_deviation_m": 19.106726878205734,
        "p95_deviation_m": 124.18602479938201,
        "max_deviation_m": 189.99600033422743,
        "planned_distance_m": 54910.47865049409,
        "executed_distance_m": 54511.84997306,
        "additional_distance_m": -398.6286774340915,
        "trajectory_conformity_ratio": -0.007259610319031605,
        "planned_horizontal_inefficiency_ratio": 0.9434964699889659,
        "executed_horizontal_inefficiency_ratio": 0.9293874429604325,
        "executed_samples": 1364
      },
      "geometry": {
        "type": "LineString",
        "coordinates": [
          [
            -46.656389,
            -23.626111
          ],
          [
            -46.669092,
            -23.633166
          ],
          [
            -46.677804,
            -23.62275
          ],
          [
            -46.687891,
            -23.614942
          ],
          [
            -46.699366,
            -23.612334
          ],
          [
            -46.712562,
            -23.611263
          ],
          [
            -46.722716,
            -23.601923
          ],
          [
            -46.747069,
            -23.557007
          ],
          [
            -46.754789,
            -23.548019
          ],
          [
            -46.749123,
            -23.526491
          ],
          [
            -46.742985,
            -23.519104
          ],
          [
            -46.72605,
            -23.515568
          ],
          [
            -46.709753,
            -23.517655
          ],
          [
            -46.6993,
            -23.520942
          ],
          [
            -46.692524,
            -23.522632
          ],
          [
            -46.682954,
            -23.523674
          ],
          [
            -46.676805,
            -23.5247
          ],
          [
            -46.670916,
            -23.525166
          ],
          [
            -46.659889,
            -23.526661
          ],
          [
            -46.651967,
            -23.528726
          ],
          [
            -46.645624,
            -23.528465
          ],
          [
            -46.643156,
            -23.529869
          ],
          [
            -46.640193,
            -23.533856
          ],
          [
            -46.635497,
            -23.53568
          ],
          [
            -46.617304,
            -23.545011
          ],
          [
            -46.575669,
            -23.539938
          ],
          [
            -46.557401,
            -23.523786
          ],
          [
            -46.541376,
            -23.503219
          ],
          [
            -46.468276,
            -23.481052
          ],
          [
            -46.473056,
            -23.435556
          ]
        ]
      }
    },
    {
      "type": "Feature",
      "properties": {
        "id": "PSVCR",
        "flight_instance": "PSVCR#0",
        "start_time": "19:53:44.00",
        "scenario": "produto2_C1_2025-11-09_off.scn",
        "waypoint_count": 19,
        "planned_flight_instance": "PSVCR#0",
        "planned_start_time": "19:53:44.00",
        "vehicle_type": "helicoptero",
        "aircraft_model": "EC35",
        "start_time_delta_s": 0.0,
        "spatial_adherence_pct": 68.89952153110048,
        "planned_line_adherence_pct": 100.0,
        "adherence_reference": "official_reh_polygons",
        "mean_deviation_m": 32.112475299268645,
        "p95_deviation_m": 148.29299574191873,
        "max_deviation_m": 196.25249107073907,
        "planned_distance_m": 23745.000527733548,
        "executed_distance_m": 23319.01982545,
        "additional_distance_m": -425.98070228354845,
        "trajectory_conformity_ratio": -0.017939805972462034,
        "planned_horizontal_inefficiency_ratio": 1.4096134260403979,
        "executed_horizontal_inefficiency_ratio": 1.3663854287085937,
        "executed_samples": 418
      },
      "geometry": {
        "type": "LineString",
        "coordinates": [
          [
            -46.682222,
            -23.585278
          ],
          [
            -46.691755,
            -23.585177
          ],
          [
            -46.700338,
            -23.570707
          ],
          [
            -46.706363,
            -23.560632
          ],
          [
            -46.734437,
            -23.545467
          ],
          [
            -46.746866,
            -23.533391
          ],
          [
            -46.749087,
            -23.526381
          ],
          [
            -46.742985,
            -23.519104
          ],
          [
            -46.72605,
            -23.515568
          ],
          [
            -46.709753,
            -23.517655
          ],
          [
            -46.6993,
            -23.520942
          ],
          [
            -46.692524,
            -23.522632
          ],
          [
            -46.682954,
            -23.523674
          ],
          [
            -46.676805,
            -23.5247
          ],
          [
            -46.670916,
            -23.525166
          ],
          [
            -46.659889,
            -23.526661
          ],
          [
            -46.651967,
            -23.528726
          ],
          [
            -46.645185,
            -23.528321
          ],
          [
            -46.633,
            -23.509
          ]
        ]
      }
    },
    {
      "type": "Feature",
      "properties": {
        "id": "PPBEB_002",
        "flight_instance": "PPBEB_002#0",
        "start_time": "19:54:12.00",
        "scenario": "produto2_C1_2025-11-09_off.scn",
        "waypoint_count": 19,
        "planned_flight_instance": "PPBEB_002#0",
        "planned_start_time": "19:54:12.00",
        "vehicle_type": "helicoptero",
        "aircraft_model": "A109",
        "start_time_delta_s": 0.0,
        "spatial_adherence_pct": 65.814696485623,
        "planned_line_adherence_pct": 91.69329073482429,
        "adherence_reference": "official_reh_polygons",
        "mean_deviation_m": 79.26556450789575,
        "p95_deviation_m": 385.5960337517054,
        "max_deviation_m": 501.8318289028796,
        "planned_distance_m": 22039.22954400071,
        "executed_distance_m": 20843.6397732,
        "additional_distance_m": -1195.5897708007105,
        "trajectory_conformity_ratio": -0.054248256202139404,
        "planned_horizontal_inefficiency_ratio": 0.4004867424953831,
        "executed_horizontal_inefficiency_ratio": 0.3245127788807939,
        "executed_samples": 313
      },
      "geometry": {
        "type": "LineString",
        "coordinates": [
          [
            -46.686667,
            -23.590556
          ],
          [
            -46.691662,
            -23.585274
          ],
          [
            -46.700338,
            -23.570707
          ],
          [
            -46.706363,
            -23.560632
          ],
          [
            -46.734437,
            -23.545467
          ],
          [
            -46.746866,
            -23.533391
          ],
          [
            -46.749087,
            -23.526381
          ],
          [
            -46.742985,
            -23.519104
          ],
          [
            -46.725265,
            -23.515259
          ],
          [
            -46.731696,
            -23.50713
          ],
          [
            -46.743982,
            -23.506437
          ],
          [
            -46.75222,
            -23.504262
          ],
          [
            -46.754052,
            -23.497111
          ],
          [
            -46.758475,
            -23.492906
          ],
          [
            -46.765319,
            -23.490964
          ],
          [
            -46.768251,
            -23.485298
          ],
          [
            -46.769169,
            -23.47516
          ],
          [
            -46.777452,
            -23.470231
          ],
          [
            -46.781111,
            -23.478611
          ]
        ]
      }
    },
    {
      "type": "Feature",
      "properties": {
        "id": "EC1_0013",
        "flight_instance": "EC1_0013#0",
        "start_time": "19:56:00.00",
        "scenario": "produto2_C1_2025-11-09_off.scn",
        "waypoint_count": 18,
        "planned_flight_instance": "EC1_0013#0",
        "planned_start_time": "19:56:00.00",
        "vehicle_type": "eVTOL",
        "aircraft_model": "EVTOL",
        "start_time_delta_s": 0.0,
        "spatial_adherence_pct": 76.88442211055276,
        "planned_line_adherence_pct": 99.12060301507537,
        "adherence_reference": "official_reh_polygons",
        "mean_deviation_m": 20.52934376988952,
        "p95_deviation_m": 89.85703524940581,
        "max_deviation_m": 304.40200385946,
        "planned_distance_m": 28575.485215498844,
        "executed_distance_m": 27263.39415782,
        "additional_distance_m": -1312.0910576788447,
        "trajectory_conformity_ratio": -0.045916667653544845,
        "planned_horizontal_inefficiency_ratio": 2.683558655045073,
        "executed_horizontal_inefficiency_ratio": 2.5144219164990296,
        "executed_samples": 796
      },
      "geometry": {
        "type": "LineString",
        "coordinates": [
          [
            -46.856667,
            -23.486667
          ],
          [
            -46.877361,
            -23.505927
          ],
          [
            -46.821551,
            -23.510004
          ],
          [
            -46.79638,
            -23.515916
          ],
          [
            -46.781822,
            -23.521939
          ],
          [
            -46.750181,
            -23.527233
          ],
          [
            -46.742985,
            -23.519104
          ],
          [
            -46.725265,
            -23.515259
          ],
          [
            -46.731696,
            -23.50713
          ],
          [
            -46.743982,
            -23.506437
          ],
          [
            -46.75222,
            -23.504262
          ],
          [
            -46.754052,
            -23.497111
          ],
          [
            -46.758475,
            -23.492906
          ],
          [
            -46.765319,
            -23.490964
          ],
          [
            -46.768251,
            -23.485298
          ],
          [
            -46.769169,
            -23.47516
          ],
          [
            -46.777452,
            -23.470231
          ],
          [
            -46.781111,
            -23.478611
          ]
        ]
      }
    },
    {
      "type": "Feature",
      "properties": {
        "id": "PTYSI",
        "flight_instance": "PTYSI#0",
        "start_time": "19:56:23.00",
        "scenario": "produto2_C1_2025-11-09_off.scn",
        "waypoint_count": 13,
        "planned_flight_instance": "PTYSI#0",
        "planned_start_time": "19:56:23.00",
        "vehicle_type": "helicoptero",
        "aircraft_model": "AS50",
        "start_time_delta_s": 0.0,
        "spatial_adherence_pct": 56.730769230769226,
        "planned_line_adherence_pct": 87.82051282051282,
        "adherence_reference": "official_reh_polygons",
        "mean_deviation_m": 83.06871856184736,
        "p95_deviation_m": 408.6079537940766,
        "max_deviation_m": 595.6926696755799,
        "planned_distance_m": 19041.29955060577,
        "executed_distance_m": 17528.03778927,
        "additional_distance_m": -1513.2617613357688,
        "trajectory_conformity_ratio": -0.07947260938330371,
        "planned_horizontal_inefficiency_ratio": 0.9669374126306012,
        "executed_horizontal_inefficiency_ratio": 0.8106197639552033,
        "executed_samples": 312
      },
      "geometry": {
        "type": "LineString",
        "coordinates": [
          [
            -46.655833,
            -23.564167
          ],
          [
            -46.67074,
            -23.571658
          ],
          [
            -46.65796,
            -23.582248
          ],
          [
            -46.650833,
            -23.592117
          ],
          [
            -46.638016,
            -23.582288
          ],
          [
            -46.627682,
            -23.57518
          ],
          [
            -46.614564,
            -23.55844
          ],
          [
            -46.612201,
            -23.553621
          ],
          [
            -46.605043,
            -23.567604
          ],
          [
            -46.599068,
            -23.587303
          ],
          [
            -46.586326,
            -23.592585
          ],
          [
            -46.580394,
            -23.599341
          ],
          [
            -46.580278,
            -23.616944
          ]
        ]
      }
    },
    {
      "type": "Feature",
      "properties": {
        "id": "EC1_0177",
        "flight_instance": "EC1_0177#0",
        "start_time": "19:59:00.00",
        "scenario": "produto2_C1_2025-11-09_off.scn",
        "waypoint_count": 10,
        "planned_flight_instance": "EC1_0177#0",
        "planned_start_time": "19:59:00.00",
        "vehicle_type": "eVTOL",
        "aircraft_model": "EVTOL",
        "start_time_delta_s": 0.0,
        "spatial_adherence_pct": 59.54773869346733,
        "planned_line_adherence_pct": 100.0,
        "adherence_reference": "official_reh_polygons",
        "mean_deviation_m": 29.946748400688048,
        "p95_deviation_m": 108.27263724257527,
        "max_deviation_m": 138.94911485203232,
        "planned_distance_m": 12885.297578043297,
        "executed_distance_m": 12477.11945699,
        "additional_distance_m": -408.1781210532972,
        "trajectory_conformity_ratio": -0.03167781873728998,
        "planned_horizontal_inefficiency_ratio": 1.035921417576799,
        "executed_horizontal_inefficiency_ratio": 0.9714278679474347,
        "executed_samples": 398
      },
      "geometry": {
        "type": "LineString",
        "coordinates": [
          [
            -46.633,
            -23.509
          ],
          [
            -46.645915,
            -23.527719
          ],
          [
            -46.651833,
            -23.527834
          ],
          [
            -46.659691,
            -23.525779
          ],
          [
            -46.67124,
            -23.524471
          ],
          [
            -46.679805,
            -23.552694
          ],
          [
            -46.682234,
            -23.556732
          ],
          [
            -46.679272,
            -23.562561
          ],
          [
            -46.670249,
            -23.572148
          ],
          [
            -46.655,
            -23.562222
          ]
        ]
      }
    },
    {
      "type": "Feature",
      "properties": {
        "id": "EC1_0100",
        "flight_instance": "EC1_0100#0",
        "start_time": "20:00:00.00",
        "scenario": "produto2_C1_2025-11-09_off.scn",
        "waypoint_count": 16,
        "planned_flight_instance": "EC1_0100#0",
        "planned_start_time": "20:00:00.00",
        "vehicle_type": "eVTOL",
        "aircraft_model": "EVTOL",
        "start_time_delta_s": 0.0,
        "spatial_adherence_pct": 81.4621409921671,
        "planned_line_adherence_pct": 100.0,
        "adherence_reference": "official_reh_polygons",
        "mean_deviation_m": 28.856327917465745,
        "p95_deviation_m": 166.64853053732222,
        "max_deviation_m": 240.59511245896476,
        "planned_distance_m": 14645.377322469732,
        "executed_distance_m": 13516.0447534,
        "additional_distance_m": -1129.332569069733,
        "trajectory_conformity_ratio": -0.07711187934619135,
        "planned_horizontal_inefficiency_ratio": 0.663328651596909,
        "executed_horizontal_inefficiency_ratio": 0.5350662533019049,
        "executed_samples": 383
      },
      "geometry": {
        "type": "LineString",
        "coordinates": [
          [
            -46.781111,
            -23.478611
          ],
          [
            -46.776754,
            -23.472388
          ],
          [
            -46.771369,
            -23.476155
          ],
          [
            -46.770638,
            -23.485813
          ],
          [
            -46.766936,
            -23.492656
          ],
          [
            -46.7597,
            -23.494855
          ],
          [
            -46.756253,
            -23.498105
          ],
          [
            -46.753944,
            -23.505863
          ],
          [
            -46.744374,
            -23.508658
          ],
          [
            -46.732639,
            -23.509208
          ],
          [
            -46.726957,
            -23.51363
          ],
          [
            -46.744128,
            -23.517113
          ],
          [
            -46.751469,
            -23.525841
          ],
          [
            -46.748854,
            -23.534709
          ],
          [
            -46.735684,
            -23.546532
          ],
          [
            -46.736944,
            -23.546667
          ]
        ]
      }
    },
    {
      "type": "Feature",
      "properties": {
        "id": "PRURG_003",
        "flight_instance": "PRURG_003#0",
        "start_time": "20:00:19.00",
        "scenario": "produto2_C1_2025-11-09_off.scn",
        "waypoint_count": 18,
        "planned_flight_instance": "PRURG_003#0",
        "planned_start_time": "20:00:19.00",
        "vehicle_type": "helicoptero",
        "aircraft_model": "AS50",
        "start_time_delta_s": 0.0,
        "spatial_adherence_pct": 52.428810720268004,
        "planned_line_adherence_pct": 84.42211055276381,
        "adherence_reference": "official_reh_polygons",
        "mean_deviation_m": 97.09122018563372,
        "p95_deviation_m": 461.43412821324296,
        "max_deviation_m": 574.5256028604558,
        "planned_distance_m": 37190.342593021174,
        "executed_distance_m": 35959.96714091,
        "additional_distance_m": -1230.3754521111769,
        "trajectory_conformity_ratio": -0.03308319758103166,
        "planned_horizontal_inefficiency_ratio": 0.6596264468111526,
        "executed_horizontal_inefficiency_ratio": 0.6047206971605936,
        "executed_samples": 597
      },
      "geometry": {
        "type": "LineString",
        "coordinates": [
          [
            -46.633,
            -23.509
          ],
          [
            -46.646,
            -23.52784
          ],
          [
            -46.643156,
            -23.529869
          ],
          [
            -46.640193,
            -23.533856
          ],
          [
            -46.635497,
            -23.53568
          ],
          [
            -46.617988,
            -23.544768
          ],
          [
            -46.612476,
            -23.5533
          ],
          [
            -46.605043,
            -23.567604
          ],
          [
            -46.599279,
            -23.586761
          ],
          [
            -46.601779,
            -23.603514
          ],
          [
            -46.60251,
            -23.620927
          ],
          [
            -46.59658,
            -23.636235
          ],
          [
            -46.584352,
            -23.646914
          ],
          [
            -46.573805,
            -23.665984
          ],
          [
            -46.60796,
            -23.721804
          ],
          [
            -46.674299,
            -23.702626
          ],
          [
            -46.68894,
            -23.698021
          ],
          [
            -46.6925,
            -23.703056
          ]
        ]
      }
    },
    {
      "type": "Feature",
      "properties": {
        "id": "PPIFF_005",
        "flight_instance": "PPIFF_005#0",
        "start_time": "20:01:25.00",
        "scenario": "produto2_C1_2025-11-09_off.scn",
        "waypoint_count": 11,
        "planned_flight_instance": "PPIFF_005#0",
        "planned_start_time": "20:01:25.00",
        "vehicle_type": "helicoptero",
        "aircraft_model": "EC45",
        "start_time_delta_s": 0.0,
        "spatial_adherence_pct": 64.21319796954315,
        "planned_line_adherence_pct": 96.7005076142132,
        "adherence_reference": "official_reh_polygons",
        "mean_deviation_m": 47.85671051756963,
        "p95_deviation_m": 182.6338250209285,
        "max_deviation_m": 384.6488882047515,
        "planned_distance_m": 22074.96030061951,
        "executed_distance_m": 21008.65035187,
        "additional_distance_m": -1066.3099487495092,
        "trajectory_conformity_ratio": -0.04830404830760146,
        "planned_horizontal_inefficiency_ratio": 0.564412568439449,
        "executed_horizontal_inefficiency_ratio": 0.48884510816053095,
        "executed_samples": 394
      },
      "geometry": {
        "type": "LineString",
        "coordinates": [
          [
            -46.691944,
            -23.57
          ],
          [
            -46.70126,
            -23.570919
          ],
          [
            -46.692563,
            -23.585534
          ],
          [
            -46.699842,
            -23.612514
          ],
          [
            -46.712735,
            -23.611218
          ],
          [
            -46.751406,
            -23.607512
          ],
          [
            -46.809684,
            -23.591238
          ],
          [
            -46.807212,
            -23.579688
          ],
          [
            -46.8132,
            -23.569513
          ],
          [
            -46.819596,
            -23.562869
          ],
          [
            -46.830278,
            -23.564722
          ]
        ]
      }
    },
    {
      "type": "Feature",
      "properties": {
        "id": "EC1_0026",
        "flight_instance": "EC1_0026#0",
        "start_time": "20:02:00.00",
        "scenario": "produto2_C1_2025-11-09_off.scn",
        "waypoint_count": 26,
        "planned_flight_instance": "EC1_0026#0",
        "planned_start_time": "20:02:00.00",
        "vehicle_type": "eVTOL",
        "aircraft_model": "EVTOL",
        "start_time_delta_s": 0.0,
        "spatial_adherence_pct": 76.00849256900213,
        "planned_line_adherence_pct": 100.0,
        "adherence_reference": "official_reh_polygons",
        "mean_deviation_m": 19.622362530282043,
        "p95_deviation_m": 122.7236261125048,
        "max_deviation_m": 190.0684701789742,
        "planned_distance_m": 53664.715576481765,
        "executed_distance_m": 53023.83647074,
        "additional_distance_m": -640.879105741762,
        "trajectory_conformity_ratio": -0.011942280861032335,
        "planned_horizontal_inefficiency_ratio": 0.3572342347718744,
        "executed_horizontal_inefficiency_ratio": 0.3410257623460204,
        "executed_samples": 1413
      },
      "geometry": {
        "type": "LineString",
        "coordinates": [
          [
            -46.856667,
            -23.486667
          ],
          [
            -46.877361,
            -23.505927
          ],
          [
            -46.821551,
            -23.510004
          ],
          [
            -46.79638,
            -23.515916
          ],
          [
            -46.781822,
            -23.521939
          ],
          [
            -46.750181,
            -23.527233
          ],
          [
            -46.742985,
            -23.519104
          ],
          [
            -46.72605,
            -23.515568
          ],
          [
            -46.709753,
            -23.517655
          ],
          [
            -46.6993,
            -23.520942
          ],
          [
            -46.692524,
            -23.522632
          ],
          [
            -46.682954,
            -23.523674
          ],
          [
            -46.676805,
            -23.5247
          ],
          [
            -46.670916,
            -23.525166
          ],
          [
            -46.659889,
            -23.526661
          ],
          [
            -46.651967,
            -23.528726
          ],
          [
            -46.645624,
            -23.528465
          ],
          [
            -46.643156,
            -23.529869
          ],
          [
            -46.640193,
            -23.533856
          ],
          [
            -46.635497,
            -23.53568
          ],
          [
            -46.617304,
            -23.545011
          ],
          [
            -46.575669,
            -23.539938
          ],
          [
            -46.557401,
            -23.523786
          ],
          [
            -46.541376,
            -23.503219
          ],
          [
            -46.468276,
            -23.481052
          ],
          [
            -46.473056,
            -23.435556
          ]
        ]
      }
    },
    {
      "type": "Feature",
      "properties": {
        "id": "EC1_0052",
        "flight_instance": "EC1_0052#0",
        "start_time": "20:02:00.00",
        "scenario": "produto2_C1_2025-11-09_off.scn",
        "waypoint_count": 17,
        "planned_flight_instance": "EC1_0052#0",
        "planned_start_time": "20:02:00.00",
        "vehicle_type": "eVTOL",
        "aircraft_model": "EVTOL",
        "start_time_delta_s": 0.0,
        "spatial_adherence_pct": 82.74428274428274,
        "planned_line_adherence_pct": 100.0,
        "adherence_reference": "official_reh_polygons",
        "mean_deviation_m": 12.811694116653083,
        "p95_deviation_m": 65.62757157684104,
        "max_deviation_m": 143.39574886462367,
        "planned_distance_m": 19562.73863383101,
        "executed_distance_m": 18975.04004298,
        "additional_distance_m": -587.6985908510105,
        "trajectory_conformity_ratio": -0.030041734025657754,
        "planned_horizontal_inefficiency_ratio": 1.2931064067945006,
        "executed_horizontal_inefficiency_ratio": 1.2242175140290483,
        "executed_samples": 481
      },
      "geometry": {
        "type": "LineString",
        "coordinates": [
          [
            -46.655,
            -23.562222
          ],
          [
            -46.670253,
            -23.571249
          ],
          [
            -46.678469,
            -23.562044
          ],
          [
            -46.681254,
            -23.556691
          ],
          [
            -46.678868,
            -23.552963
          ],
          [
            -46.670344,
            -23.524761
          ],
          [
            -46.67633,
            -23.522493
          ],
          [
            -46.682605,
            -23.521447
          ],
          [
            -46.692085,
            -23.520419
          ],
          [
            -46.698562,
            -23.518796
          ],
          [
            -46.709231,
            -23.515456
          ],
          [
            -46.726172,
            -23.513321
          ],
          [
            -46.744128,
            -23.517113
          ],
          [
            -46.751469,
            -23.525841
          ],
          [
            -46.748854,
            -23.534709
          ],
          [
            -46.735684,
            -23.546532
          ],
          [
            -46.736944,
            -23.546667
          ]
        ]
      }
    },
    {
      "type": "Feature",
      "properties": {
        "id": "EC1_0143",
        "flight_instance": "EC1_0143#0",
        "start_time": "20:02:00.00",
        "scenario": "produto2_C1_2025-11-09_off.scn",
        "waypoint_count": 15,
        "planned_flight_instance": "EC1_0143#0",
        "planned_start_time": "20:02:00.00",
        "vehicle_type": "eVTOL",
        "aircraft_model": "EVTOL",
        "start_time_delta_s": 0.0,
        "spatial_adherence_pct": 82.17703349282297,
        "planned_line_adherence_pct": 94.85645933014354,
        "adherence_reference": "official_reh_polygons",
        "mean_deviation_m": 45.87064260340705,
        "p95_deviation_m": 251.9644377886168,
        "max_deviation_m": 401.02079053880607,
        "planned_distance_m": 33738.65640879083,
        "executed_distance_m": 31931.46194274,
        "additional_distance_m": -1807.194466050827,
        "trajectory_conformity_ratio": -0.05356450607143771,
        "planned_horizontal_inefficiency_ratio": 0.31612053553057895,
        "executed_horizontal_inefficiency_ratio": 0.2456231891144074,
        "executed_samples": 836
      },
      "geometry": {
        "type": "LineString",
        "coordinates": [
          [
            -46.656389,
            -23.626111
          ],
          [
            -46.669092,
            -23.633166
          ],
          [
            -46.677804,
            -23.62275
          ],
          [
            -46.687891,
            -23.614942
          ],
          [
            -46.699366,
            -23.612334
          ],
          [
            -46.712562,
            -23.611263
          ],
          [
            -46.722716,
            -23.601923
          ],
          [
            -46.747069,
            -23.557007
          ],
          [
            -46.754789,
            -23.548019
          ],
          [
            -46.749359,
            -23.525366
          ],
          [
            -46.781185,
            -23.519766
          ],
          [
            -46.795617,
            -23.513778
          ],
          [
            -46.821227,
            -23.507774
          ],
          [
            -46.875972,
            -23.504073
          ],
          [
            -46.856667,
            -23.486667
          ]
        ]
      }
    },
    {
      "type": "Feature",
      "properties": {
        "id": "PSHAH_006",
        "flight_instance": "PSHAH_006#0",
        "start_time": "20:02:07.00",
        "scenario": "produto2_C1_2025-11-09_off.scn",
        "waypoint_count": 18,
        "planned_flight_instance": "PSHAH_006#0",
        "planned_start_time": "20:02:07.00",
        "vehicle_type": "helicoptero",
        "aircraft_model": "EC45",
        "start_time_delta_s": 0.0,
        "spatial_adherence_pct": 57.327586206896555,
        "planned_line_adherence_pct": 89.22413793103449,
        "adherence_reference": "official_reh_polygons",
        "mean_deviation_m": 71.14558581661632,
        "p95_deviation_m": 341.906942117536,
        "max_deviation_m": 427.70421366542547,
        "planned_distance_m": 37190.342593021174,
        "executed_distance_m": 36250.20206083,
        "additional_distance_m": -940.1405321911734,
        "trajectory_conformity_ratio": -0.02527915761570834,
        "planned_horizontal_inefficiency_ratio": 0.6592971298799246,
        "executed_horizontal_inefficiency_ratio": 0.6173514962023976,
        "executed_samples": 696
      },
      "geometry": {
        "type": "LineString",
        "coordinates": [
          [
            -46.633,
            -23.509
          ],
          [
            -46.646,
            -23.52784
          ],
          [
            -46.643156,
            -23.529869
          ],
          [
            -46.640193,
            -23.533856
          ],
          [
            -46.635497,
            -23.53568
          ],
          [
            -46.617988,
            -23.544768
          ],
          [
            -46.612476,
            -23.5533
          ],
          [
            -46.605043,
            -23.567604
          ],
          [
            -46.599279,
            -23.586761
          ],
          [
            -46.601779,
            -23.603514
          ],
          [
            -46.60251,
            -23.620927
          ],
          [
            -46.59658,
            -23.636235
          ],
          [
            -46.584352,
            -23.646914
          ],
          [
            -46.573805,
            -23.665984
          ],
          [
            -46.60796,
            -23.721804
          ],
          [
            -46.674299,
            -23.702626
          ],
          [
            -46.68894,
            -23.698021
          ],
          [
            -46.6925,
            -23.703056
          ]
        ]
      }
    },
    {
      "type": "Feature",
      "properties": {
        "id": "EC1_0093",
        "flight_instance": "EC1_0093#0",
        "start_time": "20:03:00.00",
        "scenario": "produto2_C1_2025-11-09_off.scn",
        "waypoint_count": 18,
        "planned_flight_instance": "EC1_0093#0",
        "planned_start_time": "20:03:00.00",
        "vehicle_type": "eVTOL",
        "aircraft_model": "EVTOL",
        "start_time_delta_s": 0.0,
        "spatial_adherence_pct": 76.40949554896143,
        "planned_line_adherence_pct": 94.80712166172107,
        "adherence_reference": "official_reh_polygons",
        "mean_deviation_m": 42.358456993967884,
        "p95_deviation_m": 252.50549045226361,
        "max_deviation_m": 402.5574612675441,
        "planned_distance_m": 27335.960891084178,
        "executed_distance_m": 25041.76613291,
        "additional_distance_m": -2294.194758174177,
        "trajectory_conformity_ratio": -0.08392588675829007,
        "planned_horizontal_inefficiency_ratio": 2.523692784891626,
        "executed_horizontal_inefficiency_ratio": 2.2279637432558075,
        "executed_samples": 674
      },
      "geometry": {
        "type": "LineString",
        "coordinates": [
          [
            -46.781111,
            -23.478611
          ],
          [
            -46.776754,
            -23.472388
          ],
          [
            -46.771369,
            -23.476155
          ],
          [
            -46.770638,
            -23.485813
          ],
          [
            -46.766936,
            -23.492656
          ],
          [
            -46.7597,
            -23.494855
          ],
          [
            -46.756253,
            -23.498105
          ],
          [
            -46.753944,
            -23.505863
          ],
          [
            -46.744374,
            -23.508658
          ],
          [
            -46.732639,
            -23.509208
          ],
          [
            -46.726957,
            -23.51363
          ],
          [
            -46.744128,
            -23.517113
          ],
          [
            -46.750374,
            -23.52499
          ],
          [
            -46.781185,
            -23.519766
          ],
          [
            -46.795617,
            -23.513778
          ],
          [
            -46.821227,
            -23.507774
          ],
          [
            -46.875972,
            -23.504073
          ],
          [
            -46.856667,
            -23.486667
          ]
        ]
      }
    },
    {
      "type": "Feature",
      "properties": {
        "id": "EC1_0077",
        "flight_instance": "EC1_0077#0",
        "start_time": "20:04:00.00",
        "scenario": "produto2_C1_2025-11-09_off.scn",
        "waypoint_count": 10,
        "planned_flight_instance": "EC1_0077#0",
        "planned_start_time": "20:04:00.00",
        "vehicle_type": "eVTOL",
        "aircraft_model": "EVTOL",
        "start_time_delta_s": 0.0,
        "spatial_adherence_pct": 72.17068645640074,
        "planned_line_adherence_pct": 100.0,
        "adherence_reference": "official_reh_polygons",
        "mean_deviation_m": 17.41259759371132,
        "p95_deviation_m": 91.41398808552802,
        "max_deviation_m": 199.56051167379863,
        "planned_distance_m": 20254.987749473454,
        "executed_distance_m": 19718.00859382,
        "additional_distance_m": -536.9791556534547,
        "trajectory_conformity_ratio": -0.026510959290380904,
        "planned_horizontal_inefficiency_ratio": 0.34692924540488557,
        "executed_horizontal_inefficiency_ratio": 0.31122085901293317,
        "executed_samples": 539
      },
      "geometry": {
        "type": "LineString",
        "coordinates": [
          [
            -46.685556,
            -23.591111
          ],
          [
            -46.692495,
            -23.585293
          ],
          [
            -46.699842,
            -23.612514
          ],
          [
            -46.712735,
            -23.611218
          ],
          [
            -46.751406,
            -23.607512
          ],
          [
            -46.809684,
            -23.591238
          ],
          [
            -46.807212,
            -23.579688
          ],
          [
            -46.8132,
            -23.569513
          ],
          [
            -46.819596,
            -23.562869
          ],
          [
            -46.830278,
            -23.564722
          ]
        ]
      }
    },
    {
      "type": "Feature",
      "properties": {
        "id": "PRSBK_004",
        "flight_instance": "PRSBK_004#0",
        "start_time": "20:06:06.00",
        "scenario": "produto2_C1_2025-11-09_off.scn",
        "waypoint_count": 9,
        "planned_flight_instance": "PRSBK_004#0",
        "planned_start_time": "20:06:06.00",
        "vehicle_type": "helicoptero",
        "aircraft_model": "B429",
        "start_time_delta_s": 0.0,
        "spatial_adherence_pct": 40.316205533596836,
        "planned_line_adherence_pct": 86.56126482213439,
        "adherence_reference": "official_reh_polygons",
        "mean_deviation_m": 103.30654952114159,
        "p95_deviation_m": 382.4192345153639,
        "max_deviation_m": 437.5177447204368,
        "planned_distance_m": 16108.863215316727,
        "executed_distance_m": 15478.05140007,
        "additional_distance_m": -630.8118152467268,
        "trajectory_conformity_ratio": -0.03915930049284511,
        "planned_horizontal_inefficiency_ratio": 0.2909138870113205,
        "executed_horizontal_inefficiency_ratio": 0.2403626021994575,
        "executed_samples": 253
      },
      "geometry": {
        "type": "LineString",
        "coordinates": [
          [
            -46.690833,
            -23.590833
          ],
          [
            -46.692534,
            -23.585369
          ],
          [
            -46.699921,
            -23.612668
          ],
          [
            -46.702161,
            -23.620571
          ],
          [
            -46.71228,
            -23.626616
          ],
          [
            -46.726108,
            -23.640325
          ],
          [
            -46.724402,
            -23.653053
          ],
          [
            -46.690012,
            -23.699694
          ],
          [
            -46.6925,
            -23.703056
          ]
        ]
      }
    },
    {
      "type": "Feature",
      "properties": {
        "id": "PSJAQ_002",
        "flight_instance": "PSJAQ_002#0",
        "start_time": "20:06:20.00",
        "scenario": "produto2_C1_2025-11-09_off.scn",
        "waypoint_count": 6,
        "planned_flight_instance": "PSJAQ_002#0",
        "planned_start_time": "20:06:20.00",
        "vehicle_type": "helicoptero",
        "aircraft_model": "EC45",
        "start_time_delta_s": 0.0,
        "spatial_adherence_pct": 72.02797202797203,
        "planned_line_adherence_pct": 100.0,
        "adherence_reference": "official_reh_polygons",
        "mean_deviation_m": 26.209367254810964,
        "p95_deviation_m": 108.97413753465005,
        "max_deviation_m": 152.67925796965292,
        "planned_distance_m": 7788.398961038904,
        "executed_distance_m": 7261.09723138,
        "additional_distance_m": -527.3017296589042,
        "trajectory_conformity_ratio": -0.06770348210161113,
        "planned_horizontal_inefficiency_ratio": 0.27688052433363797,
        "executed_horizontal_inefficiency_ratio": 0.19043126660851967,
        "executed_samples": 143
      },
      "geometry": {
        "type": "LineString",
        "coordinates": [
          [
            -46.686667,
            -23.576667
          ],
          [
            -46.691873,
            -23.58511
          ],
          [
            -46.700338,
            -23.570707
          ],
          [
            -46.706363,
            -23.560632
          ],
          [
            -46.734497,
            -23.545433
          ],
          [
            -46.736944,
            -23.546667
          ]
        ]
      }
    },
    {
      "type": "Feature",
      "properties": {
        "id": "EC1_0178",
        "flight_instance": "EC1_0178#0",
        "start_time": "20:07:00.00",
        "scenario": "produto2_C1_2025-11-09_off.scn",
        "waypoint_count": 19,
        "planned_flight_instance": "EC1_0178#0",
        "planned_start_time": "20:07:00.00",
        "vehicle_type": "eVTOL",
        "aircraft_model": "EVTOL",
        "start_time_delta_s": 0.0,
        "spatial_adherence_pct": 72.46621621621621,
        "planned_line_adherence_pct": 100.0,
        "adherence_reference": "official_reh_polygons",
        "mean_deviation_m": 5.457699439937559,
        "p95_deviation_m": 25.200242554388502,
        "max_deviation_m": 79.62815529162846,
        "planned_distance_m": 24203.90322372137,
        "executed_distance_m": 24084.96565472,
        "additional_distance_m": -118.93756900136941,
        "trajectory_conformity_ratio": -0.004913983001088974,
        "planned_horizontal_inefficiency_ratio": 1.2864360120906344,
        "executed_horizontal_inefficiency_ratio": 1.2752005043941432,
        "executed_samples": 592
      },
      "geometry": {
        "type": "LineString",
        "coordinates": [
          [
            -46.633,
            -23.509
          ],
          [
            -46.645915,
            -23.527719
          ],
          [
            -46.651833,
            -23.527834
          ],
          [
            -46.659691,
            -23.525779
          ],
          [
            -46.670751,
            -23.524279
          ],
          [
            -46.67633,
            -23.522493
          ],
          [
            -46.682605,
            -23.521447
          ],
          [
            -46.692085,
            -23.520419
          ],
          [
            -46.698562,
            -23.518796
          ],
          [
            -46.709231,
            -23.515456
          ],
          [
            -46.726172,
            -23.513321
          ],
          [
            -46.744128,
            -23.517113
          ],
          [
            -46.751469,
            -23.525841
          ],
          [
            -46.748854,
            -23.534709
          ],
          [
            -46.735007,
            -23.5462
          ],
          [
            -46.706979,
            -23.561333
          ],
          [
            -46.7012,
            -23.571137
          ],
          [
            -46.692476,
            -23.585777
          ],
          [
            -46.685556,
            -23.591111
          ]
        ]
      }
    },
    {
      "type": "Feature",
      "properties": {
        "id": "EC1_0159",
        "flight_instance": "EC1_0159#0",
        "start_time": "20:08:00.00",
        "scenario": "produto2_C1_2025-11-09_off.scn",
        "waypoint_count": 22,
        "planned_flight_instance": "EC1_0159#0",
        "planned_start_time": "20:08:00.00",
        "vehicle_type": "eVTOL",
        "aircraft_model": "EVTOL",
        "start_time_delta_s": 0.0,
        "spatial_adherence_pct": 80.12820512820514,
        "planned_line_adherence_pct": 100.0,
        "adherence_reference": "official_reh_polygons",
        "mean_deviation_m": 11.487773985755213,
        "p95_deviation_m": 66.47669385146895,
        "max_deviation_m": 109.92836548991927,
        "planned_distance_m": 31346.694023097487,
        "executed_distance_m": 31139.37845402,
        "additional_distance_m": -207.31556907748745,
        "trajectory_conformity_ratio": -0.0066136342455995235,
        "planned_horizontal_inefficiency_ratio": 1.368070743347259,
        "executed_horizontal_inefficiency_ratio": 1.3524091895830552,
        "executed_samples": 780
      },
      "geometry": {
        "type": "LineString",
        "coordinates": [
          [
            -46.656389,
            -23.626111
          ],
          [
            -46.669092,
            -23.633166
          ],
          [
            -46.677804,
            -23.62275
          ],
          [
            -46.687891,
            -23.614942
          ],
          [
            -46.699366,
            -23.612334
          ],
          [
            -46.712562,
            -23.611263
          ],
          [
            -46.722716,
            -23.601923
          ],
          [
            -46.747069,
            -23.557007
          ],
          [
            -46.754789,
            -23.548019
          ],
          [
            -46.749123,
            -23.526491
          ],
          [
            -46.742985,
            -23.519104
          ],
          [
            -46.72605,
            -23.515568
          ],
          [
            -46.709753,
            -23.517655
          ],
          [
            -46.6993,
            -23.520942
          ],
          [
            -46.692524,
            -23.522632
          ],
          [
            -46.682954,
            -23.523674
          ],
          [
            -46.676805,
            -23.5247
          ],
          [
            -46.670916,
            -23.525166
          ],
          [
            -46.659889,
            -23.526661
          ],
          [
            -46.651967,
            -23.528726
          ],
          [
            -46.645185,
            -23.528321
          ],
          [
            -46.633,
            -23.509
          ]
        ]
      }
    },
    {
      "type": "Feature",
      "properties": {
        "id": "PSCCM_002",
        "flight_instance": "PSCCM_002#0",
        "start_time": "20:09:07.00",
        "scenario": "produto2_C1_2025-11-09_off.scn",
        "waypoint_count": 10,
        "planned_flight_instance": "PSCCM_002#0",
        "planned_start_time": "20:09:07.00",
        "vehicle_type": "helicoptero",
        "aircraft_model": "A109",
        "start_time_delta_s": 0.0,
        "spatial_adherence_pct": 57.91245791245792,
        "planned_line_adherence_pct": 89.8989898989899,
        "adherence_reference": "official_reh_polygons",
        "mean_deviation_m": 84.49978473623325,
        "p95_deviation_m": 318.49610826444916,
        "max_deviation_m": 530.7111625130716,
        "planned_distance_m": 20320.929003546982,
        "executed_distance_m": 18934.97230344,
        "additional_distance_m": -1385.9567001069809,
        "trajectory_conformity_ratio": -0.06820341234719458,
        "planned_horizontal_inefficiency_ratio": 0.3496949638554079,
        "executed_horizontal_inefficiency_ratio": 0.2576411616926456,
        "executed_samples": 297
      },
      "geometry": {
        "type": "LineString",
        "coordinates": [
          [
            -46.685556,
            -23.591944
          ],
          [
            -46.692491,
            -23.585286
          ],
          [
            -46.699842,
            -23.612514
          ],
          [
            -46.712735,
            -23.611218
          ],
          [
            -46.751406,
            -23.607512
          ],
          [
            -46.809684,
            -23.591238
          ],
          [
            -46.807212,
            -23.579688
          ],
          [
            -46.8132,
            -23.569513
          ],
          [
            -46.819596,
            -23.562869
          ],
          [
            -46.830278,
            -23.564722
          ]
        ]
      }
    },
    {
      "type": "Feature",
      "properties": {
        "id": "EC1_0001",
        "flight_instance": "EC1_0001#0",
        "start_time": "20:10:00.00",
        "scenario": "produto2_C1_2025-11-09_off.scn",
        "waypoint_count": 19,
        "planned_flight_instance": "EC1_0001#0",
        "planned_start_time": "20:10:00.00",
        "vehicle_type": "eVTOL",
        "aircraft_model": "EVTOL",
        "start_time_delta_s": 0.0,
        "spatial_adherence_pct": 65.75492341356673,
        "planned_line_adherence_pct": 100.0,
        "adherence_reference": "official_reh_polygons",
        "mean_deviation_m": 23.972768205009228,
        "p95_deviation_m": 131.82999984291865,
        "max_deviation_m": 221.99223783147434,
        "planned_distance_m": 32680.92519170369,
        "executed_distance_m": 31627.69096777,
        "additional_distance_m": -1053.2342239336904,
        "trajectory_conformity_ratio": -0.0322277970331471,
        "planned_horizontal_inefficiency_ratio": 0.4714471972258208,
        "executed_horizontal_inefficiency_ratio": 0.42402569560863385,
        "executed_samples": 914
      },
      "geometry": {
        "type": "LineString",
        "coordinates": [
          [
            -46.856667,
            -23.486667
          ],
          [
            -46.877361,
            -23.505927
          ],
          [
            -46.821551,
            -23.510004
          ],
          [
            -46.79638,
            -23.515916
          ],
          [
            -46.781822,
            -23.521939
          ],
          [
            -46.750181,
            -23.527233
          ],
          [
            -46.742985,
            -23.519104
          ],
          [
            -46.72605,
            -23.515568
          ],
          [
            -46.709753,
            -23.517655
          ],
          [
            -46.6993,
            -23.520942
          ],
          [
            -46.692524,
            -23.522632
          ],
          [
            -46.682954,
            -23.523674
          ],
          [
            -46.676805,
            -23.5247
          ],
          [
            -46.671322,
            -23.524683
          ],
          [
            -46.679805,
            -23.552694
          ],
          [
            -46.682234,
            -23.556732
          ],
          [
            -46.679272,
            -23.562561
          ],
          [
            -46.670249,
            -23.572148
          ],
          [
            -46.655,
            -23.562222
          ]
        ]
      }
    },
    {
      "type": "Feature",
      "properties": {
        "id": "PSCEM",
        "flight_instance": "PSCEM#0",
        "start_time": "20:10:32.00",
        "scenario": "produto2_C1_2025-11-09_off.scn",
        "waypoint_count": 6,
        "planned_flight_instance": "PSCEM#0",
        "planned_start_time": "20:10:32.00",
        "vehicle_type": "helicoptero",
        "aircraft_model": "EC45",
        "start_time_delta_s": 0.0,
        "spatial_adherence_pct": 72.66666666666667,
        "planned_line_adherence_pct": 100.0,
        "adherence_reference": "official_reh_polygons",
        "mean_deviation_m": 21.0819749715119,
        "p95_deviation_m": 90.27316719258454,
        "max_deviation_m": 152.6464175377486,
        "planned_distance_m": 7743.413369283512,
        "executed_distance_m": 7518.66778765,
        "additional_distance_m": -224.7455816335123,
        "trajectory_conformity_ratio": -0.0290240971152374,
        "planned_horizontal_inefficiency_ratio": 0.15208140770537273,
        "executed_horizontal_inefficiency_ratio": 0.11864328504347259,
        "executed_samples": 150
      },
      "geometry": {
        "type": "LineString",
        "coordinates": [
          [
            -46.682694,
            -23.581194
          ],
          [
            -46.691813,
            -23.585139
          ],
          [
            -46.700338,
            -23.570707
          ],
          [
            -46.706363,
            -23.560632
          ],
          [
            -46.734497,
            -23.545433
          ],
          [
            -46.736944,
            -23.546667
          ]
        ]
      }
    },
    {
      "type": "Feature",
      "properties": {
        "id": "EC1_0041",
        "flight_instance": "EC1_0041#0",
        "start_time": "20:11:00.00",
        "scenario": "produto2_C1_2025-11-09_off.scn",
        "waypoint_count": 20,
        "planned_flight_instance": "EC1_0041#0",
        "planned_start_time": "20:11:00.00",
        "vehicle_type": "eVTOL",
        "aircraft_model": "EVTOL",
        "start_time_delta_s": 0.0,
        "spatial_adherence_pct": 77.57296466973887,
        "planned_line_adherence_pct": 100.0,
        "adherence_reference": "official_reh_polygons",
        "mean_deviation_m": 9.310514889306596,
        "p95_deviation_m": 46.326521683663444,
        "max_deviation_m": 143.39452232610438,
        "planned_distance_m": 26789.4115158122,
        "executed_distance_m": 26387.73177384,
        "additional_distance_m": -401.6797419721988,
        "trajectory_conformity_ratio": -0.014993974083197427,
        "planned_horizontal_inefficiency_ratio": 4.98782492831469,
        "executed_horizontal_inefficiency_ratio": 4.8980436365248154,
        "executed_samples": 651
      },
      "geometry": {
        "type": "LineString",
        "coordinates": [
          [
            -46.655,
            -23.562222
          ],
          [
            -46.670253,
            -23.571249
          ],
          [
            -46.678469,
            -23.562044
          ],
          [
            -46.681254,
            -23.556691
          ],
          [
            -46.678868,
            -23.552963
          ],
          [
            -46.670344,
            -23.524761
          ],
          [
            -46.67633,
            -23.522493
          ],
          [
            -46.682605,
            -23.521447
          ],
          [
            -46.692085,
            -23.520419
          ],
          [
            -46.698562,
            -23.518796
          ],
          [
            -46.709231,
            -23.515456
          ],
          [
            -46.726172,
            -23.513321
          ],
          [
            -46.744128,
            -23.517113
          ],
          [
            -46.751469,
            -23.525841
          ],
          [
            -46.748854,
            -23.534709
          ],
          [
            -46.735007,
            -23.5462
          ],
          [
            -46.706979,
            -23.561333
          ],
          [
            -46.7012,
            -23.571137
          ],
          [
            -46.692476,
            -23.585777
          ],
          [
            -46.685556,
            -23.591111
          ]
        ]
      }
    },
    {
      "type": "Feature",
      "properties": {
        "id": "PSCFH_004",
        "flight_instance": "PSCFH_004#0",
        "start_time": "20:11:51.00",
        "scenario": "produto2_C1_2025-11-09_off.scn",
        "waypoint_count": 11,
        "planned_flight_instance": "PSCFH_004#0",
        "planned_start_time": "20:11:51.00",
        "vehicle_type": "helicoptero",
        "aircraft_model": "A109",
        "start_time_delta_s": 0.0,
        "spatial_adherence_pct": 53.30739299610895,
        "planned_line_adherence_pct": 97.27626459143968,
        "adherence_reference": "official_reh_polygons",
        "mean_deviation_m": 58.7863475898075,
        "p95_deviation_m": 156.71427934973426,
        "max_deviation_m": 345.63078244232224,
        "planned_distance_m": 17938.244989607767,
        "executed_distance_m": 17026.39371676,
        "additional_distance_m": -911.8512728477654,
        "trajectory_conformity_ratio": -0.05083280295123808,
        "planned_horizontal_inefficiency_ratio": 0.9282114124680055,
        "executed_horizontal_inefficiency_ratio": 0.830195021689691,
        "executed_samples": 257
      },
      "geometry": {
        "type": "LineString",
        "coordinates": [
          [
            -46.656389,
            -23.626111
          ],
          [
            -46.669092,
            -23.633166
          ],
          [
            -46.677804,
            -23.62275
          ],
          [
            -46.687891,
            -23.614942
          ],
          [
            -46.699642,
            -23.612366
          ],
          [
            -46.702161,
            -23.620571
          ],
          [
            -46.71228,
            -23.626616
          ],
          [
            -46.726108,
            -23.640325
          ],
          [
            -46.724402,
            -23.653053
          ],
          [
            -46.690012,
            -23.699694
          ],
          [
            -46.6925,
            -23.703056
          ]
        ]
      }
    },
    {
      "type": "Feature",
      "properties": {
        "id": "PSEII_005",
        "flight_instance": "PSEII_005#0",
        "start_time": "20:12:39.00",
        "scenario": "produto2_C1_2025-11-09_off.scn",
        "waypoint_count": 9,
        "planned_flight_instance": "PSEII_005#0",
        "planned_start_time": "20:12:39.00",
        "vehicle_type": "helicoptero",
        "aircraft_model": "AS50",
        "start_time_delta_s": 0.0,
        "spatial_adherence_pct": 41.69741697416974,
        "planned_line_adherence_pct": 100.0,
        "adherence_reference": "official_reh_polygons",
        "mean_deviation_m": 42.7569619536226,
        "p95_deviation_m": 108.46307410810681,
        "max_deviation_m": 136.0092748207881,
        "planned_distance_m": 16844.96062058117,
        "executed_distance_m": 16232.14584238,
        "additional_distance_m": -612.8147782011692,
        "trajectory_conformity_ratio": -0.03637970975440764,
        "planned_horizontal_inefficiency_ratio": 0.34916872299902496,
        "executed_horizontal_inefficiency_ratio": 0.30008635644659565,
        "executed_samples": 271
      },
      "geometry": {
        "type": "LineString",
        "coordinates": [
          [
            -46.680833,
            -23.591111
          ],
          [
            -46.692458,
            -23.585243
          ],
          [
            -46.699921,
            -23.612668
          ],
          [
            -46.702161,
            -23.620571
          ],
          [
            -46.71228,
            -23.626616
          ],
          [
            -46.726108,
            -23.640325
          ],
          [
            -46.724402,
            -23.653053
          ],
          [
            -46.690012,
            -23.699694
          ],
          [
            -46.6925,
            -23.703056
          ]
        ]
      }
    },
    {
      "type": "Feature",
      "properties": {
        "id": "EC1_0095",
        "flight_instance": "EC1_0095#0",
        "start_time": "20:13:00.00",
        "scenario": "produto2_C1_2025-11-09_off.scn",
        "waypoint_count": 22,
        "planned_flight_instance": "EC1_0095#0",
        "planned_start_time": "20:13:00.00",
        "vehicle_type": "eVTOL",
        "aircraft_model": "EVTOL",
        "start_time_delta_s": 0.0,
        "spatial_adherence_pct": 67.4496644295302,
        "planned_line_adherence_pct": 100.0,
        "adherence_reference": "official_reh_polygons",
        "mean_deviation_m": 32.568152895362374,
        "p95_deviation_m": 160.2556439145896,
        "max_deviation_m": 222.3077299471648,
        "planned_distance_m": 22297.308584355684,
        "executed_distance_m": 21435.74799895,
        "additional_distance_m": -861.5605854056848,
        "trajectory_conformity_ratio": -0.038639667300930484,
        "planned_horizontal_inefficiency_ratio": 0.4053069508178147,
        "executed_horizontal_inefficiency_ratio": 0.35100635778252925,
        "executed_samples": 596
      },
      "geometry": {
        "type": "LineString",
        "coordinates": [
          [
            -46.781111,
            -23.478611
          ],
          [
            -46.776754,
            -23.472388
          ],
          [
            -46.771369,
            -23.476155
          ],
          [
            -46.770638,
            -23.485813
          ],
          [
            -46.766936,
            -23.492656
          ],
          [
            -46.7597,
            -23.494855
          ],
          [
            -46.756253,
            -23.498105
          ],
          [
            -46.753944,
            -23.505863
          ],
          [
            -46.744374,
            -23.508658
          ],
          [
            -46.732639,
            -23.509208
          ],
          [
            -46.72657,
            -23.515488
          ],
          [
            -46.709753,
            -23.517655
          ],
          [
            -46.6993,
            -23.520942
          ],
          [
            -46.692524,
            -23.522632
          ],
          [
            -46.682954,
            -23.523674
          ],
          [
            -46.676805,
            -23.5247
          ],
          [
            -46.671322,
            -23.524683
          ],
          [
            -46.679805,
            -23.552694
          ],
          [
            -46.682234,
            -23.556732
          ],
          [
            -46.679272,
            -23.562561
          ],
          [
            -46.670249,
            -23.572148
          ],
          [
            -46.655,
            -23.562222
          ]
        ]
      }
    },
    {
      "type": "Feature",
      "properties": {
        "id": "EC1_0155",
        "flight_instance": "EC1_0155#0",
        "start_time": "20:14:00.00",
        "scenario": "produto2_C1_2025-11-09_off.scn",
        "waypoint_count": 30,
        "planned_flight_instance": "EC1_0155#0",
        "planned_start_time": "20:14:00.00",
        "vehicle_type": "eVTOL",
        "aircraft_model": "EVTOL",
        "start_time_delta_s": 0.0,
        "spatial_adherence_pct": 81.45161290322581,
        "planned_line_adherence_pct": 100.0,
        "adherence_reference": "official_reh_polygons",
        "mean_deviation_m": 19.106726878205734,
        "p95_deviation_m": 124.18602479938201,
        "max_deviation_m": 189.99600033422743,
        "planned_distance_m": 54910.47865049409,
        "executed_distance_m": 54511.84997306,
        "additional_distance_m": -398.6286774340915,
        "trajectory_conformity_ratio": -0.007259610319031605,
        "planned_horizontal_inefficiency_ratio": 0.9434964699889659,
        "executed_horizontal_inefficiency_ratio": 0.9293874429604325,
        "executed_samples": 1364
      },
      "geometry": {
        "type": "LineString",
        "coordinates": [
          [
            -46.656389,
            -23.626111
          ],
          [
            -46.669092,
            -23.633166
          ],
          [
            -46.677804,
            -23.62275
          ],
          [
            -46.687891,
            -23.614942
          ],
          [
            -46.699366,
            -23.612334
          ],
          [
            -46.712562,
            -23.611263
          ],
          [
            -46.722716,
            -23.601923
          ],
          [
            -46.747069,
            -23.557007
          ],
          [
            -46.754789,
            -23.548019
          ],
          [
            -46.749123,
            -23.526491
          ],
          [
            -46.742985,
            -23.519104
          ],
          [
            -46.72605,
            -23.515568
          ],
          [
            -46.709753,
            -23.517655
          ],
          [
            -46.6993,
            -23.520942
          ],
          [
            -46.692524,
            -23.522632
          ],
          [
            -46.682954,
            -23.523674
          ],
          [
            -46.676805,
            -23.5247
          ],
          [
            -46.670916,
            -23.525166
          ],
          [
            -46.659889,
            -23.526661
          ],
          [
            -46.651967,
            -23.528726
          ],
          [
            -46.645624,
            -23.528465
          ],
          [
            -46.643156,
            -23.529869
          ],
          [
            -46.640193,
            -23.533856
          ],
          [
            -46.635497,
            -23.53568
          ],
          [
            -46.617304,
            -23.545011
          ],
          [
            -46.575669,
            -23.539938
          ],
          [
            -46.557401,
            -23.523786
          ],
          [
            -46.541376,
            -23.503219
          ],
          [
            -46.468276,
            -23.481052
          ],
          [
            -46.473056,
            -23.435556
          ]
        ]
      }
    },
    {
      "type": "Feature",
      "properties": {
        "id": "EC1_0164",
        "flight_instance": "EC1_0164#0",
        "start_time": "20:15:00.00",
        "scenario": "produto2_C1_2025-11-09_off.scn",
        "waypoint_count": 27,
        "planned_flight_instance": "EC1_0164#0",
        "planned_start_time": "20:15:00.00",
        "vehicle_type": "eVTOL",
        "aircraft_model": "EVTOL",
        "start_time_delta_s": 0.0,
        "spatial_adherence_pct": 79.08286403861625,
        "planned_line_adherence_pct": 100.0,
        "adherence_reference": "official_reh_polygons",
        "mean_deviation_m": 6.308739679368362,
        "p95_deviation_m": 25.08410011051689,
        "max_deviation_m": 81.00376736944034,
        "planned_distance_m": 47407.83246597228,
        "executed_distance_m": 47224.87673633,
        "additional_distance_m": -182.95572964227904,
        "trajectory_conformity_ratio": -0.0038591878203585537,
        "planned_horizontal_inefficiency_ratio": 0.7099696313524825,
        "executed_horizontal_inefficiency_ratio": 0.703370537377984,
        "executed_samples": 1243
      },
      "geometry": {
        "type": "LineString",
        "coordinates": [
          [
            -46.473056,
            -23.435556
          ],
          [
            -46.470057,
            -23.479504
          ],
          [
            -46.542513,
            -23.501225
          ],
          [
            -46.559266,
            -23.522325
          ],
          [
            -46.576553,
            -23.537839
          ],
          [
            -46.617141,
            -23.542766
          ],
          [
            -46.635058,
            -23.534875
          ],
          [
            -46.639567,
            -23.533164
          ],
          [
            -46.642444,
            -23.529251
          ],
          [
            -46.645476,
            -23.527575
          ],
          [
            -46.651833,
            -23.527834
          ],
          [
            -46.659691,
            -23.525779
          ],
          [
            -46.670751,
            -23.524279
          ],
          [
            -46.67633,
            -23.522493
          ],
          [
            -46.682605,
            -23.521447
          ],
          [
            -46.692085,
            -23.520419
          ],
          [
            -46.698562,
            -23.518796
          ],
          [
            -46.709231,
            -23.515456
          ],
          [
            -46.726172,
            -23.513321
          ],
          [
            -46.744128,
            -23.517113
          ],
          [
            -46.751469,
            -23.525841
          ],
          [
            -46.748854,
            -23.534709
          ],
          [
            -46.735007,
            -23.5462
          ],
          [
            -46.706979,
            -23.561333
          ],
          [
            -46.7012,
            -23.571137
          ],
          [
            -46.692476,
            -23.585777
          ],
          [
            -46.685556,
            -23.591111
          ]
        ]
      }
    },
    {
      "type": "Feature",
      "properties": {
        "id": "PPSAX_003",
        "flight_instance": "PPSAX_003#0",
        "start_time": "20:16:06.00",
        "scenario": "produto2_C1_2025-11-09_off.scn",
        "waypoint_count": 19,
        "planned_flight_instance": "PPSAX_003#0",
        "planned_start_time": "20:16:06.00",
        "vehicle_type": "helicoptero",
        "aircraft_model": "A109",
        "start_time_delta_s": 0.0,
        "spatial_adherence_pct": 67.94871794871796,
        "planned_line_adherence_pct": 91.98717948717949,
        "adherence_reference": "official_reh_polygons",
        "mean_deviation_m": 79.96371197841104,
        "p95_deviation_m": 381.498672245348,
        "max_deviation_m": 499.6083681590082,
        "planned_distance_m": 21886.44900565492,
        "executed_distance_m": 20675.07984228,
        "additional_distance_m": -1211.3691633749186,
        "trajectory_conformity_ratio": -0.05534790787952539,
        "planned_horizontal_inefficiency_ratio": 0.41151271788099264,
        "executed_horizontal_inefficiency_ratio": 0.333388442000937,
        "executed_samples": 312
      },
      "geometry": {
        "type": "LineString",
        "coordinates": [
          [
            -46.690833,
            -23.590833
          ],
          [
            -46.691625,
            -23.585334
          ],
          [
            -46.700338,
            -23.570707
          ],
          [
            -46.706363,
            -23.560632
          ],
          [
            -46.734437,
            -23.545467
          ],
          [
            -46.746866,
            -23.533391
          ],
          [
            -46.749087,
            -23.526381
          ],
          [
            -46.742985,
            -23.519104
          ],
          [
            -46.725265,
            -23.515259
          ],
          [
            -46.731696,
            -23.50713
          ],
          [
            -46.743982,
            -23.506437
          ],
          [
            -46.75222,
            -23.504262
          ],
          [
            -46.754052,
            -23.497111
          ],
          [
            -46.758475,
            -23.492906
          ],
          [
            -46.765319,
            -23.490964
          ],
          [
            -46.768251,
            -23.485298
          ],
          [
            -46.769169,
            -23.47516
          ],
          [
            -46.777452,
            -23.470231
          ],
          [
            -46.781111,
            -23.478611
          ]
        ]
      }
    },
    {
      "type": "Feature",
      "properties": {
        "id": "EC1_0037",
        "flight_instance": "EC1_0037#0",
        "start_time": "20:17:00.00",
        "scenario": "produto2_C1_2025-11-09_off.scn",
        "waypoint_count": 20,
        "planned_flight_instance": "EC1_0037#0",
        "planned_start_time": "20:17:00.00",
        "vehicle_type": "eVTOL",
        "aircraft_model": "EVTOL",
        "start_time_delta_s": 0.0,
        "spatial_adherence_pct": 77.57296466973887,
        "planned_line_adherence_pct": 100.0,
        "adherence_reference": "official_reh_polygons",
        "mean_deviation_m": 9.310514889306596,
        "p95_deviation_m": 46.326521683663444,
        "max_deviation_m": 143.39452232610438,
        "planned_distance_m": 26789.4115158122,
        "executed_distance_m": 26387.73177384,
        "additional_distance_m": -401.6797419721988,
        "trajectory_conformity_ratio": -0.014993974083197427,
        "planned_horizontal_inefficiency_ratio": 4.98782492831469,
        "executed_horizontal_inefficiency_ratio": 4.8980436365248154,
        "executed_samples": 651
      },
      "geometry": {
        "type": "LineString",
        "coordinates": [
          [
            -46.655,
            -23.562222
          ],
          [
            -46.670253,
            -23.571249
          ],
          [
            -46.678469,
            -23.562044
          ],
          [
            -46.681254,
            -23.556691
          ],
          [
            -46.678868,
            -23.552963
          ],
          [
            -46.670344,
            -23.524761
          ],
          [
            -46.67633,
            -23.522493
          ],
          [
            -46.682605,
            -23.521447
          ],
          [
            -46.692085,
            -23.520419
          ],
          [
            -46.698562,
            -23.518796
          ],
          [
            -46.709231,
            -23.515456
          ],
          [
            -46.726172,
            -23.513321
          ],
          [
            -46.744128,
            -23.517113
          ],
          [
            -46.751469,
            -23.525841
          ],
          [
            -46.748854,
            -23.534709
          ],
          [
            -46.735007,
            -23.5462
          ],
          [
            -46.706979,
            -23.561333
          ],
          [
            -46.7012,
            -23.571137
          ],
          [
            -46.692476,
            -23.585777
          ],
          [
            -46.685556,
            -23.591111
          ]
        ]
      }
    },
    {
      "type": "Feature",
      "properties": {
        "id": "EC1_0015",
        "flight_instance": "EC1_0015#0",
        "start_time": "20:19:00.00",
        "scenario": "produto2_C1_2025-11-09_off.scn",
        "waypoint_count": 6,
        "planned_flight_instance": "EC1_0015#0",
        "planned_start_time": "20:19:00.00",
        "vehicle_type": "eVTOL",
        "aircraft_model": "EVTOL",
        "start_time_delta_s": 0.0,
        "spatial_adherence_pct": 71.51162790697676,
        "planned_line_adherence_pct": 100.0,
        "adherence_reference": "official_reh_polygons",
        "mean_deviation_m": 8.763059361174442,
        "p95_deviation_m": 35.39144709145419,
        "max_deviation_m": 74.38442559347543,
        "planned_distance_m": 15730.476626629677,
        "executed_distance_m": 15363.01785025,
        "additional_distance_m": -367.45877637967715,
        "trajectory_conformity_ratio": -0.023359672125739445,
        "planned_horizontal_inefficiency_ratio": 0.7310735490792416,
        "executed_horizontal_inefficiency_ratio": 0.6906362385472105,
        "executed_samples": 516
      },
      "geometry": {
        "type": "LineString",
        "coordinates": [
          [
            -46.856667,
            -23.486667
          ],
          [
            -46.877361,
            -23.505927
          ],
          [
            -46.821597,
            -23.509997
          ],
          [
            -46.81814,
            -23.514459
          ],
          [
            -46.821212,
            -23.563658
          ],
          [
            -46.830278,
            -23.564722
          ]
        ]
      }
    },
    {
      "type": "Feature",
      "properties": {
        "id": "EC1_0039",
        "flight_instance": "EC1_0039#0",
        "start_time": "20:19:00.00",
        "scenario": "produto2_C1_2025-11-09_off.scn",
        "waypoint_count": 20,
        "planned_flight_instance": "EC1_0039#0",
        "planned_start_time": "20:19:00.00",
        "vehicle_type": "eVTOL",
        "aircraft_model": "EVTOL",
        "start_time_delta_s": 0.0,
        "spatial_adherence_pct": 77.57296466973887,
        "planned_line_adherence_pct": 100.0,
        "adherence_reference": "official_reh_polygons",
        "mean_deviation_m": 9.310514889306596,
        "p95_deviation_m": 46.326521683663444,
        "max_deviation_m": 143.39452232610438,
        "planned_distance_m": 26789.4115158122,
        "executed_distance_m": 26387.73177384,
        "additional_distance_m": -401.6797419721988,
        "trajectory_conformity_ratio": -0.014993974083197427,
        "planned_horizontal_inefficiency_ratio": 4.98782492831469,
        "executed_horizontal_inefficiency_ratio": 4.8980436365248154,
        "executed_samples": 651
      },
      "geometry": {
        "type": "LineString",
        "coordinates": [
          [
            -46.655,
            -23.562222
          ],
          [
            -46.670253,
            -23.571249
          ],
          [
            -46.678469,
            -23.562044
          ],
          [
            -46.681254,
            -23.556691
          ],
          [
            -46.678868,
            -23.552963
          ],
          [
            -46.670344,
            -23.524761
          ],
          [
            -46.67633,
            -23.522493
          ],
          [
            -46.682605,
            -23.521447
          ],
          [
            -46.692085,
            -23.520419
          ],
          [
            -46.698562,
            -23.518796
          ],
          [
            -46.709231,
            -23.515456
          ],
          [
            -46.726172,
            -23.513321
          ],
          [
            -46.744128,
            -23.517113
          ],
          [
            -46.751469,
            -23.525841
          ],
          [
            -46.748854,
            -23.534709
          ],
          [
            -46.735007,
            -23.5462
          ],
          [
            -46.706979,
            -23.561333
          ],
          [
            -46.7012,
            -23.571137
          ],
          [
            -46.692476,
            -23.585777
          ],
          [
            -46.685556,
            -23.591111
          ]
        ]
      }
    },
    {
      "type": "Feature",
      "properties": {
        "id": "PRAGW_004",
        "flight_instance": "PRAGW_004#0",
        "start_time": "20:19:03.00",
        "scenario": "produto2_C1_2025-11-09_off.scn",
        "waypoint_count": 11,
        "planned_flight_instance": "PRAGW_004#0",
        "planned_start_time": "20:19:03.00",
        "vehicle_type": "helicoptero",
        "aircraft_model": "A109",
        "start_time_delta_s": 0.0,
        "spatial_adherence_pct": 53.30739299610895,
        "planned_line_adherence_pct": 97.27626459143968,
        "adherence_reference": "official_reh_polygons",
        "mean_deviation_m": 58.7863475898075,
        "p95_deviation_m": 156.71427934973426,
        "max_deviation_m": 345.63078244232224,
        "planned_distance_m": 17938.244989607767,
        "executed_distance_m": 17026.39371676,
        "additional_distance_m": -911.8512728477654,
        "trajectory_conformity_ratio": -0.05083280295123808,
        "planned_horizontal_inefficiency_ratio": 0.9282114124680055,
        "executed_horizontal_inefficiency_ratio": 0.830195021689691,
        "executed_samples": 257
      },
      "geometry": {
        "type": "LineString",
        "coordinates": [
          [
            -46.656389,
            -23.626111
          ],
          [
            -46.669092,
            -23.633166
          ],
          [
            -46.677804,
            -23.62275
          ],
          [
            -46.687891,
            -23.614942
          ],
          [
            -46.699642,
            -23.612366
          ],
          [
            -46.702161,
            -23.620571
          ],
          [
            -46.71228,
            -23.626616
          ],
          [
            -46.726108,
            -23.640325
          ],
          [
            -46.724402,
            -23.653053
          ],
          [
            -46.690012,
            -23.699694
          ],
          [
            -46.6925,
            -23.703056
          ]
        ]
      }
    },
    {
      "type": "Feature",
      "properties": {
        "id": "PPLVA_001",
        "flight_instance": "PPLVA_001#0",
        "start_time": "20:22:51.00",
        "scenario": "produto2_C1_2025-11-09_off.scn",
        "waypoint_count": 10,
        "planned_flight_instance": "PPLVA_001#0",
        "planned_start_time": "20:22:51.00",
        "vehicle_type": "helicoptero",
        "aircraft_model": "B429",
        "start_time_delta_s": 0.0,
        "spatial_adherence_pct": 59.4059405940594,
        "planned_line_adherence_pct": 94.38943894389439,
        "adherence_reference": "official_reh_polygons",
        "mean_deviation_m": 90.43538749923727,
        "p95_deviation_m": 279.1354578361307,
        "max_deviation_m": 480.2098500638808,
        "planned_distance_m": 20758.390750369254,
        "executed_distance_m": 18236.66246696,
        "additional_distance_m": -2521.728283409255,
        "trajectory_conformity_ratio": -0.12147995062499717,
        "planned_horizontal_inefficiency_ratio": 0.4102337493579441,
        "executed_horizontal_inefficiency_ratio": 0.23891862311623643,
        "executed_samples": 303
      },
      "geometry": {
        "type": "LineString",
        "coordinates": [
          [
            -46.690556,
            -23.598333
          ],
          [
            -46.6925,
            -23.5853
          ],
          [
            -46.699842,
            -23.612514
          ],
          [
            -46.712735,
            -23.611218
          ],
          [
            -46.751406,
            -23.607512
          ],
          [
            -46.809684,
            -23.591238
          ],
          [
            -46.807212,
            -23.579688
          ],
          [
            -46.8132,
            -23.569513
          ],
          [
            -46.819596,
            -23.562869
          ],
          [
            -46.830278,
            -23.564722
          ]
        ]
      }
    },
    {
      "type": "Feature",
      "properties": {
        "id": "EC1_0175",
        "flight_instance": "EC1_0175#0",
        "start_time": "20:23:00.00",
        "scenario": "produto2_C1_2025-11-09_off.scn",
        "waypoint_count": 11,
        "planned_flight_instance": "EC1_0175#0",
        "planned_start_time": "20:23:00.00",
        "vehicle_type": "eVTOL",
        "aircraft_model": "EVTOL",
        "start_time_delta_s": 0.0,
        "spatial_adherence_pct": 66.94411414982164,
        "planned_line_adherence_pct": 100.0,
        "adherence_reference": "official_reh_polygons",
        "mean_deviation_m": 16.269276762869268,
        "p95_deviation_m": 105.1025137096069,
        "max_deviation_m": 189.27181144900464,
        "planned_distance_m": 28021.41218207145,
        "executed_distance_m": 27671.40279061,
        "additional_distance_m": -350.00939146145174,
        "trajectory_conformity_ratio": -0.012490783447573473,
        "planned_horizontal_inefficiency_ratio": 0.5359103784401062,
        "executed_horizontal_inefficiency_ratio": 0.5167256545081302,
        "executed_samples": 841
      },
      "geometry": {
        "type": "LineString",
        "coordinates": [
          [
            -46.473056,
            -23.435556
          ],
          [
            -46.470057,
            -23.479504
          ],
          [
            -46.542513,
            -23.501225
          ],
          [
            -46.559266,
            -23.522325
          ],
          [
            -46.576553,
            -23.537839
          ],
          [
            -46.617141,
            -23.542766
          ],
          [
            -46.635058,
            -23.534875
          ],
          [
            -46.639567,
            -23.533164
          ],
          [
            -46.642444,
            -23.529251
          ],
          [
            -46.6451,
            -23.5282
          ],
          [
            -46.633,
            -23.509
          ]
        ]
      }
    },
    {
      "type": "Feature",
      "properties": {
        "id": "PPLVA_002",
        "flight_instance": "PPLVA_002#0",
        "start_time": "20:23:19.00",
        "scenario": "produto2_C1_2025-11-09_off.scn",
        "waypoint_count": 10,
        "planned_flight_instance": "PPLVA_002#0",
        "planned_start_time": "20:23:19.00",
        "vehicle_type": "helicoptero",
        "aircraft_model": "B429",
        "start_time_delta_s": 0.0,
        "spatial_adherence_pct": 59.4059405940594,
        "planned_line_adherence_pct": 94.38943894389439,
        "adherence_reference": "official_reh_polygons",
        "mean_deviation_m": 90.43538749923727,
        "p95_deviation_m": 279.1354578361307,
        "max_deviation_m": 480.2098500638808,
        "planned_distance_m": 20758.390750369254,
        "executed_distance_m": 18236.66246696,
        "additional_distance_m": -2521.728283409255,
        "trajectory_conformity_ratio": -0.12147995062499717,
        "planned_horizontal_inefficiency_ratio": 0.4102337493579441,
        "executed_horizontal_inefficiency_ratio": 0.23891862311623643,
        "executed_samples": 303
      },
      "geometry": {
        "type": "LineString",
        "coordinates": [
          [
            -46.690556,
            -23.598333
          ],
          [
            -46.6925,
            -23.5853
          ],
          [
            -46.699842,
            -23.612514
          ],
          [
            -46.712735,
            -23.611218
          ],
          [
            -46.751406,
            -23.607512
          ],
          [
            -46.809684,
            -23.591238
          ],
          [
            -46.807212,
            -23.579688
          ],
          [
            -46.8132,
            -23.569513
          ],
          [
            -46.819596,
            -23.562869
          ],
          [
            -46.830278,
            -23.564722
          ]
        ]
      }
    },
    {
      "type": "Feature",
      "properties": {
        "id": "EC1_0038",
        "flight_instance": "EC1_0038#0",
        "start_time": "20:24:00.00",
        "scenario": "produto2_C1_2025-11-09_off.scn",
        "waypoint_count": 20,
        "planned_flight_instance": "EC1_0038#0",
        "planned_start_time": "20:24:00.00",
        "vehicle_type": "eVTOL",
        "aircraft_model": "EVTOL",
        "start_time_delta_s": 0.0,
        "spatial_adherence_pct": 77.57296466973887,
        "planned_line_adherence_pct": 100.0,
        "adherence_reference": "official_reh_polygons",
        "mean_deviation_m": 9.310514889306596,
        "p95_deviation_m": 46.326521683663444,
        "max_deviation_m": 143.39452232610438,
        "planned_distance_m": 26789.4115158122,
        "executed_distance_m": 26387.73177384,
        "additional_distance_m": -401.6797419721988,
        "trajectory_conformity_ratio": -0.014993974083197427,
        "planned_horizontal_inefficiency_ratio": 4.98782492831469,
        "executed_horizontal_inefficiency_ratio": 4.8980436365248154,
        "executed_samples": 651
      },
      "geometry": {
        "type": "LineString",
        "coordinates": [
          [
            -46.655,
            -23.562222
          ],
          [
            -46.670253,
            -23.571249
          ],
          [
            -46.678469,
            -23.562044
          ],
          [
            -46.681254,
            -23.556691
          ],
          [
            -46.678868,
            -23.552963
          ],
          [
            -46.670344,
            -23.524761
          ],
          [
            -46.67633,
            -23.522493
          ],
          [
            -46.682605,
            -23.521447
          ],
          [
            -46.692085,
            -23.520419
          ],
          [
            -46.698562,
            -23.518796
          ],
          [
            -46.709231,
            -23.515456
          ],
          [
            -46.726172,
            -23.513321
          ],
          [
            -46.744128,
            -23.517113
          ],
          [
            -46.751469,
            -23.525841
          ],
          [
            -46.748854,
            -23.534709
          ],
          [
            -46.735007,
            -23.5462
          ],
          [
            -46.706979,
            -23.561333
          ],
          [
            -46.7012,
            -23.571137
          ],
          [
            -46.692476,
            -23.585777
          ],
          [
            -46.685556,
            -23.591111
          ]
        ]
      }
    },
    {
      "type": "Feature",
      "properties": {
        "id": "EC1_0070",
        "flight_instance": "EC1_0070#0",
        "start_time": "20:25:00.00",
        "scenario": "produto2_C1_2025-11-09_off.scn",
        "waypoint_count": 20,
        "planned_flight_instance": "EC1_0070#0",
        "planned_start_time": "20:25:00.00",
        "vehicle_type": "eVTOL",
        "aircraft_model": "EVTOL",
        "start_time_delta_s": 0.0,
        "spatial_adherence_pct": 65.80937972768533,
        "planned_line_adherence_pct": 100.0,
        "adherence_reference": "official_reh_polygons",
        "mean_deviation_m": 30.570365244389606,
        "p95_deviation_m": 153.9193914275658,
        "max_deviation_m": 226.66642923465062,
        "planned_distance_m": 26266.560582715785,
        "executed_distance_m": 25477.54143557,
        "additional_distance_m": -789.0191471457838,
        "trajectory_conformity_ratio": -0.03003892133730607,
        "planned_horizontal_inefficiency_ratio": 4.870943612998789,
        "executed_horizontal_inefficiency_ratio": 4.694586799632159,
        "executed_samples": 661
      },
      "geometry": {
        "type": "LineString",
        "coordinates": [
          [
            -46.685556,
            -23.591111
          ],
          [
            -46.691668,
            -23.585265
          ],
          [
            -46.700338,
            -23.570707
          ],
          [
            -46.706363,
            -23.560632
          ],
          [
            -46.734437,
            -23.545467
          ],
          [
            -46.746866,
            -23.533391
          ],
          [
            -46.749087,
            -23.526381
          ],
          [
            -46.742985,
            -23.519104
          ],
          [
            -46.72605,
            -23.515568
          ],
          [
            -46.709753,
            -23.517655
          ],
          [
            -46.6993,
            -23.520942
          ],
          [
            -46.692524,
            -23.522632
          ],
          [
            -46.682954,
            -23.523674
          ],
          [
            -46.676805,
            -23.5247
          ],
          [
            -46.671322,
            -23.524683
          ],
          [
            -46.679805,
            -23.552694
          ],
          [
            -46.682234,
            -23.556732
          ],
          [
            -46.679272,
            -23.562561
          ],
          [
            -46.670249,
            -23.572148
          ],
          [
            -46.655,
            -23.562222
          ]
        ]
      }
    },
    {
      "type": "Feature",
      "properties": {
        "id": "EC1_0097",
        "flight_instance": "EC1_0097#0",
        "start_time": "20:25:00.00",
        "scenario": "produto2_C1_2025-11-09_off.scn",
        "waypoint_count": 19,
        "planned_flight_instance": "EC1_0097#0",
        "planned_start_time": "20:25:00.00",
        "vehicle_type": "eVTOL",
        "aircraft_model": "EVTOL",
        "start_time_delta_s": 0.0,
        "spatial_adherence_pct": 83.20610687022901,
        "planned_line_adherence_pct": 99.23664122137404,
        "adherence_reference": "official_reh_polygons",
        "mean_deviation_m": 30.573643491655844,
        "p95_deviation_m": 162.96328934131273,
        "max_deviation_m": 309.77849050504074,
        "planned_distance_m": 26216.40314248371,
        "executed_distance_m": 24254.69769219,
        "additional_distance_m": -1961.7054502937099,
        "trajectory_conformity_ratio": -0.07482740632389667,
        "planned_horizontal_inefficiency_ratio": 1.4257278167489367,
        "executed_horizontal_inefficiency_ratio": 1.244216895773885,
        "executed_samples": 655
      },
      "geometry": {
        "type": "LineString",
        "coordinates": [
          [
            -46.781111,
            -23.478611
          ],
          [
            -46.776754,
            -23.472388
          ],
          [
            -46.771369,
            -23.476155
          ],
          [
            -46.770638,
            -23.485813
          ],
          [
            -46.766936,
            -23.492656
          ],
          [
            -46.7597,
            -23.494855
          ],
          [
            -46.756253,
            -23.498105
          ],
          [
            -46.753944,
            -23.505863
          ],
          [
            -46.744374,
            -23.508658
          ],
          [
            -46.732639,
            -23.509208
          ],
          [
            -46.726957,
            -23.51363
          ],
          [
            -46.744128,
            -23.517113
          ],
          [
            -46.750374,
            -23.52499
          ],
          [
            -46.781185,
            -23.519766
          ],
          [
            -46.795617,
            -23.513778
          ],
          [
            -46.821362,
            -23.507764
          ],
          [
            -46.81814,
            -23.514459
          ],
          [
            -46.821212,
            -23.563658
          ],
          [
            -46.830278,
            -23.564722
          ]
        ]
      }
    },
    {
      "type": "Feature",
      "properties": {
        "id": "EC1_0141",
        "flight_instance": "EC1_0141#0",
        "start_time": "20:25:00.00",
        "scenario": "produto2_C1_2025-11-09_off.scn",
        "waypoint_count": 24,
        "planned_flight_instance": "EC1_0141#0",
        "planned_start_time": "20:25:00.00",
        "vehicle_type": "eVTOL",
        "aircraft_model": "EVTOL",
        "start_time_delta_s": 0.0,
        "spatial_adherence_pct": 81.22568093385215,
        "planned_line_adherence_pct": 100.0,
        "adherence_reference": "official_reh_polygons",
        "mean_deviation_m": 24.58291341441119,
        "p95_deviation_m": 140.9384070411666,
        "max_deviation_m": 190.02811891008702,
        "planned_distance_m": 40295.21695840507,
        "executed_distance_m": 39853.72285517,
        "additional_distance_m": -441.4941032350689,
        "trajectory_conformity_ratio": -0.010956489046598341,
        "planned_horizontal_inefficiency_ratio": 0.36080554196954756,
        "executed_horizontal_inefficiency_ratio": 0.34589589095440787,
        "executed_samples": 1028
      },
      "geometry": {
        "type": "LineString",
        "coordinates": [
          [
            -46.736944,
            -23.546667
          ],
          [
            -46.733761,
            -23.545134
          ],
          [
            -46.746866,
            -23.533391
          ],
          [
            -46.749087,
            -23.526381
          ],
          [
            -46.742985,
            -23.519104
          ],
          [
            -46.72605,
            -23.515568
          ],
          [
            -46.709753,
            -23.517655
          ],
          [
            -46.6993,
            -23.520942
          ],
          [
            -46.692524,
            -23.522632
          ],
          [
            -46.682954,
            -23.523674
          ],
          [
            -46.676805,
            -23.5247
          ],
          [
            -46.670916,
            -23.525166
          ],
          [
            -46.659889,
            -23.526661
          ],
          [
            -46.651967,
            -23.528726
          ],
          [
            -46.645624,
            -23.528465
          ],
          [
            -46.643156,
            -23.529869
          ],
          [
            -46.640193,
            -23.533856
          ],
          [
            -46.635497,
            -23.53568
          ],
          [
            -46.617304,
            -23.545011
          ],
          [
            -46.575669,
            -23.539938
          ],
          [
            -46.557401,
            -23.523786
          ],
          [
            -46.541376,
            -23.503219
          ],
          [
            -46.468276,
            -23.481052
          ],
          [
            -46.473056,
            -23.435556
          ]
        ]
      }
    },
    {
      "type": "Feature",
      "properties": {
        "id": "PPJNJ",
        "flight_instance": "PPJNJ#0",
        "start_time": "20:26:23.00",
        "scenario": "produto2_C1_2025-11-09_off.scn",
        "waypoint_count": 7,
        "planned_flight_instance": "PPJNJ#0",
        "planned_start_time": "20:26:23.00",
        "vehicle_type": "helicoptero",
        "aircraft_model": "B429",
        "start_time_delta_s": 0.0,
        "spatial_adherence_pct": 61.76470588235294,
        "planned_line_adherence_pct": 80.58823529411765,
        "adherence_reference": "official_reh_polygons",
        "mean_deviation_m": 114.30901058418516,
        "p95_deviation_m": 441.32940262670684,
        "max_deviation_m": 480.536392063134,
        "planned_distance_m": 11160.378977493807,
        "executed_distance_m": 9633.47092334,
        "additional_distance_m": -1526.908054153806,
        "trajectory_conformity_ratio": -0.1368150720717453,
        "planned_horizontal_inefficiency_ratio": 0.5483120683103633,
        "executed_horizontal_inefficiency_ratio": 0.3364796410949279,
        "executed_samples": 170
      },
      "geometry": {
        "type": "LineString",
        "coordinates": [
          [
            -46.699167,
            -23.601667
          ],
          [
            -46.698989,
            -23.612946
          ],
          [
            -46.691581,
            -23.585508
          ],
          [
            -46.700338,
            -23.570707
          ],
          [
            -46.706363,
            -23.560632
          ],
          [
            -46.734497,
            -23.545433
          ],
          [
            -46.736944,
            -23.546667
          ]
        ]
      }
    },
    {
      "type": "Feature",
      "properties": {
        "id": "EC1_0106",
        "flight_instance": "EC1_0106#0",
        "start_time": "20:27:00.00",
        "scenario": "produto2_C1_2025-11-09_off.scn",
        "waypoint_count": 6,
        "planned_flight_instance": "EC1_0106#0",
        "planned_start_time": "20:27:00.00",
        "vehicle_type": "eVTOL",
        "aircraft_model": "EVTOL",
        "start_time_delta_s": 0.0,
        "spatial_adherence_pct": 74.6506986027944,
        "planned_line_adherence_pct": 98.80239520958084,
        "adherence_reference": "official_reh_polygons",
        "mean_deviation_m": 30.51651248890344,
        "p95_deviation_m": 196.3457206798308,
        "max_deviation_m": 265.7757063474017,
        "planned_distance_m": 16002.050913081306,
        "executed_distance_m": 15031.11152739,
        "additional_distance_m": -970.9393856913066,
        "trajectory_conformity_ratio": -0.06067593403902909,
        "planned_horizontal_inefficiency_ratio": 0.7610798612153218,
        "executed_horizontal_inefficiency_ratio": 0.6542246957187584,
        "executed_samples": 501
      },
      "geometry": {
        "type": "LineString",
        "coordinates": [
          [
            -46.830278,
            -23.564722
          ],
          [
            -46.818827,
            -23.564191
          ],
          [
            -46.815687,
            -23.514407
          ],
          [
            -46.821181,
            -23.50778
          ],
          [
            -46.875972,
            -23.504073
          ],
          [
            -46.856667,
            -23.486667
          ]
        ]
      }
    },
    {
      "type": "Feature",
      "properties": {
        "id": "PRRVC",
        "flight_instance": "PRRVC#0",
        "start_time": "20:28:06.00",
        "scenario": "produto2_C1_2025-11-09_off.scn",
        "waypoint_count": 10,
        "planned_flight_instance": "PRRVC#0",
        "planned_start_time": "20:28:06.00",
        "vehicle_type": "helicoptero",
        "aircraft_model": "AS50",
        "start_time_delta_s": 0.0,
        "spatial_adherence_pct": 61.72106824925816,
        "planned_line_adherence_pct": 94.65875370919882,
        "adherence_reference": "official_reh_polygons",
        "mean_deviation_m": 50.669810482216064,
        "p95_deviation_m": 251.97807144600566,
        "max_deviation_m": 487.7797987220024,
        "planned_distance_m": 20655.336054638443,
        "executed_distance_m": 19610.55323665,
        "additional_distance_m": -1044.7828179884418,
        "trajectory_conformity_ratio": -0.050581739034636586,
        "planned_horizontal_inefficiency_ratio": 0.3318272029274071,
        "executed_horizontal_inefficiency_ratio": 0.264461066909703,
        "executed_samples": 337
      },
      "geometry": {
        "type": "LineString",
        "coordinates": [
          [
            -46.680833,
            -23.591111
          ],
          [
            -46.692458,
            -23.585243
          ],
          [
            -46.699842,
            -23.612514
          ],
          [
            -46.712735,
            -23.611218
          ],
          [
            -46.751406,
            -23.607512
          ],
          [
            -46.809684,
            -23.591238
          ],
          [
            -46.807212,
            -23.579688
          ],
          [
            -46.8132,
            -23.569513
          ],
          [
            -46.819596,
            -23.562869
          ],
          [
            -46.830278,
            -23.564722
          ]
        ]
      }
    },
    {
      "type": "Feature",
      "properties": {
        "id": "PROMB_006",
        "flight_instance": "PROMB_006#0",
        "start_time": "20:31:11.00",
        "scenario": "produto2_C1_2025-11-09_off.scn",
        "waypoint_count": 9,
        "planned_flight_instance": "PROMB_006#0",
        "planned_start_time": "20:31:11.00",
        "vehicle_type": "helicoptero",
        "aircraft_model": "EC55",
        "start_time_delta_s": 0.0,
        "spatial_adherence_pct": 43.913043478260875,
        "planned_line_adherence_pct": 100.0,
        "adherence_reference": "official_reh_polygons",
        "mean_deviation_m": 56.81661895877118,
        "p95_deviation_m": 150.71507246931867,
        "max_deviation_m": 169.24467840848152,
        "planned_distance_m": 16532.896537309898,
        "executed_distance_m": 16000.44664195,
        "additional_distance_m": -532.4498953598977,
        "trajectory_conformity_ratio": -0.0322054816080361,
        "planned_horizontal_inefficiency_ratio": 0.2600305889513263,
        "executed_horizontal_inefficiency_ratio": 0.21945069699329148,
        "executed_samples": 230
      },
      "geometry": {
        "type": "LineString",
        "coordinates": [
          [
            -46.682222,
            -23.585278
          ],
          [
            -46.692498,
            -23.585297
          ],
          [
            -46.699921,
            -23.612668
          ],
          [
            -46.702161,
            -23.620571
          ],
          [
            -46.71228,
            -23.626616
          ],
          [
            -46.726108,
            -23.640325
          ],
          [
            -46.724402,
            -23.653053
          ],
          [
            -46.690012,
            -23.699694
          ],
          [
            -46.6925,
            -23.703056
          ]
        ]
      }
    },
    {
      "type": "Feature",
      "properties": {
        "id": "PRMKM_009",
        "flight_instance": "PRMKM_009#0",
        "start_time": "20:31:43.00",
        "scenario": "produto2_C1_2025-11-09_off.scn",
        "waypoint_count": 7,
        "planned_flight_instance": "PRMKM_009#0",
        "planned_start_time": "20:31:43.00",
        "vehicle_type": "helicoptero",
        "aircraft_model": "B429",
        "start_time_delta_s": 0.0,
        "spatial_adherence_pct": 61.76470588235294,
        "planned_line_adherence_pct": 80.58823529411765,
        "adherence_reference": "official_reh_polygons",
        "mean_deviation_m": 114.30901058418516,
        "p95_deviation_m": 441.32940262670684,
        "max_deviation_m": 480.536392063134,
        "planned_distance_m": 11160.378977493807,
        "executed_distance_m": 9633.47092334,
        "additional_distance_m": -1526.908054153806,
        "trajectory_conformity_ratio": -0.1368150720717453,
        "planned_horizontal_inefficiency_ratio": 0.5483120683103633,
        "executed_horizontal_inefficiency_ratio": 0.3364796410949279,
        "executed_samples": 170
      },
      "geometry": {
        "type": "LineString",
        "coordinates": [
          [
            -46.699167,
            -23.601667
          ],
          [
            -46.698989,
            -23.612946
          ],
          [
            -46.691581,
            -23.585508
          ],
          [
            -46.700338,
            -23.570707
          ],
          [
            -46.706363,
            -23.560632
          ],
          [
            -46.734497,
            -23.545433
          ],
          [
            -46.736944,
            -23.546667
          ]
        ]
      }
    },
    {
      "type": "Feature",
      "properties": {
        "id": "PRHDP",
        "flight_instance": "PRHDP#0",
        "start_time": "20:33:38.00",
        "scenario": "produto2_C1_2025-11-09_off.scn",
        "waypoint_count": 6,
        "planned_flight_instance": "PRHDP#0",
        "planned_start_time": "20:33:38.00",
        "vehicle_type": "helicoptero",
        "aircraft_model": "AS50",
        "start_time_delta_s": 0.0,
        "spatial_adherence_pct": 73.4375,
        "planned_line_adherence_pct": 100.0,
        "adherence_reference": "official_reh_polygons",
        "mean_deviation_m": 30.666291986787954,
        "p95_deviation_m": 121.95842850506166,
        "max_deviation_m": 177.1575930335776,
        "planned_distance_m": 8016.092511806814,
        "executed_distance_m": 7869.72393437,
        "additional_distance_m": -146.36857743681412,
        "trajectory_conformity_ratio": -0.018259342344319186,
        "planned_horizontal_inefficiency_ratio": 0.06297476979955136,
        "executed_horizontal_inefficiency_ratio": 0.04356554957440746,
        "executed_samples": 128
      },
      "geometry": {
        "type": "LineString",
        "coordinates": [
          [
            -46.680833,
            -23.591111
          ],
          [
            -46.691708,
            -23.585219
          ],
          [
            -46.700338,
            -23.570707
          ],
          [
            -46.706363,
            -23.560632
          ],
          [
            -46.734497,
            -23.545433
          ],
          [
            -46.736944,
            -23.546667
          ]
        ]
      }
    },
    {
      "type": "Feature",
      "properties": {
        "id": "EC1_0050",
        "flight_instance": "EC1_0050#0",
        "start_time": "20:35:00.00",
        "scenario": "produto2_C1_2025-11-09_off.scn",
        "waypoint_count": 20,
        "planned_flight_instance": "EC1_0050#0",
        "planned_start_time": "20:35:00.00",
        "vehicle_type": "eVTOL",
        "aircraft_model": "EVTOL",
        "start_time_delta_s": 0.0,
        "spatial_adherence_pct": 83.79814077025233,
        "planned_line_adherence_pct": 99.20318725099602,
        "adherence_reference": "official_reh_polygons",
        "mean_deviation_m": 23.551924883898913,
        "p95_deviation_m": 85.60386276813107,
        "max_deviation_m": 303.9705901262604,
        "planned_distance_m": 31133.764453844986,
        "executed_distance_m": 29711.93271478,
        "additional_distance_m": -1421.8317390649863,
        "trajectory_conformity_ratio": -0.04566848127770786,
        "planned_horizontal_inefficiency_ratio": 0.7426603872933871,
        "executed_horizontal_inefficiency_ratio": 0.6630757340228759,
        "executed_samples": 753
      },
      "geometry": {
        "type": "LineString",
        "coordinates": [
          [
            -46.655,
            -23.562222
          ],
          [
            -46.670253,
            -23.571249
          ],
          [
            -46.678469,
            -23.562044
          ],
          [
            -46.681254,
            -23.556691
          ],
          [
            -46.678868,
            -23.552963
          ],
          [
            -46.670344,
            -23.524761
          ],
          [
            -46.67633,
            -23.522493
          ],
          [
            -46.682605,
            -23.521447
          ],
          [
            -46.692085,
            -23.520419
          ],
          [
            -46.698562,
            -23.518796
          ],
          [
            -46.709231,
            -23.515456
          ],
          [
            -46.726172,
            -23.513321
          ],
          [
            -46.744128,
            -23.517113
          ],
          [
            -46.750374,
            -23.52499
          ],
          [
            -46.781185,
            -23.519766
          ],
          [
            -46.795617,
            -23.513778
          ],
          [
            -46.821362,
            -23.507764
          ],
          [
            -46.81814,
            -23.514459
          ],
          [
            -46.821212,
            -23.563658
          ],
          [
            -46.830278,
            -23.564722
          ]
        ]
      }
    },
    {
      "type": "Feature",
      "properties": {
        "id": "EC1_0055",
        "flight_instance": "EC1_0055#0",
        "start_time": "20:35:00.00",
        "scenario": "produto2_C1_2025-11-09_off.scn",
        "waypoint_count": 14,
        "planned_flight_instance": "EC1_0055#0",
        "planned_start_time": "20:35:00.00",
        "vehicle_type": "eVTOL",
        "aircraft_model": "EVTOL",
        "start_time_delta_s": 0.0,
        "spatial_adherence_pct": 61.12244897959184,
        "planned_line_adherence_pct": 93.87755102040816,
        "adherence_reference": "official_reh_polygons",
        "mean_deviation_m": 63.13736022656081,
        "p95_deviation_m": 277.1829532682989,
        "max_deviation_m": 404.43638331675515,
        "planned_distance_m": 34728.9572305601,
        "executed_distance_m": 33112.80357744,
        "additional_distance_m": -1616.1536531201054,
        "trajectory_conformity_ratio": -0.046536198665301544,
        "planned_horizontal_inefficiency_ratio": 0.4909629372755318,
        "executed_horizontal_inefficiency_ratio": 0.42157918982387615,
        "executed_samples": 980
      },
      "geometry": {
        "type": "LineString",
        "coordinates": [
          [
            -46.655,
            -23.562222
          ],
          [
            -46.670739,
            -23.571645
          ],
          [
            -46.65796,
            -23.582248
          ],
          [
            -46.650833,
            -23.592117
          ],
          [
            -46.638016,
            -23.582288
          ],
          [
            -46.627682,
            -23.57518
          ],
          [
            -46.614564,
            -23.55844
          ],
          [
            -46.610169,
            -23.552655
          ],
          [
            -46.616738,
            -23.544923
          ],
          [
            -46.575669,
            -23.539938
          ],
          [
            -46.557401,
            -23.523786
          ],
          [
            -46.541376,
            -23.503219
          ],
          [
            -46.468276,
            -23.481052
          ],
          [
            -46.473056,
            -23.435556
          ]
        ]
      }
    },
    {
      "type": "Feature",
      "properties": {
        "id": "PPSUN_001",
        "flight_instance": "PPSUN_001#0",
        "start_time": "20:37:42.00",
        "scenario": "produto2_C1_2025-11-09_off.scn",
        "waypoint_count": 19,
        "planned_flight_instance": "PPSUN_001#0",
        "planned_start_time": "20:37:42.00",
        "vehicle_type": "helicoptero",
        "aircraft_model": "A109",
        "start_time_delta_s": 0.0,
        "spatial_adherence_pct": 62.893081761006286,
        "planned_line_adherence_pct": 92.13836477987421,
        "adherence_reference": "official_reh_polygons",
        "mean_deviation_m": 77.9173608561008,
        "p95_deviation_m": 378.25348948212957,
        "max_deviation_m": 501.0104319485896,
        "planned_distance_m": 22678.326992789876,
        "executed_distance_m": 21479.93429834,
        "additional_distance_m": -1198.392694449878,
        "trajectory_conformity_ratio": -0.05284308206821796,
        "planned_horizontal_inefficiency_ratio": 0.3849114937327274,
        "executed_horizontal_inefficiency_ratio": 0.3117285020121906,
        "executed_samples": 318
      },
      "geometry": {
        "type": "LineString",
        "coordinates": [
          [
            -46.683889,
            -23.595833
          ],
          [
            -46.691655,
            -23.585284
          ],
          [
            -46.700338,
            -23.570707
          ],
          [
            -46.706363,
            -23.560632
          ],
          [
            -46.734437,
            -23.545467
          ],
          [
            -46.746866,
            -23.533391
          ],
          [
            -46.749087,
            -23.526381
          ],
          [
            -46.742985,
            -23.519104
          ],
          [
            -46.725265,
            -23.515259
          ],
          [
            -46.731696,
            -23.50713
          ],
          [
            -46.743982,
            -23.506437
          ],
          [
            -46.75222,
            -23.504262
          ],
          [
            -46.754052,
            -23.497111
          ],
          [
            -46.758475,
            -23.492906
          ],
          [
            -46.765319,
            -23.490964
          ],
          [
            -46.768251,
            -23.485298
          ],
          [
            -46.769169,
            -23.47516
          ],
          [
            -46.777452,
            -23.470231
          ],
          [
            -46.781111,
            -23.478611
          ]
        ]
      }
    },
    {
      "type": "Feature",
      "properties": {
        "id": "EC1_0148",
        "flight_instance": "EC1_0148#0",
        "start_time": "20:38:00.00",
        "scenario": "produto2_C1_2025-11-09_off.scn",
        "waypoint_count": 7,
        "planned_flight_instance": "EC1_0148#0",
        "planned_start_time": "20:38:00.00",
        "vehicle_type": "eVTOL",
        "aircraft_model": "EVTOL",
        "start_time_delta_s": 0.0,
        "spatial_adherence_pct": 44.4043321299639,
        "planned_line_adherence_pct": 96.38989169675091,
        "adherence_reference": "official_reh_polygons",
        "mean_deviation_m": 68.87660182683302,
        "p95_deviation_m": 221.1839855149094,
        "max_deviation_m": 355.1820030442265,
        "planned_distance_m": 9423.22538876213,
        "executed_distance_m": 8158.88071884,
        "additional_distance_m": -1264.3446699221304,
        "trajectory_conformity_ratio": -0.1341732387543178,
        "planned_horizontal_inefficiency_ratio": 0.9240018658830419,
        "executed_horizontal_inefficiency_ratio": 0.6658523041681635,
        "executed_samples": 277
      },
      "geometry": {
        "type": "LineString",
        "coordinates": [
          [
            -46.656389,
            -23.626111
          ],
          [
            -46.669092,
            -23.633166
          ],
          [
            -46.677804,
            -23.62275
          ],
          [
            -46.687891,
            -23.614942
          ],
          [
            -46.698957,
            -23.612724
          ],
          [
            -46.691649,
            -23.585749
          ],
          [
            -46.685556,
            -23.591111
          ]
        ]
      }
    },
    {
      "type": "Feature",
      "properties": {
        "id": "EC1_0167",
        "flight_instance": "EC1_0167#0",
        "start_time": "20:38:00.00",
        "scenario": "produto2_C1_2025-11-09_off.scn",
        "waypoint_count": 27,
        "planned_flight_instance": "EC1_0167#0",
        "planned_start_time": "20:38:00.00",
        "vehicle_type": "eVTOL",
        "aircraft_model": "EVTOL",
        "start_time_delta_s": 0.0,
        "spatial_adherence_pct": 79.08286403861625,
        "planned_line_adherence_pct": 100.0,
        "adherence_reference": "official_reh_polygons",
        "mean_deviation_m": 6.308739679368362,
        "p95_deviation_m": 25.08410011051689,
        "max_deviation_m": 81.00376736944034,
        "planned_distance_m": 47407.83246597228,
        "executed_distance_m": 47224.87673633,
        "additional_distance_m": -182.95572964227904,
        "trajectory_conformity_ratio": -0.0038591878203585537,
        "planned_horizontal_inefficiency_ratio": 0.7099696313524825,
        "executed_horizontal_inefficiency_ratio": 0.703370537377984,
        "executed_samples": 1243
      },
      "geometry": {
        "type": "LineString",
        "coordinates": [
          [
            -46.473056,
            -23.435556
          ],
          [
            -46.470057,
            -23.479504
          ],
          [
            -46.542513,
            -23.501225
          ],
          [
            -46.559266,
            -23.522325
          ],
          [
            -46.576553,
            -23.537839
          ],
          [
            -46.617141,
            -23.542766
          ],
          [
            -46.635058,
            -23.534875
          ],
          [
            -46.639567,
            -23.533164
          ],
          [
            -46.642444,
            -23.529251
          ],
          [
            -46.645476,
            -23.527575
          ],
          [
            -46.651833,
            -23.527834
          ],
          [
            -46.659691,
            -23.525779
          ],
          [
            -46.670751,
            -23.524279
          ],
          [
            -46.67633,
            -23.522493
          ],
          [
            -46.682605,
            -23.521447
          ],
          [
            -46.692085,
            -23.520419
          ],
          [
            -46.698562,
            -23.518796
          ],
          [
            -46.709231,
            -23.515456
          ],
          [
            -46.726172,
            -23.513321
          ],
          [
            -46.744128,
            -23.517113
          ],
          [
            -46.751469,
            -23.525841
          ],
          [
            -46.748854,
            -23.534709
          ],
          [
            -46.735007,
            -23.5462
          ],
          [
            -46.706979,
            -23.561333
          ],
          [
            -46.7012,
            -23.571137
          ],
          [
            -46.692476,
            -23.585777
          ],
          [
            -46.685556,
            -23.591111
          ]
        ]
      }
    },
    {
      "type": "Feature",
      "properties": {
        "id": "EC1_0119",
        "flight_instance": "EC1_0119#0",
        "start_time": "20:39:00.00",
        "scenario": "produto2_C1_2025-11-09_off.scn",
        "waypoint_count": 10,
        "planned_flight_instance": "EC1_0119#0",
        "planned_start_time": "20:39:00.00",
        "vehicle_type": "eVTOL",
        "aircraft_model": "EVTOL",
        "start_time_delta_s": 0.0,
        "spatial_adherence_pct": 72.83702213279678,
        "planned_line_adherence_pct": 100.0,
        "adherence_reference": "official_reh_polygons",
        "mean_deviation_m": 24.38628404038306,
        "p95_deviation_m": 139.7512895308327,
        "max_deviation_m": 203.99498157766905,
        "planned_distance_m": 17829.954797231614,
        "executed_distance_m": 16087.53471098,
        "additional_distance_m": -1742.4200862516136,
        "trajectory_conformity_ratio": -0.09772431316102675,
        "planned_horizontal_inefficiency_ratio": 0.8339782601179861,
        "executed_horizontal_inefficiency_ratio": 0.6547539942957011,
        "executed_samples": 497
      },
      "geometry": {
        "type": "LineString",
        "coordinates": [
          [
            -46.830278,
            -23.564722
          ],
          [
            -46.818827,
            -23.564191
          ],
          [
            -46.815687,
            -23.514407
          ],
          [
            -46.821415,
            -23.510014
          ],
          [
            -46.79638,
            -23.515916
          ],
          [
            -46.781822,
            -23.521939
          ],
          [
            -46.75076,
            -23.527145
          ],
          [
            -46.748854,
            -23.534709
          ],
          [
            -46.735684,
            -23.546532
          ],
          [
            -46.736944,
            -23.546667
          ]
        ]
      }
    },
    {
      "type": "Feature",
      "properties": {
        "id": "EC1_0073",
        "flight_instance": "EC1_0073#0",
        "start_time": "20:41:00.00",
        "scenario": "produto2_C1_2025-11-09_off.scn",
        "waypoint_count": 20,
        "planned_flight_instance": "EC1_0073#0",
        "planned_start_time": "20:41:00.00",
        "vehicle_type": "eVTOL",
        "aircraft_model": "EVTOL",
        "start_time_delta_s": 0.0,
        "spatial_adherence_pct": 65.80937972768533,
        "planned_line_adherence_pct": 100.0,
        "adherence_reference": "official_reh_polygons",
        "mean_deviation_m": 30.570365244389606,
        "p95_deviation_m": 153.9193914275658,
        "max_deviation_m": 226.66642923465062,
        "planned_distance_m": 26266.560582715785,
        "executed_distance_m": 25477.54143557,
        "additional_distance_m": -789.0191471457838,
        "trajectory_conformity_ratio": -0.03003892133730607,
        "planned_horizontal_inefficiency_ratio": 4.870943612998789,
        "executed_horizontal_inefficiency_ratio": 4.694586799632159,
        "executed_samples": 661
      },
      "geometry": {
        "type": "LineString",
        "coordinates": [
          [
            -46.685556,
            -23.591111
          ],
          [
            -46.691668,
            -23.585265
          ],
          [
            -46.700338,
            -23.570707
          ],
          [
            -46.706363,
            -23.560632
          ],
          [
            -46.734437,
            -23.545467
          ],
          [
            -46.746866,
            -23.533391
          ],
          [
            -46.749087,
            -23.526381
          ],
          [
            -46.742985,
            -23.519104
          ],
          [
            -46.72605,
            -23.515568
          ],
          [
            -46.709753,
            -23.517655
          ],
          [
            -46.6993,
            -23.520942
          ],
          [
            -46.692524,
            -23.522632
          ],
          [
            -46.682954,
            -23.523674
          ],
          [
            -46.676805,
            -23.5247
          ],
          [
            -46.671322,
            -23.524683
          ],
          [
            -46.679805,
            -23.552694
          ],
          [
            -46.682234,
            -23.556732
          ],
          [
            -46.679272,
            -23.562561
          ],
          [
            -46.670249,
            -23.572148
          ],
          [
            -46.655,
            -23.562222
          ]
        ]
      }
    },
    {
      "type": "Feature",
      "properties": {
        "id": "PROMH_007",
        "flight_instance": "PROMH_007#0",
        "start_time": "20:41:55.00",
        "scenario": "produto2_C1_2025-11-09_off.scn",
        "waypoint_count": 19,
        "planned_flight_instance": "PROMH_007#0",
        "planned_start_time": "20:41:55.00",
        "vehicle_type": "helicoptero",
        "aircraft_model": "EC55",
        "start_time_delta_s": 0.0,
        "spatial_adherence_pct": 43.523316062176164,
        "planned_line_adherence_pct": 73.40241796200345,
        "adherence_reference": "official_reh_polygons",
        "mean_deviation_m": 166.71243267225145,
        "p95_deviation_m": 639.3605671393992,
        "max_deviation_m": 742.2166712641708,
        "planned_distance_m": 41473.34589585486,
        "executed_distance_m": 39137.49747704,
        "additional_distance_m": -2335.8484188148577,
        "trajectory_conformity_ratio": -0.05632167765486023,
        "planned_horizontal_inefficiency_ratio": 1.482577607375339,
        "executed_horizontal_inefficiency_ratio": 1.342754671619571,
        "executed_samples": 579
      },
      "geometry": {
        "type": "LineString",
        "coordinates": [
          [
            -46.653056,
            -23.557222
          ],
          [
            -46.670735,
            -23.571624
          ],
          [
            -46.65796,
            -23.582248
          ],
          [
            -46.650833,
            -23.592117
          ],
          [
            -46.638016,
            -23.582288
          ],
          [
            -46.627682,
            -23.57518
          ],
          [
            -46.614564,
            -23.55844
          ],
          [
            -46.612201,
            -23.553621
          ],
          [
            -46.605043,
            -23.567604
          ],
          [
            -46.599279,
            -23.586761
          ],
          [
            -46.601779,
            -23.603514
          ],
          [
            -46.60251,
            -23.620927
          ],
          [
            -46.59658,
            -23.636235
          ],
          [
            -46.584352,
            -23.646914
          ],
          [
            -46.573805,
            -23.665984
          ],
          [
            -46.60796,
            -23.721804
          ],
          [
            -46.674299,
            -23.702626
          ],
          [
            -46.68894,
            -23.698021
          ],
          [
            -46.6925,
            -23.703056
          ]
        ]
      }
    },
    {
      "type": "Feature",
      "properties": {
        "id": "PSBOS_003",
        "flight_instance": "PSBOS_003#0",
        "start_time": "20:43:29.00",
        "scenario": "produto2_C1_2025-11-09_off.scn",
        "waypoint_count": 19,
        "planned_flight_instance": "PSBOS_003#0",
        "planned_start_time": "20:43:29.00",
        "vehicle_type": "helicoptero",
        "aircraft_model": "AS50",
        "start_time_delta_s": 0.0,
        "spatial_adherence_pct": 62.0,
        "planned_line_adherence_pct": 91.71428571428571,
        "adherence_reference": "official_reh_polygons",
        "mean_deviation_m": 94.05015939108296,
        "p95_deviation_m": 378.01084609690975,
        "max_deviation_m": 593.5886677112892,
        "planned_distance_m": 22541.79242236932,
        "executed_distance_m": 21520.63822161,
        "additional_distance_m": -1021.1542007593198,
        "trajectory_conformity_ratio": -0.04530048816109134,
        "planned_horizontal_inefficiency_ratio": 0.3953052902382543,
        "executed_horizontal_inefficiency_ratio": 0.33209727945670814,
        "executed_samples": 350
      },
      "geometry": {
        "type": "LineString",
        "coordinates": [
          [
            -46.680833,
            -23.591111
          ],
          [
            -46.691708,
            -23.585219
          ],
          [
            -46.700338,
            -23.570707
          ],
          [
            -46.706363,
            -23.560632
          ],
          [
            -46.734437,
            -23.545467
          ],
          [
            -46.746866,
            -23.533391
          ],
          [
            -46.749087,
            -23.526381
          ],
          [
            -46.742985,
            -23.519104
          ],
          [
            -46.725265,
            -23.515259
          ],
          [
            -46.731696,
            -23.50713
          ],
          [
            -46.743982,
            -23.506437
          ],
          [
            -46.75222,
            -23.504262
          ],
          [
            -46.754052,
            -23.497111
          ],
          [
            -46.758475,
            -23.492906
          ],
          [
            -46.765319,
            -23.490964
          ],
          [
            -46.768251,
            -23.485298
          ],
          [
            -46.769169,
            -23.47516
          ],
          [
            -46.777452,
            -23.470231
          ],
          [
            -46.781111,
            -23.478611
          ]
        ]
      }
    },
    {
      "type": "Feature",
      "properties": {
        "id": "PROOE_007",
        "flight_instance": "PROOE_007#0",
        "start_time": "20:45:36.00",
        "scenario": "produto2_C1_2025-11-09_off.scn",
        "waypoint_count": 11,
        "planned_flight_instance": "PROOE_007#0",
        "planned_start_time": "20:45:36.00",
        "vehicle_type": "helicoptero",
        "aircraft_model": "EC35",
        "start_time_delta_s": 0.0,
        "spatial_adherence_pct": 66.21621621621621,
        "planned_line_adherence_pct": 100.0,
        "adherence_reference": "official_reh_polygons",
        "mean_deviation_m": 18.76378120929192,
        "p95_deviation_m": 76.89035326729704,
        "max_deviation_m": 156.782999579894,
        "planned_distance_m": 28021.41218207145,
        "executed_distance_m": 27620.24866557,
        "additional_distance_m": -401.1635165014486,
        "trajectory_conformity_ratio": -0.014316320458614126,
        "planned_horizontal_inefficiency_ratio": 0.5359905353461653,
        "executed_horizontal_inefficiency_ratio": 0.5140008026207513,
        "executed_samples": 592
      },
      "geometry": {
        "type": "LineString",
        "coordinates": [
          [
            -46.473056,
            -23.435556
          ],
          [
            -46.470057,
            -23.479504
          ],
          [
            -46.542513,
            -23.501225
          ],
          [
            -46.559266,
            -23.522325
          ],
          [
            -46.576553,
            -23.537839
          ],
          [
            -46.617141,
            -23.542766
          ],
          [
            -46.635058,
            -23.534875
          ],
          [
            -46.639567,
            -23.533164
          ],
          [
            -46.642444,
            -23.529251
          ],
          [
            -46.6451,
            -23.5282
          ],
          [
            -46.633,
            -23.509
          ]
        ]
      }
    },
    {
      "type": "Feature",
      "properties": {
        "id": "PRSBK_005",
        "flight_instance": "PRSBK_005#0",
        "start_time": "20:45:54.00",
        "scenario": "produto2_C1_2025-11-09_off.scn",
        "waypoint_count": 10,
        "planned_flight_instance": "PRSBK_005#0",
        "planned_start_time": "20:45:54.00",
        "vehicle_type": "helicoptero",
        "aircraft_model": "B429",
        "start_time_delta_s": 0.0,
        "spatial_adherence_pct": 55.4858934169279,
        "planned_line_adherence_pct": 84.01253918495298,
        "adherence_reference": "official_reh_polygons",
        "mean_deviation_m": 112.6785094423362,
        "p95_deviation_m": 403.9305313206689,
        "max_deviation_m": 483.66907345767174,
        "planned_distance_m": 19919.243540783325,
        "executed_distance_m": 18894.50102094,
        "additional_distance_m": -1024.7425198433266,
        "trajectory_conformity_ratio": -0.051444851193532246,
        "planned_horizontal_inefficiency_ratio": 0.3734079624790425,
        "executed_horizontal_inefficiency_ratio": 0.3027531942212959,
        "executed_samples": 319
      },
      "geometry": {
        "type": "LineString",
        "coordinates": [
          [
            -46.690833,
            -23.590833
          ],
          [
            -46.692534,
            -23.585369
          ],
          [
            -46.699842,
            -23.612514
          ],
          [
            -46.712735,
            -23.611218
          ],
          [
            -46.751406,
            -23.607512
          ],
          [
            -46.809684,
            -23.591238
          ],
          [
            -46.807212,
            -23.579688
          ],
          [
            -46.8132,
            -23.569513
          ],
          [
            -46.819596,
            -23.562869
          ],
          [
            -46.830278,
            -23.564722
          ]
        ]
      }
    },
    {
      "type": "Feature",
      "properties": {
        "id": "EC1_0074",
        "flight_instance": "EC1_0074#0",
        "start_time": "20:46:00.00",
        "scenario": "produto2_C1_2025-11-09_off.scn",
        "waypoint_count": 20,
        "planned_flight_instance": "EC1_0074#0",
        "planned_start_time": "20:46:00.00",
        "vehicle_type": "eVTOL",
        "aircraft_model": "EVTOL",
        "start_time_delta_s": 0.0,
        "spatial_adherence_pct": 65.80937972768533,
        "planned_line_adherence_pct": 100.0,
        "adherence_reference": "official_reh_polygons",
        "mean_deviation_m": 30.570365244389606,
        "p95_deviation_m": 153.9193914275658,
        "max_deviation_m": 226.66642923465062,
        "planned_distance_m": 26266.560582715785,
        "executed_distance_m": 25477.54143557,
        "additional_distance_m": -789.0191471457838,
        "trajectory_conformity_ratio": -0.03003892133730607,
        "planned_horizontal_inefficiency_ratio": 4.870943612998789,
        "executed_horizontal_inefficiency_ratio": 4.694586799632159,
        "executed_samples": 661
      },
      "geometry": {
        "type": "LineString",
        "coordinates": [
          [
            -46.685556,
            -23.591111
          ],
          [
            -46.691668,
            -23.585265
          ],
          [
            -46.700338,
            -23.570707
          ],
          [
            -46.706363,
            -23.560632
          ],
          [
            -46.734437,
            -23.545467
          ],
          [
            -46.746866,
            -23.533391
          ],
          [
            -46.749087,
            -23.526381
          ],
          [
            -46.742985,
            -23.519104
          ],
          [
            -46.72605,
            -23.515568
          ],
          [
            -46.709753,
            -23.517655
          ],
          [
            -46.6993,
            -23.520942
          ],
          [
            -46.692524,
            -23.522632
          ],
          [
            -46.682954,
            -23.523674
          ],
          [
            -46.676805,
            -23.5247
          ],
          [
            -46.671322,
            -23.524683
          ],
          [
            -46.679805,
            -23.552694
          ],
          [
            -46.682234,
            -23.556732
          ],
          [
            -46.679272,
            -23.562561
          ],
          [
            -46.670249,
            -23.572148
          ],
          [
            -46.655,
            -23.562222
          ]
        ]
      }
    },
    {
      "type": "Feature",
      "properties": {
        "id": "PSGSK_004",
        "flight_instance": "PSGSK_004#0",
        "start_time": "20:46:50.00",
        "scenario": "produto2_C1_2025-11-09_off.scn",
        "waypoint_count": 19,
        "planned_flight_instance": "PSGSK_004#0",
        "planned_start_time": "20:46:50.00",
        "vehicle_type": "helicoptero",
        "aircraft_model": "R66",
        "start_time_delta_s": 0.0,
        "spatial_adherence_pct": 71.88328912466844,
        "planned_line_adherence_pct": 97.34748010610079,
        "adherence_reference": "official_reh_polygons",
        "mean_deviation_m": 53.61612889972114,
        "p95_deviation_m": 204.0904951498037,
        "max_deviation_m": 324.6700509017025,
        "planned_distance_m": 22541.79242236932,
        "executed_distance_m": 20839.80712748,
        "additional_distance_m": -1701.9852948893204,
        "trajectory_conformity_ratio": -0.07550354749963704,
        "planned_horizontal_inefficiency_ratio": 0.3953201574168098,
        "executed_horizontal_inefficiency_ratio": 0.2899685356340887,
        "executed_samples": 377
      },
      "geometry": {
        "type": "LineString",
        "coordinates": [
          [
            -46.680833,
            -23.591111
          ],
          [
            -46.691708,
            -23.585219
          ],
          [
            -46.700338,
            -23.570707
          ],
          [
            -46.706363,
            -23.560632
          ],
          [
            -46.734437,
            -23.545467
          ],
          [
            -46.746866,
            -23.533391
          ],
          [
            -46.749087,
            -23.526381
          ],
          [
            -46.742985,
            -23.519104
          ],
          [
            -46.725265,
            -23.515259
          ],
          [
            -46.731696,
            -23.50713
          ],
          [
            -46.743982,
            -23.506437
          ],
          [
            -46.75222,
            -23.504262
          ],
          [
            -46.754052,
            -23.497111
          ],
          [
            -46.758475,
            -23.492906
          ],
          [
            -46.765319,
            -23.490964
          ],
          [
            -46.768251,
            -23.485298
          ],
          [
            -46.769169,
            -23.47516
          ],
          [
            -46.777452,
            -23.470231
          ],
          [
            -46.781111,
            -23.478611
          ]
        ]
      }
    },
    {
      "type": "Feature",
      "properties": {
        "id": "PSHAH_007",
        "flight_instance": "PSHAH_007#0",
        "start_time": "20:47:05.00",
        "scenario": "produto2_C1_2025-11-09_off.scn",
        "waypoint_count": 19,
        "planned_flight_instance": "PSHAH_007#0",
        "planned_start_time": "20:47:05.00",
        "vehicle_type": "helicoptero",
        "aircraft_model": "EC45",
        "start_time_delta_s": 0.0,
        "spatial_adherence_pct": 60.16150740242261,
        "planned_line_adherence_pct": 88.02153432032301,
        "adherence_reference": "official_reh_polygons",
        "mean_deviation_m": 82.67192815840652,
        "p95_deviation_m": 338.38739868675515,
        "max_deviation_m": 426.41037664013595,
        "planned_distance_m": 40426.95659154687,
        "executed_distance_m": 38358.69902689,
        "additional_distance_m": -2068.257564656873,
        "trajectory_conformity_ratio": -0.05116035781653022,
        "planned_horizontal_inefficiency_ratio": 2.032651865123662,
        "executed_horizontal_inefficiency_ratio": 1.8775003105709676,
        "executed_samples": 743
      },
      "geometry": {
        "type": "LineString",
        "coordinates": [
          [
            -46.675556,
            -23.584167
          ],
          [
            -46.670186,
            -23.572144
          ],
          [
            -46.65796,
            -23.582248
          ],
          [
            -46.650833,
            -23.592117
          ],
          [
            -46.638016,
            -23.582288
          ],
          [
            -46.627682,
            -23.57518
          ],
          [
            -46.614564,
            -23.55844
          ],
          [
            -46.612201,
            -23.553621
          ],
          [
            -46.605043,
            -23.567604
          ],
          [
            -46.599279,
            -23.586761
          ],
          [
            -46.601779,
            -23.603514
          ],
          [
            -46.60251,
            -23.620927
          ],
          [
            -46.59658,
            -23.636235
          ],
          [
            -46.584352,
            -23.646914
          ],
          [
            -46.573805,
            -23.665984
          ],
          [
            -46.60796,
            -23.721804
          ],
          [
            -46.674299,
            -23.702626
          ],
          [
            -46.68894,
            -23.698021
          ],
          [
            -46.6925,
            -23.703056
          ]
        ]
      }
    },
    {
      "type": "Feature",
      "properties": {
        "id": "PRCRU",
        "flight_instance": "PRCRU#0",
        "start_time": "20:51:32.00",
        "scenario": "produto2_C1_2025-11-09_off.scn",
        "waypoint_count": 10,
        "planned_flight_instance": "PRCRU#0",
        "planned_start_time": "20:51:32.00",
        "vehicle_type": "helicoptero",
        "aircraft_model": "A109",
        "start_time_delta_s": 0.0,
        "spatial_adherence_pct": 58.76288659793815,
        "planned_line_adherence_pct": 93.47079037800687,
        "adherence_reference": "official_reh_polygons",
        "mean_deviation_m": 59.59750105738106,
        "p95_deviation_m": 308.85595456986096,
        "max_deviation_m": 551.4193031681715,
        "planned_distance_m": 20393.85376247293,
        "executed_distance_m": 19389.06368538,
        "additional_distance_m": -1004.79007709293,
        "trajectory_conformity_ratio": -0.04926925968949827,
        "planned_horizontal_inefficiency_ratio": 0.3460055188881467,
        "executed_horizontal_inefficiency_ratio": 0.2796888234345487,
        "executed_samples": 291
      },
      "geometry": {
        "type": "LineString",
        "coordinates": [
          [
            -46.682694,
            -23.581194
          ],
          [
            -46.692514,
            -23.585324
          ],
          [
            -46.699842,
            -23.612514
          ],
          [
            -46.712735,
            -23.611218
          ],
          [
            -46.751406,
            -23.607512
          ],
          [
            -46.809684,
            -23.591238
          ],
          [
            -46.807212,
            -23.579688
          ],
          [
            -46.8132,
            -23.569513
          ],
          [
            -46.819596,
            -23.562869
          ],
          [
            -46.830278,
            -23.564722
          ]
        ]
      }
    },
    {
      "type": "Feature",
      "properties": {
        "id": "PSEII_006",
        "flight_instance": "PSEII_006#0",
        "start_time": "20:51:39.00",
        "scenario": "produto2_C1_2025-11-09_off.scn",
        "waypoint_count": 9,
        "planned_flight_instance": "PSEII_006#0",
        "planned_start_time": "20:51:39.00",
        "vehicle_type": "helicoptero",
        "aircraft_model": "AS50",
        "start_time_delta_s": 0.0,
        "spatial_adherence_pct": 41.69741697416974,
        "planned_line_adherence_pct": 100.0,
        "adherence_reference": "official_reh_polygons",
        "mean_deviation_m": 42.7569619536226,
        "p95_deviation_m": 108.46307410810681,
        "max_deviation_m": 136.0092748207881,
        "planned_distance_m": 16844.96062058117,
        "executed_distance_m": 16232.14584238,
        "additional_distance_m": -612.8147782011692,
        "trajectory_conformity_ratio": -0.03637970975440764,
        "planned_horizontal_inefficiency_ratio": 0.34916872299902496,
        "executed_horizontal_inefficiency_ratio": 0.30008635644659565,
        "executed_samples": 271
      },
      "geometry": {
        "type": "LineString",
        "coordinates": [
          [
            -46.680833,
            -23.591111
          ],
          [
            -46.692458,
            -23.585243
          ],
          [
            -46.699921,
            -23.612668
          ],
          [
            -46.702161,
            -23.620571
          ],
          [
            -46.71228,
            -23.626616
          ],
          [
            -46.726108,
            -23.640325
          ],
          [
            -46.724402,
            -23.653053
          ],
          [
            -46.690012,
            -23.699694
          ],
          [
            -46.6925,
            -23.703056
          ]
        ]
      }
    },
    {
      "type": "Feature",
      "properties": {
        "id": "PTEGB_007",
        "flight_instance": "PTEGB_007#0",
        "start_time": "20:52:08.00",
        "scenario": "produto2_C1_2025-11-09_off.scn",
        "waypoint_count": 19,
        "planned_flight_instance": "PTEGB_007#0",
        "planned_start_time": "20:52:08.00",
        "vehicle_type": "helicoptero",
        "aircraft_model": "EC45",
        "start_time_delta_s": 0.0,
        "spatial_adherence_pct": 73.29842931937172,
        "planned_line_adherence_pct": 97.90575916230367,
        "adherence_reference": "official_reh_polygons",
        "mean_deviation_m": 38.17623940066869,
        "p95_deviation_m": 177.3629218473178,
        "max_deviation_m": 334.4328250383679,
        "planned_distance_m": 19883.080380574585,
        "executed_distance_m": 18899.36459819,
        "additional_distance_m": -983.7157823845846,
        "trajectory_conformity_ratio": -0.04947501913967301,
        "planned_horizontal_inefficiency_ratio": 0.3535226918253154,
        "executed_horizontal_inefficiency_ratio": 0.2865571307412762,
        "executed_samples": 382
      },
      "geometry": {
        "type": "LineString",
        "coordinates": [
          [
            -46.661667,
            -23.5525
          ],
          [
            -46.678867,
            -23.552698
          ],
          [
            -46.670344,
            -23.524761
          ],
          [
            -46.67633,
            -23.522493
          ],
          [
            -46.682605,
            -23.521447
          ],
          [
            -46.692085,
            -23.520419
          ],
          [
            -46.698562,
            -23.518796
          ],
          [
            -46.709231,
            -23.515456
          ],
          [
            -46.725652,
            -23.513401
          ],
          [
            -46.731696,
            -23.50713
          ],
          [
            -46.743982,
            -23.506437
          ],
          [
            -46.75222,
            -23.504262
          ],
          [
            -46.754052,
            -23.497111
          ],
          [
            -46.758475,
            -23.492906
          ],
          [
            -46.765319,
            -23.490964
          ],
          [
            -46.768251,
            -23.485298
          ],
          [
            -46.769169,
            -23.47516
          ],
          [
            -46.777452,
            -23.470231
          ],
          [
            -46.781111,
            -23.478611
          ]
        ]
      }
    },
    {
      "type": "Feature",
      "properties": {
        "id": "EC1_0061",
        "flight_instance": "EC1_0061#0",
        "start_time": "20:54:00.00",
        "scenario": "produto2_C1_2025-11-09_off.scn",
        "waypoint_count": 12,
        "planned_flight_instance": "EC1_0061#0",
        "planned_start_time": "20:54:00.00",
        "vehicle_type": "eVTOL",
        "aircraft_model": "EVTOL",
        "start_time_delta_s": 0.0,
        "spatial_adherence_pct": 76.64473684210526,
        "planned_line_adherence_pct": 94.4078947368421,
        "adherence_reference": "official_reh_polygons",
        "mean_deviation_m": 38.07782239768814,
        "p95_deviation_m": 268.49576339917013,
        "max_deviation_m": 401.7788829656866,
        "planned_distance_m": 26084.152548635113,
        "executed_distance_m": 24637.57672756,
        "additional_distance_m": -1446.575821075112,
        "trajectory_conformity_ratio": -0.05545803408325818,
        "planned_horizontal_inefficiency_ratio": 0.24471534841749693,
        "executed_horizontal_inefficiency_ratio": 0.17568588220100478,
        "executed_samples": 608
      },
      "geometry": {
        "type": "LineString",
        "coordinates": [
          [
            -46.685556,
            -23.591111
          ],
          [
            -46.691668,
            -23.585265
          ],
          [
            -46.700338,
            -23.570707
          ],
          [
            -46.706363,
            -23.560632
          ],
          [
            -46.734437,
            -23.545467
          ],
          [
            -46.746866,
            -23.533391
          ],
          [
            -46.749795,
            -23.525077
          ],
          [
            -46.781185,
            -23.519766
          ],
          [
            -46.795617,
            -23.513778
          ],
          [
            -46.821227,
            -23.507774
          ],
          [
            -46.875972,
            -23.504073
          ],
          [
            -46.856667,
            -23.486667
          ]
        ]
      }
    },
    {
      "type": "Feature",
      "properties": {
        "id": "PRYJS_001",
        "flight_instance": "PRYJS_001#0",
        "start_time": "20:58:57.00",
        "scenario": "produto2_C1_2025-11-09_off.scn",
        "waypoint_count": 15,
        "planned_flight_instance": "PRYJS_001#0",
        "planned_start_time": "20:58:57.00",
        "vehicle_type": "helicoptero",
        "aircraft_model": "AS50",
        "start_time_delta_s": 0.0,
        "spatial_adherence_pct": 66.49214659685863,
        "planned_line_adherence_pct": 91.97207678883072,
        "adherence_reference": "official_reh_polygons",
        "mean_deviation_m": 49.9005684734602,
        "p95_deviation_m": 367.8159042344733,
        "max_deviation_m": 571.9987314972248,
        "planned_distance_m": 35405.38872285966,
        "executed_distance_m": 34396.80255328,
        "additional_distance_m": -1008.5861695796557,
        "trajectory_conformity_ratio": -0.02848679836491831,
        "planned_horizontal_inefficiency_ratio": 0.17612048628374918,
        "executed_horizontal_inefficiency_ratio": 0.14261657913813436,
        "executed_samples": 573
      },
      "geometry": {
        "type": "LineString",
        "coordinates": [
          [
            -46.656389,
            -23.626111
          ],
          [
            -46.669092,
            -23.633166
          ],
          [
            -46.677804,
            -23.62275
          ],
          [
            -46.687891,
            -23.614942
          ],
          [
            -46.699366,
            -23.612334
          ],
          [
            -46.712562,
            -23.611263
          ],
          [
            -46.722716,
            -23.601923
          ],
          [
            -46.747069,
            -23.557007
          ],
          [
            -46.754789,
            -23.548019
          ],
          [
            -46.749359,
            -23.525366
          ],
          [
            -46.781185,
            -23.519766
          ],
          [
            -46.795617,
            -23.513778
          ],
          [
            -46.821227,
            -23.507774
          ],
          [
            -46.876584,
            -23.503878
          ],
          [
            -46.919361,
            -23.502806
          ]
        ]
      }
    },
    {
      "type": "Feature",
      "properties": {
        "id": "EC1_0022",
        "flight_instance": "EC1_0022#0",
        "start_time": "21:00:00.00",
        "scenario": "produto2_C1_2025-11-09_off.scn",
        "waypoint_count": 9,
        "planned_flight_instance": "EC1_0022#0",
        "planned_start_time": "21:00:00.00",
        "vehicle_type": "eVTOL",
        "aircraft_model": "EVTOL",
        "start_time_delta_s": 0.0,
        "spatial_adherence_pct": 73.4290843806104,
        "planned_line_adherence_pct": 100.0,
        "adherence_reference": "official_reh_polygons",
        "mean_deviation_m": 10.187879703684676,
        "p95_deviation_m": 50.835042257187425,
        "max_deviation_m": 106.05104119901699,
        "planned_distance_m": 19084.076250720507,
        "executed_distance_m": 18502.98132552,
        "additional_distance_m": -581.0949252005084,
        "trajectory_conformity_ratio": -0.030449203700837736,
        "planned_horizontal_inefficiency_ratio": 0.37188382665978764,
        "executed_horizontal_inefficiency_ratio": 0.330111056567939,
        "executed_samples": 557
      },
      "geometry": {
        "type": "LineString",
        "coordinates": [
          [
            -46.856667,
            -23.486667
          ],
          [
            -46.877361,
            -23.505927
          ],
          [
            -46.821551,
            -23.510004
          ],
          [
            -46.79638,
            -23.515916
          ],
          [
            -46.781822,
            -23.521939
          ],
          [
            -46.75076,
            -23.527145
          ],
          [
            -46.748854,
            -23.534709
          ],
          [
            -46.735684,
            -23.546532
          ],
          [
            -46.736944,
            -23.546667
          ]
        ]
      }
    },
    {
      "type": "Feature",
      "properties": {
        "id": "EC1_0086",
        "flight_instance": "EC1_0086#0",
        "start_time": "21:00:00.00",
        "scenario": "produto2_C1_2025-11-09_off.scn",
        "waypoint_count": 27,
        "planned_flight_instance": "EC1_0086#0",
        "planned_start_time": "21:00:00.00",
        "vehicle_type": "eVTOL",
        "aircraft_model": "EVTOL",
        "start_time_delta_s": 0.0,
        "spatial_adherence_pct": 78.1896551724138,
        "planned_line_adherence_pct": 100.0,
        "adherence_reference": "official_reh_polygons",
        "mean_deviation_m": 22.420024982593276,
        "p95_deviation_m": 134.64614367175895,
        "max_deviation_m": 189.2984249439732,
        "planned_distance_m": 47250.35096749387,
        "executed_distance_m": 46873.04692946,
        "additional_distance_m": -377.3040380338716,
        "trajectory_conformity_ratio": -0.007985211333000255,
        "planned_horizontal_inefficiency_ratio": 0.7042937255546974,
        "executed_horizontal_inefficiency_ratio": 0.6906845799826368,
        "executed_samples": 1160
      },
      "geometry": {
        "type": "LineString",
        "coordinates": [
          [
            -46.685556,
            -23.591111
          ],
          [
            -46.691668,
            -23.585265
          ],
          [
            -46.700338,
            -23.570707
          ],
          [
            -46.706363,
            -23.560632
          ],
          [
            -46.734437,
            -23.545467
          ],
          [
            -46.746866,
            -23.533391
          ],
          [
            -46.749087,
            -23.526381
          ],
          [
            -46.742985,
            -23.519104
          ],
          [
            -46.72605,
            -23.515568
          ],
          [
            -46.709753,
            -23.517655
          ],
          [
            -46.6993,
            -23.520942
          ],
          [
            -46.692524,
            -23.522632
          ],
          [
            -46.682954,
            -23.523674
          ],
          [
            -46.676805,
            -23.5247
          ],
          [
            -46.670916,
            -23.525166
          ],
          [
            -46.659889,
            -23.526661
          ],
          [
            -46.651967,
            -23.528726
          ],
          [
            -46.645624,
            -23.528465
          ],
          [
            -46.643156,
            -23.529869
          ],
          [
            -46.640193,
            -23.533856
          ],
          [
            -46.635497,
            -23.53568
          ],
          [
            -46.617304,
            -23.545011
          ],
          [
            -46.575669,
            -23.539938
          ],
          [
            -46.557401,
            -23.523786
          ],
          [
            -46.541376,
            -23.503219
          ],
          [
            -46.468276,
            -23.481052
          ],
          [
            -46.473056,
            -23.435556
          ]
        ]
      }
    },
    {
      "type": "Feature",
      "properties": {
        "id": "EC1_0129",
        "flight_instance": "EC1_0129#0",
        "start_time": "21:00:00.00",
        "scenario": "produto2_C1_2025-11-09_off.scn",
        "waypoint_count": 17,
        "planned_flight_instance": "EC1_0129#0",
        "planned_start_time": "21:00:00.00",
        "vehicle_type": "eVTOL",
        "aircraft_model": "EVTOL",
        "start_time_delta_s": 0.0,
        "spatial_adherence_pct": 68.43100189035917,
        "planned_line_adherence_pct": 100.0,
        "adherence_reference": "official_reh_polygons",
        "mean_deviation_m": 36.79365272117219,
        "p95_deviation_m": 165.7246870270168,
        "max_deviation_m": 222.76092943680752,
        "planned_distance_m": 19311.426573626995,
        "executed_distance_m": 18457.47068401,
        "additional_distance_m": -853.9558896169947,
        "trajectory_conformity_ratio": -0.04422023853914631,
        "planned_horizontal_inefficiency_ratio": 1.26432928180326,
        "executed_horizontal_inefficiency_ratio": 1.164200100830746,
        "executed_samples": 529
      },
      "geometry": {
        "type": "LineString",
        "coordinates": [
          [
            -46.736944,
            -23.546667
          ],
          [
            -46.733761,
            -23.545134
          ],
          [
            -46.746866,
            -23.533391
          ],
          [
            -46.749087,
            -23.526381
          ],
          [
            -46.742985,
            -23.519104
          ],
          [
            -46.72605,
            -23.515568
          ],
          [
            -46.709753,
            -23.517655
          ],
          [
            -46.6993,
            -23.520942
          ],
          [
            -46.692524,
            -23.522632
          ],
          [
            -46.682954,
            -23.523674
          ],
          [
            -46.676805,
            -23.5247
          ],
          [
            -46.671322,
            -23.524683
          ],
          [
            -46.679805,
            -23.552694
          ],
          [
            -46.682234,
            -23.556732
          ],
          [
            -46.679272,
            -23.562561
          ],
          [
            -46.670249,
            -23.572148
          ],
          [
            -46.655,
            -23.562222
          ]
        ]
      }
    },
    {
      "type": "Feature",
      "properties": {
        "id": "EC1_0014",
        "flight_instance": "EC1_0014#0",
        "start_time": "21:01:00.00",
        "scenario": "produto2_C1_2025-11-09_off.scn",
        "waypoint_count": 18,
        "planned_flight_instance": "EC1_0014#0",
        "planned_start_time": "21:01:00.00",
        "vehicle_type": "eVTOL",
        "aircraft_model": "EVTOL",
        "start_time_delta_s": 0.0,
        "spatial_adherence_pct": 76.88442211055276,
        "planned_line_adherence_pct": 99.12060301507537,
        "adherence_reference": "official_reh_polygons",
        "mean_deviation_m": 20.52934376988952,
        "p95_deviation_m": 89.85703524940581,
        "max_deviation_m": 304.40200385946,
        "planned_distance_m": 28575.485215498844,
        "executed_distance_m": 27263.39415782,
        "additional_distance_m": -1312.0910576788447,
        "trajectory_conformity_ratio": -0.045916667653544845,
        "planned_horizontal_inefficiency_ratio": 2.683558655045073,
        "executed_horizontal_inefficiency_ratio": 2.5144219164990296,
        "executed_samples": 796
      },
      "geometry": {
        "type": "LineString",
        "coordinates": [
          [
            -46.856667,
            -23.486667
          ],
          [
            -46.877361,
            -23.505927
          ],
          [
            -46.821551,
            -23.510004
          ],
          [
            -46.79638,
            -23.515916
          ],
          [
            -46.781822,
            -23.521939
          ],
          [
            -46.750181,
            -23.527233
          ],
          [
            -46.742985,
            -23.519104
          ],
          [
            -46.725265,
            -23.515259
          ],
          [
            -46.731696,
            -23.50713
          ],
          [
            -46.743982,
            -23.506437
          ],
          [
            -46.75222,
            -23.504262
          ],
          [
            -46.754052,
            -23.497111
          ],
          [
            -46.758475,
            -23.492906
          ],
          [
            -46.765319,
            -23.490964
          ],
          [
            -46.768251,
            -23.485298
          ],
          [
            -46.769169,
            -23.47516
          ],
          [
            -46.777452,
            -23.470231
          ],
          [
            -46.781111,
            -23.478611
          ]
        ]
      }
    },
    {
      "type": "Feature",
      "properties": {
        "id": "PRURG_004",
        "flight_instance": "PRURG_004#0",
        "start_time": "21:01:22.00",
        "scenario": "produto2_C1_2025-11-09_off.scn",
        "waypoint_count": 10,
        "planned_flight_instance": "PRURG_004#0",
        "planned_start_time": "21:01:22.00",
        "vehicle_type": "helicoptero",
        "aircraft_model": "AS50",
        "start_time_delta_s": 0.0,
        "spatial_adherence_pct": 46.36363636363636,
        "planned_line_adherence_pct": 98.63636363636363,
        "adherence_reference": "official_reh_polygons",
        "mean_deviation_m": 39.82965183578369,
        "p95_deviation_m": 140.3134756801744,
        "max_deviation_m": 284.5608866385962,
        "planned_distance_m": 12462.734521831368,
        "executed_distance_m": 11781.81788266,
        "additional_distance_m": -680.9166391713679,
        "trajectory_conformity_ratio": -0.05463621470701993,
        "planned_horizontal_inefficiency_ratio": 0.9001731187606686,
        "executed_horizontal_inefficiency_ratio": 0.7963548522635531,
        "executed_samples": 220
      },
      "geometry": {
        "type": "LineString",
        "coordinates": [
          [
            -46.655833,
            -23.564167
          ],
          [
            -46.670208,
            -23.57125
          ],
          [
            -46.678469,
            -23.562044
          ],
          [
            -46.681254,
            -23.556691
          ],
          [
            -46.678868,
            -23.552963
          ],
          [
            -46.670426,
            -23.524974
          ],
          [
            -46.659889,
            -23.526661
          ],
          [
            -46.651967,
            -23.528726
          ],
          [
            -46.645185,
            -23.528321
          ],
          [
            -46.633,
            -23.509
          ]
        ]
      }
    },
    {
      "type": "Feature",
      "properties": {
        "id": "EC1_0046",
        "flight_instance": "EC1_0046#0",
        "start_time": "21:03:00.00",
        "scenario": "produto2_C1_2025-11-09_off.scn",
        "waypoint_count": 22,
        "planned_flight_instance": "EC1_0046#0",
        "planned_start_time": "21:03:00.00",
        "vehicle_type": "eVTOL",
        "aircraft_model": "EVTOL",
        "start_time_delta_s": 0.0,
        "spatial_adherence_pct": 81.00358422939068,
        "planned_line_adherence_pct": 98.74551971326166,
        "adherence_reference": "official_reh_polygons",
        "mean_deviation_m": 21.01654601840803,
        "p95_deviation_m": 121.43924527070082,
        "max_deviation_m": 301.8754930727416,
        "planned_distance_m": 22471.123661675392,
        "executed_distance_m": 21534.78008565,
        "additional_distance_m": -936.3435760253924,
        "trajectory_conformity_ratio": -0.04166874741659363,
        "planned_horizontal_inefficiency_ratio": 0.41625237554724337,
        "executed_horizontal_inefficiency_ratio": 0.35723891303241456,
        "executed_samples": 558
      },
      "geometry": {
        "type": "LineString",
        "coordinates": [
          [
            -46.655,
            -23.562222
          ],
          [
            -46.670253,
            -23.571249
          ],
          [
            -46.678469,
            -23.562044
          ],
          [
            -46.681254,
            -23.556691
          ],
          [
            -46.678868,
            -23.552963
          ],
          [
            -46.670344,
            -23.524761
          ],
          [
            -46.67633,
            -23.522493
          ],
          [
            -46.682605,
            -23.521447
          ],
          [
            -46.692085,
            -23.520419
          ],
          [
            -46.698562,
            -23.518796
          ],
          [
            -46.709231,
            -23.515456
          ],
          [
            -46.725652,
            -23.513401
          ],
          [
            -46.731696,
            -23.50713
          ],
          [
            -46.743982,
            -23.506437
          ],
          [
            -46.75222,
            -23.504262
          ],
          [
            -46.754052,
            -23.497111
          ],
          [
            -46.758475,
            -23.492906
          ],
          [
            -46.765319,
            -23.490964
          ],
          [
            -46.768251,
            -23.485298
          ],
          [
            -46.769169,
            -23.47516
          ],
          [
            -46.777452,
            -23.470231
          ],
          [
            -46.781111,
            -23.478611
          ]
        ]
      }
    },
    {
      "type": "Feature",
      "properties": {
        "id": "EC1_0045",
        "flight_instance": "EC1_0045#0",
        "start_time": "21:05:00.00",
        "scenario": "produto2_C1_2025-11-09_off.scn",
        "waypoint_count": 22,
        "planned_flight_instance": "EC1_0045#0",
        "planned_start_time": "21:05:00.00",
        "vehicle_type": "eVTOL",
        "aircraft_model": "EVTOL",
        "start_time_delta_s": 0.0,
        "spatial_adherence_pct": 81.00358422939068,
        "planned_line_adherence_pct": 98.74551971326166,
        "adherence_reference": "official_reh_polygons",
        "mean_deviation_m": 21.01654601840803,
        "p95_deviation_m": 121.43924527070082,
        "max_deviation_m": 301.8754930727416,
        "planned_distance_m": 22471.123661675392,
        "executed_distance_m": 21534.78008565,
        "additional_distance_m": -936.3435760253924,
        "trajectory_conformity_ratio": -0.04166874741659363,
        "planned_horizontal_inefficiency_ratio": 0.41625237554724337,
        "executed_horizontal_inefficiency_ratio": 0.35723891303241456,
        "executed_samples": 558
      },
      "geometry": {
        "type": "LineString",
        "coordinates": [
          [
            -46.655,
            -23.562222
          ],
          [
            -46.670253,
            -23.571249
          ],
          [
            -46.678469,
            -23.562044
          ],
          [
            -46.681254,
            -23.556691
          ],
          [
            -46.678868,
            -23.552963
          ],
          [
            -46.670344,
            -23.524761
          ],
          [
            -46.67633,
            -23.522493
          ],
          [
            -46.682605,
            -23.521447
          ],
          [
            -46.692085,
            -23.520419
          ],
          [
            -46.698562,
            -23.518796
          ],
          [
            -46.709231,
            -23.515456
          ],
          [
            -46.725652,
            -23.513401
          ],
          [
            -46.731696,
            -23.50713
          ],
          [
            -46.743982,
            -23.506437
          ],
          [
            -46.75222,
            -23.504262
          ],
          [
            -46.754052,
            -23.497111
          ],
          [
            -46.758475,
            -23.492906
          ],
          [
            -46.765319,
            -23.490964
          ],
          [
            -46.768251,
            -23.485298
          ],
          [
            -46.769169,
            -23.47516
          ],
          [
            -46.777452,
            -23.470231
          ],
          [
            -46.781111,
            -23.478611
          ]
        ]
      }
    },
    {
      "type": "Feature",
      "properties": {
        "id": "PPKSL_004",
        "flight_instance": "PPKSL_004#0",
        "start_time": "21:06:45.00",
        "scenario": "produto2_C1_2025-11-09_off.scn",
        "waypoint_count": 18,
        "planned_flight_instance": "PPKSL_004#0",
        "planned_start_time": "21:06:45.00",
        "vehicle_type": "helicoptero",
        "aircraft_model": "B429",
        "start_time_delta_s": 0.0,
        "spatial_adherence_pct": 60.0896860986547,
        "planned_line_adherence_pct": 87.78026905829597,
        "adherence_reference": "official_reh_polygons",
        "mean_deviation_m": 80.73660006276116,
        "p95_deviation_m": 432.89674824878693,
        "max_deviation_m": 610.1899771307502,
        "planned_distance_m": 53682.36237286706,
        "executed_distance_m": 51313.03116195,
        "additional_distance_m": -2369.3312109170583,
        "trajectory_conformity_ratio": -0.04413612043486747,
        "planned_horizontal_inefficiency_ratio": 0.4429229121274641,
        "executed_horizontal_inefficiency_ratio": 0.37923789269957664,
        "executed_samples": 892
      },
      "geometry": {
        "type": "LineString",
        "coordinates": [
          [
            -46.473056,
            -23.435556
          ],
          [
            -46.470057,
            -23.479504
          ],
          [
            -46.542513,
            -23.501225
          ],
          [
            -46.559266,
            -23.522325
          ],
          [
            -46.576553,
            -23.537839
          ],
          [
            -46.617706,
            -23.542855
          ],
          [
            -46.612476,
            -23.5533
          ],
          [
            -46.605043,
            -23.567604
          ],
          [
            -46.599279,
            -23.586761
          ],
          [
            -46.601779,
            -23.603514
          ],
          [
            -46.60251,
            -23.620927
          ],
          [
            -46.59658,
            -23.636235
          ],
          [
            -46.584352,
            -23.646914
          ],
          [
            -46.573805,
            -23.665984
          ],
          [
            -46.60796,
            -23.721804
          ],
          [
            -46.674299,
            -23.702626
          ],
          [
            -46.68894,
            -23.698021
          ],
          [
            -46.6925,
            -23.703056
          ]
        ]
      }
    },
    {
      "type": "Feature",
      "properties": {
        "id": "EC1_0025",
        "flight_instance": "EC1_0025#0",
        "start_time": "21:08:00.00",
        "scenario": "produto2_C1_2025-11-09_off.scn",
        "waypoint_count": 26,
        "planned_flight_instance": "EC1_0025#0",
        "planned_start_time": "21:08:00.00",
        "vehicle_type": "eVTOL",
        "aircraft_model": "EVTOL",
        "start_time_delta_s": 0.0,
        "spatial_adherence_pct": 76.00849256900213,
        "planned_line_adherence_pct": 100.0,
        "adherence_reference": "official_reh_polygons",
        "mean_deviation_m": 19.622362530282043,
        "p95_deviation_m": 122.7236261125048,
        "max_deviation_m": 190.0684701789742,
        "planned_distance_m": 53664.715576481765,
        "executed_distance_m": 53023.83647074,
        "additional_distance_m": -640.879105741762,
        "trajectory_conformity_ratio": -0.011942280861032335,
        "planned_horizontal_inefficiency_ratio": 0.3572342347718744,
        "executed_horizontal_inefficiency_ratio": 0.3410257623460204,
        "executed_samples": 1413
      },
      "geometry": {
        "type": "LineString",
        "coordinates": [
          [
            -46.856667,
            -23.486667
          ],
          [
            -46.877361,
            -23.505927
          ],
          [
            -46.821551,
            -23.510004
          ],
          [
            -46.79638,
            -23.515916
          ],
          [
            -46.781822,
            -23.521939
          ],
          [
            -46.750181,
            -23.527233
          ],
          [
            -46.742985,
            -23.519104
          ],
          [
            -46.72605,
            -23.515568
          ],
          [
            -46.709753,
            -23.517655
          ],
          [
            -46.6993,
            -23.520942
          ],
          [
            -46.692524,
            -23.522632
          ],
          [
            -46.682954,
            -23.523674
          ],
          [
            -46.676805,
            -23.5247
          ],
          [
            -46.670916,
            -23.525166
          ],
          [
            -46.659889,
            -23.526661
          ],
          [
            -46.651967,
            -23.528726
          ],
          [
            -46.645624,
            -23.528465
          ],
          [
            -46.643156,
            -23.529869
          ],
          [
            -46.640193,
            -23.533856
          ],
          [
            -46.635497,
            -23.53568
          ],
          [
            -46.617304,
            -23.545011
          ],
          [
            -46.575669,
            -23.539938
          ],
          [
            -46.557401,
            -23.523786
          ],
          [
            -46.541376,
            -23.503219
          ],
          [
            -46.468276,
            -23.481052
          ],
          [
            -46.473056,
            -23.435556
          ]
        ]
      }
    },
    {
      "type": "Feature",
      "properties": {
        "id": "EC1_0034",
        "flight_instance": "EC1_0034#0",
        "start_time": "21:09:00.00",
        "scenario": "produto2_C1_2025-11-09_off.scn",
        "waypoint_count": 20,
        "planned_flight_instance": "EC1_0034#0",
        "planned_start_time": "21:09:00.00",
        "vehicle_type": "eVTOL",
        "aircraft_model": "EVTOL",
        "start_time_delta_s": 0.0,
        "spatial_adherence_pct": 77.57296466973887,
        "planned_line_adherence_pct": 100.0,
        "adherence_reference": "official_reh_polygons",
        "mean_deviation_m": 9.310514889306596,
        "p95_deviation_m": 46.326521683663444,
        "max_deviation_m": 143.39452232610438,
        "planned_distance_m": 26789.4115158122,
        "executed_distance_m": 26387.73177384,
        "additional_distance_m": -401.6797419721988,
        "trajectory_conformity_ratio": -0.014993974083197427,
        "planned_horizontal_inefficiency_ratio": 4.98782492831469,
        "executed_horizontal_inefficiency_ratio": 4.8980436365248154,
        "executed_samples": 651
      },
      "geometry": {
        "type": "LineString",
        "coordinates": [
          [
            -46.655,
            -23.562222
          ],
          [
            -46.670253,
            -23.571249
          ],
          [
            -46.678469,
            -23.562044
          ],
          [
            -46.681254,
            -23.556691
          ],
          [
            -46.678868,
            -23.552963
          ],
          [
            -46.670344,
            -23.524761
          ],
          [
            -46.67633,
            -23.522493
          ],
          [
            -46.682605,
            -23.521447
          ],
          [
            -46.692085,
            -23.520419
          ],
          [
            -46.698562,
            -23.518796
          ],
          [
            -46.709231,
            -23.515456
          ],
          [
            -46.726172,
            -23.513321
          ],
          [
            -46.744128,
            -23.517113
          ],
          [
            -46.751469,
            -23.525841
          ],
          [
            -46.748854,
            -23.534709
          ],
          [
            -46.735007,
            -23.5462
          ],
          [
            -46.706979,
            -23.561333
          ],
          [
            -46.7012,
            -23.571137
          ],
          [
            -46.692476,
            -23.585777
          ],
          [
            -46.685556,
            -23.591111
          ]
        ]
      }
    },
    {
      "type": "Feature",
      "properties": {
        "id": "PROMB_007",
        "flight_instance": "PROMB_007#0",
        "start_time": "21:10:20.00",
        "scenario": "produto2_C1_2025-11-09_off.scn",
        "waypoint_count": 10,
        "planned_flight_instance": "PROMB_007#0",
        "planned_start_time": "21:10:20.00",
        "vehicle_type": "helicoptero",
        "aircraft_model": "EC55",
        "start_time_delta_s": 0.0,
        "spatial_adherence_pct": 53.63321799307958,
        "planned_line_adherence_pct": 84.42906574394463,
        "adherence_reference": "official_reh_polygons",
        "mean_deviation_m": 94.57677249027999,
        "p95_deviation_m": 391.5142860029443,
        "max_deviation_m": 553.1063397364875,
        "planned_distance_m": 20343.274924755766,
        "executed_distance_m": 19484.92217799,
        "additional_distance_m": -858.3527467657659,
        "trajectory_conformity_ratio": -0.042193439843908075,
        "planned_horizontal_inefficiency_ratio": 0.3330826634690647,
        "executed_horizontal_inefficiency_ratio": 0.2768353203010259,
        "executed_samples": 289
      },
      "geometry": {
        "type": "LineString",
        "coordinates": [
          [
            -46.682222,
            -23.585278
          ],
          [
            -46.692498,
            -23.585297
          ],
          [
            -46.699842,
            -23.612514
          ],
          [
            -46.712735,
            -23.611218
          ],
          [
            -46.751406,
            -23.607512
          ],
          [
            -46.809684,
            -23.591238
          ],
          [
            -46.807212,
            -23.579688
          ],
          [
            -46.8132,
            -23.569513
          ],
          [
            -46.819596,
            -23.562869
          ],
          [
            -46.830278,
            -23.564722
          ]
        ]
      }
    },
    {
      "type": "Feature",
      "properties": {
        "id": "PSMAS",
        "flight_instance": "PSMAS#0",
        "start_time": "21:10:54.00",
        "scenario": "produto2_C1_2025-11-09_off.scn",
        "waypoint_count": 19,
        "planned_flight_instance": "PSMAS#0",
        "planned_start_time": "21:10:54.00",
        "vehicle_type": "helicoptero",
        "aircraft_model": "EC55",
        "start_time_delta_s": 0.0,
        "spatial_adherence_pct": 68.78306878306879,
        "planned_line_adherence_pct": 88.09523809523809,
        "adherence_reference": "official_reh_polygons",
        "mean_deviation_m": 85.63397729503014,
        "p95_deviation_m": 429.32876544394946,
        "max_deviation_m": 747.2977685080139,
        "planned_distance_m": 28548.256161754158,
        "executed_distance_m": 26135.68434131,
        "additional_distance_m": -2412.571820444158,
        "trajectory_conformity_ratio": -0.08450855305397809,
        "planned_horizontal_inefficiency_ratio": 0.35666497232538824,
        "executed_horizontal_inefficiency_ratio": 0.24201517853515445,
        "executed_samples": 378
      },
      "geometry": {
        "type": "LineString",
        "coordinates": [
          [
            -46.633,
            -23.509
          ],
          [
            -46.645915,
            -23.527719
          ],
          [
            -46.651833,
            -23.527834
          ],
          [
            -46.659691,
            -23.525779
          ],
          [
            -46.670751,
            -23.524279
          ],
          [
            -46.67633,
            -23.522493
          ],
          [
            -46.682605,
            -23.521447
          ],
          [
            -46.692085,
            -23.520419
          ],
          [
            -46.698562,
            -23.518796
          ],
          [
            -46.709231,
            -23.515456
          ],
          [
            -46.726172,
            -23.513321
          ],
          [
            -46.744128,
            -23.517113
          ],
          [
            -46.750374,
            -23.52499
          ],
          [
            -46.781185,
            -23.519766
          ],
          [
            -46.795617,
            -23.513778
          ],
          [
            -46.821362,
            -23.507764
          ],
          [
            -46.81814,
            -23.514459
          ],
          [
            -46.821212,
            -23.563658
          ],
          [
            -46.830278,
            -23.564722
          ]
        ]
      }
    },
    {
      "type": "Feature",
      "properties": {
        "id": "EC1_0090",
        "flight_instance": "EC1_0090#0",
        "start_time": "21:11:00.00",
        "scenario": "produto2_C1_2025-11-09_off.scn",
        "waypoint_count": 19,
        "planned_flight_instance": "EC1_0090#0",
        "planned_start_time": "21:11:00.00",
        "vehicle_type": "eVTOL",
        "aircraft_model": "EVTOL",
        "start_time_delta_s": 0.0,
        "spatial_adherence_pct": 73.09027777777779,
        "planned_line_adherence_pct": 100.0,
        "adherence_reference": "official_reh_polygons",
        "mean_deviation_m": 15.528733796671057,
        "p95_deviation_m": 77.89737274146061,
        "max_deviation_m": 110.68905894230593,
        "planned_distance_m": 23686.566340097266,
        "executed_distance_m": 23499.89510787,
        "additional_distance_m": -186.67123222726514,
        "trajectory_conformity_ratio": -0.007880890355613214,
        "planned_horizontal_inefficiency_ratio": 1.237574136271281,
        "executed_horizontal_inefficiency_ratio": 1.2199400598407713,
        "executed_samples": 576
      },
      "geometry": {
        "type": "LineString",
        "coordinates": [
          [
            -46.685556,
            -23.591111
          ],
          [
            -46.691668,
            -23.585265
          ],
          [
            -46.700338,
            -23.570707
          ],
          [
            -46.706363,
            -23.560632
          ],
          [
            -46.734437,
            -23.545467
          ],
          [
            -46.746866,
            -23.533391
          ],
          [
            -46.749087,
            -23.526381
          ],
          [
            -46.742985,
            -23.519104
          ],
          [
            -46.72605,
            -23.515568
          ],
          [
            -46.709753,
            -23.517655
          ],
          [
            -46.6993,
            -23.520942
          ],
          [
            -46.692524,
            -23.522632
          ],
          [
            -46.682954,
            -23.523674
          ],
          [
            -46.676805,
            -23.5247
          ],
          [
            -46.670916,
            -23.525166
          ],
          [
            -46.659889,
            -23.526661
          ],
          [
            -46.651967,
            -23.528726
          ],
          [
            -46.645185,
            -23.528321
          ],
          [
            -46.633,
            -23.509
          ]
        ]
      }
    },
    {
      "type": "Feature",
      "properties": {
        "id": "EC1_0132",
        "flight_instance": "EC1_0132#0",
        "start_time": "21:12:00.00",
        "scenario": "produto2_C1_2025-11-09_off.scn",
        "waypoint_count": 6,
        "planned_flight_instance": "EC1_0132#0",
        "planned_start_time": "21:12:00.00",
        "vehicle_type": "eVTOL",
        "aircraft_model": "EVTOL",
        "start_time_delta_s": 0.0,
        "spatial_adherence_pct": 69.6078431372549,
        "planned_line_adherence_pct": 100.0,
        "adherence_reference": "official_reh_polygons",
        "mean_deviation_m": 5.268262514492248,
        "p95_deviation_m": 22.674779959193412,
        "max_deviation_m": 30.970735476033095,
        "planned_distance_m": 7533.116431374824,
        "executed_distance_m": 7525.29740432,
        "additional_distance_m": -7.819027054823891,
        "trajectory_conformity_ratio": -0.0010379538304038781,
        "planned_horizontal_inefficiency_ratio": 0.0463382273954952,
        "executed_horizontal_inefficiency_ratio": 0.04525217662447204,
        "executed_samples": 204
      },
      "geometry": {
        "type": "LineString",
        "coordinates": [
          [
            -46.736944,
            -23.546667
          ],
          [
            -46.734947,
            -23.546233
          ],
          [
            -46.706979,
            -23.561333
          ],
          [
            -46.7012,
            -23.571137
          ],
          [
            -46.692476,
            -23.585777
          ],
          [
            -46.685556,
            -23.591111
          ]
        ]
      }
    },
    {
      "type": "Feature",
      "properties": {
        "id": "PPSAX_004",
        "flight_instance": "PPSAX_004#0",
        "start_time": "21:15:26.00",
        "scenario": "produto2_C1_2025-11-09_off.scn",
        "waypoint_count": 19,
        "planned_flight_instance": "PPSAX_004#0",
        "planned_start_time": "21:15:26.00",
        "vehicle_type": "helicoptero",
        "aircraft_model": "A109",
        "start_time_delta_s": 0.0,
        "spatial_adherence_pct": 67.94871794871796,
        "planned_line_adherence_pct": 91.98717948717949,
        "adherence_reference": "official_reh_polygons",
        "mean_deviation_m": 79.96371197841104,
        "p95_deviation_m": 381.498672245348,
        "max_deviation_m": 499.6083681590082,
        "planned_distance_m": 21886.44900565492,
        "executed_distance_m": 20675.07984228,
        "additional_distance_m": -1211.3691633749186,
        "trajectory_conformity_ratio": -0.05534790787952539,
        "planned_horizontal_inefficiency_ratio": 0.41151271788099264,
        "executed_horizontal_inefficiency_ratio": 0.333388442000937,
        "executed_samples": 312
      },
      "geometry": {
        "type": "LineString",
        "coordinates": [
          [
            -46.690833,
            -23.590833
          ],
          [
            -46.691625,
            -23.585334
          ],
          [
            -46.700338,
            -23.570707
          ],
          [
            -46.706363,
            -23.560632
          ],
          [
            -46.734437,
            -23.545467
          ],
          [
            -46.746866,
            -23.533391
          ],
          [
            -46.749087,
            -23.526381
          ],
          [
            -46.742985,
            -23.519104
          ],
          [
            -46.725265,
            -23.515259
          ],
          [
            -46.731696,
            -23.50713
          ],
          [
            -46.743982,
            -23.506437
          ],
          [
            -46.75222,
            -23.504262
          ],
          [
            -46.754052,
            -23.497111
          ],
          [
            -46.758475,
            -23.492906
          ],
          [
            -46.765319,
            -23.490964
          ],
          [
            -46.768251,
            -23.485298
          ],
          [
            -46.769169,
            -23.47516
          ],
          [
            -46.777452,
            -23.470231
          ],
          [
            -46.781111,
            -23.478611
          ]
        ]
      }
    },
    {
      "type": "Feature",
      "properties": {
        "id": "EC1_0051",
        "flight_instance": "EC1_0051#0",
        "start_time": "21:16:00.00",
        "scenario": "produto2_C1_2025-11-09_off.scn",
        "waypoint_count": 17,
        "planned_flight_instance": "EC1_0051#0",
        "planned_start_time": "21:16:00.00",
        "vehicle_type": "eVTOL",
        "aircraft_model": "EVTOL",
        "start_time_delta_s": 0.0,
        "spatial_adherence_pct": 82.74428274428274,
        "planned_line_adherence_pct": 100.0,
        "adherence_reference": "official_reh_polygons",
        "mean_deviation_m": 12.811694116653083,
        "p95_deviation_m": 65.62757157684104,
        "max_deviation_m": 143.39574886462367,
        "planned_distance_m": 19562.73863383101,
        "executed_distance_m": 18975.04004298,
        "additional_distance_m": -587.6985908510105,
        "trajectory_conformity_ratio": -0.030041734025657754,
        "planned_horizontal_inefficiency_ratio": 1.2931064067945006,
        "executed_horizontal_inefficiency_ratio": 1.2242175140290483,
        "executed_samples": 481
      },
      "geometry": {
        "type": "LineString",
        "coordinates": [
          [
            -46.655,
            -23.562222
          ],
          [
            -46.670253,
            -23.571249
          ],
          [
            -46.678469,
            -23.562044
          ],
          [
            -46.681254,
            -23.556691
          ],
          [
            -46.678868,
            -23.552963
          ],
          [
            -46.670344,
            -23.524761
          ],
          [
            -46.67633,
            -23.522493
          ],
          [
            -46.682605,
            -23.521447
          ],
          [
            -46.692085,
            -23.520419
          ],
          [
            -46.698562,
            -23.518796
          ],
          [
            -46.709231,
            -23.515456
          ],
          [
            -46.726172,
            -23.513321
          ],
          [
            -46.744128,
            -23.517113
          ],
          [
            -46.751469,
            -23.525841
          ],
          [
            -46.748854,
            -23.534709
          ],
          [
            -46.735684,
            -23.546532
          ],
          [
            -46.736944,
            -23.546667
          ]
        ]
      }
    },
    {
      "type": "Feature",
      "properties": {
        "id": "EC1_0150",
        "flight_instance": "EC1_0150#0",
        "start_time": "21:16:00.00",
        "scenario": "produto2_C1_2025-11-09_off.scn",
        "waypoint_count": 12,
        "planned_flight_instance": "EC1_0150#0",
        "planned_start_time": "21:16:00.00",
        "vehicle_type": "eVTOL",
        "aircraft_model": "EVTOL",
        "start_time_delta_s": 0.0,
        "spatial_adherence_pct": 80.03731343283582,
        "planned_line_adherence_pct": 100.0,
        "adherence_reference": "official_reh_polygons",
        "mean_deviation_m": 14.77011350027272,
        "p95_deviation_m": 93.0428596497318,
        "max_deviation_m": 201.4908753215848,
        "planned_distance_m": 21747.121340033977,
        "executed_distance_m": 21363.0723141,
        "additional_distance_m": -384.0490259339749,
        "trajectory_conformity_ratio": -0.01765976378800004,
        "planned_horizontal_inefficiency_ratio": 0.14529053145076426,
        "executed_horizontal_inefficiency_ratio": 0.12506497119671073,
        "executed_samples": 536
      },
      "geometry": {
        "type": "LineString",
        "coordinates": [
          [
            -46.656389,
            -23.626111
          ],
          [
            -46.669092,
            -23.633166
          ],
          [
            -46.677804,
            -23.62275
          ],
          [
            -46.687891,
            -23.614942
          ],
          [
            -46.699366,
            -23.612334
          ],
          [
            -46.712735,
            -23.611218
          ],
          [
            -46.751406,
            -23.607512
          ],
          [
            -46.809684,
            -23.591238
          ],
          [
            -46.807212,
            -23.579688
          ],
          [
            -46.8132,
            -23.569513
          ],
          [
            -46.819596,
            -23.562869
          ],
          [
            -46.830278,
            -23.564722
          ]
        ]
      }
    },
    {
      "type": "Feature",
      "properties": {
        "id": "PRVEM_002",
        "flight_instance": "PRVEM_002#0",
        "start_time": "21:16:41.00",
        "scenario": "produto2_C1_2025-11-09_off.scn",
        "waypoint_count": 36,
        "planned_flight_instance": "PRVEM_002#0",
        "planned_start_time": "21:16:41.00",
        "vehicle_type": "helicoptero",
        "aircraft_model": "B429",
        "start_time_delta_s": 0.0,
        "spatial_adherence_pct": 93.4451219512195,
        "planned_line_adherence_pct": 100.0,
        "adherence_reference": "official_reh_polygons",
        "mean_deviation_m": 17.015723529770824,
        "p95_deviation_m": 57.94821732753658,
        "max_deviation_m": 132.55910557644148,
        "planned_distance_m": 47201.525963733155,
        "executed_distance_m": 46724.02389192,
        "additional_distance_m": -477.50207181315636,
        "trajectory_conformity_ratio": -0.010116242262592116,
        "planned_horizontal_inefficiency_ratio": 1.3200064717037856,
        "executed_horizontal_inefficiency_ratio": 1.2965367241852486,
        "executed_samples": 656
      },
      "geometry": {
        "type": "LineString",
        "coordinates": [
          [
            -46.656389,
            -23.626111
          ],
          [
            -46.669092,
            -23.633166
          ],
          [
            -46.677804,
            -23.62275
          ],
          [
            -46.687891,
            -23.614942
          ],
          [
            -46.699366,
            -23.612334
          ],
          [
            -46.712562,
            -23.611263
          ],
          [
            -46.722716,
            -23.601923
          ],
          [
            -46.747069,
            -23.557007
          ],
          [
            -46.754789,
            -23.548019
          ],
          [
            -46.749123,
            -23.526491
          ],
          [
            -46.742985,
            -23.519104
          ],
          [
            -46.72605,
            -23.515568
          ],
          [
            -46.709753,
            -23.517655
          ],
          [
            -46.6993,
            -23.520942
          ],
          [
            -46.692524,
            -23.522632
          ],
          [
            -46.682954,
            -23.523674
          ],
          [
            -46.676805,
            -23.5247
          ],
          [
            -46.670916,
            -23.525166
          ],
          [
            -46.659889,
            -23.526661
          ],
          [
            -46.651967,
            -23.528726
          ],
          [
            -46.645624,
            -23.528465
          ],
          [
            -46.643156,
            -23.529869
          ],
          [
            -46.640193,
            -23.533856
          ],
          [
            -46.635497,
            -23.53568
          ],
          [
            -46.617304,
            -23.545011
          ],
          [
            -46.57594,
            -23.540003
          ],
          [
            -46.548137,
            -23.53611
          ],
          [
            -46.517681,
            -23.531321
          ],
          [
            -46.512217,
            -23.528817
          ],
          [
            -46.506978,
            -23.528328
          ],
          [
            -46.501726,
            -23.530552
          ],
          [
            -46.496575,
            -23.53447
          ],
          [
            -46.491697,
            -23.536707
          ],
          [
            -46.486747,
            -23.539183
          ],
          [
            -46.480907,
            -23.542086
          ],
          [
            -46.477778,
            -23.544167
          ]
        ]
      }
    },
    {
      "type": "Feature",
      "properties": {
        "id": "PRAGW_005",
        "flight_instance": "PRAGW_005#0",
        "start_time": "21:19:05.00",
        "scenario": "produto2_C1_2025-11-09_off.scn",
        "waypoint_count": 30,
        "planned_flight_instance": "PRAGW_005#0",
        "planned_start_time": "21:19:05.00",
        "vehicle_type": "helicoptero",
        "aircraft_model": "A109",
        "start_time_delta_s": 0.0,
        "spatial_adherence_pct": 78.38509316770185,
        "planned_line_adherence_pct": 98.50931677018635,
        "adherence_reference": "official_reh_polygons",
        "mean_deviation_m": 30.95805367363234,
        "p95_deviation_m": 116.93625594114276,
        "max_deviation_m": 378.1571778287937,
        "planned_distance_m": 55040.48859160776,
        "executed_distance_m": 54035.50272858,
        "additional_distance_m": -1004.9858630277595,
        "trajectory_conformity_ratio": -0.01825902873945406,
        "planned_horizontal_inefficiency_ratio": 0.9480335471889735,
        "executed_horizontal_inefficiency_ratio": 0.9124643466654293,
        "executed_samples": 805
      },
      "geometry": {
        "type": "LineString",
        "coordinates": [
          [
            -46.473056,
            -23.435556
          ],
          [
            -46.470057,
            -23.479504
          ],
          [
            -46.542513,
            -23.501225
          ],
          [
            -46.559266,
            -23.522325
          ],
          [
            -46.576553,
            -23.537839
          ],
          [
            -46.617141,
            -23.542766
          ],
          [
            -46.635058,
            -23.534875
          ],
          [
            -46.639567,
            -23.533164
          ],
          [
            -46.642444,
            -23.529251
          ],
          [
            -46.645476,
            -23.527575
          ],
          [
            -46.651833,
            -23.527834
          ],
          [
            -46.659691,
            -23.525779
          ],
          [
            -46.670751,
            -23.524279
          ],
          [
            -46.67633,
            -23.522493
          ],
          [
            -46.682605,
            -23.521447
          ],
          [
            -46.692085,
            -23.520419
          ],
          [
            -46.698562,
            -23.518796
          ],
          [
            -46.709231,
            -23.515456
          ],
          [
            -46.726172,
            -23.513321
          ],
          [
            -46.744128,
            -23.517113
          ],
          [
            -46.751433,
            -23.525731
          ],
          [
            -46.755767,
            -23.548092
          ],
          [
            -46.747931,
            -23.557437
          ],
          [
            -46.723564,
            -23.602377
          ],
          [
            -46.712994,
            -23.612071
          ],
          [
            -46.699523,
            -23.613222
          ],
          [
            -46.688349,
            -23.615738
          ],
          [
            -46.678516,
            -23.62337
          ],
          [
            -46.669241,
            -23.634056
          ],
          [
            -46.656389,
            -23.626111
          ]
        ]
      }
    },
    {
      "type": "Feature",
      "properties": {
        "id": "EC1_0062",
        "flight_instance": "EC1_0062#0",
        "start_time": "21:20:00.00",
        "scenario": "produto2_C1_2025-11-09_off.scn",
        "waypoint_count": 12,
        "planned_flight_instance": "EC1_0062#0",
        "planned_start_time": "21:20:00.00",
        "vehicle_type": "eVTOL",
        "aircraft_model": "EVTOL",
        "start_time_delta_s": 0.0,
        "spatial_adherence_pct": 76.64473684210526,
        "planned_line_adherence_pct": 94.4078947368421,
        "adherence_reference": "official_reh_polygons",
        "mean_deviation_m": 38.07782239768814,
        "p95_deviation_m": 268.49576339917013,
        "max_deviation_m": 401.7788829656866,
        "planned_distance_m": 26084.152548635113,
        "executed_distance_m": 24637.57672756,
        "additional_distance_m": -1446.575821075112,
        "trajectory_conformity_ratio": -0.05545803408325818,
        "planned_horizontal_inefficiency_ratio": 0.24471534841749693,
        "executed_horizontal_inefficiency_ratio": 0.17568588220100478,
        "executed_samples": 608
      },
      "geometry": {
        "type": "LineString",
        "coordinates": [
          [
            -46.685556,
            -23.591111
          ],
          [
            -46.691668,
            -23.585265
          ],
          [
            -46.700338,
            -23.570707
          ],
          [
            -46.706363,
            -23.560632
          ],
          [
            -46.734437,
            -23.545467
          ],
          [
            -46.746866,
            -23.533391
          ],
          [
            -46.749795,
            -23.525077
          ],
          [
            -46.781185,
            -23.519766
          ],
          [
            -46.795617,
            -23.513778
          ],
          [
            -46.821227,
            -23.507774
          ],
          [
            -46.875972,
            -23.504073
          ],
          [
            -46.856667,
            -23.486667
          ]
        ]
      }
    },
    {
      "type": "Feature",
      "properties": {
        "id": "PSHAH_008",
        "flight_instance": "PSHAH_008#0",
        "start_time": "21:20:27.00",
        "scenario": "produto2_C1_2025-11-09_off.scn",
        "waypoint_count": 19,
        "planned_flight_instance": "PSHAH_008#0",
        "planned_start_time": "21:20:27.00",
        "vehicle_type": "helicoptero",
        "aircraft_model": "EC45",
        "start_time_delta_s": 0.0,
        "spatial_adherence_pct": 60.16150740242261,
        "planned_line_adherence_pct": 88.02153432032301,
        "adherence_reference": "official_reh_polygons",
        "mean_deviation_m": 82.67192815840652,
        "p95_deviation_m": 338.38739868675515,
        "max_deviation_m": 426.41037664013595,
        "planned_distance_m": 40426.95659154687,
        "executed_distance_m": 38358.69902689,
        "additional_distance_m": -2068.257564656873,
        "trajectory_conformity_ratio": -0.05116035781653022,
        "planned_horizontal_inefficiency_ratio": 2.032651865123662,
        "executed_horizontal_inefficiency_ratio": 1.8775003105709676,
        "executed_samples": 743
      },
      "geometry": {
        "type": "LineString",
        "coordinates": [
          [
            -46.675556,
            -23.584167
          ],
          [
            -46.670186,
            -23.572144
          ],
          [
            -46.65796,
            -23.582248
          ],
          [
            -46.650833,
            -23.592117
          ],
          [
            -46.638016,
            -23.582288
          ],
          [
            -46.627682,
            -23.57518
          ],
          [
            -46.614564,
            -23.55844
          ],
          [
            -46.612201,
            -23.553621
          ],
          [
            -46.605043,
            -23.567604
          ],
          [
            -46.599279,
            -23.586761
          ],
          [
            -46.601779,
            -23.603514
          ],
          [
            -46.60251,
            -23.620927
          ],
          [
            -46.59658,
            -23.636235
          ],
          [
            -46.584352,
            -23.646914
          ],
          [
            -46.573805,
            -23.665984
          ],
          [
            -46.60796,
            -23.721804
          ],
          [
            -46.674299,
            -23.702626
          ],
          [
            -46.68894,
            -23.698021
          ],
          [
            -46.6925,
            -23.703056
          ]
        ]
      }
    },
    {
      "type": "Feature",
      "properties": {
        "id": "PPIFF_006",
        "flight_instance": "PPIFF_006#0",
        "start_time": "21:20:53.00",
        "scenario": "produto2_C1_2025-11-09_off.scn",
        "waypoint_count": 10,
        "planned_flight_instance": "PPIFF_006#0",
        "planned_start_time": "21:20:53.00",
        "vehicle_type": "helicoptero",
        "aircraft_model": "EC45",
        "start_time_delta_s": 0.0,
        "spatial_adherence_pct": 65.18324607329843,
        "planned_line_adherence_pct": 96.33507853403141,
        "adherence_reference": "official_reh_polygons",
        "mean_deviation_m": 34.429595245263855,
        "p95_deviation_m": 181.08209885062763,
        "max_deviation_m": 382.8671646166832,
        "planned_distance_m": 20411.248603849082,
        "executed_distance_m": 19677.89526494,
        "additional_distance_m": -733.3533389090808,
        "trajectory_conformity_ratio": -0.035928881821114436,
        "planned_horizontal_inefficiency_ratio": 0.33054197906710575,
        "executed_horizontal_inefficiency_ratio": 0.282737093543172,
        "executed_samples": 382
      },
      "geometry": {
        "type": "LineString",
        "coordinates": [
          [
            -46.681667,
            -23.586667
          ],
          [
            -46.692488,
            -23.585283
          ],
          [
            -46.699842,
            -23.612514
          ],
          [
            -46.712735,
            -23.611218
          ],
          [
            -46.751406,
            -23.607512
          ],
          [
            -46.809684,
            -23.591238
          ],
          [
            -46.807212,
            -23.579688
          ],
          [
            -46.8132,
            -23.569513
          ],
          [
            -46.819596,
            -23.562869
          ],
          [
            -46.830278,
            -23.564722
          ]
        ]
      }
    },
    {
      "type": "Feature",
      "properties": {
        "id": "EC1_0020",
        "flight_instance": "EC1_0020#0",
        "start_time": "21:21:00.00",
        "scenario": "produto2_C1_2025-11-09_off.scn",
        "waypoint_count": 9,
        "planned_flight_instance": "EC1_0020#0",
        "planned_start_time": "21:21:00.00",
        "vehicle_type": "eVTOL",
        "aircraft_model": "EVTOL",
        "start_time_delta_s": 0.0,
        "spatial_adherence_pct": 73.4290843806104,
        "planned_line_adherence_pct": 100.0,
        "adherence_reference": "official_reh_polygons",
        "mean_deviation_m": 10.187879703684676,
        "p95_deviation_m": 50.835042257187425,
        "max_deviation_m": 106.05104119901699,
        "planned_distance_m": 19084.076250720507,
        "executed_distance_m": 18502.98132552,
        "additional_distance_m": -581.0949252005084,
        "trajectory_conformity_ratio": -0.030449203700837736,
        "planned_horizontal_inefficiency_ratio": 0.37188382665978764,
        "executed_horizontal_inefficiency_ratio": 0.330111056567939,
        "executed_samples": 557
      },
      "geometry": {
        "type": "LineString",
        "coordinates": [
          [
            -46.856667,
            -23.486667
          ],
          [
            -46.877361,
            -23.505927
          ],
          [
            -46.821551,
            -23.510004
          ],
          [
            -46.79638,
            -23.515916
          ],
          [
            -46.781822,
            -23.521939
          ],
          [
            -46.75076,
            -23.527145
          ],
          [
            -46.748854,
            -23.534709
          ],
          [
            -46.735684,
            -23.546532
          ],
          [
            -46.736944,
            -23.546667
          ]
        ]
      }
    },
    {
      "type": "Feature",
      "properties": {
        "id": "EC1_0172",
        "flight_instance": "EC1_0172#0",
        "start_time": "21:21:00.00",
        "scenario": "produto2_C1_2025-11-09_off.scn",
        "waypoint_count": 30,
        "planned_flight_instance": "EC1_0172#0",
        "planned_start_time": "21:21:00.00",
        "vehicle_type": "eVTOL",
        "aircraft_model": "EVTOL",
        "start_time_delta_s": 0.0,
        "spatial_adherence_pct": 80.19801980198021,
        "planned_line_adherence_pct": 100.0,
        "adherence_reference": "official_reh_polygons",
        "mean_deviation_m": 7.764933335320625,
        "p95_deviation_m": 30.534873370890743,
        "max_deviation_m": 128.04823690690847,
        "planned_distance_m": 55040.48859160776,
        "executed_distance_m": 54690.06200743,
        "additional_distance_m": -350.42658417775965,
        "trajectory_conformity_ratio": -0.0063667055497612455,
        "planned_horizontal_inefficiency_ratio": 0.9480424672311862,
        "executed_horizontal_inefficiency_ratio": 0.9356398544438949,
        "executed_samples": 1414
      },
      "geometry": {
        "type": "LineString",
        "coordinates": [
          [
            -46.473056,
            -23.435556
          ],
          [
            -46.470057,
            -23.479504
          ],
          [
            -46.542513,
            -23.501225
          ],
          [
            -46.559266,
            -23.522325
          ],
          [
            -46.576553,
            -23.537839
          ],
          [
            -46.617141,
            -23.542766
          ],
          [
            -46.635058,
            -23.534875
          ],
          [
            -46.639567,
            -23.533164
          ],
          [
            -46.642444,
            -23.529251
          ],
          [
            -46.645476,
            -23.527575
          ],
          [
            -46.651833,
            -23.527834
          ],
          [
            -46.659691,
            -23.525779
          ],
          [
            -46.670751,
            -23.524279
          ],
          [
            -46.67633,
            -23.522493
          ],
          [
            -46.682605,
            -23.521447
          ],
          [
            -46.692085,
            -23.520419
          ],
          [
            -46.698562,
            -23.518796
          ],
          [
            -46.709231,
            -23.515456
          ],
          [
            -46.726172,
            -23.513321
          ],
          [
            -46.744128,
            -23.517113
          ],
          [
            -46.751433,
            -23.525731
          ],
          [
            -46.755767,
            -23.548092
          ],
          [
            -46.747931,
            -23.557437
          ],
          [
            -46.723564,
            -23.602377
          ],
          [
            -46.712994,
            -23.612071
          ],
          [
            -46.699523,
            -23.613222
          ],
          [
            -46.688349,
            -23.615738
          ],
          [
            -46.678516,
            -23.62337
          ],
          [
            -46.669241,
            -23.634056
          ],
          [
            -46.656389,
            -23.626111
          ]
        ]
      }
    },
    {
      "type": "Feature",
      "properties": {
        "id": "EC1_0072",
        "flight_instance": "EC1_0072#0",
        "start_time": "21:22:00.00",
        "scenario": "produto2_C1_2025-11-09_off.scn",
        "waypoint_count": 20,
        "planned_flight_instance": "EC1_0072#0",
        "planned_start_time": "21:22:00.00",
        "vehicle_type": "eVTOL",
        "aircraft_model": "EVTOL",
        "start_time_delta_s": 0.0,
        "spatial_adherence_pct": 65.80937972768533,
        "planned_line_adherence_pct": 100.0,
        "adherence_reference": "official_reh_polygons",
        "mean_deviation_m": 30.570365244389606,
        "p95_deviation_m": 153.9193914275658,
        "max_deviation_m": 226.66642923465062,
        "planned_distance_m": 26266.560582715785,
        "executed_distance_m": 25477.54143557,
        "additional_distance_m": -789.0191471457838,
        "trajectory_conformity_ratio": -0.03003892133730607,
        "planned_horizontal_inefficiency_ratio": 4.870943612998789,
        "executed_horizontal_inefficiency_ratio": 4.694586799632159,
        "executed_samples": 661
      },
      "geometry": {
        "type": "LineString",
        "coordinates": [
          [
            -46.685556,
            -23.591111
          ],
          [
            -46.691668,
            -23.585265
          ],
          [
            -46.700338,
            -23.570707
          ],
          [
            -46.706363,
            -23.560632
          ],
          [
            -46.734437,
            -23.545467
          ],
          [
            -46.746866,
            -23.533391
          ],
          [
            -46.749087,
            -23.526381
          ],
          [
            -46.742985,
            -23.519104
          ],
          [
            -46.72605,
            -23.515568
          ],
          [
            -46.709753,
            -23.517655
          ],
          [
            -46.6993,
            -23.520942
          ],
          [
            -46.692524,
            -23.522632
          ],
          [
            -46.682954,
            -23.523674
          ],
          [
            -46.676805,
            -23.5247
          ],
          [
            -46.671322,
            -23.524683
          ],
          [
            -46.679805,
            -23.552694
          ],
          [
            -46.682234,
            -23.556732
          ],
          [
            -46.679272,
            -23.562561
          ],
          [
            -46.670249,
            -23.572148
          ],
          [
            -46.655,
            -23.562222
          ]
        ]
      }
    },
    {
      "type": "Feature",
      "properties": {
        "id": "PRMVR_002",
        "flight_instance": "PRMVR_002#0",
        "start_time": "21:24:31.00",
        "scenario": "produto2_C1_2025-11-09_off.scn",
        "waypoint_count": 11,
        "planned_flight_instance": "PRMVR_002#0",
        "planned_start_time": "21:24:31.00",
        "vehicle_type": "helicoptero",
        "aircraft_model": "B429",
        "start_time_delta_s": 0.0,
        "spatial_adherence_pct": 53.392330383480825,
        "planned_line_adherence_pct": 78.17109144542773,
        "adherence_reference": "official_reh_polygons",
        "mean_deviation_m": 129.60728993252434,
        "p95_deviation_m": 475.27527362360365,
        "max_deviation_m": 521.709594205684,
        "planned_distance_m": 21784.44592857774,
        "executed_distance_m": 20791.377184,
        "additional_distance_m": -993.0687445777403,
        "trajectory_conformity_ratio": -0.045586137367624825,
        "planned_horizontal_inefficiency_ratio": 0.5875958444770587,
        "executed_horizontal_inefficiency_ratio": 0.5152234822264572,
        "executed_samples": 339
      },
      "geometry": {
        "type": "LineString",
        "coordinates": [
          [
            -46.696111,
            -23.575
          ],
          [
            -46.701232,
            -23.571071
          ],
          [
            -46.692563,
            -23.585534
          ],
          [
            -46.699842,
            -23.612514
          ],
          [
            -46.712735,
            -23.611218
          ],
          [
            -46.751406,
            -23.607512
          ],
          [
            -46.809684,
            -23.591238
          ],
          [
            -46.807212,
            -23.579688
          ],
          [
            -46.8132,
            -23.569513
          ],
          [
            -46.819596,
            -23.562869
          ],
          [
            -46.830278,
            -23.564722
          ]
        ]
      }
    },
    {
      "type": "Feature",
      "properties": {
        "id": "EC1_0027",
        "flight_instance": "EC1_0027#0",
        "start_time": "21:25:00.00",
        "scenario": "produto2_C1_2025-11-09_off.scn",
        "waypoint_count": 26,
        "planned_flight_instance": "EC1_0027#0",
        "planned_start_time": "21:25:00.00",
        "vehicle_type": "eVTOL",
        "aircraft_model": "EVTOL",
        "start_time_delta_s": 0.0,
        "spatial_adherence_pct": 76.00849256900213,
        "planned_line_adherence_pct": 100.0,
        "adherence_reference": "official_reh_polygons",
        "mean_deviation_m": 19.622362530282043,
        "p95_deviation_m": 122.7236261125048,
        "max_deviation_m": 190.0684701789742,
        "planned_distance_m": 53664.715576481765,
        "executed_distance_m": 53023.83647074,
        "additional_distance_m": -640.879105741762,
        "trajectory_conformity_ratio": -0.011942280861032335,
        "planned_horizontal_inefficiency_ratio": 0.3572342347718744,
        "executed_horizontal_inefficiency_ratio": 0.3410257623460204,
        "executed_samples": 1413
      },
      "geometry": {
        "type": "LineString",
        "coordinates": [
          [
            -46.856667,
            -23.486667
          ],
          [
            -46.877361,
            -23.505927
          ],
          [
            -46.821551,
            -23.510004
          ],
          [
            -46.79638,
            -23.515916
          ],
          [
            -46.781822,
            -23.521939
          ],
          [
            -46.750181,
            -23.527233
          ],
          [
            -46.742985,
            -23.519104
          ],
          [
            -46.72605,
            -23.515568
          ],
          [
            -46.709753,
            -23.517655
          ],
          [
            -46.6993,
            -23.520942
          ],
          [
            -46.692524,
            -23.522632
          ],
          [
            -46.682954,
            -23.523674
          ],
          [
            -46.676805,
            -23.5247
          ],
          [
            -46.670916,
            -23.525166
          ],
          [
            -46.659889,
            -23.526661
          ],
          [
            -46.651967,
            -23.528726
          ],
          [
            -46.645624,
            -23.528465
          ],
          [
            -46.643156,
            -23.529869
          ],
          [
            -46.640193,
            -23.533856
          ],
          [
            -46.635497,
            -23.53568
          ],
          [
            -46.617304,
            -23.545011
          ],
          [
            -46.575669,
            -23.539938
          ],
          [
            -46.557401,
            -23.523786
          ],
          [
            -46.541376,
            -23.503219
          ],
          [
            -46.468276,
            -23.481052
          ],
          [
            -46.473056,
            -23.435556
          ]
        ]
      }
    },
    {
      "type": "Feature",
      "properties": {
        "id": "EC1_0078",
        "flight_instance": "EC1_0078#0",
        "start_time": "21:26:00.00",
        "scenario": "produto2_C1_2025-11-09_off.scn",
        "waypoint_count": 10,
        "planned_flight_instance": "EC1_0078#0",
        "planned_start_time": "21:26:00.00",
        "vehicle_type": "eVTOL",
        "aircraft_model": "EVTOL",
        "start_time_delta_s": 0.0,
        "spatial_adherence_pct": 72.17068645640074,
        "planned_line_adherence_pct": 100.0,
        "adherence_reference": "official_reh_polygons",
        "mean_deviation_m": 17.41259759371132,
        "p95_deviation_m": 91.41398808552802,
        "max_deviation_m": 199.56051167379863,
        "planned_distance_m": 20254.987749473454,
        "executed_distance_m": 19718.00859382,
        "additional_distance_m": -536.9791556534547,
        "trajectory_conformity_ratio": -0.026510959290380904,
        "planned_horizontal_inefficiency_ratio": 0.34692924540488557,
        "executed_horizontal_inefficiency_ratio": 0.31122085901293317,
        "executed_samples": 539
      },
      "geometry": {
        "type": "LineString",
        "coordinates": [
          [
            -46.685556,
            -23.591111
          ],
          [
            -46.692495,
            -23.585293
          ],
          [
            -46.699842,
            -23.612514
          ],
          [
            -46.712735,
            -23.611218
          ],
          [
            -46.751406,
            -23.607512
          ],
          [
            -46.809684,
            -23.591238
          ],
          [
            -46.807212,
            -23.579688
          ],
          [
            -46.8132,
            -23.569513
          ],
          [
            -46.819596,
            -23.562869
          ],
          [
            -46.830278,
            -23.564722
          ]
        ]
      }
    },
    {
      "type": "Feature",
      "properties": {
        "id": "EC1_0127",
        "flight_instance": "EC1_0127#0",
        "start_time": "21:27:00.00",
        "scenario": "produto2_C1_2025-11-09_off.scn",
        "waypoint_count": 17,
        "planned_flight_instance": "EC1_0127#0",
        "planned_start_time": "21:27:00.00",
        "vehicle_type": "eVTOL",
        "aircraft_model": "EVTOL",
        "start_time_delta_s": 0.0,
        "spatial_adherence_pct": 68.43100189035917,
        "planned_line_adherence_pct": 100.0,
        "adherence_reference": "official_reh_polygons",
        "mean_deviation_m": 36.79365272117219,
        "p95_deviation_m": 165.7246870270168,
        "max_deviation_m": 222.76092943680752,
        "planned_distance_m": 19311.426573626995,
        "executed_distance_m": 18457.47068401,
        "additional_distance_m": -853.9558896169947,
        "trajectory_conformity_ratio": -0.04422023853914631,
        "planned_horizontal_inefficiency_ratio": 1.26432928180326,
        "executed_horizontal_inefficiency_ratio": 1.164200100830746,
        "executed_samples": 529
      },
      "geometry": {
        "type": "LineString",
        "coordinates": [
          [
            -46.736944,
            -23.546667
          ],
          [
            -46.733761,
            -23.545134
          ],
          [
            -46.746866,
            -23.533391
          ],
          [
            -46.749087,
            -23.526381
          ],
          [
            -46.742985,
            -23.519104
          ],
          [
            -46.72605,
            -23.515568
          ],
          [
            -46.709753,
            -23.517655
          ],
          [
            -46.6993,
            -23.520942
          ],
          [
            -46.692524,
            -23.522632
          ],
          [
            -46.682954,
            -23.523674
          ],
          [
            -46.676805,
            -23.5247
          ],
          [
            -46.671322,
            -23.524683
          ],
          [
            -46.679805,
            -23.552694
          ],
          [
            -46.682234,
            -23.556732
          ],
          [
            -46.679272,
            -23.562561
          ],
          [
            -46.670249,
            -23.572148
          ],
          [
            -46.655,
            -23.562222
          ]
        ]
      }
    },
    {
      "type": "Feature",
      "properties": {
        "id": "EC1_0173",
        "flight_instance": "EC1_0173#0",
        "start_time": "21:27:00.00",
        "scenario": "produto2_C1_2025-11-09_off.scn",
        "waypoint_count": 30,
        "planned_flight_instance": "EC1_0173#0",
        "planned_start_time": "21:27:00.00",
        "vehicle_type": "eVTOL",
        "aircraft_model": "EVTOL",
        "start_time_delta_s": 0.0,
        "spatial_adherence_pct": 80.19801980198021,
        "planned_line_adherence_pct": 100.0,
        "adherence_reference": "official_reh_polygons",
        "mean_deviation_m": 7.764933335320625,
        "p95_deviation_m": 30.534873370890743,
        "max_deviation_m": 128.04823690690847,
        "planned_distance_m": 55040.48859160776,
        "executed_distance_m": 54690.06200743,
        "additional_distance_m": -350.42658417775965,
        "trajectory_conformity_ratio": -0.0063667055497612455,
        "planned_horizontal_inefficiency_ratio": 0.9480424672311862,
        "executed_horizontal_inefficiency_ratio": 0.9356398544438949,
        "executed_samples": 1414
      },
      "geometry": {
        "type": "LineString",
        "coordinates": [
          [
            -46.473056,
            -23.435556
          ],
          [
            -46.470057,
            -23.479504
          ],
          [
            -46.542513,
            -23.501225
          ],
          [
            -46.559266,
            -23.522325
          ],
          [
            -46.576553,
            -23.537839
          ],
          [
            -46.617141,
            -23.542766
          ],
          [
            -46.635058,
            -23.534875
          ],
          [
            -46.639567,
            -23.533164
          ],
          [
            -46.642444,
            -23.529251
          ],
          [
            -46.645476,
            -23.527575
          ],
          [
            -46.651833,
            -23.527834
          ],
          [
            -46.659691,
            -23.525779
          ],
          [
            -46.670751,
            -23.524279
          ],
          [
            -46.67633,
            -23.522493
          ],
          [
            -46.682605,
            -23.521447
          ],
          [
            -46.692085,
            -23.520419
          ],
          [
            -46.698562,
            -23.518796
          ],
          [
            -46.709231,
            -23.515456
          ],
          [
            -46.726172,
            -23.513321
          ],
          [
            -46.744128,
            -23.517113
          ],
          [
            -46.751433,
            -23.525731
          ],
          [
            -46.755767,
            -23.548092
          ],
          [
            -46.747931,
            -23.557437
          ],
          [
            -46.723564,
            -23.602377
          ],
          [
            -46.712994,
            -23.612071
          ],
          [
            -46.699523,
            -23.613222
          ],
          [
            -46.688349,
            -23.615738
          ],
          [
            -46.678516,
            -23.62337
          ],
          [
            -46.669241,
            -23.634056
          ],
          [
            -46.656389,
            -23.626111
          ]
        ]
      }
    },
    {
      "type": "Feature",
      "properties": {
        "id": "PSBOS_004",
        "flight_instance": "PSBOS_004#0",
        "start_time": "21:27:34.00",
        "scenario": "produto2_C1_2025-11-09_off.scn",
        "waypoint_count": 9,
        "planned_flight_instance": "PSBOS_004#0",
        "planned_start_time": "21:27:34.00",
        "vehicle_type": "helicoptero",
        "aircraft_model": "AS50",
        "start_time_delta_s": 0.0,
        "spatial_adherence_pct": 76.09561752988047,
        "planned_line_adherence_pct": 93.22709163346613,
        "adherence_reference": "official_reh_polygons",
        "mean_deviation_m": 51.38489883503192,
        "p95_deviation_m": 305.4406819014199,
        "max_deviation_m": 488.1296875508375,
        "planned_distance_m": 16695.803426252154,
        "executed_distance_m": 15928.10368447,
        "additional_distance_m": -767.6997417821549,
        "trajectory_conformity_ratio": -0.04598159921882159,
        "planned_horizontal_inefficiency_ratio": 0.14931436298124415,
        "executed_horizontal_inefficiency_ratio": 0.09646705056620535,
        "executed_samples": 251
      },
      "geometry": {
        "type": "LineString",
        "coordinates": [
          [
            -46.696222,
            -23.609167
          ],
          [
            -46.699524,
            -23.612334
          ],
          [
            -46.712735,
            -23.611218
          ],
          [
            -46.751406,
            -23.607512
          ],
          [
            -46.809684,
            -23.591238
          ],
          [
            -46.807212,
            -23.579688
          ],
          [
            -46.8132,
            -23.569513
          ],
          [
            -46.819596,
            -23.562869
          ],
          [
            -46.830278,
            -23.564722
          ]
        ]
      }
    },
    {
      "type": "Feature",
      "properties": {
        "id": "EC1_0005",
        "flight_instance": "EC1_0005#0",
        "start_time": "21:29:00.00",
        "scenario": "produto2_C1_2025-11-09_off.scn",
        "waypoint_count": 12,
        "planned_flight_instance": "EC1_0005#0",
        "planned_start_time": "21:29:00.00",
        "vehicle_type": "eVTOL",
        "aircraft_model": "EVTOL",
        "start_time_delta_s": 0.0,
        "spatial_adherence_pct": 71.13259668508287,
        "planned_line_adherence_pct": 100.0,
        "adherence_reference": "official_reh_polygons",
        "mean_deviation_m": 7.173604101707715,
        "p95_deviation_m": 21.506873318233286,
        "max_deviation_m": 106.05061295217199,
        "planned_distance_m": 26310.7491327017,
        "executed_distance_m": 25916.13802414,
        "additional_distance_m": -394.61110856170126,
        "trajectory_conformity_ratio": -0.014998094754787429,
        "planned_horizontal_inefficiency_ratio": 0.2556920998879288,
        "executed_horizontal_inefficiency_ratio": 0.23685911079097163,
        "executed_samples": 724
      },
      "geometry": {
        "type": "LineString",
        "coordinates": [
          [
            -46.856667,
            -23.486667
          ],
          [
            -46.877361,
            -23.505927
          ],
          [
            -46.821551,
            -23.510004
          ],
          [
            -46.79638,
            -23.515916
          ],
          [
            -46.781822,
            -23.521939
          ],
          [
            -46.75076,
            -23.527145
          ],
          [
            -46.748854,
            -23.534709
          ],
          [
            -46.735007,
            -23.5462
          ],
          [
            -46.706979,
            -23.561333
          ],
          [
            -46.7012,
            -23.571137
          ],
          [
            -46.692476,
            -23.585777
          ],
          [
            -46.685556,
            -23.591111
          ]
        ]
      }
    },
    {
      "type": "Feature",
      "properties": {
        "id": "PRGMD_004",
        "flight_instance": "PRGMD_004#0",
        "start_time": "21:29:13.00",
        "scenario": "produto2_C1_2025-11-09_off.scn",
        "waypoint_count": 18,
        "planned_flight_instance": "PRGMD_004#0",
        "planned_start_time": "21:29:13.00",
        "vehicle_type": "helicoptero",
        "aircraft_model": "B429",
        "start_time_delta_s": 0.0,
        "spatial_adherence_pct": 52.428810720268004,
        "planned_line_adherence_pct": 84.42211055276381,
        "adherence_reference": "official_reh_polygons",
        "mean_deviation_m": 97.09122018563372,
        "p95_deviation_m": 461.43412821324296,
        "max_deviation_m": 574.5256028604558,
        "planned_distance_m": 37190.342593021174,
        "executed_distance_m": 35959.96714091,
        "additional_distance_m": -1230.3754521111769,
        "trajectory_conformity_ratio": -0.03308319758103166,
        "planned_horizontal_inefficiency_ratio": 0.6596264468111526,
        "executed_horizontal_inefficiency_ratio": 0.6047206971605936,
        "executed_samples": 597
      },
      "geometry": {
        "type": "LineString",
        "coordinates": [
          [
            -46.633,
            -23.509
          ],
          [
            -46.646,
            -23.52784
          ],
          [
            -46.643156,
            -23.529869
          ],
          [
            -46.640193,
            -23.533856
          ],
          [
            -46.635497,
            -23.53568
          ],
          [
            -46.617988,
            -23.544768
          ],
          [
            -46.612476,
            -23.5533
          ],
          [
            -46.605043,
            -23.567604
          ],
          [
            -46.599279,
            -23.586761
          ],
          [
            -46.601779,
            -23.603514
          ],
          [
            -46.60251,
            -23.620927
          ],
          [
            -46.59658,
            -23.636235
          ],
          [
            -46.584352,
            -23.646914
          ],
          [
            -46.573805,
            -23.665984
          ],
          [
            -46.60796,
            -23.721804
          ],
          [
            -46.674299,
            -23.702626
          ],
          [
            -46.68894,
            -23.698021
          ],
          [
            -46.6925,
            -23.703056
          ]
        ]
      }
    },
    {
      "type": "Feature",
      "properties": {
        "id": "PSEII_007",
        "flight_instance": "PSEII_007#0",
        "start_time": "21:29:47.00",
        "scenario": "produto2_C1_2025-11-09_off.scn",
        "waypoint_count": 19,
        "planned_flight_instance": "PSEII_007#0",
        "planned_start_time": "21:29:47.00",
        "vehicle_type": "helicoptero",
        "aircraft_model": "AS50",
        "start_time_delta_s": 0.0,
        "spatial_adherence_pct": 62.0,
        "planned_line_adherence_pct": 91.71428571428571,
        "adherence_reference": "official_reh_polygons",
        "mean_deviation_m": 94.05015939108296,
        "p95_deviation_m": 378.01084609690975,
        "max_deviation_m": 593.5886677112892,
        "planned_distance_m": 22541.79242236932,
        "executed_distance_m": 21520.63822161,
        "additional_distance_m": -1021.1542007593198,
        "trajectory_conformity_ratio": -0.04530048816109134,
        "planned_horizontal_inefficiency_ratio": 0.3953052902382543,
        "executed_horizontal_inefficiency_ratio": 0.33209727945670814,
        "executed_samples": 350
      },
      "geometry": {
        "type": "LineString",
        "coordinates": [
          [
            -46.680833,
            -23.591111
          ],
          [
            -46.691708,
            -23.585219
          ],
          [
            -46.700338,
            -23.570707
          ],
          [
            -46.706363,
            -23.560632
          ],
          [
            -46.734437,
            -23.545467
          ],
          [
            -46.746866,
            -23.533391
          ],
          [
            -46.749087,
            -23.526381
          ],
          [
            -46.742985,
            -23.519104
          ],
          [
            -46.725265,
            -23.515259
          ],
          [
            -46.731696,
            -23.50713
          ],
          [
            -46.743982,
            -23.506437
          ],
          [
            -46.75222,
            -23.504262
          ],
          [
            -46.754052,
            -23.497111
          ],
          [
            -46.758475,
            -23.492906
          ],
          [
            -46.765319,
            -23.490964
          ],
          [
            -46.768251,
            -23.485298
          ],
          [
            -46.769169,
            -23.47516
          ],
          [
            -46.777452,
            -23.470231
          ],
          [
            -46.781111,
            -23.478611
          ]
        ]
      }
    },
    {
      "type": "Feature",
      "properties": {
        "id": "PSSPA_002",
        "flight_instance": "PSSPA_002#0",
        "start_time": "21:30:02.00",
        "scenario": "produto2_C1_2025-11-09_off.scn",
        "waypoint_count": 26,
        "planned_flight_instance": "PSSPA_002#0",
        "planned_start_time": "21:30:02.00",
        "vehicle_type": "helicoptero",
        "aircraft_model": "EC30",
        "start_time_delta_s": 0.0,
        "spatial_adherence_pct": 75.43859649122807,
        "planned_line_adherence_pct": 100.0,
        "adherence_reference": "official_reh_polygons",
        "mean_deviation_m": 18.03273124916531,
        "p95_deviation_m": 89.05270017921248,
        "max_deviation_m": 157.611600567231,
        "planned_distance_m": 54538.475466674376,
        "executed_distance_m": 54177.61288888,
        "additional_distance_m": -360.8625777943744,
        "trajectory_conformity_ratio": -0.006616660526473255,
        "planned_horizontal_inefficiency_ratio": 0.18230478440657477,
        "executed_horizontal_inefficiency_ratio": 0.17448187500933132,
        "executed_samples": 912
      },
      "geometry": {
        "type": "LineString",
        "coordinates": [
          [
            -46.473056,
            -23.435556
          ],
          [
            -46.470057,
            -23.479504
          ],
          [
            -46.542513,
            -23.501225
          ],
          [
            -46.559266,
            -23.522325
          ],
          [
            -46.576553,
            -23.537839
          ],
          [
            -46.617141,
            -23.542766
          ],
          [
            -46.635058,
            -23.534875
          ],
          [
            -46.639567,
            -23.533164
          ],
          [
            -46.642444,
            -23.529251
          ],
          [
            -46.645476,
            -23.527575
          ],
          [
            -46.651833,
            -23.527834
          ],
          [
            -46.659691,
            -23.525779
          ],
          [
            -46.670751,
            -23.524279
          ],
          [
            -46.67633,
            -23.522493
          ],
          [
            -46.682605,
            -23.521447
          ],
          [
            -46.692085,
            -23.520419
          ],
          [
            -46.698562,
            -23.518796
          ],
          [
            -46.709231,
            -23.515456
          ],
          [
            -46.726172,
            -23.513321
          ],
          [
            -46.744128,
            -23.517113
          ],
          [
            -46.750374,
            -23.52499
          ],
          [
            -46.781185,
            -23.519766
          ],
          [
            -46.795617,
            -23.513778
          ],
          [
            -46.821227,
            -23.507774
          ],
          [
            -46.876584,
            -23.503878
          ],
          [
            -46.919361,
            -23.502806
          ]
        ]
      }
    },
    {
      "type": "Feature",
      "properties": {
        "id": "PROMH_008",
        "flight_instance": "PROMH_008#0",
        "start_time": "21:30:17.00",
        "scenario": "produto2_C1_2025-11-09_off.scn",
        "waypoint_count": 10,
        "planned_flight_instance": "PROMH_008#0",
        "planned_start_time": "21:30:17.00",
        "vehicle_type": "helicoptero",
        "aircraft_model": "EC55",
        "start_time_delta_s": 0.0,
        "spatial_adherence_pct": 53.63321799307958,
        "planned_line_adherence_pct": 84.42906574394463,
        "adherence_reference": "official_reh_polygons",
        "mean_deviation_m": 94.57677249027999,
        "p95_deviation_m": 391.5142860029443,
        "max_deviation_m": 553.1063397364875,
        "planned_distance_m": 20343.274924755766,
        "executed_distance_m": 19484.92217799,
        "additional_distance_m": -858.3527467657659,
        "trajectory_conformity_ratio": -0.042193439843908075,
        "planned_horizontal_inefficiency_ratio": 0.3330826634690647,
        "executed_horizontal_inefficiency_ratio": 0.2768353203010259,
        "executed_samples": 289
      },
      "geometry": {
        "type": "LineString",
        "coordinates": [
          [
            -46.682222,
            -23.585278
          ],
          [
            -46.692498,
            -23.585297
          ],
          [
            -46.699842,
            -23.612514
          ],
          [
            -46.712735,
            -23.611218
          ],
          [
            -46.751406,
            -23.607512
          ],
          [
            -46.809684,
            -23.591238
          ],
          [
            -46.807212,
            -23.579688
          ],
          [
            -46.8132,
            -23.569513
          ],
          [
            -46.819596,
            -23.562869
          ],
          [
            -46.830278,
            -23.564722
          ]
        ]
      }
    },
    {
      "type": "Feature",
      "properties": {
        "id": "EC1_0171",
        "flight_instance": "EC1_0171#0",
        "start_time": "21:31:00.00",
        "scenario": "produto2_C1_2025-11-09_off.scn",
        "waypoint_count": 30,
        "planned_flight_instance": "EC1_0171#0",
        "planned_start_time": "21:31:00.00",
        "vehicle_type": "eVTOL",
        "aircraft_model": "EVTOL",
        "start_time_delta_s": 0.0,
        "spatial_adherence_pct": 80.19801980198021,
        "planned_line_adherence_pct": 100.0,
        "adherence_reference": "official_reh_polygons",
        "mean_deviation_m": 7.764933335320625,
        "p95_deviation_m": 30.534873370890743,
        "max_deviation_m": 128.04823690690847,
        "planned_distance_m": 55040.48859160776,
        "executed_distance_m": 54690.06200743,
        "additional_distance_m": -350.42658417775965,
        "trajectory_conformity_ratio": -0.0063667055497612455,
        "planned_horizontal_inefficiency_ratio": 0.9480424672311862,
        "executed_horizontal_inefficiency_ratio": 0.9356398544438949,
        "executed_samples": 1414
      },
      "geometry": {
        "type": "LineString",
        "coordinates": [
          [
            -46.473056,
            -23.435556
          ],
          [
            -46.470057,
            -23.479504
          ],
          [
            -46.542513,
            -23.501225
          ],
          [
            -46.559266,
            -23.522325
          ],
          [
            -46.576553,
            -23.537839
          ],
          [
            -46.617141,
            -23.542766
          ],
          [
            -46.635058,
            -23.534875
          ],
          [
            -46.639567,
            -23.533164
          ],
          [
            -46.642444,
            -23.529251
          ],
          [
            -46.645476,
            -23.527575
          ],
          [
            -46.651833,
            -23.527834
          ],
          [
            -46.659691,
            -23.525779
          ],
          [
            -46.670751,
            -23.524279
          ],
          [
            -46.67633,
            -23.522493
          ],
          [
            -46.682605,
            -23.521447
          ],
          [
            -46.692085,
            -23.520419
          ],
          [
            -46.698562,
            -23.518796
          ],
          [
            -46.709231,
            -23.515456
          ],
          [
            -46.726172,
            -23.513321
          ],
          [
            -46.744128,
            -23.517113
          ],
          [
            -46.751433,
            -23.525731
          ],
          [
            -46.755767,
            -23.548092
          ],
          [
            -46.747931,
            -23.557437
          ],
          [
            -46.723564,
            -23.602377
          ],
          [
            -46.712994,
            -23.612071
          ],
          [
            -46.699523,
            -23.613222
          ],
          [
            -46.688349,
            -23.615738
          ],
          [
            -46.678516,
            -23.62337
          ],
          [
            -46.669241,
            -23.634056
          ],
          [
            -46.656389,
            -23.626111
          ]
        ]
      }
    },
    {
      "type": "Feature",
      "properties": {
        "id": "PRYJS_002",
        "flight_instance": "PRYJS_002#0",
        "start_time": "21:33:15.00",
        "scenario": "produto2_C1_2025-11-09_off.scn",
        "waypoint_count": 19,
        "planned_flight_instance": "PRYJS_002#0",
        "planned_start_time": "21:33:15.00",
        "vehicle_type": "helicoptero",
        "aircraft_model": "AS50",
        "start_time_delta_s": 0.0,
        "spatial_adherence_pct": 70.59925093632958,
        "planned_line_adherence_pct": 99.625468164794,
        "adherence_reference": "official_reh_polygons",
        "mean_deviation_m": 22.48977710827567,
        "p95_deviation_m": 113.04724192187207,
        "max_deviation_m": 287.8303068426356,
        "planned_distance_m": 33735.93951251547,
        "executed_distance_m": 32997.59763541,
        "additional_distance_m": -738.3418771054712,
        "trajectory_conformity_ratio": -0.02188591418453186,
        "planned_horizontal_inefficiency_ratio": 0.21715025211211633,
        "executed_horizontal_inefficiency_ratio": 0.19051180614470925,
        "executed_samples": 534
      },
      "geometry": {
        "type": "LineString",
        "coordinates": [
          [
            -46.655833,
            -23.564167
          ],
          [
            -46.670208,
            -23.57125
          ],
          [
            -46.678469,
            -23.562044
          ],
          [
            -46.681254,
            -23.556691
          ],
          [
            -46.678868,
            -23.552963
          ],
          [
            -46.670344,
            -23.524761
          ],
          [
            -46.67633,
            -23.522493
          ],
          [
            -46.682605,
            -23.521447
          ],
          [
            -46.692085,
            -23.520419
          ],
          [
            -46.698562,
            -23.518796
          ],
          [
            -46.709231,
            -23.515456
          ],
          [
            -46.726172,
            -23.513321
          ],
          [
            -46.744128,
            -23.517113
          ],
          [
            -46.750374,
            -23.52499
          ],
          [
            -46.781185,
            -23.519766
          ],
          [
            -46.795617,
            -23.513778
          ],
          [
            -46.821227,
            -23.507774
          ],
          [
            -46.876584,
            -23.503878
          ],
          [
            -46.919361,
            -23.502806
          ]
        ]
      }
    },
    {
      "type": "Feature",
      "properties": {
        "id": "EC1_0082",
        "flight_instance": "EC1_0082#0",
        "start_time": "21:34:00.00",
        "scenario": "produto2_C1_2025-11-09_off.scn",
        "waypoint_count": 6,
        "planned_flight_instance": "EC1_0082#0",
        "planned_start_time": "21:34:00.00",
        "vehicle_type": "eVTOL",
        "aircraft_model": "EVTOL",
        "start_time_delta_s": 0.0,
        "spatial_adherence_pct": 72.10526315789474,
        "planned_line_adherence_pct": 100.0,
        "adherence_reference": "official_reh_polygons",
        "mean_deviation_m": 9.355878821089721,
        "p95_deviation_m": 41.55878093432666,
        "max_deviation_m": 100.38028384132909,
        "planned_distance_m": 7635.420695948441,
        "executed_distance_m": 7556.12467326,
        "additional_distance_m": -79.29602268844064,
        "trajectory_conformity_ratio": -0.010385285349177582,
        "planned_horizontal_inefficiency_ratio": 0.06033667537560508,
        "executed_horizontal_inefficiency_ratio": 0.04932477643563115,
        "executed_samples": 190
      },
      "geometry": {
        "type": "LineString",
        "coordinates": [
          [
            -46.685556,
            -23.591111
          ],
          [
            -46.691668,
            -23.585265
          ],
          [
            -46.700338,
            -23.570707
          ],
          [
            -46.706363,
            -23.560632
          ],
          [
            -46.734497,
            -23.545433
          ],
          [
            -46.736944,
            -23.546667
          ]
        ]
      }
    },
    {
      "type": "Feature",
      "properties": {
        "id": "EC1_0161",
        "flight_instance": "EC1_0161#0",
        "start_time": "21:34:00.00",
        "scenario": "produto2_C1_2025-11-09_off.scn",
        "waypoint_count": 26,
        "planned_flight_instance": "EC1_0161#0",
        "planned_start_time": "21:34:00.00",
        "vehicle_type": "eVTOL",
        "aircraft_model": "EVTOL",
        "start_time_delta_s": 0.0,
        "spatial_adherence_pct": 79.10557184750732,
        "planned_line_adherence_pct": 97.43401759530792,
        "adherence_reference": "official_reh_polygons",
        "mean_deviation_m": 20.576176030925417,
        "p95_deviation_m": 97.47559808440485,
        "max_deviation_m": 402.0250899149255,
        "planned_distance_m": 52871.74315260554,
        "executed_distance_m": 51335.77788834,
        "additional_distance_m": -1535.9652642655346,
        "trajectory_conformity_ratio": -0.029050777838593767,
        "planned_horizontal_inefficiency_ratio": 0.33717188746042404,
        "executed_horizontal_inefficiency_ratio": 0.2983260040257982,
        "executed_samples": 1364
      },
      "geometry": {
        "type": "LineString",
        "coordinates": [
          [
            -46.473056,
            -23.435556
          ],
          [
            -46.470057,
            -23.479504
          ],
          [
            -46.542513,
            -23.501225
          ],
          [
            -46.559266,
            -23.522325
          ],
          [
            -46.576553,
            -23.537839
          ],
          [
            -46.617141,
            -23.542766
          ],
          [
            -46.635058,
            -23.534875
          ],
          [
            -46.639567,
            -23.533164
          ],
          [
            -46.642444,
            -23.529251
          ],
          [
            -46.645476,
            -23.527575
          ],
          [
            -46.651833,
            -23.527834
          ],
          [
            -46.659691,
            -23.525779
          ],
          [
            -46.670751,
            -23.524279
          ],
          [
            -46.67633,
            -23.522493
          ],
          [
            -46.682605,
            -23.521447
          ],
          [
            -46.692085,
            -23.520419
          ],
          [
            -46.698562,
            -23.518796
          ],
          [
            -46.709231,
            -23.515456
          ],
          [
            -46.726172,
            -23.513321
          ],
          [
            -46.744128,
            -23.517113
          ],
          [
            -46.750374,
            -23.52499
          ],
          [
            -46.781185,
            -23.519766
          ],
          [
            -46.795617,
            -23.513778
          ],
          [
            -46.821227,
            -23.507774
          ],
          [
            -46.875972,
            -23.504073
          ],
          [
            -46.856667,
            -23.486667
          ]
        ]
      }
    },
    {
      "type": "Feature",
      "properties": {
        "id": "PROOE_008",
        "flight_instance": "PROOE_008#0",
        "start_time": "21:34:45.00",
        "scenario": "produto2_C1_2025-11-09_off.scn",
        "waypoint_count": 9,
        "planned_flight_instance": "PROOE_008#0",
        "planned_start_time": "21:34:45.00",
        "vehicle_type": "helicoptero",
        "aircraft_model": "EC35",
        "start_time_delta_s": 0.0,
        "spatial_adherence_pct": 40.38461538461539,
        "planned_line_adherence_pct": 100.0,
        "adherence_reference": "official_reh_polygons",
        "mean_deviation_m": 30.002988142078877,
        "p95_deviation_m": 75.97858426223168,
        "max_deviation_m": 108.28165787256648,
        "planned_distance_m": 16719.86628293206,
        "executed_distance_m": 16219.0150518,
        "additional_distance_m": -500.851231132061,
        "trajectory_conformity_ratio": -0.02995545673970724,
        "planned_horizontal_inefficiency_ratio": 0.3395754661339986,
        "executed_horizontal_inefficiency_ratio": 0.2994478712086484,
        "executed_samples": 312
      },
      "geometry": {
        "type": "LineString",
        "coordinates": [
          [
            -46.682278,
            -23.591167
          ],
          [
            -46.692469,
            -23.585256
          ],
          [
            -46.699921,
            -23.612668
          ],
          [
            -46.702161,
            -23.620571
          ],
          [
            -46.71228,
            -23.626616
          ],
          [
            -46.726108,
            -23.640325
          ],
          [
            -46.724402,
            -23.653053
          ],
          [
            -46.690012,
            -23.699694
          ],
          [
            -46.6925,
            -23.703056
          ]
        ]
      }
    },
    {
      "type": "Feature",
      "properties": {
        "id": "EC1_0056",
        "flight_instance": "EC1_0056#0",
        "start_time": "21:35:00.00",
        "scenario": "produto2_C1_2025-11-09_off.scn",
        "waypoint_count": 10,
        "planned_flight_instance": "EC1_0056#0",
        "planned_start_time": "21:35:00.00",
        "vehicle_type": "eVTOL",
        "aircraft_model": "EVTOL",
        "start_time_delta_s": 0.0,
        "spatial_adherence_pct": 55.76407506702413,
        "planned_line_adherence_pct": 100.0,
        "adherence_reference": "official_reh_polygons",
        "mean_deviation_m": 25.090093724387156,
        "p95_deviation_m": 99.99896773673498,
        "max_deviation_m": 144.60941624555,
        "planned_distance_m": 12646.849525830185,
        "executed_distance_m": 12267.82532188,
        "additional_distance_m": -379.0242039501845,
        "trajectory_conformity_ratio": -0.029969851635860592,
        "planned_horizontal_inefficiency_ratio": 0.9985744271151293,
        "executed_horizontal_inefficiency_ratio": 0.9386774480512639,
        "executed_samples": 373
      },
      "geometry": {
        "type": "LineString",
        "coordinates": [
          [
            -46.655,
            -23.562222
          ],
          [
            -46.670253,
            -23.571249
          ],
          [
            -46.678469,
            -23.562044
          ],
          [
            -46.681254,
            -23.556691
          ],
          [
            -46.678868,
            -23.552963
          ],
          [
            -46.670426,
            -23.524974
          ],
          [
            -46.659889,
            -23.526661
          ],
          [
            -46.651967,
            -23.528726
          ],
          [
            -46.645185,
            -23.528321
          ],
          [
            -46.633,
            -23.509
          ]
        ]
      }
    },
    {
      "type": "Feature",
      "properties": {
        "id": "EC1_0158",
        "flight_instance": "EC1_0158#0",
        "start_time": "21:35:00.00",
        "scenario": "produto2_C1_2025-11-09_off.scn",
        "waypoint_count": 30,
        "planned_flight_instance": "EC1_0158#0",
        "planned_start_time": "21:35:00.00",
        "vehicle_type": "eVTOL",
        "aircraft_model": "EVTOL",
        "start_time_delta_s": 0.0,
        "spatial_adherence_pct": 81.45161290322581,
        "planned_line_adherence_pct": 100.0,
        "adherence_reference": "official_reh_polygons",
        "mean_deviation_m": 19.106726878205734,
        "p95_deviation_m": 124.18602479938201,
        "max_deviation_m": 189.99600033422743,
        "planned_distance_m": 54910.47865049409,
        "executed_distance_m": 54511.84997306,
        "additional_distance_m": -398.6286774340915,
        "trajectory_conformity_ratio": -0.007259610319031605,
        "planned_horizontal_inefficiency_ratio": 0.9434964699889659,
        "executed_horizontal_inefficiency_ratio": 0.9293874429604325,
        "executed_samples": 1364
      },
      "geometry": {
        "type": "LineString",
        "coordinates": [
          [
            -46.656389,
            -23.626111
          ],
          [
            -46.669092,
            -23.633166
          ],
          [
            -46.677804,
            -23.62275
          ],
          [
            -46.687891,
            -23.614942
          ],
          [
            -46.699366,
            -23.612334
          ],
          [
            -46.712562,
            -23.611263
          ],
          [
            -46.722716,
            -23.601923
          ],
          [
            -46.747069,
            -23.557007
          ],
          [
            -46.754789,
            -23.548019
          ],
          [
            -46.749123,
            -23.526491
          ],
          [
            -46.742985,
            -23.519104
          ],
          [
            -46.72605,
            -23.515568
          ],
          [
            -46.709753,
            -23.517655
          ],
          [
            -46.6993,
            -23.520942
          ],
          [
            -46.692524,
            -23.522632
          ],
          [
            -46.682954,
            -23.523674
          ],
          [
            -46.676805,
            -23.5247
          ],
          [
            -46.670916,
            -23.525166
          ],
          [
            -46.659889,
            -23.526661
          ],
          [
            -46.651967,
            -23.528726
          ],
          [
            -46.645624,
            -23.528465
          ],
          [
            -46.643156,
            -23.529869
          ],
          [
            -46.640193,
            -23.533856
          ],
          [
            -46.635497,
            -23.53568
          ],
          [
            -46.617304,
            -23.545011
          ],
          [
            -46.575669,
            -23.539938
          ],
          [
            -46.557401,
            -23.523786
          ],
          [
            -46.541376,
            -23.503219
          ],
          [
            -46.468276,
            -23.481052
          ],
          [
            -46.473056,
            -23.435556
          ]
        ]
      }
    },
    {
      "type": "Feature",
      "properties": {
        "id": "EC1_0083",
        "flight_instance": "EC1_0083#0",
        "start_time": "21:36:00.00",
        "scenario": "produto2_C1_2025-11-09_off.scn",
        "waypoint_count": 6,
        "planned_flight_instance": "EC1_0083#0",
        "planned_start_time": "21:36:00.00",
        "vehicle_type": "eVTOL",
        "aircraft_model": "EVTOL",
        "start_time_delta_s": 0.0,
        "spatial_adherence_pct": 72.10526315789474,
        "planned_line_adherence_pct": 100.0,
        "adherence_reference": "official_reh_polygons",
        "mean_deviation_m": 9.355878821089721,
        "p95_deviation_m": 41.55878093432666,
        "max_deviation_m": 100.38028384132909,
        "planned_distance_m": 7635.420695948441,
        "executed_distance_m": 7556.12467326,
        "additional_distance_m": -79.29602268844064,
        "trajectory_conformity_ratio": -0.010385285349177582,
        "planned_horizontal_inefficiency_ratio": 0.06033667537560508,
        "executed_horizontal_inefficiency_ratio": 0.04932477643563115,
        "executed_samples": 190
      },
      "geometry": {
        "type": "LineString",
        "coordinates": [
          [
            -46.685556,
            -23.591111
          ],
          [
            -46.691668,
            -23.585265
          ],
          [
            -46.700338,
            -23.570707
          ],
          [
            -46.706363,
            -23.560632
          ],
          [
            -46.734497,
            -23.545433
          ],
          [
            -46.736944,
            -23.546667
          ]
        ]
      }
    },
    {
      "type": "Feature",
      "properties": {
        "id": "PRVEM_003",
        "flight_instance": "PRVEM_003#0",
        "start_time": "21:36:07.00",
        "scenario": "produto2_C1_2025-11-09_off.scn",
        "waypoint_count": 7,
        "planned_flight_instance": "PRVEM_003#0",
        "planned_start_time": "21:36:07.00",
        "vehicle_type": "helicoptero",
        "aircraft_model": "B429",
        "start_time_delta_s": 0.0,
        "spatial_adherence_pct": 34.831460674157306,
        "planned_line_adherence_pct": 93.25842696629213,
        "adherence_reference": "official_reh_polygons",
        "mean_deviation_m": 65.67966049335328,
        "p95_deviation_m": 273.8081115608756,
        "max_deviation_m": 358.87216634507894,
        "planned_distance_m": 9885.860430013618,
        "executed_distance_m": 9086.34104289,
        "additional_distance_m": -799.519387123617,
        "trajectory_conformity_ratio": -0.080875042975143,
        "planned_horizontal_inefficiency_ratio": 0.7441700378111776,
        "executed_horizontal_inefficiency_ratio": 0.6031102110472419,
        "executed_samples": 178
      },
      "geometry": {
        "type": "LineString",
        "coordinates": [
          [
            -46.682694,
            -23.581194
          ],
          [
            -46.692514,
            -23.585324
          ],
          [
            -46.699932,
            -23.612832
          ],
          [
            -46.688349,
            -23.615738
          ],
          [
            -46.678516,
            -23.62337
          ],
          [
            -46.669241,
            -23.634056
          ],
          [
            -46.656389,
            -23.626111
          ]
        ]
      }
    },
    {
      "type": "Feature",
      "properties": {
        "id": "EC1_0048",
        "flight_instance": "EC1_0048#0",
        "start_time": "21:39:00.00",
        "scenario": "produto2_C1_2025-11-09_off.scn",
        "waypoint_count": 20,
        "planned_flight_instance": "EC1_0048#0",
        "planned_start_time": "21:39:00.00",
        "vehicle_type": "eVTOL",
        "aircraft_model": "EVTOL",
        "start_time_delta_s": 0.0,
        "spatial_adherence_pct": 83.79814077025233,
        "planned_line_adherence_pct": 99.20318725099602,
        "adherence_reference": "official_reh_polygons",
        "mean_deviation_m": 23.551924883898913,
        "p95_deviation_m": 85.60386276813107,
        "max_deviation_m": 303.9705901262604,
        "planned_distance_m": 31133.764453844986,
        "executed_distance_m": 29711.93271478,
        "additional_distance_m": -1421.8317390649863,
        "trajectory_conformity_ratio": -0.04566848127770786,
        "planned_horizontal_inefficiency_ratio": 0.7426603872933871,
        "executed_horizontal_inefficiency_ratio": 0.6630757340228759,
        "executed_samples": 753
      },
      "geometry": {
        "type": "LineString",
        "coordinates": [
          [
            -46.655,
            -23.562222
          ],
          [
            -46.670253,
            -23.571249
          ],
          [
            -46.678469,
            -23.562044
          ],
          [
            -46.681254,
            -23.556691
          ],
          [
            -46.678868,
            -23.552963
          ],
          [
            -46.670344,
            -23.524761
          ],
          [
            -46.67633,
            -23.522493
          ],
          [
            -46.682605,
            -23.521447
          ],
          [
            -46.692085,
            -23.520419
          ],
          [
            -46.698562,
            -23.518796
          ],
          [
            -46.709231,
            -23.515456
          ],
          [
            -46.726172,
            -23.513321
          ],
          [
            -46.744128,
            -23.517113
          ],
          [
            -46.750374,
            -23.52499
          ],
          [
            -46.781185,
            -23.519766
          ],
          [
            -46.795617,
            -23.513778
          ],
          [
            -46.821362,
            -23.507764
          ],
          [
            -46.81814,
            -23.514459
          ],
          [
            -46.821212,
            -23.563658
          ],
          [
            -46.830278,
            -23.564722
          ]
        ]
      }
    },
    {
      "type": "Feature",
      "properties": {
        "id": "EC1_0182",
        "flight_instance": "EC1_0182#0",
        "start_time": "21:40:00.00",
        "scenario": "produto2_C1_2025-11-09_off.scn",
        "waypoint_count": 22,
        "planned_flight_instance": "EC1_0182#0",
        "planned_start_time": "21:40:00.00",
        "vehicle_type": "eVTOL",
        "aircraft_model": "EVTOL",
        "start_time_delta_s": 0.0,
        "spatial_adherence_pct": 76.2778505897772,
        "planned_line_adherence_pct": 100.0,
        "adherence_reference": "official_reh_polygons",
        "mean_deviation_m": 8.248080712244557,
        "p95_deviation_m": 45.389606252374854,
        "max_deviation_m": 128.64215323642364,
        "planned_distance_m": 31836.55934935684,
        "executed_distance_m": 31551.17316366,
        "additional_distance_m": -285.3861856968397,
        "trajectory_conformity_ratio": -0.008964102639521096,
        "planned_horizontal_inefficiency_ratio": 1.4047717944374702,
        "executed_horizontal_inefficiency_ratio": 1.3832151732475075,
        "executed_samples": 763
      },
      "geometry": {
        "type": "LineString",
        "coordinates": [
          [
            -46.633,
            -23.509
          ],
          [
            -46.645915,
            -23.527719
          ],
          [
            -46.651833,
            -23.527834
          ],
          [
            -46.659691,
            -23.525779
          ],
          [
            -46.670751,
            -23.524279
          ],
          [
            -46.67633,
            -23.522493
          ],
          [
            -46.682605,
            -23.521447
          ],
          [
            -46.692085,
            -23.520419
          ],
          [
            -46.698562,
            -23.518796
          ],
          [
            -46.709231,
            -23.515456
          ],
          [
            -46.726172,
            -23.513321
          ],
          [
            -46.744128,
            -23.517113
          ],
          [
            -46.751433,
            -23.525731
          ],
          [
            -46.755767,
            -23.548092
          ],
          [
            -46.747931,
            -23.557437
          ],
          [
            -46.723564,
            -23.602377
          ],
          [
            -46.712994,
            -23.612071
          ],
          [
            -46.699523,
            -23.613222
          ],
          [
            -46.688349,
            -23.615738
          ],
          [
            -46.678516,
            -23.62337
          ],
          [
            -46.669241,
            -23.634056
          ],
          [
            -46.656389,
            -23.626111
          ]
        ]
      }
    },
    {
      "type": "Feature",
      "properties": {
        "id": "PRSBK_006",
        "flight_instance": "PRSBK_006#0",
        "start_time": "21:40:02.00",
        "scenario": "produto2_C1_2025-11-09_off.scn",
        "waypoint_count": 10,
        "planned_flight_instance": "PRSBK_006#0",
        "planned_start_time": "21:40:02.00",
        "vehicle_type": "helicoptero",
        "aircraft_model": "B429",
        "start_time_delta_s": 0.0,
        "spatial_adherence_pct": 55.4858934169279,
        "planned_line_adherence_pct": 84.01253918495298,
        "adherence_reference": "official_reh_polygons",
        "mean_deviation_m": 112.6785094423362,
        "p95_deviation_m": 403.9305313206689,
        "max_deviation_m": 483.66907345767174,
        "planned_distance_m": 19919.243540783325,
        "executed_distance_m": 18894.50102094,
        "additional_distance_m": -1024.7425198433266,
        "trajectory_conformity_ratio": -0.051444851193532246,
        "planned_horizontal_inefficiency_ratio": 0.3734079624790425,
        "executed_horizontal_inefficiency_ratio": 0.3027531942212959,
        "executed_samples": 319
      },
      "geometry": {
        "type": "LineString",
        "coordinates": [
          [
            -46.690833,
            -23.590833
          ],
          [
            -46.692534,
            -23.585369
          ],
          [
            -46.699842,
            -23.612514
          ],
          [
            -46.712735,
            -23.611218
          ],
          [
            -46.751406,
            -23.607512
          ],
          [
            -46.809684,
            -23.591238
          ],
          [
            -46.807212,
            -23.579688
          ],
          [
            -46.8132,
            -23.569513
          ],
          [
            -46.819596,
            -23.562869
          ],
          [
            -46.830278,
            -23.564722
          ]
        ]
      }
    },
    {
      "type": "Feature",
      "properties": {
        "id": "EC1_0076",
        "flight_instance": "EC1_0076#0",
        "start_time": "21:42:00.00",
        "scenario": "produto2_C1_2025-11-09_off.scn",
        "waypoint_count": 19,
        "planned_flight_instance": "EC1_0076#0",
        "planned_start_time": "21:42:00.00",
        "vehicle_type": "eVTOL",
        "aircraft_model": "EVTOL",
        "start_time_delta_s": 0.0,
        "spatial_adherence_pct": 82.2550831792976,
        "planned_line_adherence_pct": 98.70609981515712,
        "adherence_reference": "official_reh_polygons",
        "mean_deviation_m": 27.88065033204062,
        "p95_deviation_m": 113.81585639704925,
        "max_deviation_m": 301.0558384803758,
        "planned_distance_m": 22161.120606510947,
        "executed_distance_m": 21086.92629726,
        "additional_distance_m": -1074.1943092509464,
        "trajectory_conformity_ratio": -0.048472021263010846,
        "planned_horizontal_inefficiency_ratio": 0.39772517710273436,
        "executed_horizontal_inefficiency_ratio": 0.329974612598365,
        "executed_samples": 541
      },
      "geometry": {
        "type": "LineString",
        "coordinates": [
          [
            -46.685556,
            -23.591111
          ],
          [
            -46.691668,
            -23.585265
          ],
          [
            -46.700338,
            -23.570707
          ],
          [
            -46.706363,
            -23.560632
          ],
          [
            -46.734437,
            -23.545467
          ],
          [
            -46.746866,
            -23.533391
          ],
          [
            -46.749087,
            -23.526381
          ],
          [
            -46.742985,
            -23.519104
          ],
          [
            -46.725265,
            -23.515259
          ],
          [
            -46.731696,
            -23.50713
          ],
          [
            -46.743982,
            -23.506437
          ],
          [
            -46.75222,
            -23.504262
          ],
          [
            -46.754052,
            -23.497111
          ],
          [
            -46.758475,
            -23.492906
          ],
          [
            -46.765319,
            -23.490964
          ],
          [
            -46.768251,
            -23.485298
          ],
          [
            -46.769169,
            -23.47516
          ],
          [
            -46.777452,
            -23.470231
          ],
          [
            -46.781111,
            -23.478611
          ]
        ]
      }
    },
    {
      "type": "Feature",
      "properties": {
        "id": "EC1_0085",
        "flight_instance": "EC1_0085#0",
        "start_time": "21:42:00.00",
        "scenario": "produto2_C1_2025-11-09_off.scn",
        "waypoint_count": 7,
        "planned_flight_instance": "EC1_0085#0",
        "planned_start_time": "21:42:00.00",
        "vehicle_type": "eVTOL",
        "aircraft_model": "EVTOL",
        "start_time_delta_s": 0.0,
        "spatial_adherence_pct": 47.63406940063091,
        "planned_line_adherence_pct": 100.0,
        "adherence_reference": "official_reh_polygons",
        "mean_deviation_m": 19.80137028866775,
        "p95_deviation_m": 96.90198413515179,
        "max_deviation_m": 143.46250325179614,
        "planned_distance_m": 9746.994556181202,
        "executed_distance_m": 9302.38025204,
        "additional_distance_m": -444.6143041412015,
        "trajectory_conformity_ratio": -0.04561552810750702,
        "planned_horizontal_inefficiency_ratio": 0.9905494341809077,
        "executed_horizontal_inefficiency_ratio": 0.8997494705166463,
        "executed_samples": 317
      },
      "geometry": {
        "type": "LineString",
        "coordinates": [
          [
            -46.685556,
            -23.591111
          ],
          [
            -46.692495,
            -23.585293
          ],
          [
            -46.699932,
            -23.612832
          ],
          [
            -46.688349,
            -23.615738
          ],
          [
            -46.678516,
            -23.62337
          ],
          [
            -46.669241,
            -23.634056
          ],
          [
            -46.656389,
            -23.626111
          ]
        ]
      }
    },
    {
      "type": "Feature",
      "properties": {
        "id": "PSBOS_005",
        "flight_instance": "PSBOS_005#0",
        "start_time": "21:42:29.00",
        "scenario": "produto2_C1_2025-11-09_off.scn",
        "waypoint_count": 19,
        "planned_flight_instance": "PSBOS_005#0",
        "planned_start_time": "21:42:29.00",
        "vehicle_type": "helicoptero",
        "aircraft_model": "AS50",
        "start_time_delta_s": 0.0,
        "spatial_adherence_pct": 70.26315789473684,
        "planned_line_adherence_pct": 92.89473684210526,
        "adherence_reference": "official_reh_polygons",
        "mean_deviation_m": 69.2455242698076,
        "p95_deviation_m": 286.965280471846,
        "max_deviation_m": 542.06719045333,
        "planned_distance_m": 25458.6829548534,
        "executed_distance_m": 23018.09658344,
        "additional_distance_m": -2440.5863714133993,
        "trajectory_conformity_ratio": -0.09586459659917836,
        "planned_horizontal_inefficiency_ratio": 0.5880027847250247,
        "executed_horizontal_inefficiency_ratio": 0.43576953836898824,
        "executed_samples": 380
      },
      "geometry": {
        "type": "LineString",
        "coordinates": [
          [
            -46.699167,
            -23.601667
          ],
          [
            -46.699752,
            -23.612427
          ],
          [
            -46.712562,
            -23.611263
          ],
          [
            -46.722716,
            -23.601923
          ],
          [
            -46.747069,
            -23.557007
          ],
          [
            -46.754789,
            -23.548019
          ],
          [
            -46.749123,
            -23.526491
          ],
          [
            -46.742985,
            -23.519104
          ],
          [
            -46.725265,
            -23.515259
          ],
          [
            -46.731696,
            -23.50713
          ],
          [
            -46.743982,
            -23.506437
          ],
          [
            -46.75222,
            -23.504262
          ],
          [
            -46.754052,
            -23.497111
          ],
          [
            -46.758475,
            -23.492906
          ],
          [
            -46.765319,
            -23.490964
          ],
          [
            -46.768251,
            -23.485298
          ],
          [
            -46.769169,
            -23.47516
          ],
          [
            -46.777452,
            -23.470231
          ],
          [
            -46.781111,
            -23.478611
          ]
        ]
      }
    },
    {
      "type": "Feature",
      "properties": {
        "id": "EC1_0069",
        "flight_instance": "EC1_0069#0",
        "start_time": "21:43:00.00",
        "scenario": "produto2_C1_2025-11-09_off.scn",
        "waypoint_count": 20,
        "planned_flight_instance": "EC1_0069#0",
        "planned_start_time": "21:43:00.00",
        "vehicle_type": "eVTOL",
        "aircraft_model": "EVTOL",
        "start_time_delta_s": 0.0,
        "spatial_adherence_pct": 65.80937972768533,
        "planned_line_adherence_pct": 100.0,
        "adherence_reference": "official_reh_polygons",
        "mean_deviation_m": 30.570365244389606,
        "p95_deviation_m": 153.9193914275658,
        "max_deviation_m": 226.66642923465062,
        "planned_distance_m": 26266.560582715785,
        "executed_distance_m": 25477.54143557,
        "additional_distance_m": -789.0191471457838,
        "trajectory_conformity_ratio": -0.03003892133730607,
        "planned_horizontal_inefficiency_ratio": 4.870943612998789,
        "executed_horizontal_inefficiency_ratio": 4.694586799632159,
        "executed_samples": 661
      },
      "geometry": {
        "type": "LineString",
        "coordinates": [
          [
            -46.685556,
            -23.591111
          ],
          [
            -46.691668,
            -23.585265
          ],
          [
            -46.700338,
            -23.570707
          ],
          [
            -46.706363,
            -23.560632
          ],
          [
            -46.734437,
            -23.545467
          ],
          [
            -46.746866,
            -23.533391
          ],
          [
            -46.749087,
            -23.526381
          ],
          [
            -46.742985,
            -23.519104
          ],
          [
            -46.72605,
            -23.515568
          ],
          [
            -46.709753,
            -23.517655
          ],
          [
            -46.6993,
            -23.520942
          ],
          [
            -46.692524,
            -23.522632
          ],
          [
            -46.682954,
            -23.523674
          ],
          [
            -46.676805,
            -23.5247
          ],
          [
            -46.671322,
            -23.524683
          ],
          [
            -46.679805,
            -23.552694
          ],
          [
            -46.682234,
            -23.556732
          ],
          [
            -46.679272,
            -23.562561
          ],
          [
            -46.670249,
            -23.572148
          ],
          [
            -46.655,
            -23.562222
          ]
        ]
      }
    },
    {
      "type": "Feature",
      "properties": {
        "id": "EC1_0120",
        "flight_instance": "EC1_0120#0",
        "start_time": "21:45:00.00",
        "scenario": "produto2_C1_2025-11-09_off.scn",
        "waypoint_count": 12,
        "planned_flight_instance": "EC1_0120#0",
        "planned_start_time": "21:45:00.00",
        "vehicle_type": "eVTOL",
        "aircraft_model": "EVTOL",
        "start_time_delta_s": 0.0,
        "spatial_adherence_pct": 83.61774744027304,
        "planned_line_adherence_pct": 100.0,
        "adherence_reference": "official_reh_polygons",
        "mean_deviation_m": 40.16270993434415,
        "p95_deviation_m": 150.9032376373633,
        "max_deviation_m": 175.51475094741463,
        "planned_distance_m": 21701.480281903918,
        "executed_distance_m": 21289.30139601,
        "additional_distance_m": -412.17888589391805,
        "trajectory_conformity_ratio": -0.01899312307454064,
        "planned_horizontal_inefficiency_ratio": 0.1428880028251921,
        "executed_horizontal_inefficiency_ratio": 0.12118099032711727,
        "executed_samples": 586
      },
      "geometry": {
        "type": "LineString",
        "coordinates": [
          [
            -46.830278,
            -23.564722
          ],
          [
            -46.820443,
            -23.56498
          ],
          [
            -46.815243,
            -23.570761
          ],
          [
            -46.809635,
            -23.580051
          ],
          [
            -46.810871,
            -23.593207
          ],
          [
            -46.751928,
            -23.60971
          ],
          [
            -46.71282,
            -23.612115
          ],
          [
            -46.699523,
            -23.613222
          ],
          [
            -46.688349,
            -23.615738
          ],
          [
            -46.678516,
            -23.62337
          ],
          [
            -46.669241,
            -23.634056
          ],
          [
            -46.656389,
            -23.626111
          ]
        ]
      }
    },
    {
      "type": "Feature",
      "properties": {
        "id": "EC1_0168",
        "flight_instance": "EC1_0168#0",
        "start_time": "21:45:00.00",
        "scenario": "produto2_C1_2025-11-09_off.scn",
        "waypoint_count": 29,
        "planned_flight_instance": "EC1_0168#0",
        "planned_start_time": "21:45:00.00",
        "vehicle_type": "eVTOL",
        "aircraft_model": "EVTOL",
        "start_time_delta_s": 0.0,
        "spatial_adherence_pct": 80.78260869565217,
        "planned_line_adherence_pct": 99.39130434782608,
        "adherence_reference": "official_reh_polygons",
        "mean_deviation_m": 11.735547119451363,
        "p95_deviation_m": 37.3044133289523,
        "max_deviation_m": 299.1569858979064,
        "planned_distance_m": 43089.54461183548,
        "executed_distance_m": 42373.72253538,
        "additional_distance_m": -715.822076455479,
        "trajectory_conformity_ratio": -0.016612430762586033,
        "planned_horizontal_inefficiency_ratio": 0.3556523691355987,
        "executed_horizontal_inefficiency_ratio": 0.3331316880151978,
        "executed_samples": 1150
      },
      "geometry": {
        "type": "LineString",
        "coordinates": [
          [
            -46.473056,
            -23.435556
          ],
          [
            -46.470057,
            -23.479504
          ],
          [
            -46.542513,
            -23.501225
          ],
          [
            -46.559266,
            -23.522325
          ],
          [
            -46.576553,
            -23.537839
          ],
          [
            -46.617141,
            -23.542766
          ],
          [
            -46.635058,
            -23.534875
          ],
          [
            -46.639567,
            -23.533164
          ],
          [
            -46.642444,
            -23.529251
          ],
          [
            -46.645476,
            -23.527575
          ],
          [
            -46.651833,
            -23.527834
          ],
          [
            -46.659691,
            -23.525779
          ],
          [
            -46.670751,
            -23.524279
          ],
          [
            -46.67633,
            -23.522493
          ],
          [
            -46.682605,
            -23.521447
          ],
          [
            -46.692085,
            -23.520419
          ],
          [
            -46.698562,
            -23.518796
          ],
          [
            -46.709231,
            -23.515456
          ],
          [
            -46.725652,
            -23.513401
          ],
          [
            -46.731696,
            -23.50713
          ],
          [
            -46.743982,
            -23.506437
          ],
          [
            -46.75222,
            -23.504262
          ],
          [
            -46.754052,
            -23.497111
          ],
          [
            -46.758475,
            -23.492906
          ],
          [
            -46.765319,
            -23.490964
          ],
          [
            -46.768251,
            -23.485298
          ],
          [
            -46.769169,
            -23.47516
          ],
          [
            -46.777452,
            -23.470231
          ],
          [
            -46.781111,
            -23.478611
          ]
        ]
      }
    },
    {
      "type": "Feature",
      "properties": {
        "id": "PTEGB_008",
        "flight_instance": "PTEGB_008#0",
        "start_time": "21:45:07.00",
        "scenario": "produto2_C1_2025-11-09_off.scn",
        "waypoint_count": 22,
        "planned_flight_instance": "PTEGB_008#0",
        "planned_start_time": "21:45:07.00",
        "vehicle_type": "helicoptero",
        "aircraft_model": "EC45",
        "start_time_delta_s": 0.0,
        "spatial_adherence_pct": 69.57831325301204,
        "planned_line_adherence_pct": 97.43975903614458,
        "adherence_reference": "official_reh_polygons",
        "mean_deviation_m": 35.40682953370918,
        "p95_deviation_m": 153.4173959984083,
        "max_deviation_m": 414.56924403475375,
        "planned_distance_m": 38530.748728750106,
        "executed_distance_m": 37062.94491823,
        "additional_distance_m": -1467.803810520105,
        "trajectory_conformity_ratio": -0.03809434955061977,
        "planned_horizontal_inefficiency_ratio": 1.26232043662179,
        "executed_horizontal_inefficiency_ratio": 1.1761388111136086,
        "executed_samples": 664
      },
      "geometry": {
        "type": "LineString",
        "coordinates": [
          [
            -46.661667,
            -23.5525
          ],
          [
            -46.678867,
            -23.552698
          ],
          [
            -46.670344,
            -23.524761
          ],
          [
            -46.67633,
            -23.522493
          ],
          [
            -46.682605,
            -23.521447
          ],
          [
            -46.692085,
            -23.520419
          ],
          [
            -46.698562,
            -23.518796
          ],
          [
            -46.709231,
            -23.515456
          ],
          [
            -46.726172,
            -23.513321
          ],
          [
            -46.744128,
            -23.517113
          ],
          [
            -46.751433,
            -23.525731
          ],
          [
            -46.755767,
            -23.548092
          ],
          [
            -46.747931,
            -23.557437
          ],
          [
            -46.723564,
            -23.602377
          ],
          [
            -46.712994,
            -23.612071
          ],
          [
            -46.699775,
            -23.61311
          ],
          [
            -46.702161,
            -23.620571
          ],
          [
            -46.71228,
            -23.626616
          ],
          [
            -46.726108,
            -23.640325
          ],
          [
            -46.724402,
            -23.653053
          ],
          [
            -46.690012,
            -23.699694
          ],
          [
            -46.6925,
            -23.703056
          ]
        ]
      }
    },
    {
      "type": "Feature",
      "properties": {
        "id": "PSAND_002",
        "flight_instance": "PSAND_002#0",
        "start_time": "21:46:32.00",
        "scenario": "produto2_C1_2025-11-09_off.scn",
        "waypoint_count": 10,
        "planned_flight_instance": "PSAND_002#0",
        "planned_start_time": "21:46:32.00",
        "vehicle_type": "helicoptero",
        "aircraft_model": "R66",
        "start_time_delta_s": 0.0,
        "spatial_adherence_pct": 47.755102040816325,
        "planned_line_adherence_pct": 99.59183673469387,
        "adherence_reference": "official_reh_polygons",
        "mean_deviation_m": 44.08815769089519,
        "p95_deviation_m": 155.5704013571347,
        "max_deviation_m": 255.68087815261467,
        "planned_distance_m": 12462.734521831368,
        "executed_distance_m": 11813.87065102,
        "additional_distance_m": -648.8638708113667,
        "trajectory_conformity_ratio": -0.05206432582470013,
        "planned_horizontal_inefficiency_ratio": 0.8994700400107196,
        "executed_horizontal_inefficiency_ratio": 0.8005754129533453,
        "executed_samples": 245
      },
      "geometry": {
        "type": "LineString",
        "coordinates": [
          [
            -46.655833,
            -23.564167
          ],
          [
            -46.670208,
            -23.57125
          ],
          [
            -46.678469,
            -23.562044
          ],
          [
            -46.681254,
            -23.556691
          ],
          [
            -46.678868,
            -23.552963
          ],
          [
            -46.670426,
            -23.524974
          ],
          [
            -46.659889,
            -23.526661
          ],
          [
            -46.651967,
            -23.528726
          ],
          [
            -46.645185,
            -23.528321
          ],
          [
            -46.633,
            -23.509
          ]
        ]
      }
    },
    {
      "type": "Feature",
      "properties": {
        "id": "EC1_0133",
        "flight_instance": "EC1_0133#0",
        "start_time": "21:47:00.00",
        "scenario": "produto2_C1_2025-11-09_off.scn",
        "waypoint_count": 6,
        "planned_flight_instance": "EC1_0133#0",
        "planned_start_time": "21:47:00.00",
        "vehicle_type": "eVTOL",
        "aircraft_model": "EVTOL",
        "start_time_delta_s": 0.0,
        "spatial_adherence_pct": 69.6078431372549,
        "planned_line_adherence_pct": 100.0,
        "adherence_reference": "official_reh_polygons",
        "mean_deviation_m": 5.268262514492248,
        "p95_deviation_m": 22.674779959193412,
        "max_deviation_m": 30.970735476033095,
        "planned_distance_m": 7533.116431374824,
        "executed_distance_m": 7525.29740432,
        "additional_distance_m": -7.819027054823891,
        "trajectory_conformity_ratio": -0.0010379538304038781,
        "planned_horizontal_inefficiency_ratio": 0.0463382273954952,
        "executed_horizontal_inefficiency_ratio": 0.04525217662447204,
        "executed_samples": 204
      },
      "geometry": {
        "type": "LineString",
        "coordinates": [
          [
            -46.736944,
            -23.546667
          ],
          [
            -46.734947,
            -23.546233
          ],
          [
            -46.706979,
            -23.561333
          ],
          [
            -46.7012,
            -23.571137
          ],
          [
            -46.692476,
            -23.585777
          ],
          [
            -46.685556,
            -23.591111
          ]
        ]
      }
    },
    {
      "type": "Feature",
      "properties": {
        "id": "EC1_0018",
        "flight_instance": "EC1_0018#0",
        "start_time": "21:50:00.00",
        "scenario": "produto2_C1_2025-11-09_off.scn",
        "waypoint_count": 6,
        "planned_flight_instance": "EC1_0018#0",
        "planned_start_time": "21:50:00.00",
        "vehicle_type": "eVTOL",
        "aircraft_model": "EVTOL",
        "start_time_delta_s": 0.0,
        "spatial_adherence_pct": 71.51162790697676,
        "planned_line_adherence_pct": 100.0,
        "adherence_reference": "official_reh_polygons",
        "mean_deviation_m": 8.763059361174442,
        "p95_deviation_m": 35.39144709145419,
        "max_deviation_m": 74.38442559347543,
        "planned_distance_m": 15730.476626629677,
        "executed_distance_m": 15363.01785025,
        "additional_distance_m": -367.45877637967715,
        "trajectory_conformity_ratio": -0.023359672125739445,
        "planned_horizontal_inefficiency_ratio": 0.7310735490792416,
        "executed_horizontal_inefficiency_ratio": 0.6906362385472105,
        "executed_samples": 516
      },
      "geometry": {
        "type": "LineString",
        "coordinates": [
          [
            -46.856667,
            -23.486667
          ],
          [
            -46.877361,
            -23.505927
          ],
          [
            -46.821597,
            -23.509997
          ],
          [
            -46.81814,
            -23.514459
          ],
          [
            -46.821212,
            -23.563658
          ],
          [
            -46.830278,
            -23.564722
          ]
        ]
      }
    },
    {
      "type": "Feature",
      "properties": {
        "id": "PPKSL_005",
        "flight_instance": "PPKSL_005#0",
        "start_time": "21:50:32.00",
        "scenario": "produto2_C1_2025-11-09_off.scn",
        "waypoint_count": 17,
        "planned_flight_instance": "PPKSL_005#0",
        "planned_start_time": "21:50:32.00",
        "vehicle_type": "helicoptero",
        "aircraft_model": "B429",
        "start_time_delta_s": 0.0,
        "spatial_adherence_pct": 81.5068493150685,
        "planned_line_adherence_pct": 98.63013698630137,
        "adherence_reference": "official_reh_polygons",
        "mean_deviation_m": 42.364528945679695,
        "p95_deviation_m": 167.41946321386388,
        "max_deviation_m": 287.82773600846394,
        "planned_distance_m": 19378.62362983219,
        "executed_distance_m": 18339.57157513,
        "additional_distance_m": -1039.052054702188,
        "trajectory_conformity_ratio": -0.0536184650958715,
        "planned_horizontal_inefficiency_ratio": 1.2815064943777181,
        "executed_horizontal_inefficiency_ratio": 1.1591756180429222,
        "executed_samples": 292
      },
      "geometry": {
        "type": "LineString",
        "coordinates": [
          [
            -46.655833,
            -23.564167
          ],
          [
            -46.670208,
            -23.57125
          ],
          [
            -46.678469,
            -23.562044
          ],
          [
            -46.681254,
            -23.556691
          ],
          [
            -46.678868,
            -23.552963
          ],
          [
            -46.670344,
            -23.524761
          ],
          [
            -46.67633,
            -23.522493
          ],
          [
            -46.682605,
            -23.521447
          ],
          [
            -46.692085,
            -23.520419
          ],
          [
            -46.698562,
            -23.518796
          ],
          [
            -46.709231,
            -23.515456
          ],
          [
            -46.726172,
            -23.513321
          ],
          [
            -46.744128,
            -23.517113
          ],
          [
            -46.751469,
            -23.525841
          ],
          [
            -46.748854,
            -23.534709
          ],
          [
            -46.735684,
            -23.546532
          ],
          [
            -46.736944,
            -23.546667
          ]
        ]
      }
    },
    {
      "type": "Feature",
      "properties": {
        "id": "PSSPA_003",
        "flight_instance": "PSSPA_003#0",
        "start_time": "21:50:42.00",
        "scenario": "produto2_C1_2025-11-09_off.scn",
        "waypoint_count": 18,
        "planned_flight_instance": "PSSPA_003#0",
        "planned_start_time": "21:50:42.00",
        "vehicle_type": "helicoptero",
        "aircraft_model": "EC30",
        "start_time_delta_s": 0.0,
        "spatial_adherence_pct": 68.15533980582525,
        "planned_line_adherence_pct": 100.0,
        "adherence_reference": "official_reh_polygons",
        "mean_deviation_m": 13.429961705979752,
        "p95_deviation_m": 96.77965311352987,
        "max_deviation_m": 163.28281623760716,
        "planned_distance_m": 31334.546224423462,
        "executed_distance_m": 31095.36607325,
        "additional_distance_m": -239.18015117346295,
        "trajectory_conformity_ratio": -0.007633113607595054,
        "planned_horizontal_inefficiency_ratio": 0.07282405964926539,
        "executed_horizontal_inefficiency_ratio": 0.0646350717210012,
        "executed_samples": 515
      },
      "geometry": {
        "type": "LineString",
        "coordinates": [
          [
            -46.633,
            -23.509
          ],
          [
            -46.645915,
            -23.527719
          ],
          [
            -46.651833,
            -23.527834
          ],
          [
            -46.659691,
            -23.525779
          ],
          [
            -46.670751,
            -23.524279
          ],
          [
            -46.67633,
            -23.522493
          ],
          [
            -46.682605,
            -23.521447
          ],
          [
            -46.692085,
            -23.520419
          ],
          [
            -46.698562,
            -23.518796
          ],
          [
            -46.709231,
            -23.515456
          ],
          [
            -46.726172,
            -23.513321
          ],
          [
            -46.744128,
            -23.517113
          ],
          [
            -46.750374,
            -23.52499
          ],
          [
            -46.781185,
            -23.519766
          ],
          [
            -46.795617,
            -23.513778
          ],
          [
            -46.821227,
            -23.507774
          ],
          [
            -46.876584,
            -23.503878
          ],
          [
            -46.919361,
            -23.502806
          ]
        ]
      }
    },
    {
      "type": "Feature",
      "properties": {
        "id": "EC1_0099",
        "flight_instance": "EC1_0099#0",
        "start_time": "21:51:00.00",
        "scenario": "produto2_C1_2025-11-09_off.scn",
        "waypoint_count": 16,
        "planned_flight_instance": "EC1_0099#0",
        "planned_start_time": "21:51:00.00",
        "vehicle_type": "eVTOL",
        "aircraft_model": "EVTOL",
        "start_time_delta_s": 0.0,
        "spatial_adherence_pct": 81.4621409921671,
        "planned_line_adherence_pct": 100.0,
        "adherence_reference": "official_reh_polygons",
        "mean_deviation_m": 28.856327917465745,
        "p95_deviation_m": 166.64853053732222,
        "max_deviation_m": 240.59511245896476,
        "planned_distance_m": 14645.377322469732,
        "executed_distance_m": 13516.0447534,
        "additional_distance_m": -1129.332569069733,
        "trajectory_conformity_ratio": -0.07711187934619135,
        "planned_horizontal_inefficiency_ratio": 0.663328651596909,
        "executed_horizontal_inefficiency_ratio": 0.5350662533019049,
        "executed_samples": 383
      },
      "geometry": {
        "type": "LineString",
        "coordinates": [
          [
            -46.781111,
            -23.478611
          ],
          [
            -46.776754,
            -23.472388
          ],
          [
            -46.771369,
            -23.476155
          ],
          [
            -46.770638,
            -23.485813
          ],
          [
            -46.766936,
            -23.492656
          ],
          [
            -46.7597,
            -23.494855
          ],
          [
            -46.756253,
            -23.498105
          ],
          [
            -46.753944,
            -23.505863
          ],
          [
            -46.744374,
            -23.508658
          ],
          [
            -46.732639,
            -23.509208
          ],
          [
            -46.726957,
            -23.51363
          ],
          [
            -46.744128,
            -23.517113
          ],
          [
            -46.751469,
            -23.525841
          ],
          [
            -46.748854,
            -23.534709
          ],
          [
            -46.735684,
            -23.546532
          ],
          [
            -46.736944,
            -23.546667
          ]
        ]
      }
    },
    {
      "type": "Feature",
      "properties": {
        "id": "PPSUN_002",
        "flight_instance": "PPSUN_002#0",
        "start_time": "21:51:13.00",
        "scenario": "produto2_C1_2025-11-09_off.scn",
        "waypoint_count": 19,
        "planned_flight_instance": "PPSUN_002#0",
        "planned_start_time": "21:51:13.00",
        "vehicle_type": "helicoptero",
        "aircraft_model": "A109",
        "start_time_delta_s": 0.0,
        "spatial_adherence_pct": 62.893081761006286,
        "planned_line_adherence_pct": 92.13836477987421,
        "adherence_reference": "official_reh_polygons",
        "mean_deviation_m": 77.9173608561008,
        "p95_deviation_m": 378.25348948212957,
        "max_deviation_m": 501.0104319485896,
        "planned_distance_m": 22678.326992789876,
        "executed_distance_m": 21479.93429834,
        "additional_distance_m": -1198.392694449878,
        "trajectory_conformity_ratio": -0.05284308206821796,
        "planned_horizontal_inefficiency_ratio": 0.3849114937327274,
        "executed_horizontal_inefficiency_ratio": 0.3117285020121906,
        "executed_samples": 318
      },
      "geometry": {
        "type": "LineString",
        "coordinates": [
          [
            -46.683889,
            -23.595833
          ],
          [
            -46.691655,
            -23.585284
          ],
          [
            -46.700338,
            -23.570707
          ],
          [
            -46.706363,
            -23.560632
          ],
          [
            -46.734437,
            -23.545467
          ],
          [
            -46.746866,
            -23.533391
          ],
          [
            -46.749087,
            -23.526381
          ],
          [
            -46.742985,
            -23.519104
          ],
          [
            -46.725265,
            -23.515259
          ],
          [
            -46.731696,
            -23.50713
          ],
          [
            -46.743982,
            -23.506437
          ],
          [
            -46.75222,
            -23.504262
          ],
          [
            -46.754052,
            -23.497111
          ],
          [
            -46.758475,
            -23.492906
          ],
          [
            -46.765319,
            -23.490964
          ],
          [
            -46.768251,
            -23.485298
          ],
          [
            -46.769169,
            -23.47516
          ],
          [
            -46.777452,
            -23.470231
          ],
          [
            -46.781111,
            -23.478611
          ]
        ]
      }
    },
    {
      "type": "Feature",
      "properties": {
        "id": "EC1_0023",
        "flight_instance": "EC1_0023#0",
        "start_time": "21:52:00.00",
        "scenario": "produto2_C1_2025-11-09_off.scn",
        "waypoint_count": 15,
        "planned_flight_instance": "EC1_0023#0",
        "planned_start_time": "21:52:00.00",
        "vehicle_type": "eVTOL",
        "aircraft_model": "EVTOL",
        "start_time_delta_s": 0.0,
        "spatial_adherence_pct": 73.04347826086956,
        "planned_line_adherence_pct": 100.0,
        "adherence_reference": "official_reh_polygons",
        "mean_deviation_m": 20.00798108549477,
        "p95_deviation_m": 111.46911417671933,
        "max_deviation_m": 206.86419090295348,
        "planned_distance_m": 33945.53144483985,
        "executed_distance_m": 33082.50483396,
        "additional_distance_m": -863.026610879846,
        "trajectory_conformity_ratio": -0.02542386506106791,
        "planned_horizontal_inefficiency_ratio": 0.32453236660220497,
        "executed_horizontal_inefficiency_ratio": 0.2908576344446936,
        "executed_samples": 920
      },
      "geometry": {
        "type": "LineString",
        "coordinates": [
          [
            -46.856667,
            -23.486667
          ],
          [
            -46.877361,
            -23.505927
          ],
          [
            -46.821551,
            -23.510004
          ],
          [
            -46.79638,
            -23.515916
          ],
          [
            -46.781822,
            -23.521939
          ],
          [
            -46.751197,
            -23.526856
          ],
          [
            -46.755767,
            -23.548092
          ],
          [
            -46.747931,
            -23.557437
          ],
          [
            -46.723564,
            -23.602377
          ],
          [
            -46.712994,
            -23.612071
          ],
          [
            -46.699523,
            -23.613222
          ],
          [
            -46.688349,
            -23.615738
          ],
          [
            -46.678516,
            -23.62337
          ],
          [
            -46.669241,
            -23.634056
          ],
          [
            -46.656389,
            -23.626111
          ]
        ]
      }
    },
    {
      "type": "Feature",
      "properties": {
        "id": "EC1_0142",
        "flight_instance": "EC1_0142#0",
        "start_time": "21:52:00.00",
        "scenario": "produto2_C1_2025-11-09_off.scn",
        "waypoint_count": 16,
        "planned_flight_instance": "EC1_0142#0",
        "planned_start_time": "21:52:00.00",
        "vehicle_type": "eVTOL",
        "aircraft_model": "EVTOL",
        "start_time_delta_s": 0.0,
        "spatial_adherence_pct": 78.6036036036036,
        "planned_line_adherence_pct": 100.0,
        "adherence_reference": "official_reh_polygons",
        "mean_deviation_m": 18.478270701137497,
        "p95_deviation_m": 85.37596431394655,
        "max_deviation_m": 110.3894716640234,
        "planned_distance_m": 16731.432331008473,
        "executed_distance_m": 16480.31480706,
        "additional_distance_m": -251.1175239484728,
        "trajectory_conformity_ratio": -0.015008728420882118,
        "planned_horizontal_inefficiency_ratio": 0.4684844099242576,
        "executed_horizontal_inefficiency_ratio": 0.4464443262254051,
        "executed_samples": 444
      },
      "geometry": {
        "type": "LineString",
        "coordinates": [
          [
            -46.736944,
            -23.546667
          ],
          [
            -46.733761,
            -23.545134
          ],
          [
            -46.746866,
            -23.533391
          ],
          [
            -46.749087,
            -23.526381
          ],
          [
            -46.742985,
            -23.519104
          ],
          [
            -46.72605,
            -23.515568
          ],
          [
            -46.709753,
            -23.517655
          ],
          [
            -46.6993,
            -23.520942
          ],
          [
            -46.692524,
            -23.522632
          ],
          [
            -46.682954,
            -23.523674
          ],
          [
            -46.676805,
            -23.5247
          ],
          [
            -46.670916,
            -23.525166
          ],
          [
            -46.659889,
            -23.526661
          ],
          [
            -46.651967,
            -23.528726
          ],
          [
            -46.645185,
            -23.528321
          ],
          [
            -46.633,
            -23.509
          ]
        ]
      }
    },
    {
      "type": "Feature",
      "properties": {
        "id": "EC1_0081",
        "flight_instance": "EC1_0081#0",
        "start_time": "21:53:00.00",
        "scenario": "produto2_C1_2025-11-09_off.scn",
        "waypoint_count": 6,
        "planned_flight_instance": "EC1_0081#0",
        "planned_start_time": "21:53:00.00",
        "vehicle_type": "eVTOL",
        "aircraft_model": "EVTOL",
        "start_time_delta_s": 0.0,
        "spatial_adherence_pct": 72.10526315789474,
        "planned_line_adherence_pct": 100.0,
        "adherence_reference": "official_reh_polygons",
        "mean_deviation_m": 9.355878821089721,
        "p95_deviation_m": 41.55878093432666,
        "max_deviation_m": 100.38028384132909,
        "planned_distance_m": 7635.420695948441,
        "executed_distance_m": 7556.12467326,
        "additional_distance_m": -79.29602268844064,
        "trajectory_conformity_ratio": -0.010385285349177582,
        "planned_horizontal_inefficiency_ratio": 0.06033667537560508,
        "executed_horizontal_inefficiency_ratio": 0.04932477643563115,
        "executed_samples": 190
      },
      "geometry": {
        "type": "LineString",
        "coordinates": [
          [
            -46.685556,
            -23.591111
          ],
          [
            -46.691668,
            -23.585265
          ],
          [
            -46.700338,
            -23.570707
          ],
          [
            -46.706363,
            -23.560632
          ],
          [
            -46.734497,
            -23.545433
          ],
          [
            -46.736944,
            -23.546667
          ]
        ]
      }
    },
    {
      "type": "Feature",
      "properties": {
        "id": "EC1_0058",
        "flight_instance": "EC1_0058#0",
        "start_time": "21:54:00.00",
        "scenario": "produto2_C1_2025-11-09_off.scn",
        "waypoint_count": 12,
        "planned_flight_instance": "EC1_0058#0",
        "planned_start_time": "21:54:00.00",
        "vehicle_type": "eVTOL",
        "aircraft_model": "EVTOL",
        "start_time_delta_s": 0.0,
        "spatial_adherence_pct": 76.64473684210526,
        "planned_line_adherence_pct": 94.4078947368421,
        "adherence_reference": "official_reh_polygons",
        "mean_deviation_m": 38.07782239768814,
        "p95_deviation_m": 268.49576339917013,
        "max_deviation_m": 401.7788829656866,
        "planned_distance_m": 26084.152548635113,
        "executed_distance_m": 24637.57672756,
        "additional_distance_m": -1446.575821075112,
        "trajectory_conformity_ratio": -0.05545803408325818,
        "planned_horizontal_inefficiency_ratio": 0.24471534841749693,
        "executed_horizontal_inefficiency_ratio": 0.17568588220100478,
        "executed_samples": 608
      },
      "geometry": {
        "type": "LineString",
        "coordinates": [
          [
            -46.685556,
            -23.591111
          ],
          [
            -46.691668,
            -23.585265
          ],
          [
            -46.700338,
            -23.570707
          ],
          [
            -46.706363,
            -23.560632
          ],
          [
            -46.734437,
            -23.545467
          ],
          [
            -46.746866,
            -23.533391
          ],
          [
            -46.749795,
            -23.525077
          ],
          [
            -46.781185,
            -23.519766
          ],
          [
            -46.795617,
            -23.513778
          ],
          [
            -46.821227,
            -23.507774
          ],
          [
            -46.875972,
            -23.504073
          ],
          [
            -46.856667,
            -23.486667
          ]
        ]
      }
    },
    {
      "type": "Feature",
      "properties": {
        "id": "EC1_0131",
        "flight_instance": "EC1_0131#0",
        "start_time": "21:56:00.00",
        "scenario": "produto2_C1_2025-11-09_off.scn",
        "waypoint_count": 6,
        "planned_flight_instance": "EC1_0131#0",
        "planned_start_time": "21:56:00.00",
        "vehicle_type": "eVTOL",
        "aircraft_model": "EVTOL",
        "start_time_delta_s": 0.0,
        "spatial_adherence_pct": 69.6078431372549,
        "planned_line_adherence_pct": 100.0,
        "adherence_reference": "official_reh_polygons",
        "mean_deviation_m": 5.268262514492248,
        "p95_deviation_m": 22.674779959193412,
        "max_deviation_m": 30.970735476033095,
        "planned_distance_m": 7533.116431374824,
        "executed_distance_m": 7525.29740432,
        "additional_distance_m": -7.819027054823891,
        "trajectory_conformity_ratio": -0.0010379538304038781,
        "planned_horizontal_inefficiency_ratio": 0.0463382273954952,
        "executed_horizontal_inefficiency_ratio": 0.04525217662447204,
        "executed_samples": 204
      },
      "geometry": {
        "type": "LineString",
        "coordinates": [
          [
            -46.736944,
            -23.546667
          ],
          [
            -46.734947,
            -23.546233
          ],
          [
            -46.706979,
            -23.561333
          ],
          [
            -46.7012,
            -23.571137
          ],
          [
            -46.692476,
            -23.585777
          ],
          [
            -46.685556,
            -23.591111
          ]
        ]
      }
    },
    {
      "type": "Feature",
      "properties": {
        "id": "EC1_0138",
        "flight_instance": "EC1_0138#0",
        "start_time": "21:56:00.00",
        "scenario": "produto2_C1_2025-11-09_off.scn",
        "waypoint_count": 10,
        "planned_flight_instance": "EC1_0138#0",
        "planned_start_time": "21:56:00.00",
        "vehicle_type": "eVTOL",
        "aircraft_model": "EVTOL",
        "start_time_delta_s": 0.0,
        "spatial_adherence_pct": 91.46608315098467,
        "planned_line_adherence_pct": 98.6870897155361,
        "adherence_reference": "official_reh_polygons",
        "mean_deviation_m": 27.660233344885796,
        "p95_deviation_m": 88.72158951766917,
        "max_deviation_m": 306.34035380728636,
        "planned_distance_m": 18009.460790945846,
        "executed_distance_m": 16820.92820308,
        "additional_distance_m": -1188.5325878658477,
        "trajectory_conformity_ratio": -0.06599490132782741,
        "planned_horizontal_inefficiency_ratio": 0.8523930176609669,
        "executed_horizontal_inefficiency_ratio": 0.7301445232400748,
        "executed_samples": 457
      },
      "geometry": {
        "type": "LineString",
        "coordinates": [
          [
            -46.736944,
            -23.546667
          ],
          [
            -46.733761,
            -23.545134
          ],
          [
            -46.746866,
            -23.533391
          ],
          [
            -46.749795,
            -23.525077
          ],
          [
            -46.781185,
            -23.519766
          ],
          [
            -46.795617,
            -23.513778
          ],
          [
            -46.821362,
            -23.507764
          ],
          [
            -46.81814,
            -23.514459
          ],
          [
            -46.821212,
            -23.563658
          ],
          [
            -46.830278,
            -23.564722
          ]
        ]
      }
    },
    {
      "type": "Feature",
      "properties": {
        "id": "EC1_0176",
        "flight_instance": "EC1_0176#0",
        "start_time": "21:56:00.00",
        "scenario": "produto2_C1_2025-11-09_off.scn",
        "waypoint_count": 18,
        "planned_flight_instance": "EC1_0176#0",
        "planned_start_time": "21:56:00.00",
        "vehicle_type": "eVTOL",
        "aircraft_model": "EVTOL",
        "start_time_delta_s": 0.0,
        "spatial_adherence_pct": 77.20588235294117,
        "planned_line_adherence_pct": 94.85294117647058,
        "adherence_reference": "official_reh_polygons",
        "mean_deviation_m": 31.50182543883012,
        "p95_deviation_m": 253.24982282037192,
        "max_deviation_m": 399.95985743878794,
        "planned_distance_m": 29667.813910354627,
        "executed_distance_m": 27485.29051217,
        "additional_distance_m": -2182.5233981846286,
        "trajectory_conformity_ratio": -0.07356535957719779,
        "planned_horizontal_inefficiency_ratio": 0.2746827190109255,
        "executed_horizontal_inefficiency_ratio": 0.18091022644004656,
        "executed_samples": 680
      },
      "geometry": {
        "type": "LineString",
        "coordinates": [
          [
            -46.633,
            -23.509
          ],
          [
            -46.645915,
            -23.527719
          ],
          [
            -46.651833,
            -23.527834
          ],
          [
            -46.659691,
            -23.525779
          ],
          [
            -46.670751,
            -23.524279
          ],
          [
            -46.67633,
            -23.522493
          ],
          [
            -46.682605,
            -23.521447
          ],
          [
            -46.692085,
            -23.520419
          ],
          [
            -46.698562,
            -23.518796
          ],
          [
            -46.709231,
            -23.515456
          ],
          [
            -46.726172,
            -23.513321
          ],
          [
            -46.744128,
            -23.517113
          ],
          [
            -46.750374,
            -23.52499
          ],
          [
            -46.781185,
            -23.519766
          ],
          [
            -46.795617,
            -23.513778
          ],
          [
            -46.821227,
            -23.507774
          ],
          [
            -46.875972,
            -23.504073
          ],
          [
            -46.856667,
            -23.486667
          ]
        ]
      }
    },
    {
      "type": "Feature",
      "properties": {
        "id": "PRMKM_010",
        "flight_instance": "PRMKM_010#0",
        "start_time": "21:56:45.00",
        "scenario": "produto2_C1_2025-11-09_off.scn",
        "waypoint_count": 19,
        "planned_flight_instance": "PRMKM_010#0",
        "planned_start_time": "21:56:45.00",
        "vehicle_type": "helicoptero",
        "aircraft_model": "B429",
        "start_time_delta_s": 0.0,
        "spatial_adherence_pct": 52.52365930599369,
        "planned_line_adherence_pct": 79.17981072555204,
        "adherence_reference": "official_reh_polygons",
        "mean_deviation_m": 122.50711480155016,
        "p95_deviation_m": 481.80594302029704,
        "max_deviation_m": 595.5749687307224,
        "planned_distance_m": 40793.17803055871,
        "executed_distance_m": 38188.91895484,
        "additional_distance_m": -2604.2590757187063,
        "trajectory_conformity_ratio": -0.0638405537751391,
        "planned_horizontal_inefficiency_ratio": 1.5779848118503617,
        "executed_horizontal_inefficiency_ratio": 1.4134048338379368,
        "executed_samples": 634
      },
      "geometry": {
        "type": "LineString",
        "coordinates": [
          [
            -46.655833,
            -23.564167
          ],
          [
            -46.67074,
            -23.571658
          ],
          [
            -46.65796,
            -23.582248
          ],
          [
            -46.650833,
            -23.592117
          ],
          [
            -46.638016,
            -23.582288
          ],
          [
            -46.627682,
            -23.57518
          ],
          [
            -46.614564,
            -23.55844
          ],
          [
            -46.612201,
            -23.553621
          ],
          [
            -46.605043,
            -23.567604
          ],
          [
            -46.599279,
            -23.586761
          ],
          [
            -46.601779,
            -23.603514
          ],
          [
            -46.60251,
            -23.620927
          ],
          [
            -46.59658,
            -23.636235
          ],
          [
            -46.584352,
            -23.646914
          ],
          [
            -46.573805,
            -23.665984
          ],
          [
            -46.60796,
            -23.721804
          ],
          [
            -46.674299,
            -23.702626
          ],
          [
            -46.68894,
            -23.698021
          ],
          [
            -46.6925,
            -23.703056
          ]
        ]
      }
    },
    {
      "type": "Feature",
      "properties": {
        "id": "PSHAH_009",
        "flight_instance": "PSHAH_009#0",
        "start_time": "21:58:35.00",
        "scenario": "produto2_C1_2025-11-09_off.scn",
        "waypoint_count": 19,
        "planned_flight_instance": "PSHAH_009#0",
        "planned_start_time": "21:58:35.00",
        "vehicle_type": "helicoptero",
        "aircraft_model": "EC45",
        "start_time_delta_s": 0.0,
        "spatial_adherence_pct": 68.57142857142857,
        "planned_line_adherence_pct": 100.0,
        "adherence_reference": "official_reh_polygons",
        "mean_deviation_m": 33.49141087657397,
        "p95_deviation_m": 153.8310919794229,
        "max_deviation_m": 204.097149772858,
        "planned_distance_m": 23946.409257526735,
        "executed_distance_m": 23555.72499496,
        "additional_distance_m": -390.6842625667341,
        "trajectory_conformity_ratio": -0.01631494134946081,
        "planned_horizontal_inefficiency_ratio": 1.2970262014324738,
        "executed_horizontal_inefficiency_ratio": 1.2595503536779282,
        "executed_samples": 420
      },
      "geometry": {
        "type": "LineString",
        "coordinates": [
          [
            -46.682278,
            -23.591167
          ],
          [
            -46.691695,
            -23.585232
          ],
          [
            -46.700338,
            -23.570707
          ],
          [
            -46.706363,
            -23.560632
          ],
          [
            -46.734437,
            -23.545467
          ],
          [
            -46.746866,
            -23.533391
          ],
          [
            -46.749087,
            -23.526381
          ],
          [
            -46.742985,
            -23.519104
          ],
          [
            -46.72605,
            -23.515568
          ],
          [
            -46.709753,
            -23.517655
          ],
          [
            -46.6993,
            -23.520942
          ],
          [
            -46.692524,
            -23.522632
          ],
          [
            -46.682954,
            -23.523674
          ],
          [
            -46.676805,
            -23.5247
          ],
          [
            -46.670916,
            -23.525166
          ],
          [
            -46.659889,
            -23.526661
          ],
          [
            -46.651967,
            -23.528726
          ],
          [
            -46.645185,
            -23.528321
          ],
          [
            -46.633,
            -23.509
          ]
        ]
      }
    }
  ]
}