route,id,name,lat,lon,type,altitude,height,width
SBSP-SBGR (Parallel 1),1,SBSP,-23.626111,-46.656389,Airport,760,305,457
SBSP-SBGR (Parallel 1),2,CLUBE_SIRIO,-23.60810696321042,-46.65030859567146,Waypoint,1219,305,457
SBSP-SBGR (Parallel 1),3,CEBOLINHA,-23.59282164368213,-46.64846381572834,Waypoint,1219,305,457
SBSP-SBGR (Parallel 1),4,ANA_ROSA,-23.58369056436034,-46.63672385660041,Waypoint,1219,305,457
SBSP-SBGR (Parallel 1),5,PARQUE_ACLIMACAO,-23.576009721284525,-46.62676720816882,Waypoint,1219,305,457
SBSP-SBGR (Parallel 1),6,ITAU_CTO,-23.5591386367501,-46.61355152528353,Waypoint,1219,305,457
SBSP-SBGR (Parallel 1),7,ALCANTARA_MACHADO,-23.552930780995844,-46.60837831215494,Waypoint,1219,305,457
SBSP-SBGR (Parallel 1),8,BRAS,-23.54569669218368,-46.61312568293789,Waypoint,1219,305,457
SBSP-SBGR (Parallel 1),9,SHOPPING_TATUAPE,-23.532972445391017,-46.579240141706286,Waypoint,914.4,305,457
SBSP-SBGR (Parallel 1),10,PONTE_ARICANDUVA,-23.518684800580004,-46.56385449621903,Waypoint,914.4,305,457
SBSP-SBGR (Parallel 1),11,BARRAGEM_TIETE,-23.496914029887687,-46.54618316219257,Waypoint,914.4,305,457
SBSP-SBGR (Parallel 1),12,DUMONT,-23.476915994257524,-46.47468243478397,Waypoint,914.4,305,457
SBSP-SBGR (Parallel 1),13,SBGR,-23.435556,-46.473056,Airport,760,305,457
SBSP-SBGR (Parallel 2),1,SBSP,-23.626111,-46.656389,Airport,760,305,457
SBSP-SBGR (Parallel 2),2,CLUBE_SIRIO,-23.607448592345182,-46.65524695988414,Waypoint,1219,305,457
SBSP-SBGR (Parallel 2),3,CEBOLINHA,-23.590511689651272,-46.653202850938264,Waypoint,1219,305,457
SBSP-SBGR (Parallel 2),4,ANA_ROSA,-23.58019832452846,-46.63994281006619,Waypoint,1219,305,457
SBSP-SBGR (Parallel 2),5,PARQUE_ACLIMACAO,-23.572879167604274,-46.630455014053375,Waypoint,1219,305,457
SBSP-SBGR (Parallel 2),6,ITAU_CTO,-23.556416918805503,-46.61755958582767,Waypoint,1219,305,457
SBSP-SBGR (Parallel 2),7,ALCANTARA_MACHADO,-23.552624774559753,-46.61439946562285,Waypoint,1219,305,457
SBSP-SBGR (Parallel 2),8,BRAS,-23.542081085594123,-46.621318761506515,Waypoint,1219,305,457
SBSP-SBGR (Parallel 2),9,SHOPPING_TATUAPE,-23.528639113561262,-46.581531783014945,Waypoint,914.4,305,457
SBSP-SBGR (Parallel 2),10,PONTE_ARICANDUVA,-23.51568515204849,-46.567643578337446,Waypoint,914.4,305,457
SBSP-SBGR (Parallel 2),11,BARRAGEM_TIETE,-23.49303503774274,-46.54928049261596,Waypoint,914.4,305,457
SBSP-SBGR (Parallel 2),12,DUMONT,-23.473696062246297,-46.479965480183,Waypoint,914.4,305,457
SBSP-SBGR (Parallel 2),13,SBGR,-23.435556,-46.473056,Airport,760,305,457
SBSP-SBMT (Parallel 1),1,SBSP,-23.626111,-46.656389,Airport,760,305,457
SBSP-SBMT (Parallel 1),2,CLUBE_SIRIO,-23.60810696321042,-46.65030859567146,Waypoint,1219,305,457
SBSP-SBMT (Parallel 1),3,CEBOLINHA,-23.59282164368213,-46.64846381572834,Waypoint,1219,305,457
SBSP-SBMT (Parallel 1),4,ANA_ROSA,-23.58369056436034,-46.63672385660041,Waypoint,1219,305,457
SBSP-SBMT (Parallel 1),5,PARQUE_ACLIMACAO,-23.576009721284525,-46.62676720816882,Waypoint,1219,305,457
SBSP-SBMT (Parallel 1),6,ITAU_CTO,-23.5591386367501,-46.61355152528353,Waypoint,1219,305,457
SBSP-SBMT (Parallel 1),7,ALCANTARA_MACHADO,-23.552930780995844,-46.60837831215494,Waypoint,1219,305,457
SBSP-SBMT (Parallel 1),8,BRAS,-23.542856261727895,-46.61498971542449,Waypoint,1219,305,457
SBSP-SBMT (Parallel 1),9,SBMT,-23.509,-46.633,Airport,760,305,457
SBSP-SBMT (Parallel 2),1,SBSP,-23.626111,-46.656389,Airport,760,305,457
SBSP-SBMT (Parallel 2),2,CLUBE_SIRIO,-23.607448592345182,-46.65524695988414,Waypoint,1219,305,457
SBSP-SBMT (Parallel 2),3,CEBOLINHA,-23.590511689651272,-46.653202850938264,Waypoint,1219,305,457
SBSP-SBMT (Parallel 2),4,ANA_ROSA,-23.58019832452846,-46.63994281006619,Waypoint,1219,305,457
SBSP-SBMT (Parallel 2),5,PARQUE_ACLIMACAO,-23.572879167604274,-46.630455014053375,Waypoint,1219,305,457
SBSP-SBMT (Parallel 2),6,ITAU_CTO,-23.556416918805503,-46.61755958582767,Waypoint,1219,305,457
SBSP-SBMT (Parallel 2),7,ALCANTARA_MACHADO,-23.552624774559753,-46.61439946562285,Waypoint,1219,305,457
SBSP-SBMT (Parallel 2),8,BRAS,-23.544921516049907,-46.619454729019914,Waypoint,1219,305,457
SBSP-SBMT (Parallel 2),9,SBMT,-23.509,-46.633,Airport,760,305,457
SBSP-VP-001 (Parallel 1),1,SBSP,-23.626111,-46.656389,Airport,760,305,457
SBSP-VP-001 (Parallel 1),2,WASHINGTON_LUIS,-23.630563721805622,-46.66859946540812,Waypoint,1219,305,457
SBSP-VP-001 (Parallel 1),3,Geometric GN_144,-23.621466646799245,-46.676353438144154,Geometric Node,1219,305,457
SBSP-VP-001 (Parallel 1),4,Geometric GN_143,-23.613248832428837,-46.686955696062455,Geometric Node,1219,305,457
SBSP-VP-001 (Parallel 1),5,PONTE_ESTAIADA,-23.610516853220588,-46.69903042810522,Waypoint,1219,305,457
SBSP-VP-001 (Parallel 1),6,AVENIDA_MORUMBI,-23.60946509000826,-46.71165158665334,Waypoint,1219,305,457
SBSP-VP-001 (Parallel 1),7,Geometric GN_142,-23.600798797887954,-46.72108787857553,Geometric Node,1219,305,457
SBSP-VP-001 (Parallel 1),8,EXTRA_JAGUARE,-23.555999563062727,-46.74537818213205,Waypoint,1219,305,457
SBSP-VP-001 (Parallel 1),9,SHOPPING_CONTINENTAL,-23.54748722357915,-46.75260077320909,Waypoint,1219,305,457
SBSP-VP-001 (Parallel 1),10,CEBOLAO,-23.52428591336908,-46.74731439873086,Waypoint,1219,305,457
SBSP-VP-001 (Parallel 1),11,Geometric GN_95,-23.531514765733224,-46.78514040623323,Geometric Node,914.4,305,457
SBSP-VP-001 (Parallel 1),12,Geometric GN_94,-23.525396003261594,-46.800037359544724,Geometric Node,914.4,305,457
SBSP-VP-001 (Parallel 1),13,RODOANEL_CASTELO,-23.527950843175848,-46.82849723990805,Waypoint,914.4,305,457
SBSP-VP-001 (Parallel 1),14,VP-001,-23.4866666666667,-46.8566666666667,Vertiport,760,305,457
SBSP-VP-001 (Parallel 2),1,SBSP,-23.626111,-46.656389,Airport,760,305,457
SBSP-VP-001 (Parallel 2),2,WASHINGTON_LUIS,-23.63665850041658,-46.669733867925274,Waypoint,1219,305,457
SBSP-VP-001 (Parallel 2),3,Geometric GN_144,-23.624653353200753,-46.67996656185584,Geometric Node,1219,305,457
SBSP-VP-001 (Parallel 2),4,Geometric GN_143,-23.617431167571162,-46.68928430393754,Geometric Node,1219,305,457
SBSP-VP-001 (Parallel 2),5,PONTE_ESTAIADA,-23.615038702335013,-46.69985846078359,Waypoint,1219,305,457
SBSP-VP-001 (Parallel 2),6,AVENIDA_MORUMBI,-23.61386824332514,-46.713903968902265,Waypoint,1219,305,457
SBSP-VP-001 (Parallel 2),7,Geometric GN_142,-23.60350120211205,-46.72519212142447,Geometric Node,1219,305,457
SBSP-VP-001 (Parallel 2),8,EXTRA_JAGUARE,-23.558444881381675,-46.749621817867954,Waypoint,1219,305,457
SBSP-VP-001 (Parallel 2),9,SHOPPING_CONTINENTAL,-23.54862388753205,-46.75795478234651,Waypoint,1219,305,457
SBSP-VP-001 (Parallel 2),10,CEBOLAO,-23.527936308853118,-46.753241156824735,Waypoint,1219,305,457
SBSP-VP-001 (Parallel 2),11,Geometric GN_95,-23.535910743800176,-46.786640075771494,Geometric Node,914.4,305,457
SBSP-VP-001 (Parallel 2),12,Geometric GN_94,-23.52972637500093,-46.80169540276628,Geometric Node,914.4,305,457
SBSP-VP-001 (Parallel 2),13,RODOANEL_CASTELO,-23.53217870429184,-46.83059221070028,Waypoint,914.4,305,457
SBSP-VP-001 (Parallel 2),14,VP-001,-23.4866666666667,-46.8566666666667,Vertiport,760,305,457
SBSP-VP-002 (Parallel 1),1,SBSP,-23.626111,-46.656389,Airport,760,305,457
SBSP-VP-002 (Parallel 1),2,CLUBE_SIRIO,-23.60810696321042,-46.65030859567146,Waypoint,1219,305,457
SBSP-VP-002 (Parallel 1),3,CEBOLINHA,-23.59282164368213,-46.64846381572834,Waypoint,1219,305,457
SBSP-VP-002 (Parallel 1),4,ANA_ROSA,-23.582272984713864,-46.63490125419782,Waypoint,1219,305,457
SBSP-VP-002 (Parallel 1),5,VP-002,-23.5622222222222,-46.655,Vertiport,760,305,457
SBSP-VP-002 (Parallel 2),1,SBSP,-23.626111,-46.656389,Airport,760,305,457
SBSP-VP-002 (Parallel 2),2,CLUBE_SIRIO,-23.607448592345182,-46.65524695988414,Waypoint,1219,305,457
SBSP-VP-002 (Parallel 2),3,CEBOLINHA,-23.590511689651272,-46.653202850938264,Waypoint,1219,305,457
SBSP-VP-002 (Parallel 2),4,ANA_ROSA,-23.581615904174935,-46.64176541246878,Waypoint,1219,305,457
SBSP-VP-002 (Parallel 2),5,VP-002,-23.5622222222222,-46.655,Vertiport,760,305,457
SBSP-VP-003 (Parallel 1),1,SBSP,-23.626111,-46.656389,Airport,760,305,457
SBSP-VP-003 (Parallel 1),2,CLUBE_SIRIO,-23.60810696321042,-46.65030859567146,Waypoint,1219,305,457
SBSP-VP-003 (Parallel 1),3,CEBOLINHA,-23.58942479022261,-46.64805385065563,Waypoint,1219,305,457
SBSP-VP-003 (Parallel 1),4,VP-003,-23.5911111111111,-46.6855555555556,Vertiport,760,305,457
SBSP-VP-003 (Parallel 2),1,SBSP,-23.626111,-46.656389,Airport,760,305,457
SBSP-VP-003 (Parallel 2),2,CLUBE_SIRIO,-23.607448592345182,-46.65524695988414,Waypoint,1219,305,457
SBSP-VP-003 (Parallel 2),3,CEBOLINHA,-23.593908543110793,-46.65361281601098,Waypoint,1219,305,457
SBSP-VP-003 (Parallel 2),4,VP-003,-23.5911111111111,-46.6855555555556,Vertiport,760,305,457
SBSP-VP-004 (Parallel 1),1,SBSP,-23.626111,-46.656389,Airport,760,305,457
SBSP-VP-004 (Parallel 1),2,CLUBE_SIRIO,-23.60810696321042,-46.65030859567146,Waypoint,1219,305,457
SBSP-VP-004 (Parallel 1),3,CEBOLINHA,-23.591117019552055,-46.64825808522988,Waypoint,1219,305,457
SBSP-VP-004 (Parallel 1),4,Geometric GN_133,-23.580448517696226,-46.6556796985332,Geometric Node,1219,305,457
SBSP-VP-004 (Parallel 1),5,Geometric GN_134,-23.570097488954858,-46.66846165069117,Geometric Node,1219,305,457
SBSP-VP-004 (Parallel 1),6,Geometric GN_135,-23.561058901362248,-46.676753247573586,Geometric Node,1219,305,457
SBSP-VP-004 (Parallel 1),7,Geometric GN_136,-23.556809899514626,-46.67893676241192,Geometric Node,1219,305,457
SBSP-VP-004 (Parallel 1),8,Geometric GN_137,-23.55371221376462,-46.677016197246964,Geometric Node,1219,305,457
SBSP-VP-004 (Parallel 1),9,VD_ANTARTICA,-23.522995162798267,-46.667722999370795,Waypoint,1219,305,457
SBSP-VP-004 (Parallel 1),10,Geometric GN_30,-23.5213534865182,-46.67608271735251,Geometric Node,1219,305,457
SBSP-VP-004 (Parallel 1),11,Geometric GN_29,-23.52029907971026,-46.68240915820047,Geometric Node,1219,305,457
SBSP-VP-004 (Parallel 1),12,Geometric GN_28,-23.519275355595877,-46.69182742005227,Geometric Node,1219,305,457
SBSP-VP-004 (Parallel 1),13,Geometric GN_27,-23.517682496079757,-46.69819885811685,Geometric Node,1219,305,457
SBSP-VP-004 (Parallel 1),14,Geometric GN_26,-23.514321479588634,-46.708912098182346,Geometric Node,1219,305,457
SBSP-VP-004 (Parallel 1),15,MARCO_ZERO,-23.512296194319728,-46.72485480432765,Waypoint,1219,305,457
SBSP-VP-004 (Parallel 1),16,Geometric GN_31,-23.514022994171626,-46.735263320477685,Geometric Node,914.4,305,457
SBSP-VP-004 (Parallel 1),17,Geometric GN_32,-23.51412521440881,-46.7454532607564,Geometric Node,914.4,305,457
SBSP-VP-004 (Parallel 1),18,Geometric GN_33,-23.509453432119745,-46.75809802321997,Geometric Node,914.4,305,457
SBSP-VP-004 (Parallel 1),19,Geometric GN_34,-23.500832318592792,-46.761453530510536,Geometric Node,914.4,305,457
SBSP-VP-004 (Parallel 1),20,Geometric GN_35,-23.499507422000907,-46.762902676244245,Geometric Node,914.4,305,457
SBSP-VP-004 (Parallel 1),21,Geometric GN_36,-23.496717011493725,-46.77076998893733,Geometric Node,914.4,305,457
SBSP-VP-004 (Parallel 1),22,PAO_DE_ACUCAR,-23.489930917128433,-46.7748460980334,Waypoint,914.4,305,457
SBSP-VP-004 (Parallel 1),23,VP-004,-23.4786111111111,-46.7811111111111,Vertiport,760,305,457
SBSP-VP-004 (Parallel 2),1,SBSP,-23.626111,-46.656389,Airport,760,305,457
SBSP-VP-004 (Parallel 2),2,CLUBE_SIRIO,-23.607448592345182,-46.65524695988414,Waypoint,1219,305,457
SBSP-VP-004 (Parallel 2),3,CEBOLINHA,-23.592216313781346,-46.65340858143673,Waypoint,1219,305,457
SBSP-VP-004 (Parallel 2),4,Geometric GN_133,-23.583449155568573,-46.659507512561596,Geometric Node,1219,305,457
SBSP-VP-004 (Parallel 2),5,Geometric GN_134,-23.573299552905944,-46.67204073403143,Geometric Node,1219,305,457
SBSP-VP-004 (Parallel 2),6,Geometric GN_135,-23.56354589504475,-46.68098830446601,Geometric Node,1219,305,457
SBSP-VP-004 (Parallel 2),7,Geometric GN_136,-23.556612734308374,-46.68455117873327,Geometric Node,1219,305,457
SBSP-VP-004 (Parallel 2),8,Geometric GN_137,-23.551945029374984,-46.68165720167463,Geometric Node,1219,305,457
SBSP-VP-004 (Parallel 2),9,VD_ANTARTICA,-23.52644928164613,-46.6739436672958,Waypoint,1219,305,457
SBSP-VP-004 (Parallel 2),10,Geometric GN_30,-23.5258389929876,-46.67705136954789,Geometric Node,1219,305,457
SBSP-VP-004 (Parallel 2),11,Geometric GN_29,-23.52482262894674,-46.68314955379333,Geometric Node,1219,305,457
SBSP-VP-004 (Parallel 2),12,Geometric GN_28,-23.52377558221212,-46.69278238375133,Geometric Node,1219,305,457
SBSP-VP-004 (Parallel 2),13,Geometric GN_27,-23.52205520837004,-46.69966387911975,Geometric Node,1219,305,457
SBSP-VP-004 (Parallel 2),14,Geometric GN_26,-23.518789758144766,-46.71007250171285,Geometric Node,1219,305,457
SBSP-VP-004 (Parallel 2),15,MARCO_ZERO,-23.516592694569074,-46.727367417894556,Waypoint,1219,305,457
SBSP-VP-004 (Parallel 2),16,Geometric GN_31,-23.518480331799573,-46.737620862360394,Geometric Node,914.4,305,457
SBSP-VP-004 (Parallel 2),17,Geometric GN_32,-23.518659009094304,-46.74633254723625,Geometric Node,914.4,305,457
SBSP-VP-004 (Parallel 2),18,Geometric GN_33,-23.51307726344506,-46.76223814762554,Geometric Node,914.4,305,457
SBSP-VP-004 (Parallel 2),19,Geometric GN_34,-23.503138252853418,-46.7659596921844,Geometric Node,914.4,305,457
SBSP-VP-004 (Parallel 2),20,Geometric GN_35,-23.503510600518236,-46.76561730974362,Geometric Node,914.4,305,457
SBSP-VP-004 (Parallel 2),21,Geometric GN_36,-23.50047341900809,-46.77432366965997,Geometric Node,914.4,305,457
SBSP-VP-004 (Parallel 2),22,PAO_DE_ACUCAR,-23.493073140423256,-46.77872546080176,Waypoint,914.4,305,457
SBSP-VP-004 (Parallel 2),23,VP-004,-23.4786111111111,-46.7811111111111,Vertiport,760,305,457
SBSP-VP-005 (Parallel 1),1,SBSP,-23.626111,-46.656389,Airport,760,305,457
SBSP-VP-005 (Parallel 1),2,WASHINGTON_LUIS,-23.630563721805622,-46.66859946540812,Waypoint,1219,305,457
SBSP-VP-005 (Parallel 1),3,Geometric GN_144,-23.621466646799245,-46.676353438144154,Geometric Node,1219,305,457
SBSP-VP-005 (Parallel 1),4,Geometric GN_143,-23.613248832428837,-46.686955696062455,Geometric Node,1219,305,457
SBSP-VP-005 (Parallel 1),5,PONTE_ESTAIADA,-23.610516853220588,-46.69903042810522,Waypoint,1219,305,457
SBSP-VP-005 (Parallel 1),6,AVENIDA_MORUMBI,-23.609389520520164,-46.71255842051052,Waypoint,1219,305,457
SBSP-VP-005 (Parallel 1),7,EXTRA_TABOAO,-23.606354090644885,-46.75119116437716,Waypoint,1219,305,457
SBSP-VP-005 (Parallel 1),8,RODOANEL_RAPOSO,-23.59027412529078,-46.80869748115197,Waypoint,1219,305,457
SBSP-VP-005 (Parallel 1),9,VP-005,-23.5647222222222,-46.8302777777778,Vertiport,760,305,457
SBSP-VP-005 (Parallel 2),1,SBSP,-23.626111,-46.656389,Airport,760,305,457
SBSP-VP-005 (Parallel 2),2,WASHINGTON_LUIS,-23.63665850041658,-46.669733867925274,Waypoint,1219,305,457
SBSP-VP-005 (Parallel 2),3,Geometric GN_144,-23.624653353200753,-46.67996656185584,Geometric Node,1219,305,457
SBSP-VP-005 (Parallel 2),4,Geometric GN_143,-23.617431167571162,-46.68928430393754,Geometric Node,1219,305,457
SBSP-VP-005 (Parallel 2),5,PONTE_ESTAIADA,-23.615038702335013,-46.69985846078359,Waypoint,1219,305,457
SBSP-VP-005 (Parallel 2),6,AVENIDA_MORUMBI,-23.613943812813236,-46.712997135045086,Waypoint,1219,305,457
SBSP-VP-005 (Parallel 2),7,EXTRA_TABOAO,-23.610868131577313,-46.75214216895624,Waypoint,1219,305,457
SBSP-VP-005 (Parallel 2),8,RODOANEL_RAPOSO,-23.594170319153623,-46.81185807440363,Waypoint,1219,305,457
SBSP-VP-005 (Parallel 2),9,VP-005,-23.5647222222222,-46.8302777777778,Vertiport,760,305,457
SBSP-VP-006 (Parallel 1),1,SBSP,-23.626111,-46.656389,Airport,760,305,457
SBSP-VP-006 (Parallel 1),2,WASHINGTON_LUIS,-23.630563721805622,-46.66859946540812,Waypoint,1219,305,457
SBSP-VP-006 (Parallel 1),3,Geometric GN_144,-23.621466646799245,-46.676353438144154,Geometric Node,1219,305,457
SBSP-VP-006 (Parallel 1),4,Geometric GN_143,-23.613248832428837,-46.686955696062455,Geometric Node,1219,305,457
SBSP-VP-006 (Parallel 1),5,PONTE_ESTAIADA,-23.61110674293165,-46.69642324860169,Waypoint,1219,305,457
SBSP-VP-006 (Parallel 1),6,Geometric GN_128,-23.58520676091455,-46.68941775648687,Geometric Node,1219,305,457
SBSP-VP-006 (Parallel 1),7,Geometric GN_129,-23.56982770155641,-46.698579749295924,Geometric Node,1219,305,457
SBSP-VP-006 (Parallel 1),8,Geometric GN_130,-23.559333763197618,-46.70481052519657,Geometric Node,1219,305,457
SBSP-VP-006 (Parallel 1),9,PONTE_JAGUARE,-23.54328833441581,-46.734521887724945,Waypoint,1219,305,457
SBSP-VP-006 (Parallel 1),10,VP-006,-23.5466666666667,-46.7369444444444,Vertiport,760,305,457
SBSP-VP-006 (Parallel 2),1,SBSP,-23.626111,-46.656389,Airport,760,305,457
SBSP-VP-006 (Parallel 2),2,WASHINGTON_LUIS,-23.63665850041658,-46.669733867925274,Waypoint,1219,305,457
SBSP-VP-006 (Parallel 2),3,Geometric GN_144,-23.624653353200753,-46.67996656185584,Geometric Node,1219,305,457
SBSP-VP-006 (Parallel 2),4,Geometric GN_143,-23.617431167571162,-46.68928430393754,Geometric Node,1219,305,457
SBSP-VP-006 (Parallel 2),5,PONTE_ESTAIADA,-23.61444881262395,-46.702465640287116,Waypoint,1219,305,457
SBSP-VP-006 (Parallel 2),6,Geometric GN_128,-23.58583507177885,-46.69472612387613,Geometric Node,1219,305,457
SBSP-VP-006 (Parallel 2),7,Geometric GN_129,-23.57201626216759,-46.702958606197676,Geometric Node,1219,305,457
SBSP-VP-006 (Parallel 2),8,Geometric GN_130,-23.562630800377182,-46.70853122413583,Geometric Node,1219,305,457
SBSP-VP-006 (Parallel 2),9,PONTE_JAGUARE,-23.54837833225079,-46.73492255671946,Waypoint,1219,305,457
SBSP-VP-006 (Parallel 2),10,VP-006,-23.5466666666667,-46.7369444444444,Vertiport,760,305,457
SBSP-VP-007 (Parallel 1),1,SBSP,-23.626111,-46.656389,Airport,760,305,457
SBSP-VP-007 (Parallel 1),2,WASHINGTON_LUIS,-23.630563721805622,-46.66859946540812,Waypoint,1219,305,457
SBSP-VP-007 (Parallel 1),3,Geometric GN_144,-23.621466646799245,-46.676353438144154,Geometric Node,1219,305,457
SBSP-VP-007 (Parallel 1),4,Geometric GN_143,-23.613248832428837,-46.686955696062455,Geometric Node,1219,305,457
SBSP-VP-007 (Parallel 1),5,PONTE_ESTAIADA,-23.61110674293165,-46.69642324860169,Waypoint,1219,305,457
SBSP-VP-007 (Parallel 1),6,Geometric GN_128,-23.58520676091455,-46.68941775648687,Geometric Node,1219,305,457
SBSP-VP-007 (Parallel 1),7,Geometric GN_129,-23.57854717535465,-46.69338516916083,Geometric Node,1219,305,457
SBSP-VP-007 (Parallel 1),8,VP-007,-23.5730555555556,-46.6975,Vertiport,760,305,457
SBSP-VP-007 (Parallel 2),1,SBSP,-23.626111,-46.656389,Airport,760,305,457
SBSP-VP-007 (Parallel 2),2,WASHINGTON_LUIS,-23.63665850041658,-46.669733867925274,Waypoint,1219,305,457
SBSP-VP-007 (Parallel 2),3,Geometric GN_144,-23.624653353200753,-46.67996656185584,Geometric Node,1219,305,457
SBSP-VP-007 (Parallel 2),4,Geometric GN_143,-23.617431167571162,-46.68928430393754,Geometric Node,1219,305,457
SBSP-VP-007 (Parallel 2),5,PONTE_ESTAIADA,-23.61444881262395,-46.702465640287116,Waypoint,1219,305,457
SBSP-VP-007 (Parallel 2),6,Geometric GN_128,-23.58583507177885,-46.69472612387613,Geometric Node,1219,305,457
SBSP-VP-007 (Parallel 2),7,Geometric GN_129,-23.56329678836935,-46.70815318633277,Geometric Node,1219,305,457
SBSP-VP-007 (Parallel 2),8,VP-007,-23.5730555555556,-46.6975,Vertiport,760,305,457
SBSP-VP-008 (Parallel 1),1,SBSP,-23.626111,-46.656389,Airport,760,305,457
SBSP-VP-008 (Parallel 1),2,WASHINGTON_LUIS,-23.630563721805622,-46.66859946540812,Waypoint,1219,305,457
SBSP-VP-008 (Parallel 1),3,Geometric GN_144,-23.621466646799245,-46.676353438144154,Geometric Node,1219,305,457
SBSP-VP-008 (Parallel 1),4,Geometric GN_143,-23.613248832428837,-46.686955696062455,Geometric Node,1219,305,457
SBSP-VP-008 (Parallel 1),5,PONTE_ESTAIADA,-23.61001985861167,-46.701227032205026,Waypoint,1219,305,457
SBSP-VP-008 (Parallel 1),6,Geometric GN_127,-23.619419895770488,-46.703944069624775,Geometric Node,1219,305,457
SBSP-VP-008 (Parallel 1),7,GRANJA_JULIETA,-23.625206375304394,-46.7136015957552,Waypoint,1219,305,457
SBSP-VP-008 (Parallel 1),8,Geometric GN_75,-23.640026920157847,-46.72758610140735,Geometric Node,1219,305,457
SBSP-VP-008 (Parallel 1),9,EMPRESARIAL,-23.65321313243033,-46.72574789547035,Waypoint,1219,305,457
SBSP-VP-008 (Parallel 1),10,VP-008,-23.7,-46.6952777777778,Vertiport,760,305,457
SBSP-VP-008 (Parallel 2),1,SBSP,-23.626111,-46.656389,Airport,760,305,457
SBSP-VP-008 (Parallel 2),2,WASHINGTON_LUIS,-23.63665850041658,-46.669733867925274,Waypoint,1219,305,457
SBSP-VP-008 (Parallel 2),3,Geometric GN_144,-23.624653353200753,-46.67996656185584,Geometric Node,1219,305,457
SBSP-VP-008 (Parallel 2),4,Geometric GN_143,-23.617431167571162,-46.68928430393754,Geometric Node,1219,305,457
SBSP-VP-008 (Parallel 2),5,PONTE_ESTAIADA,-23.615535696943933,-46.69766185668378,Waypoint,1219,305,457
SBSP-VP-008 (Parallel 2),6,Geometric GN_127,-23.622286992141515,-46.69961328744663,Geometric Node,1219,305,457
SBSP-VP-008 (Parallel 2),7,GRANJA_JULIETA,-23.62868251358441,-46.7102872931336,Waypoint,1219,305,457
SBSP-VP-008 (Parallel 2),8,Geometric GN_75,-23.641473280900353,-46.72235652267906,Geometric Node,1219,305,457
SBSP-VP-008 (Parallel 2),9,EMPRESARIAL,-23.65178686756967,-46.72091877119625,Waypoint,1219,305,457
SBSP-VP-008 (Parallel 2),10,VP-008,-23.7,-46.6952777777778,Vertiport,760,305,457
SBSP-VP-009 (Parallel 1),1,SBSP,-23.626111,-46.656389,Airport,760,305,457
SBSP-VP-009 (Parallel 1),2,CLUBE_SIRIO,-23.60810696321042,-46.65030859567146,Waypoint,1219,305,457
SBSP-VP-009 (Parallel 1),3,CEBOLINHA,-23.591117019552055,-46.64825808522988,Waypoint,1219,305,457
SBSP-VP-009 (Parallel 1),4,Geometric GN_133,-23.580448517696226,-46.6556796985332,Geometric Node,1219,305,457
SBSP-VP-009 (Parallel 1),5,Geometric GN_134,-23.570097488954858,-46.66846165069117,Geometric Node,1219,305,457
SBSP-VP-009 (Parallel 1),6,Geometric GN_135,-23.563081972079665,-46.67489737278324,Geometric Node,1219,305,457
SBSP-VP-009 (Parallel 1),7,VP-009,-23.5580555555556,-46.6692777777778,Vertiport,760,305,457
SBSP-VP-009 (Parallel 2),1,SBSP,-23.626111,-46.656389,Airport,760,305,457
SBSP-VP-009 (Parallel 2),2,CLUBE_SIRIO,-23.607448592345182,-46.65524695988414,Waypoint,1219,305,457
SBSP-VP-009 (Parallel 2),3,CEBOLINHA,-23.592216313781346,-46.65340858143673,Waypoint,1219,305,457
SBSP-VP-009 (Parallel 2),4,Geometric GN_133,-23.583449155568573,-46.659507512561596,Geometric Node,1219,305,457
SBSP-VP-009 (Parallel 2),5,Geometric GN_134,-23.573299552905944,-46.67204073403143,Geometric Node,1219,305,457
SBSP-VP-009 (Parallel 2),6,Geometric GN_135,-23.561522824327334,-46.68284417925636,Geometric Node,1219,305,457
SBSP-VP-009 (Parallel 2),7,VP-009,-23.5580555555556,-46.6692777777778,Vertiport,760,305,457
SBSP-VP-010 (Parallel 1),1,SBSP,-23.626111,-46.656389,Airport,760,305,457
SBSP-VP-010 (Parallel 1),2,WASHINGTON_LUIS,-23.630563721805622,-46.66859946540812,Waypoint,1219,305,457
SBSP-VP-010 (Parallel 1),3,Geometric GN_144,-23.621466646799245,-46.676353438144154,Geometric Node,1219,305,457
SBSP-VP-010 (Parallel 1),4,Geometric GN_143,-23.613248832428837,-46.686955696062455,Geometric Node,1219,305,457
SBSP-VP-010 (Parallel 1),5,PONTE_ESTAIADA,-23.610516853220588,-46.69903042810522,Waypoint,1219,305,457
SBSP-VP-010 (Parallel 1),6,AVENIDA_MORUMBI,-23.60946509000826,-46.71165158665334,Waypoint,1219,305,457
SBSP-VP-010 (Parallel 1),7,Geometric GN_142,-23.600798797887954,-46.72108787857553,Geometric Node,1219,305,457
SBSP-VP-010 (Parallel 1),8,EXTRA_JAGUARE,-23.555999563062727,-46.74537818213205,Waypoint,1219,305,457
SBSP-VP-010 (Parallel 1),9,SHOPPING_CONTINENTAL,-23.54748722357915,-46.75260077320909,Waypoint,1219,305,457
SBSP-VP-010 (Parallel 1),10,CEBOLAO,-23.5283971111111,-46.748251127330306,Waypoint,1219,305,457
SBSP-VP-010 (Parallel 1),11,VP-010,-23.5261111111111,-46.7438888888889,Vertiport,760,305,457
SBSP-VP-010 (Parallel 2),1,SBSP,-23.626111,-46.656389,Airport,760,305,457
SBSP-VP-010 (Parallel 2),2,WASHINGTON_LUIS,-23.63665850041658,-46.669733867925274,Waypoint,1219,305,457
SBSP-VP-010 (Parallel 2),3,Geometric GN_144,-23.624653353200753,-46.67996656185584,Geometric Node,1219,305,457
SBSP-VP-010 (Parallel 2),4,Geometric GN_143,-23.617431167571162,-46.68928430393754,Geometric Node,1219,305,457
SBSP-VP-010 (Parallel 2),5,PONTE_ESTAIADA,-23.615038702335013,-46.69985846078359,Waypoint,1219,305,457
SBSP-VP-010 (Parallel 2),6,AVENIDA_MORUMBI,-23.61386824332514,-46.713903968902265,Waypoint,1219,305,457
SBSP-VP-010 (Parallel 2),7,Geometric GN_142,-23.60350120211205,-46.72519212142447,Geometric Node,1219,305,457
SBSP-VP-010 (Parallel 2),8,EXTRA_JAGUARE,-23.558444881381675,-46.749621817867954,Waypoint,1219,305,457
SBSP-VP-010 (Parallel 2),9,SHOPPING_CONTINENTAL,-23.54862388753205,-46.75795478234651,Waypoint,1219,305,457
SBSP-VP-010 (Parallel 2),10,CEBOLAO,-23.523825111111098,-46.75230442822529,Waypoint,1219,305,457
SBSP-VP-010 (Parallel 2),11,VP-010,-23.5261111111111,-46.7438888888889,Vertiport,760,305,457
SBSP-VP-011 (Parallel 1),1,SBSP,-23.626111,-46.656389,Airport,760,305,457
SBSP-VP-011 (Parallel 1),2,WASHINGTON_LUIS,-23.630563721805622,-46.66859946540812,Waypoint,1219,305,457
SBSP-VP-011 (Parallel 1),3,Geometric GN_144,-23.621466646799245,-46.676353438144154,Geometric Node,1219,305,457
SBSP-VP-011 (Parallel 1),4,Geometric GN_143,-23.613248832428837,-46.686955696062455,Geometric Node,1219,305,457
SBSP-VP-011 (Parallel 1),5,PONTE_ESTAIADA,-23.61001985861167,-46.701227032205026,Waypoint,1219,305,457
SBSP-VP-011 (Parallel 1),6,Geometric GN_127,-23.619419895770488,-46.703944069624775,Geometric Node,1219,305,457
SBSP-VP-011 (Parallel 1),7,GRANJA_JULIETA,-23.625206375304394,-46.7136015957552,Waypoint,1219,305,457
SBSP-VP-011 (Parallel 1),8,Geometric GN_75,-23.640026920157847,-46.72758610140735,Geometric Node,1219,305,457
SBSP-VP-011 (Parallel 1),9,EMPRESARIAL,-23.653229042761836,-46.725745677512286,Waypoint,1219,305,457
SBSP-VP-011 (Parallel 1),10,VP-011,-23.7030555555556,-46.6925,Vertiport,760,305,457
SBSP-VP-011 (Parallel 2),1,SBSP,-23.626111,-46.656389,Airport,760,305,457
SBSP-VP-011 (Parallel 2),2,WASHINGTON_LUIS,-23.63665850041658,-46.669733867925274,Waypoint,1219,305,457
SBSP-VP-011 (Parallel 2),3,Geometric GN_144,-23.624653353200753,-46.67996656185584,Geometric Node,1219,305,457
SBSP-VP-011 (Parallel 2),4,Geometric GN_143,-23.617431167571162,-46.68928430393754,Geometric Node,1219,305,457
SBSP-VP-011 (Parallel 2),5,PONTE_ESTAIADA,-23.615535696943933,-46.69766185668378,Waypoint,1219,305,457
SBSP-VP-011 (Parallel 2),6,Geometric GN_127,-23.622286992141515,-46.69961328744663,Geometric Node,1219,305,457
SBSP-VP-011 (Parallel 2),7,GRANJA_JULIETA,-23.62868251358441,-46.7102872931336,Waypoint,1219,305,457
SBSP-VP-011 (Parallel 2),8,Geometric GN_75,-23.641473280900353,-46.72235652267906,Geometric Node,1219,305,457
SBSP-VP-011 (Parallel 2),9,EMPRESARIAL,-23.651770957238163,-46.720920989154315,Waypoint,1219,305,457
SBSP-VP-011 (Parallel 2),10,VP-011,-23.7030555555556,-46.6925,Vertiport,760,305,457
SBSP-VP-012 (Parallel 1),1,SBSP,-23.626111,-46.656389,Airport,760,305,457
SBSP-VP-012 (Parallel 1),2,CLUBE_SIRIO,-23.60810696321042,-46.65030859567146,Waypoint,1219,305,457
SBSP-VP-012 (Parallel 1),3,CEBOLINHA,-23.589788778605662,-46.64809778028807,Waypoint,1219,305,457
SBSP-VP-012 (Parallel 1),4,VP-012,-23.5866666666667,-46.6816666666667,Vertiport,760,305,457
SBSP-VP-012 (Parallel 2),1,SBSP,-23.626111,-46.656389,Airport,760,305,457
SBSP-VP-012 (Parallel 2),2,CLUBE_SIRIO,-23.607448592345182,-46.65524695988414,Waypoint,1219,305,457
SBSP-VP-012 (Parallel 2),3,CEBOLINHA,-23.59354455472774,-46.65356888637854,Waypoint,1219,305,457
SBSP-VP-012 (Parallel 2),4,VP-012,-23.5866666666667,-46.6816666666667,Vertiport,760,305,457
SBGR-SBMT (Parallel 1),1,SBGR,-23.435556,-46.473056,Airport,760,305,457
SBGR-SBMT (Parallel 1),2,DUMONT,-23.473696062246297,-46.479965480183,Waypoint,914.4,305,457
SBGR-SBMT (Parallel 1),3,BARRAGEM_TIETE,-23.49303503774274,-46.54928049261596,Waypoint,914.4,305,457
SBGR-SBMT (Parallel 1),4,PONTE_ARICANDUVA,-23.51568515204849,-46.567643578337446,Waypoint,914.4,305,457
SBGR-SBMT (Parallel 1),5,SHOPPING_TATUAPE,-23.528639113561262,-46.581531783014945,Waypoint,914.4,305,457
SBGR-SBMT (Parallel 1),6,BRAS,-23.541391879053826,-46.615651952175185,Waypoint,1219,305,457
SBGR-SBMT (Parallel 1),7,SBMT,-23.509,-46.633,Airport,760,305,457
SBGR-SBMT (Parallel 2),1,SBGR,-23.435556,-46.473056,Airport,760,305,457
SBGR-SBMT (Parallel 2),2,DUMONT,-23.476915994257524,-46.47468243478397,Waypoint,914.4,305,457
SBGR-SBMT (Parallel 2),3,BARRAGEM_TIETE,-23.496914029887687,-46.54618316219257,Waypoint,914.4,305,457
SBGR-SBMT (Parallel 2),4,PONTE_ARICANDUVA,-23.518684800580004,-46.56385449621903,Waypoint,914.4,305,457
SBGR-SBMT (Parallel 2),5,SHOPPING_TATUAPE,-23.532972445391017,-46.579240141706286,Waypoint,914.4,305,457
SBGR-SBMT (Parallel 2),6,BRAS,-23.546385898723976,-46.61879249226922,Waypoint,1219,305,457
SBGR-SBMT (Parallel 2),7,SBMT,-23.509,-46.633,Airport,760,305,457
SBGR-VP-001 (Parallel 1),1,SBGR,-23.435556,-46.473056,Airport,760,305,457
SBGR-VP-001 (Parallel 1),2,DUMONT,-23.473696062246297,-46.479965480183,Waypoint,914.4,305,457
SBGR-VP-001 (Parallel 1),3,BARRAGEM_TIETE,-23.49303503774274,-46.54928049261596,Waypoint,914.4,305,457
SBGR-VP-001 (Parallel 1),4,PONTE_ARICANDUVA,-23.51568515204849,-46.567643578337446,Waypoint,914.4,305,457
SBGR-VP-001 (Parallel 1),5,SHOPPING_TATUAPE,-23.528639113561262,-46.581531783014945,Waypoint,914.4,305,457
SBGR-VP-001 (Parallel 1),6,BRAS,-23.54152782560704,-46.61676973494606,Waypoint,1219,305,457
SBGR-VP-001 (Parallel 1),7,LUZ,-23.5332060376752,-46.634218645125785,Waypoint,1219,305,457
SBGR-VP-001 (Parallel 1),8,Geometric GN_149,-23.531664480389757,-46.638231926254754,Geometric Node,1219,305,457
SBGR-VP-001 (Parallel 1),9,Geometric GN_148,-23.527867459384787,-46.641038837985015,Geometric Node,1219,305,457
SBGR-VP-001 (Parallel 1),10,Geometric GN_147,-23.52570511367137,-46.644900169616115,Geometric Node,1219,305,457
SBGR-VP-001 (Parallel 1),11,Geometric GN_146,-23.525979705830206,-46.65160655503392,Geometric Node,1219,305,457
SBGR-VP-001 (Parallel 1),12,Geometric GN_145,-23.523980491241744,-46.65926374100624,Geometric Node,1219,305,457
SBGR-VP-001 (Parallel 1),13,VD_ANTARTICA,-23.52247157279912,-46.67038921608116,Waypoint,1219,305,457
SBGR-VP-001 (Parallel 1),14,Geometric GN_30,-23.5213534865182,-46.67608271735251,Geometric Node,1219,305,457
SBGR-VP-001 (Parallel 1),15,Geometric GN_29,-23.52029907971026,-46.68240915820047,Geometric Node,1219,305,457
SBGR-VP-001 (Parallel 1),16,Geometric GN_28,-23.519275355595877,-46.69182742005227,Geometric Node,1219,305,457
SBGR-VP-001 (Parallel 1),17,Geometric GN_27,-23.517682496079757,-46.69819885811685,Geometric Node,1219,305,457
SBGR-VP-001 (Parallel 1),18,Geometric GN_26,-23.514321479588634,-46.708912098182346,Geometric Node,1219,305,457
SBGR-VP-001 (Parallel 1),19,MARCO_ZERO,-23.51212250681928,-46.72622204321651,Waypoint,1219,305,457
SBGR-VP-001 (Parallel 1),20,Geometric GN_25,-23.51606374594118,-46.744986135177214,Geometric Node,1219,305,457
SBGR-VP-001 (Parallel 1),21,CEBOLAO,-23.523610537257223,-46.75132475098874,Waypoint,1219,305,457
SBGR-VP-001 (Parallel 1),22,Geometric GN_95,-23.531514765733224,-46.78514040623323,Geometric Node,914.4,305,457
SBGR-VP-001 (Parallel 1),23,Geometric GN_94,-23.525396003261594,-46.800037359544724,Geometric Node,914.4,305,457
SBGR-VP-001 (Parallel 1),24,RODOANEL_CASTELO,-23.527950843175848,-46.82849723990805,Waypoint,914.4,305,457
SBGR-VP-001 (Parallel 1),25,VP-001,-23.4866666666667,-46.8566666666667,Vertiport,760,305,457
SBGR-VP-001 (Parallel 2),1,SBGR,-23.435556,-46.473056,Airport,760,305,457
SBGR-VP-001 (Parallel 2),2,DUMONT,-23.476915994257524,-46.47468243478397,Waypoint,914.4,305,457
SBGR-VP-001 (Parallel 2),3,BARRAGEM_TIETE,-23.496914029887687,-46.54618316219257,Waypoint,914.4,305,457
SBGR-VP-001 (Parallel 2),4,PONTE_ARICANDUVA,-23.518684800580004,-46.56385449621903,Waypoint,914.4,305,457
SBGR-VP-001 (Parallel 2),5,SHOPPING_TATUAPE,-23.532972445391017,-46.579240141706286,Waypoint,914.4,305,457
SBGR-VP-001 (Parallel 2),6,BRAS,-23.54624995217076,-46.617674709498345,Waypoint,1219,305,457
SBGR-VP-001 (Parallel 2),7,LUZ,-23.5373495178804,-46.63633691042982,Waypoint,1219,305,457
SBGR-VP-001 (Parallel 2),8,Geometric GN_149,-23.535355519610242,-46.64152807374524,Geometric Node,1219,305,457
SBGR-VP-001 (Parallel 2),9,Geometric GN_148,-23.531252540615213,-46.64456116201499,Geometric Node,1219,305,457
SBGR-VP-001 (Parallel 2),10,Geometric GN_147,-23.53033488632863,-46.646199830383885,Geometric Node,1219,305,457
SBGR-VP-001 (Parallel 2),11,Geometric GN_146,-23.53058029416979,-46.65219344496607,Geometric Node,1219,305,457
SBGR-VP-001 (Parallel 2),12,Geometric GN_145,-23.528459508758253,-46.66031625899376,Geometric Node,1219,305,457
SBGR-VP-001 (Parallel 2),13,VD_ANTARTICA,-23.526972871645278,-46.671277450585436,Waypoint,1219,305,457
SBGR-VP-001 (Parallel 2),14,Geometric GN_30,-23.5258389929876,-46.67705136954789,Geometric Node,1219,305,457
SBGR-VP-001 (Parallel 2),15,Geometric GN_29,-23.52482262894674,-46.68314955379333,Geometric Node,1219,305,457
SBGR-VP-001 (Parallel 2),16,Geometric GN_28,-23.52377558221212,-46.69278238375133,Geometric Node,1219,305,457
SBGR-VP-001 (Parallel 2),17,Geometric GN_27,-23.52205520837004,-46.69966387911975,Geometric Node,1219,305,457
SBGR-VP-001 (Parallel 2),18,Geometric GN_26,-23.518789758144766,-46.71007250171285,Geometric Node,1219,305,457
SBGR-VP-001 (Parallel 2),19,MARCO_ZERO,-23.51676638206952,-46.726000179005695,Waypoint,1219,305,457
SBGR-VP-001 (Parallel 2),20,Geometric GN_25,-23.520153648065616,-46.74212682564658,Geometric Node,1219,305,457
SBGR-VP-001 (Parallel 2),21,CEBOLAO,-23.528611684964975,-46.74923080456685,Waypoint,1219,305,457
SBGR-VP-001 (Parallel 2),22,Geometric GN_95,-23.535910743800176,-46.786640075771494,Geometric Node,914.4,305,457
SBGR-VP-001 (Parallel 2),23,Geometric GN_94,-23.52972637500093,-46.80169540276628,Geometric Node,914.4,305,457
SBGR-VP-001 (Parallel 2),24,RODOANEL_CASTELO,-23.53217870429184,-46.83059221070028,Waypoint,914.4,305,457
SBGR-VP-001 (Parallel 2),25,VP-001,-23.4866666666667,-46.8566666666667,Vertiport,760,305,457
SBGR-VP-002 (Parallel 1),1,SBGR,-23.435556,-46.473056,Airport,760,305,457
SBGR-VP-002 (Parallel 1),2,DUMONT,-23.473696062246297,-46.479965480183,Waypoint,914.4,305,457
SBGR-VP-002 (Parallel 1),3,BARRAGEM_TIETE,-23.49303503774274,-46.54928049261596,Waypoint,914.4,305,457
SBGR-VP-002 (Parallel 1),4,PONTE_ARICANDUVA,-23.51568515204849,-46.567643578337446,Waypoint,914.4,305,457
SBGR-VP-002 (Parallel 1),5,SHOPPING_TATUAPE,-23.528639113561262,-46.581531783014945,Waypoint,914.4,305,457
SBGR-VP-002 (Parallel 1),6,BRAS,-23.542081085594123,-46.621318761506515,Waypoint,1219,305,457
SBGR-VP-002 (Parallel 1),7,ALCANTARA_MACHADO,-23.552624774559753,-46.61439946562285,Waypoint,1219,305,457
SBGR-VP-002 (Parallel 1),8,ITAU_CTO,-23.556416918805503,-46.61755958582767,Waypoint,1219,305,457
SBGR-VP-002 (Parallel 1),9,PARQUE_ACLIMACAO,-23.57152171587711,-46.629391676867094,Waypoint,1219,305,457
SBGR-VP-002 (Parallel 1),10,VP-002,-23.5622222222222,-46.655,Vertiport,760,305,457
SBGR-VP-002 (Parallel 2),1,SBGR,-23.435556,-46.473056,Airport,760,305,457
SBGR-VP-002 (Parallel 2),2,DUMONT,-23.476915994257524,-46.47468243478397,Waypoint,914.4,305,457
SBGR-VP-002 (Parallel 2),3,BARRAGEM_TIETE,-23.496914029887687,-46.54618316219257,Waypoint,914.4,305,457
SBGR-VP-002 (Parallel 2),4,PONTE_ARICANDUVA,-23.518684800580004,-46.56385449621903,Waypoint,914.4,305,457
SBGR-VP-002 (Parallel 2),5,SHOPPING_TATUAPE,-23.532972445391017,-46.579240141706286,Waypoint,914.4,305,457
SBGR-VP-002 (Parallel 2),6,BRAS,-23.54569669218368,-46.61312568293789,Waypoint,1219,305,457
SBGR-VP-002 (Parallel 2),7,ALCANTARA_MACHADO,-23.552930780995844,-46.60837831215494,Waypoint,1219,305,457
SBGR-VP-002 (Parallel 2),8,ITAU_CTO,-23.5591386367501,-46.61355152528353,Waypoint,1219,305,457
SBGR-VP-002 (Parallel 2),9,PARQUE_ACLIMACAO,-23.577367173011687,-46.6278305453551,Waypoint,1219,305,457
SBGR-VP-002 (Parallel 2),10,VP-002,-23.5622222222222,-46.655,Vertiport,760,305,457
SBGR-VP-003 (Parallel 1),1,SBGR,-23.435556,-46.473056,Airport,760,305,457
SBGR-VP-003 (Parallel 1),2,DUMONT,-23.473696062246297,-46.479965480183,Waypoint,914.4,305,457
SBGR-VP-003 (Parallel 1),3,BARRAGEM_TIETE,-23.49303503774274,-46.54928049261596,Waypoint,914.4,305,457
SBGR-VP-003 (Parallel 1),4,PONTE_ARICANDUVA,-23.51568515204849,-46.567643578337446,Waypoint,914.4,305,457
SBGR-VP-003 (Parallel 1),5,SHOPPING_TATUAPE,-23.528639113561262,-46.581531783014945,Waypoint,914.4,305,457
SBGR-VP-003 (Parallel 1),6,BRAS,-23.542081085594123,-46.621318761506515,Waypoint,1219,305,457
SBGR-VP-003 (Parallel 1),7,ALCANTARA_MACHADO,-23.552624774559753,-46.61439946562285,Waypoint,1219,305,457
SBGR-VP-003 (Parallel 1),8,ITAU_CTO,-23.556416918805503,-46.61755958582767,Waypoint,1219,305,457
SBGR-VP-003 (Parallel 1),9,PARQUE_ACLIMACAO,-23.572879167604274,-46.630455014053375,Waypoint,1219,305,457
SBGR-VP-003 (Parallel 1),10,ANA_ROSA,-23.58019832452846,-46.63994281006619,Waypoint,1219,305,457
SBGR-VP-003 (Parallel 1),11,CEBOLINHA,-23.58936597520106,-46.65172978950229,Waypoint,1219,305,457
SBGR-VP-003 (Parallel 1),12,VP-003,-23.5911111111111,-46.6855555555556,Vertiport,760,305,457
SBGR-VP-003 (Parallel 2),1,SBGR,-23.435556,-46.473056,Airport,760,305,457
SBGR-VP-003 (Parallel 2),2,DUMONT,-23.476915994257524,-46.47468243478397,Waypoint,914.4,305,457
SBGR-VP-003 (Parallel 2),3,BARRAGEM_TIETE,-23.496914029887687,-46.54618316219257,Waypoint,914.4,305,457
SBGR-VP-003 (Parallel 2),4,PONTE_ARICANDUVA,-23.518684800580004,-46.56385449621903,Waypoint,914.4,305,457
SBGR-VP-003 (Parallel 2),5,SHOPPING_TATUAPE,-23.532972445391017,-46.579240141706286,Waypoint,914.4,305,457
SBGR-VP-003 (Parallel 2),6,BRAS,-23.54569669218368,-46.61312568293789,Waypoint,1219,305,457
SBGR-VP-003 (Parallel 2),7,ALCANTARA_MACHADO,-23.552930780995844,-46.60837831215494,Waypoint,1219,305,457
SBGR-VP-003 (Parallel 2),8,ITAU_CTO,-23.5591386367501,-46.61355152528353,Waypoint,1219,305,457
SBGR-VP-003 (Parallel 2),9,PARQUE_ACLIMACAO,-23.576009721284525,-46.62676720816882,Waypoint,1219,305,457
SBGR-VP-003 (Parallel 2),10,ANA_ROSA,-23.58369056436034,-46.63672385660041,Waypoint,1219,305,457
SBGR-VP-003 (Parallel 2),11,CEBOLINHA,-23.593967358132343,-46.649936877164315,Waypoint,1219,305,457
SBGR-VP-003 (Parallel 2),12,VP-003,-23.5911111111111,-46.6855555555556,Vertiport,760,305,457
SBGR-VP-004 (Parallel 1),1,SBGR,-23.435556,-46.473056,Airport,760,305,457
SBGR-VP-004 (Parallel 1),2,DUMONT,-23.473696062246297,-46.479965480183,Waypoint,914.4,305,457
SBGR-VP-004 (Parallel 1),3,BARRAGEM_TIETE,-23.49303503774274,-46.54928049261596,Waypoint,914.4,305,457
SBGR-VP-004 (Parallel 1),4,PONTE_ARICANDUVA,-23.51568515204849,-46.567643578337446,Waypoint,914.4,305,457
SBGR-VP-004 (Parallel 1),5,SHOPPING_TATUAPE,-23.528639113561262,-46.581531783014945,Waypoint,914.4,305,457
SBGR-VP-004 (Parallel 1),6,BRAS,-23.54152782560704,-46.61676973494606,Waypoint,1219,305,457
SBGR-VP-004 (Parallel 1),7,LUZ,-23.5332060376752,-46.634218645125785,Waypoint,1219,305,457
SBGR-VP-004 (Parallel 1),8,Geometric GN_149,-23.531664480389757,-46.638231926254754,Geometric Node,1219,305,457
SBGR-VP-004 (Parallel 1),9,Geometric GN_148,-23.527867459384787,-46.641038837985015,Geometric Node,1219,305,457
SBGR-VP-004 (Parallel 1),10,Geometric GN_147,-23.52570511367137,-46.644900169616115,Geometric Node,1219,305,457
SBGR-VP-004 (Parallel 1),11,Geometric GN_146,-23.525979705830206,-46.65160655503392,Geometric Node,1219,305,457
SBGR-VP-004 (Parallel 1),12,Geometric GN_145,-23.523980491241744,-46.65926374100624,Geometric Node,1219,305,457
SBGR-VP-004 (Parallel 1),13,VD_ANTARTICA,-23.52247157279912,-46.67038921608116,Waypoint,1219,305,457
SBGR-VP-004 (Parallel 1),14,Geometric GN_30,-23.5213534865182,-46.67608271735251,Geometric Node,1219,305,457
SBGR-VP-004 (Parallel 1),15,Geometric GN_29,-23.52029907971026,-46.68240915820047,Geometric Node,1219,305,457
SBGR-VP-004 (Parallel 1),16,Geometric GN_28,-23.519275355595877,-46.69182742005227,Geometric Node,1219,305,457
SBGR-VP-004 (Parallel 1),17,Geometric GN_27,-23.517682496079757,-46.69819885811685,Geometric Node,1219,305,457
SBGR-VP-004 (Parallel 1),18,Geometric GN_26,-23.514321479588634,-46.708912098182346,Geometric Node,1219,305,457
SBGR-VP-004 (Parallel 1),19,MARCO_ZERO,-23.512296194319728,-46.72485480432765,Waypoint,1219,305,457
SBGR-VP-004 (Parallel 1),20,Geometric GN_31,-23.514022994171626,-46.735263320477685,Geometric Node,914.4,305,457
SBGR-VP-004 (Parallel 1),21,Geometric GN_32,-23.51412521440881,-46.7454532607564,Geometric Node,914.4,305,457
SBGR-VP-004 (Parallel 1),22,Geometric GN_33,-23.509453432119745,-46.75809802321997,Geometric Node,914.4,305,457
SBGR-VP-004 (Parallel 1),23,Geometric GN_34,-23.500832318592792,-46.761453530510536,Geometric Node,914.4,305,457
SBGR-VP-004 (Parallel 1),24,Geometric GN_35,-23.499507422000907,-46.762902676244245,Geometric Node,914.4,305,457
SBGR-VP-004 (Parallel 1),25,Geometric GN_36,-23.496717011493725,-46.77076998893733,Geometric Node,914.4,305,457
SBGR-VP-004 (Parallel 1),26,PAO_DE_ACUCAR,-23.489930917128433,-46.7748460980334,Waypoint,914.4,305,457
SBGR-VP-004 (Parallel 1),27,VP-004,-23.4786111111111,-46.7811111111111,Vertiport,760,305,457
SBGR-VP-004 (Parallel 2),1,SBGR,-23.435556,-46.473056,Airport,760,305,457
SBGR-VP-004 (Parallel 2),2,DUMONT,-23.476915994257524,-46.47468243478397,Waypoint,914.4,305,457
SBGR-VP-004 (Parallel 2),3,BARRAGEM_TIETE,-23.496914029887687,-46.54618316219257,Waypoint,914.4,305,457
SBGR-VP-004 (Parallel 2),4,PONTE_ARICANDUVA,-23.518684800580004,-46.56385449621903,Waypoint,914.4,305,457
SBGR-VP-004 (Parallel 2),5,SHOPPING_TATUAPE,-23.532972445391017,-46.579240141706286,Waypoint,914.4,305,457
SBGR-VP-004 (Parallel 2),6,BRAS,-23.54624995217076,-46.617674709498345,Waypoint,1219,305,457
SBGR-VP-004 (Parallel 2),7,LUZ,-23.5373495178804,-46.63633691042982,Waypoint,1219,305,457
SBGR-VP-004 (Parallel 2),8,Geometric GN_149,-23.535355519610242,-46.64152807374524,Geometric Node,1219,305,457
SBGR-VP-004 (Parallel 2),9,Geometric GN_148,-23.531252540615213,-46.64456116201499,Geometric Node,1219,305,457
SBGR-VP-004 (Parallel 2),10,Geometric GN_147,-23.53033488632863,-46.646199830383885,Geometric Node,1219,305,457
SBGR-VP-004 (Parallel 2),11,Geometric GN_146,-23.53058029416979,-46.65219344496607,Geometric Node,1219,305,457
SBGR-VP-004 (Parallel 2),12,Geometric GN_145,-23.528459508758253,-46.66031625899376,Geometric Node,1219,305,457
SBGR-VP-004 (Parallel 2),13,VD_ANTARTICA,-23.526972871645278,-46.671277450585436,Waypoint,1219,305,457
SBGR-VP-004 (Parallel 2),14,Geometric GN_30,-23.5258389929876,-46.67705136954789,Geometric Node,1219,305,457
SBGR-VP-004 (Parallel 2),15,Geometric GN_29,-23.52482262894674,-46.68314955379333,Geometric Node,1219,305,457
SBGR-VP-004 (Parallel 2),16,Geometric GN_28,-23.52377558221212,-46.69278238375133,Geometric Node,1219,305,457
SBGR-VP-004 (Parallel 2),17,Geometric GN_27,-23.52205520837004,-46.69966387911975,Geometric Node,1219,305,457
SBGR-VP-004 (Parallel 2),18,Geometric GN_26,-23.518789758144766,-46.71007250171285,Geometric Node,1219,305,457
SBGR-VP-004 (Parallel 2),19,MARCO_ZERO,-23.516592694569074,-46.727367417894556,Waypoint,1219,305,457
SBGR-VP-004 (Parallel 2),20,Geometric GN_31,-23.518480331799573,-46.737620862360394,Geometric Node,914.4,305,457
SBGR-VP-004 (Parallel 2),21,Geometric GN_32,-23.518659009094304,-46.74633254723625,Geometric Node,914.4,305,457
SBGR-VP-004 (Parallel 2),22,Geometric GN_33,-23.51307726344506,-46.76223814762554,Geometric Node,914.4,305,457
SBGR-VP-004 (Parallel 2),23,Geometric GN_34,-23.503138252853418,-46.7659596921844,Geometric Node,914.4,305,457
SBGR-VP-004 (Parallel 2),24,Geometric GN_35,-23.503510600518236,-46.76561730974362,Geometric Node,914.4,305,457
SBGR-VP-004 (Parallel 2),25,Geometric GN_36,-23.50047341900809,-46.77432366965997,Geometric Node,914.4,305,457
SBGR-VP-004 (Parallel 2),26,PAO_DE_ACUCAR,-23.493073140423256,-46.77872546080176,Waypoint,914.4,305,457
SBGR-VP-004 (Parallel 2),27,VP-004,-23.4786111111111,-46.7811111111111,Vertiport,760,305,457
SBGR-VP-005 (Parallel 1),1,SBGR,-23.435556,-46.473056,Airport,760,305,457
SBGR-VP-005 (Parallel 1),2,DUMONT,-23.473696062246297,-46.479965480183,Waypoint,914.4,305,457
SBGR-VP-005 (Parallel 1),3,BARRAGEM_TIETE,-23.49303503774274,-46.54928049261596,Waypoint,914.4,305,457
SBGR-VP-005 (Parallel 1),4,PONTE_ARICANDUVA,-23.51568515204849,-46.567643578337446,Waypoint,914.4,305,457
SBGR-VP-005 (Parallel 1),5,SHOPPING_TATUAPE,-23.528639113561262,-46.581531783014945,Waypoint,914.4,305,457
SBGR-VP-005 (Parallel 1),6,BRAS,-23.54152782560704,-46.61676973494606,Waypoint,1219,305,457
SBGR-VP-005 (Parallel 1),7,LUZ,-23.5332060376752,-46.634218645125785,Waypoint,1219,305,457
SBGR-VP-005 (Parallel 1),8,Geometric GN_149,-23.531664480389757,-46.638231926254754,Geometric Node,1219,305,457
SBGR-VP-005 (Parallel 1),9,Geometric GN_148,-23.527867459384787,-46.641038837985015,Geometric Node,1219,305,457
SBGR-VP-005 (Parallel 1),10,Geometric GN_147,-23.52570511367137,-46.644900169616115,Geometric Node,1219,305,457
SBGR-VP-005 (Parallel 1),11,Geometric GN_146,-23.525979705830206,-46.65160655503392,Geometric Node,1219,305,457
SBGR-VP-005 (Parallel 1),12,Geometric GN_145,-23.523980491241744,-46.65926374100624,Geometric Node,1219,305,457
SBGR-VP-005 (Parallel 1),13,VD_ANTARTICA,-23.52247157279912,-46.67038921608116,Waypoint,1219,305,457
SBGR-VP-005 (Parallel 1),14,Geometric GN_30,-23.5213534865182,-46.67608271735251,Geometric Node,1219,305,457
SBGR-VP-005 (Parallel 1),15,Geometric GN_29,-23.52029907971026,-46.68240915820047,Geometric Node,1219,305,457
SBGR-VP-005 (Parallel 1),16,Geometric GN_28,-23.519275355595877,-46.69182742005227,Geometric Node,1219,305,457
SBGR-VP-005 (Parallel 1),17,Geometric GN_27,-23.517682496079757,-46.69819885811685,Geometric Node,1219,305,457
SBGR-VP-005 (Parallel 1),18,Geometric GN_26,-23.514321479588634,-46.708912098182346,Geometric Node,1219,305,457
SBGR-VP-005 (Parallel 1),19,MARCO_ZERO,-23.51212250681928,-46.72622204321651,Waypoint,1219,305,457
SBGR-VP-005 (Parallel 1),20,Geometric GN_25,-23.51606374594118,-46.744986135177214,Geometric Node,1219,305,457
SBGR-VP-005 (Parallel 1),21,CEBOLAO,-23.523610537257223,-46.75132475098874,Waypoint,1219,305,457
SBGR-VP-005 (Parallel 1),22,Geometric GN_95,-23.531514765733224,-46.78514040623323,Geometric Node,914.4,305,457
SBGR-VP-005 (Parallel 1),23,Geometric GN_94,-23.525396003261594,-46.800037359544724,Geometric Node,914.4,305,457
SBGR-VP-005 (Parallel 1),24,RODOANEL_CASTELO,-23.52721994452362,-46.83161175410988,Waypoint,914.4,305,457
SBGR-VP-005 (Parallel 1),25,VP-005,-23.5647222222222,-46.8302777777778,Vertiport,760,305,457
SBGR-VP-005 (Parallel 2),1,SBGR,-23.435556,-46.473056,Airport,760,305,457
SBGR-VP-005 (Parallel 2),2,DUMONT,-23.476915994257524,-46.47468243478397,Waypoint,914.4,305,457
SBGR-VP-005 (Parallel 2),3,BARRAGEM_TIETE,-23.496914029887687,-46.54618316219257,Waypoint,914.4,305,457
SBGR-VP-005 (Parallel 2),4,PONTE_ARICANDUVA,-23.518684800580004,-46.56385449621903,Waypoint,914.4,305,457
SBGR-VP-005 (Parallel 2),5,SHOPPING_TATUAPE,-23.532972445391017,-46.579240141706286,Waypoint,914.4,305,457
SBGR-VP-005 (Parallel 2),6,BRAS,-23.54624995217076,-46.617674709498345,Waypoint,1219,305,457
SBGR-VP-005 (Parallel 2),7,LUZ,-23.5373495178804,-46.63633691042982,Waypoint,1219,305,457
SBGR-VP-005 (Parallel 2),8,Geometric GN_149,-23.535355519610242,-46.64152807374524,Geometric Node,1219,305,457
SBGR-VP-005 (Parallel 2),9,Geometric GN_148,-23.531252540615213,-46.64456116201499,Geometric Node,1219,305,457
SBGR-VP-005 (Parallel 2),10,Geometric GN_147,-23.53033488632863,-46.646199830383885,Geometric Node,1219,305,457
SBGR-VP-005 (Parallel 2),11,Geometric GN_146,-23.53058029416979,-46.65219344496607,Geometric Node,1219,305,457
SBGR-VP-005 (Parallel 2),12,Geometric GN_145,-23.528459508758253,-46.66031625899376,Geometric Node,1219,305,457
SBGR-VP-005 (Parallel 2),13,VD_ANTARTICA,-23.526972871645278,-46.671277450585436,Waypoint,1219,305,457
SBGR-VP-005 (Parallel 2),14,Geometric GN_30,-23.5258389929876,-46.67705136954789,Geometric Node,1219,305,457
SBGR-VP-005 (Parallel 2),15,Geometric GN_29,-23.52482262894674,-46.68314955379333,Geometric Node,1219,305,457
SBGR-VP-005 (Parallel 2),16,Geometric GN_28,-23.52377558221212,-46.69278238375133,Geometric Node,1219,305,457
SBGR-VP-005 (Parallel 2),17,Geometric GN_27,-23.52205520837004,-46.69966387911975,Geometric Node,1219,305,457
SBGR-VP-005 (Parallel 2),18,Geometric GN_26,-23.518789758144766,-46.71007250171285,Geometric Node,1219,305,457
SBGR-VP-005 (Parallel 2),19,MARCO_ZERO,-23.51676638206952,-46.726000179005695,Waypoint,1219,305,457
SBGR-VP-005 (Parallel 2),20,Geometric GN_25,-23.520153648065616,-46.74212682564658,Geometric Node,1219,305,457
SBGR-VP-005 (Parallel 2),21,CEBOLAO,-23.528611684964975,-46.74923080456685,Waypoint,1219,305,457
SBGR-VP-005 (Parallel 2),22,Geometric GN_95,-23.535910743800176,-46.786640075771494,Geometric Node,914.4,305,457
SBGR-VP-005 (Parallel 2),23,Geometric GN_94,-23.52972637500093,-46.80169540276628,Geometric Node,914.4,305,457
SBGR-VP-005 (Parallel 2),24,RODOANEL_CASTELO,-23.53290960294407,-46.82747769651087,Waypoint,914.4,305,457
SBGR-VP-005 (Parallel 2),25,VP-005,-23.5647222222222,-46.8302777777778,Vertiport,760,305,457
SBGR-VP-006 (Parallel 1),1,SBGR,-23.435556,-46.473056,Airport,760,305,457
SBGR-VP-006 (Parallel 1),2,DUMONT,-23.473696062246297,-46.479965480183,Waypoint,914.4,305,457
SBGR-VP-006 (Parallel 1),3,BARRAGEM_TIETE,-23.49303503774274,-46.54928049261596,Waypoint,914.4,305,457
SBGR-VP-006 (Parallel 1),4,PONTE_ARICANDUVA,-23.51568515204849,-46.567643578337446,Waypoint,914.4,305,457
SBGR-VP-006 (Parallel 1),5,SHOPPING_TATUAPE,-23.528639113561262,-46.581531783014945,Waypoint,914.4,305,457
SBGR-VP-006 (Parallel 1),6,BRAS,-23.54152782560704,-46.61676973494606,Waypoint,1219,305,457
SBGR-VP-006 (Parallel 1),7,LUZ,-23.5332060376752,-46.634218645125785,Waypoint,1219,305,457
SBGR-VP-006 (Parallel 1),8,Geometric GN_149,-23.531664480389757,-46.638231926254754,Geometric Node,1219,305,457
SBGR-VP-006 (Parallel 1),9,Geometric GN_148,-23.527867459384787,-46.641038837985015,Geometric Node,1219,305,457
SBGR-VP-006 (Parallel 1),10,Geometric GN_147,-23.52570511367137,-46.644900169616115,Geometric Node,1219,305,457
SBGR-VP-006 (Parallel 1),11,Geometric GN_146,-23.525979705830206,-46.65160655503392,Geometric Node,1219,305,457
SBGR-VP-006 (Parallel 1),12,Geometric GN_145,-23.523980491241744,-46.65926374100624,Geometric Node,1219,305,457
SBGR-VP-006 (Parallel 1),13,VD_ANTARTICA,-23.52247157279912,-46.67038921608116,Waypoint,1219,305,457
SBGR-VP-006 (Parallel 1),14,Geometric GN_30,-23.5213534865182,-46.67608271735251,Geometric Node,1219,305,457
SBGR-VP-006 (Parallel 1),15,Geometric GN_29,-23.52029907971026,-46.68240915820047,Geometric Node,1219,305,457
SBGR-VP-006 (Parallel 1),16,Geometric GN_28,-23.519275355595877,-46.69182742005227,Geometric Node,1219,305,457
SBGR-VP-006 (Parallel 1),17,Geometric GN_27,-23.517682496079757,-46.69819885811685,Geometric Node,1219,305,457
SBGR-VP-006 (Parallel 1),18,Geometric GN_26,-23.514321479588634,-46.708912098182346,Geometric Node,1219,305,457
SBGR-VP-006 (Parallel 1),19,MARCO_ZERO,-23.51212250681928,-46.72622204321651,Waypoint,1219,305,457
SBGR-VP-006 (Parallel 1),20,Geometric GN_25,-23.51606374594118,-46.744986135177214,Geometric Node,1219,305,457
SBGR-VP-006 (Parallel 1),21,CEBOLAO,-23.525623394111516,-46.75301536700669,Waypoint,1219,305,457
SBGR-VP-006 (Parallel 1),22,Geometric GN_126,-23.535255230970282,-46.75008200423485,Geometric Node,1219,305,457
SBGR-VP-006 (Parallel 1),23,PONTE_JAGUARE,-23.545034584676422,-46.73917855508615,Waypoint,1219,305,457
SBGR-VP-006 (Parallel 1),24,VP-006,-23.5466666666667,-46.7369444444444,Vertiport,760,305,457
SBGR-VP-006 (Parallel 2),1,SBGR,-23.435556,-46.473056,Airport,760,305,457
SBGR-VP-006 (Parallel 2),2,DUMONT,-23.476915994257524,-46.47468243478397,Waypoint,914.4,305,457
SBGR-VP-006 (Parallel 2),3,BARRAGEM_TIETE,-23.496914029887687,-46.54618316219257,Waypoint,914.4,305,457
SBGR-VP-006 (Parallel 2),4,PONTE_ARICANDUVA,-23.518684800580004,-46.56385449621903,Waypoint,914.4,305,457
SBGR-VP-006 (Parallel 2),5,SHOPPING_TATUAPE,-23.532972445391017,-46.579240141706286,Waypoint,914.4,305,457
SBGR-VP-006 (Parallel 2),6,BRAS,-23.54624995217076,-46.617674709498345,Waypoint,1219,305,457
SBGR-VP-006 (Parallel 2),7,LUZ,-23.5373495178804,-46.63633691042982,Waypoint,1219,305,457
SBGR-VP-006 (Parallel 2),8,Geometric GN_149,-23.535355519610242,-46.64152807374524,Geometric Node,1219,305,457
SBGR-VP-006 (Parallel 2),9,Geometric GN_148,-23.531252540615213,-46.64456116201499,Geometric Node,1219,305,457
SBGR-VP-006 (Parallel 2),10,Geometric GN_147,-23.53033488632863,-46.646199830383885,Geometric Node,1219,305,457
SBGR-VP-006 (Parallel 2),11,Geometric GN_146,-23.53058029416979,-46.65219344496607,Geometric Node,1219,305,457
SBGR-VP-006 (Parallel 2),12,Geometric GN_145,-23.528459508758253,-46.66031625899376,Geometric Node,1219,305,457
SBGR-VP-006 (Parallel 2),13,VD_ANTARTICA,-23.526972871645278,-46.671277450585436,Waypoint,1219,305,457
SBGR-VP-006 (Parallel 2),14,Geometric GN_30,-23.5258389929876,-46.67705136954789,Geometric Node,1219,305,457
SBGR-VP-006 (Parallel 2),15,Geometric GN_29,-23.52482262894674,-46.68314955379333,Geometric Node,1219,305,457
SBGR-VP-006 (Parallel 2),16,Geometric GN_28,-23.52377558221212,-46.69278238375133,Geometric Node,1219,305,457
SBGR-VP-006 (Parallel 2),17,Geometric GN_27,-23.52205520837004,-46.69966387911975,Geometric Node,1219,305,457
SBGR-VP-006 (Parallel 2),18,Geometric GN_26,-23.518789758144766,-46.71007250171285,Geometric Node,1219,305,457
SBGR-VP-006 (Parallel 2),19,MARCO_ZERO,-23.51676638206952,-46.726000179005695,Waypoint,1219,305,457
SBGR-VP-006 (Parallel 2),20,Geometric GN_25,-23.520153648065616,-46.74212682564658,Geometric Node,1219,305,457
SBGR-VP-006 (Parallel 2),21,CEBOLAO,-23.526598828110682,-46.7475401885489,Waypoint,1219,305,457
SBGR-VP-006 (Parallel 2),22,Geometric GN_126,-23.53284476902972,-46.74563799576516,Geometric Node,1219,305,457
SBGR-VP-006 (Parallel 2),23,PONTE_JAGUARE,-23.546632081990175,-46.73026588935826,Waypoint,1219,305,457
SBGR-VP-006 (Parallel 2),24,VP-006,-23.5466666666667,-46.7369444444444,Vertiport,760,305,457
SBGR-VP-007 (Parallel 1),1,SBGR,-23.435556,-46.473056,Airport,760,305,457
SBGR-VP-007 (Parallel 1),2,DUMONT,-23.473696062246297,-46.479965480183,Waypoint,914.4,305,457
SBGR-VP-007 (Parallel 1),3,BARRAGEM_TIETE,-23.49303503774274,-46.54928049261596,Waypoint,914.4,305,457
SBGR-VP-007 (Parallel 1),4,PONTE_ARICANDUVA,-23.51568515204849,-46.567643578337446,Waypoint,914.4,305,457
SBGR-VP-007 (Parallel 1),5,SHOPPING_TATUAPE,-23.528639113561262,-46.581531783014945,Waypoint,914.4,305,457
SBGR-VP-007 (Parallel 1),6,BRAS,-23.54152782560704,-46.61676973494606,Waypoint,1219,305,457
SBGR-VP-007 (Parallel 1),7,LUZ,-23.5332060376752,-46.634218645125785,Waypoint,1219,305,457
SBGR-VP-007 (Parallel 1),8,Geometric GN_149,-23.531664480389757,-46.638231926254754,Geometric Node,1219,305,457
SBGR-VP-007 (Parallel 1),9,Geometric GN_148,-23.527867459384787,-46.641038837985015,Geometric Node,1219,305,457
SBGR-VP-007 (Parallel 1),10,Geometric GN_147,-23.52570511367137,-46.644900169616115,Geometric Node,1219,305,457
SBGR-VP-007 (Parallel 1),11,Geometric GN_146,-23.525979705830206,-46.65160655503392,Geometric Node,1219,305,457
SBGR-VP-007 (Parallel 1),12,Geometric GN_145,-23.523980491241744,-46.65926374100624,Geometric Node,1219,305,457
SBGR-VP-007 (Parallel 1),13,VD_ANTARTICA,-23.52247157279912,-46.67038921608116,Waypoint,1219,305,457
SBGR-VP-007 (Parallel 1),14,Geometric GN_30,-23.5213534865182,-46.67608271735251,Geometric Node,1219,305,457
SBGR-VP-007 (Parallel 1),15,Geometric GN_29,-23.52029907971026,-46.68240915820047,Geometric Node,1219,305,457
SBGR-VP-007 (Parallel 1),16,Geometric GN_28,-23.519275355595877,-46.69182742005227,Geometric Node,1219,305,457
SBGR-VP-007 (Parallel 1),17,Geometric GN_27,-23.517682496079757,-46.69819885811685,Geometric Node,1219,305,457
SBGR-VP-007 (Parallel 1),18,Geometric GN_26,-23.514321479588634,-46.708912098182346,Geometric Node,1219,305,457
SBGR-VP-007 (Parallel 1),19,MARCO_ZERO,-23.51212250681928,-46.72622204321651,Waypoint,1219,305,457
SBGR-VP-007 (Parallel 1),20,Geometric GN_25,-23.51606374594118,-46.744986135177214,Geometric Node,1219,305,457
SBGR-VP-007 (Parallel 1),21,CEBOLAO,-23.525623394111516,-46.75301536700669,Waypoint,1219,305,457
SBGR-VP-007 (Parallel 1),22,Geometric GN_126,-23.535255230970282,-46.75008200423485,Geometric Node,1219,305,457
SBGR-VP-007 (Parallel 1),23,PONTE_JAGUARE,-23.547661812105744,-46.736249338949946,Waypoint,1219,305,457
SBGR-VP-007 (Parallel 1),24,Geometric GN_130,-23.562630800377182,-46.70853122413583,Geometric Node,1219,305,457
SBGR-VP-007 (Parallel 1),25,Geometric GN_129,-23.572478256400956,-46.702684297121614,Geometric Node,1219,305,457
SBGR-VP-007 (Parallel 1),26,VP-007,-23.5730555555556,-46.6975,Vertiport,760,305,457
SBGR-VP-007 (Parallel 2),1,SBGR,-23.435556,-46.473056,Airport,760,305,457
SBGR-VP-007 (Parallel 2),2,DUMONT,-23.476915994257524,-46.47468243478397,Waypoint,914.4,305,457
SBGR-VP-007 (Parallel 2),3,BARRAGEM_TIETE,-23.496914029887687,-46.54618316219257,Waypoint,914.4,305,457
SBGR-VP-007 (Parallel 2),4,PONTE_ARICANDUVA,-23.518684800580004,-46.56385449621903,Waypoint,914.4,305,457
SBGR-VP-007 (Parallel 2),5,SHOPPING_TATUAPE,-23.532972445391017,-46.579240141706286,Waypoint,914.4,305,457
SBGR-VP-007 (Parallel 2),6,BRAS,-23.54624995217076,-46.617674709498345,Waypoint,1219,305,457
SBGR-VP-007 (Parallel 2),7,LUZ,-23.5373495178804,-46.63633691042982,Waypoint,1219,305,457
SBGR-VP-007 (Parallel 2),8,Geometric GN_149,-23.535355519610242,-46.64152807374524,Geometric Node,1219,305,457
SBGR-VP-007 (Parallel 2),9,Geometric GN_148,-23.531252540615213,-46.64456116201499,Geometric Node,1219,305,457
SBGR-VP-007 (Parallel 2),10,Geometric GN_147,-23.53033488632863,-46.646199830383885,Geometric Node,1219,305,457
SBGR-VP-007 (Parallel 2),11,Geometric GN_146,-23.53058029416979,-46.65219344496607,Geometric Node,1219,305,457
SBGR-VP-007 (Parallel 2),12,Geometric GN_145,-23.528459508758253,-46.66031625899376,Geometric Node,1219,305,457
SBGR-VP-007 (Parallel 2),13,VD_ANTARTICA,-23.526972871645278,-46.671277450585436,Waypoint,1219,305,457
SBGR-VP-007 (Parallel 2),14,Geometric GN_30,-23.5258389929876,-46.67705136954789,Geometric Node,1219,305,457
SBGR-VP-007 (Parallel 2),15,Geometric GN_29,-23.52482262894674,-46.68314955379333,Geometric Node,1219,305,457
SBGR-VP-007 (Parallel 2),16,Geometric GN_28,-23.52377558221212,-46.69278238375133,Geometric Node,1219,305,457
SBGR-VP-007 (Parallel 2),17,Geometric GN_27,-23.52205520837004,-46.69966387911975,Geometric Node,1219,305,457
SBGR-VP-007 (Parallel 2),18,Geometric GN_26,-23.518789758144766,-46.71007250171285,Geometric Node,1219,305,457
SBGR-VP-007 (Parallel 2),19,MARCO_ZERO,-23.51676638206952,-46.726000179005695,Waypoint,1219,305,457
SBGR-VP-007 (Parallel 2),20,Geometric GN_25,-23.520153648065616,-46.74212682564658,Geometric Node,1219,305,457
SBGR-VP-007 (Parallel 2),21,CEBOLAO,-23.526598828110682,-46.7475401885489,Waypoint,1219,305,457
SBGR-VP-007 (Parallel 2),22,Geometric GN_126,-23.53284476902972,-46.74563799576516,Geometric Node,1219,305,457
SBGR-VP-007 (Parallel 2),23,PONTE_JAGUARE,-23.544004854560853,-46.73319510549446,Waypoint,1219,305,457
SBGR-VP-007 (Parallel 2),24,Geometric GN_130,-23.559333763197618,-46.70481052519657,Geometric Node,1219,305,457
SBGR-VP-007 (Parallel 2),25,Geometric GN_129,-23.569365707323044,-46.698854058371985,Geometric Node,1219,305,457
SBGR-VP-007 (Parallel 2),26,VP-007,-23.5730555555556,-46.6975,Vertiport,760,305,457
SBGR-VP-008 (Parallel 1),1,SBGR,-23.435556,-46.473056,Airport,760,305,457
SBGR-VP-008 (Parallel 1),2,DUMONT,-23.473696062246297,-46.479965480183,Waypoint,914.4,305,457
SBGR-VP-008 (Parallel 1),3,BARRAGEM_TIETE,-23.49303503774274,-46.54928049261596,Waypoint,914.4,305,457
SBGR-VP-008 (Parallel 1),4,PONTE_ARICANDUVA,-23.51568515204849,-46.567643578337446,Waypoint,914.4,305,457
SBGR-VP-008 (Parallel 1),5,SHOPPING_TATUAPE,-23.528639113561262,-46.581531783014945,Waypoint,914.4,305,457
SBGR-VP-008 (Parallel 1),6,BRAS,-23.542081085594123,-46.621318761506515,Waypoint,1219,305,457
SBGR-VP-008 (Parallel 1),7,ALCANTARA_MACHADO,-23.553860797032886,-46.613588325874865,Waypoint,1219,305,457
SBGR-VP-008 (Parallel 1),8,VD_SAO_CARLOS,-23.5680227253123,-46.60623501696054,Waypoint,1219,305,457
SBGR-VP-008 (Parallel 1),9,VD_GRANDE_SAO_PAULO,-23.586822804168502,-46.60059499330372,Waypoint,1219,305,457
SBGR-VP-008 (Parallel 1),10,ENTRONCAMENTO,-23.603412367418485,-46.60304263378324,Waypoint,1219,305,457
SBGR-VP-008 (Parallel 1),11,Geometric GN_14,-23.621116487743908,-46.60380520848109,Geometric Node,1219,305,457
SBGR-VP-008 (Parallel 1),12,Geometric GN_13,-23.636903754041633,-46.5976993319687,Geometric Node,1219,305,457
SBGR-VP-008 (Parallel 1),13,Geometric GN_12,-23.64764439105236,-46.585394524519586,Geometric Node,1219,305,457
SBGR-VP-008 (Parallel 1),14,MERCEDES,-23.66600908545243,-46.576132125078445,Waypoint,1219,305,457
SBGR-VP-008 (Parallel 1),15,KENTINHA,-23.719486577288343,-46.60895989234411,Waypoint,1219,305,457
SBGR-VP-008 (Parallel 1),16,PIRATININGA,-23.700824539636233,-46.67387132765597,Waypoint,1219,305,457
SBGR-VP-008 (Parallel 1),17,VP-008,-23.7,-46.6952777777778,Vertiport,760,305,457
SBGR-VP-008 (Parallel 2),1,SBGR,-23.435556,-46.473056,Airport,760,305,457
SBGR-VP-008 (Parallel 2),2,DUMONT,-23.476915994257524,-46.47468243478397,Waypoint,914.4,305,457
SBGR-VP-008 (Parallel 2),3,BARRAGEM_TIETE,-23.496914029887687,-46.54618316219257,Waypoint,914.4,305,457
SBGR-VP-008 (Parallel 2),4,PONTE_ARICANDUVA,-23.518684800580004,-46.56385449621903,Waypoint,914.4,305,457
SBGR-VP-008 (Parallel 2),5,SHOPPING_TATUAPE,-23.532972445391017,-46.579240141706286,Waypoint,914.4,305,457
SBGR-VP-008 (Parallel 2),6,BRAS,-23.54569669218368,-46.61312568293789,Waypoint,1219,305,457
SBGR-VP-008 (Parallel 2),7,ALCANTARA_MACHADO,-23.55169475852271,-46.60918945190293,Waypoint,1219,305,457
SBGR-VP-008 (Parallel 2),8,VD_SAO_CARLOS,-23.566421719132098,-46.60154276081727,Waypoint,1219,305,457
SBGR-VP-008 (Parallel 2),9,VD_GRANDE_SAO_PAULO,-23.5865105291649,-46.59551611780747,Waypoint,1219,305,457
SBGR-VP-008 (Parallel 2),10,ENTRONCAMENTO,-23.603809854803714,-46.59806847732796,Waypoint,1219,305,457
SBGR-VP-008 (Parallel 2),11,Geometric GN_14,-23.620417835930493,-46.598783837704914,Geometric Node,1219,305,457
SBGR-VP-008 (Parallel 2),12,Geometric GN_13,-23.634346131314366,-46.5933969360059,Geometric Node,1219,305,457
SBGR-VP-008 (Parallel 2),13,Geometric GN_12,-23.644934434047244,-46.58126664743821,Geometric Node,1219,305,457
SBGR-VP-008 (Parallel 2),14,MERCEDES,-23.66621313676977,-46.57053454158816,Waypoint,1219,305,457
SBGR-VP-008 (Parallel 2),15,KENTINHA,-23.724957867156057,-46.606595663211486,Waypoint,1219,305,457
SBGR-VP-008 (Parallel 2),16,PIRATININGA,-23.705286571474968,-46.67501756123283,Waypoint,1219,305,457
SBGR-VP-008 (Parallel 2),17,VP-008,-23.7,-46.6952777777778,Vertiport,760,305,457
SBGR-VP-009 (Parallel 1),1,SBGR,-23.435556,-46.473056,Airport,760,305,457
SBGR-VP-009 (Parallel 1),2,DUMONT,-23.473696062246297,-46.479965480183,Waypoint,914.4,305,457
SBGR-VP-009 (Parallel 1),3,BARRAGEM_TIETE,-23.49303503774274,-46.54928049261596,Waypoint,914.4,305,457
SBGR-VP-009 (Parallel 1),4,PONTE_ARICANDUVA,-23.51568515204849,-46.567643578337446,Waypoint,914.4,305,457
SBGR-VP-009 (Parallel 1),5,SHOPPING_TATUAPE,-23.528639113561262,-46.581531783014945,Waypoint,914.4,305,457
SBGR-VP-009 (Parallel 1),6,BRAS,-23.542081085594123,-46.621318761506515,Waypoint,1219,305,457
SBGR-VP-009 (Parallel 1),7,ALCANTARA_MACHADO,-23.552624774559753,-46.61439946562285,Waypoint,1219,305,457
SBGR-VP-009 (Parallel 1),8,ITAU_CTO,-23.556416918805503,-46.61755958582767,Waypoint,1219,305,457
SBGR-VP-009 (Parallel 1),9,PARQUE_ACLIMACAO,-23.572879167604274,-46.630455014053375,Waypoint,1219,305,457
SBGR-VP-009 (Parallel 1),10,ANA_ROSA,-23.578956275276543,-46.63833274622111,Waypoint,1219,305,457
SBGR-VP-009 (Parallel 1),11,VP-009,-23.5580555555556,-46.6692777777778,Vertiport,760,305,457
SBGR-VP-009 (Parallel 2),1,SBGR,-23.435556,-46.473056,Airport,760,305,457
SBGR-VP-009 (Parallel 2),2,DUMONT,-23.476915994257524,-46.47468243478397,Waypoint,914.4,305,457
SBGR-VP-009 (Parallel 2),3,BARRAGEM_TIETE,-23.496914029887687,-46.54618316219257,Waypoint,914.4,305,457
SBGR-VP-009 (Parallel 2),4,PONTE_ARICANDUVA,-23.518684800580004,-46.56385449621903,Waypoint,914.4,305,457
SBGR-VP-009 (Parallel 2),5,SHOPPING_TATUAPE,-23.532972445391017,-46.579240141706286,Waypoint,914.4,305,457
SBGR-VP-009 (Parallel 2),6,BRAS,-23.54569669218368,-46.61312568293789,Waypoint,1219,305,457
SBGR-VP-009 (Parallel 2),7,ALCANTARA_MACHADO,-23.552930780995844,-46.60837831215494,Waypoint,1219,305,457
SBGR-VP-009 (Parallel 2),8,ITAU_CTO,-23.5591386367501,-46.61355152528353,Waypoint,1219,305,457
SBGR-VP-009 (Parallel 2),9,PARQUE_ACLIMACAO,-23.576009721284525,-46.62676720816882,Waypoint,1219,305,457
SBGR-VP-009 (Parallel 2),10,ANA_ROSA,-23.584932613612256,-46.63833392044549,Waypoint,1219,305,457
SBGR-VP-009 (Parallel 2),11,VP-009,-23.5580555555556,-46.6692777777778,Vertiport,760,305,457
SBGR-VP-010 (Parallel 1),1,SBGR,-23.435556,-46.473056,Airport,760,305,457
SBGR-VP-010 (Parallel 1),2,DUMONT,-23.473696062246297,-46.479965480183,Waypoint,914.4,305,457
SBGR-VP-010 (Parallel 1),3,BARRAGEM_TIETE,-23.49303503774274,-46.54928049261596,Waypoint,914.4,305,457
SBGR-VP-010 (Parallel 1),4,PONTE_ARICANDUVA,-23.51568515204849,-46.567643578337446,Waypoint,914.4,305,457
SBGR-VP-010 (Parallel 1),5,SHOPPING_TATUAPE,-23.528639113561262,-46.581531783014945,Waypoint,914.4,305,457
SBGR-VP-010 (Parallel 1),6,BRAS,-23.54152782560704,-46.61676973494606,Waypoint,1219,305,457
SBGR-VP-010 (Parallel 1),7,LUZ,-23.5332060376752,-46.634218645125785,Waypoint,1219,305,457
SBGR-VP-010 (Parallel 1),8,Geometric GN_149,-23.531664480389757,-46.638231926254754,Geometric Node,1219,305,457
SBGR-VP-010 (Parallel 1),9,Geometric GN_148,-23.527867459384787,-46.641038837985015,Geometric Node,1219,305,457
SBGR-VP-010 (Parallel 1),10,Geometric GN_147,-23.52570511367137,-46.644900169616115,Geometric Node,1219,305,457
SBGR-VP-010 (Parallel 1),11,Geometric GN_146,-23.525979705830206,-46.65160655503392,Geometric Node,1219,305,457
SBGR-VP-010 (Parallel 1),12,Geometric GN_145,-23.523980491241744,-46.65926374100624,Geometric Node,1219,305,457
SBGR-VP-010 (Parallel 1),13,VD_ANTARTICA,-23.52247157279912,-46.67038921608116,Waypoint,1219,305,457
SBGR-VP-010 (Parallel 1),14,Geometric GN_30,-23.5213534865182,-46.67608271735251,Geometric Node,1219,305,457
SBGR-VP-010 (Parallel 1),15,Geometric GN_29,-23.52029907971026,-46.68240915820047,Geometric Node,1219,305,457
SBGR-VP-010 (Parallel 1),16,Geometric GN_28,-23.519275355595877,-46.69182742005227,Geometric Node,1219,305,457
SBGR-VP-010 (Parallel 1),17,Geometric GN_27,-23.517682496079757,-46.69819885811685,Geometric Node,1219,305,457
SBGR-VP-010 (Parallel 1),18,Geometric GN_26,-23.514321479588634,-46.708912098182346,Geometric Node,1219,305,457
SBGR-VP-010 (Parallel 1),19,MARCO_ZERO,-23.512054933670868,-46.726753967713776,Waypoint,1219,305,457
SBGR-VP-010 (Parallel 1),20,VP-010,-23.5261111111111,-46.7438888888889,Vertiport,760,305,457
SBGR-VP-010 (Parallel 2),1,SBGR,-23.435556,-46.473056,Airport,760,305,457
SBGR-VP-010 (Parallel 2),2,DUMONT,-23.476915994257524,-46.47468243478397,Waypoint,914.4,305,457
SBGR-VP-010 (Parallel 2),3,BARRAGEM_TIETE,-23.496914029887687,-46.54618316219257,Waypoint,914.4,305,457
SBGR-VP-010 (Parallel 2),4,PONTE_ARICANDUVA,-23.518684800580004,-46.56385449621903,Waypoint,914.4,305,457
SBGR-VP-010 (Parallel 2),5,SHOPPING_TATUAPE,-23.532972445391017,-46.579240141706286,Waypoint,914.4,305,457
SBGR-VP-010 (Parallel 2),6,BRAS,-23.54624995217076,-46.617674709498345,Waypoint,1219,305,457
SBGR-VP-010 (Parallel 2),7,LUZ,-23.5373495178804,-46.63633691042982,Waypoint,1219,305,457
SBGR-VP-010 (Parallel 2),8,Geometric GN_149,-23.535355519610242,-46.64152807374524,Geometric Node,1219,305,457
SBGR-VP-010 (Parallel 2),9,Geometric GN_148,-23.531252540615213,-46.64456116201499,Geometric Node,1219,305,457
SBGR-VP-010 (Parallel 2),10,Geometric GN_147,-23.53033488632863,-46.646199830383885,Geometric Node,1219,305,457
SBGR-VP-010 (Parallel 2),11,Geometric GN_146,-23.53058029416979,-46.65219344496607,Geometric Node,1219,305,457
SBGR-VP-010 (Parallel 2),12,Geometric GN_145,-23.528459508758253,-46.66031625899376,Geometric Node,1219,305,457
SBGR-VP-010 (Parallel 2),13,VD_ANTARTICA,-23.526972871645278,-46.671277450585436,Waypoint,1219,305,457
SBGR-VP-010 (Parallel 2),14,Geometric GN_30,-23.5258389929876,-46.67705136954789,Geometric Node,1219,305,457
SBGR-VP-010 (Parallel 2),15,Geometric GN_29,-23.52482262894674,-46.68314955379333,Geometric Node,1219,305,457
SBGR-VP-010 (Parallel 2),16,Geometric GN_28,-23.52377558221212,-46.69278238375133,Geometric Node,1219,305,457
SBGR-VP-010 (Parallel 2),17,Geometric GN_27,-23.52205520837004,-46.69966387911975,Geometric Node,1219,305,457
SBGR-VP-010 (Parallel 2),18,Geometric GN_26,-23.518789758144766,-46.71007250171285,Geometric Node,1219,305,457
SBGR-VP-010 (Parallel 2),19,MARCO_ZERO,-23.516833955217933,-46.72546825450843,Waypoint,1219,305,457
SBGR-VP-010 (Parallel 2),20,VP-010,-23.5261111111111,-46.7438888888889,Vertiport,760,305,457
SBGR-VP-011 (Parallel 1),1,SBGR,-23.435556,-46.473056,Airport,760,305,457
SBGR-VP-011 (Parallel 1),2,DUMONT,-23.473696062246297,-46.479965480183,Waypoint,914.4,305,457
SBGR-VP-011 (Parallel 1),3,BARRAGEM_TIETE,-23.49303503774274,-46.54928049261596,Waypoint,914.4,305,457
SBGR-VP-011 (Parallel 1),4,PONTE_ARICANDUVA,-23.51568515204849,-46.567643578337446,Waypoint,914.4,305,457
SBGR-VP-011 (Parallel 1),5,SHOPPING_TATUAPE,-23.528639113561262,-46.581531783014945,Waypoint,914.4,305,457
SBGR-VP-011 (Parallel 1),6,BRAS,-23.542081085594123,-46.621318761506515,Waypoint,1219,305,457
SBGR-VP-011 (Parallel 1),7,ALCANTARA_MACHADO,-23.553860797032886,-46.613588325874865,Waypoint,1219,305,457
SBGR-VP-011 (Parallel 1),8,VD_SAO_CARLOS,-23.5680227253123,-46.60623501696054,Waypoint,1219,305,457
SBGR-VP-011 (Parallel 1),9,VD_GRANDE_SAO_PAULO,-23.586822804168502,-46.60059499330372,Waypoint,1219,305,457
SBGR-VP-011 (Parallel 1),10,ENTRONCAMENTO,-23.603412367418485,-46.60304263378324,Waypoint,1219,305,457
SBGR-VP-011 (Parallel 1),11,Geometric GN_14,-23.621116487743908,-46.60380520848109,Geometric Node,1219,305,457
SBGR-VP-011 (Parallel 1),12,Geometric GN_13,-23.636903754041633,-46.5976993319687,Geometric Node,1219,305,457
SBGR-VP-011 (Parallel 1),13,Geometric GN_12,-23.64764439105236,-46.585394524519586,Geometric Node,1219,305,457
SBGR-VP-011 (Parallel 1),14,MERCEDES,-23.66600908545243,-46.576132125078445,Waypoint,1219,305,457
SBGR-VP-011 (Parallel 1),15,KENTINHA,-23.719486577288343,-46.60895989234411,Waypoint,1219,305,457
SBGR-VP-011 (Parallel 1),16,PIRATININGA,-23.7007695555556,-46.674062576632075,Waypoint,1219,305,457
SBGR-VP-011 (Parallel 1),17,VP-011,-23.7030555555556,-46.6925,Vertiport,760,305,457
SBGR-VP-011 (Parallel 2),1,SBGR,-23.435556,-46.473056,Airport,760,305,457
SBGR-VP-011 (Parallel 2),2,DUMONT,-23.476915994257524,-46.47468243478397,Waypoint,914.4,305,457
SBGR-VP-011 (Parallel 2),3,BARRAGEM_TIETE,-23.496914029887687,-46.54618316219257,Waypoint,914.4,305,457
SBGR-VP-011 (Parallel 2),4,PONTE_ARICANDUVA,-23.518684800580004,-46.56385449621903,Waypoint,914.4,305,457
SBGR-VP-011 (Parallel 2),5,SHOPPING_TATUAPE,-23.532972445391017,-46.579240141706286,Waypoint,914.4,305,457
SBGR-VP-011 (Parallel 2),6,BRAS,-23.54569669218368,-46.61312568293789,Waypoint,1219,305,457
SBGR-VP-011 (Parallel 2),7,ALCANTARA_MACHADO,-23.55169475852271,-46.60918945190293,Waypoint,1219,305,457
SBGR-VP-011 (Parallel 2),8,VD_SAO_CARLOS,-23.566421719132098,-46.60154276081727,Waypoint,1219,305,457
SBGR-VP-011 (Parallel 2),9,VD_GRANDE_SAO_PAULO,-23.5865105291649,-46.59551611780747,Waypoint,1219,305,457
SBGR-VP-011 (Parallel 2),10,ENTRONCAMENTO,-23.603809854803714,-46.59806847732796,Waypoint,1219,305,457
SBGR-VP-011 (Parallel 2),11,Geometric GN_14,-23.620417835930493,-46.598783837704914,Geometric Node,1219,305,457
SBGR-VP-011 (Parallel 2),12,Geometric GN_13,-23.634346131314366,-46.5933969360059,Geometric Node,1219,305,457
SBGR-VP-011 (Parallel 2),13,Geometric GN_12,-23.644934434047244,-46.58126664743821,Geometric Node,1219,305,457
SBGR-VP-011 (Parallel 2),14,MERCEDES,-23.66621313676977,-46.57053454158816,Waypoint,1219,305,457
SBGR-VP-011 (Parallel 2),15,KENTINHA,-23.724957867156057,-46.606595663211486,Waypoint,1219,305,457
SBGR-VP-011 (Parallel 2),16,PIRATININGA,-23.705341555555602,-46.67482631225672,Waypoint,1219,305,457
SBGR-VP-011 (Parallel 2),17,VP-011,-23.7030555555556,-46.6925,Vertiport,760,305,457
SBGR-VP-012 (Parallel 1),1,SBGR,-23.435556,-46.473056,Airport,760,305,457
SBGR-VP-012 (Parallel 1),2,DUMONT,-23.473696062246297,-46.479965480183,Waypoint,914.4,305,457
SBGR-VP-012 (Parallel 1),3,BARRAGEM_TIETE,-23.49303503774274,-46.54928049261596,Waypoint,914.4,305,457
SBGR-VP-012 (Parallel 1),4,PONTE_ARICANDUVA,-23.51568515204849,-46.567643578337446,Waypoint,914.4,305,457
SBGR-VP-012 (Parallel 1),5,SHOPPING_TATUAPE,-23.528639113561262,-46.581531783014945,Waypoint,914.4,305,457
SBGR-VP-012 (Parallel 1),6,BRAS,-23.542081085594123,-46.621318761506515,Waypoint,1219,305,457
SBGR-VP-012 (Parallel 1),7,ALCANTARA_MACHADO,-23.552624774559753,-46.61439946562285,Waypoint,1219,305,457
SBGR-VP-012 (Parallel 1),8,ITAU_CTO,-23.556416918805503,-46.61755958582767,Waypoint,1219,305,457
SBGR-VP-012 (Parallel 1),9,PARQUE_ACLIMACAO,-23.572879167604274,-46.630455014053375,Waypoint,1219,305,457
SBGR-VP-012 (Parallel 1),10,ANA_ROSA,-23.58019832452846,-46.63994281006619,Waypoint,1219,305,457
SBGR-VP-012 (Parallel 1),11,CEBOLINHA,-23.58922847262852,-46.651553000480455,Waypoint,1219,305,457
SBGR-VP-012 (Parallel 1),12,VP-012,-23.5866666666667,-46.6816666666667,Vertiport,760,305,457
SBGR-VP-012 (Parallel 2),1,SBGR,-23.435556,-46.473056,Airport,760,305,457
SBGR-VP-012 (Parallel 2),2,DUMONT,-23.476915994257524,-46.47468243478397,Waypoint,914.4,305,457
SBGR-VP-012 (Parallel 2),3,BARRAGEM_TIETE,-23.496914029887687,-46.54618316219257,Waypoint,914.4,305,457
SBGR-VP-012 (Parallel 2),4,PONTE_ARICANDUVA,-23.518684800580004,-46.56385449621903,Waypoint,914.4,305,457
SBGR-VP-012 (Parallel 2),5,SHOPPING_TATUAPE,-23.532972445391017,-46.579240141706286,Waypoint,914.4,305,457
SBGR-VP-012 (Parallel 2),6,BRAS,-23.54569669218368,-46.61312568293789,Waypoint,1219,305,457
SBGR-VP-012 (Parallel 2),7,ALCANTARA_MACHADO,-23.552930780995844,-46.60837831215494,Waypoint,1219,305,457
SBGR-VP-012 (Parallel 2),8,ITAU_CTO,-23.5591386367501,-46.61355152528353,Waypoint,1219,305,457
SBGR-VP-012 (Parallel 2),9,PARQUE_ACLIMACAO,-23.576009721284525,-46.62676720816882,Waypoint,1219,305,457
SBGR-VP-012 (Parallel 2),10,ANA_ROSA,-23.58369056436034,-46.63672385660041,Waypoint,1219,305,457
SBGR-VP-012 (Parallel 2),11,CEBOLINHA,-23.59410486070488,-46.65011366618615,Waypoint,1219,305,457
SBGR-VP-012 (Parallel 2),12,VP-012,-23.5866666666667,-46.6816666666667,Vertiport,760,305,457
SBMT-VP-001 (Parallel 1),1,SBMT,-23.509,-46.633,Airport,760,305,457
SBMT-VP-001 (Parallel 1),2,LUZ,-23.53194915499044,-46.637490806081274,Waypoint,1219,305,457
SBMT-VP-001 (Parallel 1),3,Geometric GN_149,-23.531664480389757,-46.638231926254754,Geometric Node,1219,305,457
SBMT-VP-001 (Parallel 1),4,Geometric GN_148,-23.527867459384787,-46.641038837985015,Geometric Node,1219,305,457
SBMT-VP-001 (Parallel 1),5,Geometric GN_147,-23.52570511367137,-46.644900169616115,Geometric Node,1219,305,457
SBMT-VP-001 (Parallel 1),6,Geometric GN_146,-23.525979705830206,-46.65160655503392,Geometric Node,1219,305,457
SBMT-VP-001 (Parallel 1),7,Geometric GN_145,-23.523980491241744,-46.65926374100624,Geometric Node,1219,305,457
SBMT-VP-001 (Parallel 1),8,VD_ANTARTICA,-23.52247157279912,-46.67038921608116,Waypoint,1219,305,457
SBMT-VP-001 (Parallel 1),9,Geometric GN_30,-23.5213534865182,-46.67608271735251,Geometric Node,1219,305,457
SBMT-VP-001 (Parallel 1),10,Geometric GN_29,-23.52029907971026,-46.68240915820047,Geometric Node,1219,305,457
SBMT-VP-001 (Parallel 1),11,Geometric GN_28,-23.519275355595877,-46.69182742005227,Geometric Node,1219,305,457
SBMT-VP-001 (Parallel 1),12,Geometric GN_27,-23.517682496079757,-46.69819885811685,Geometric Node,1219,305,457
SBMT-VP-001 (Parallel 1),13,Geometric GN_26,-23.514321479588634,-46.708912098182346,Geometric Node,1219,305,457
SBMT-VP-001 (Parallel 1),14,MARCO_ZERO,-23.51212250681928,-46.72622204321651,Waypoint,1219,305,457
SBMT-VP-001 (Parallel 1),15,Geometric GN_25,-23.51606374594118,-46.744986135177214,Geometric Node,1219,305,457
SBMT-VP-001 (Parallel 1),16,CEBOLAO,-23.523610537257223,-46.75132475098874,Waypoint,1219,305,457
SBMT-VP-001 (Parallel 1),17,Geometric GN_95,-23.531514765733224,-46.78514040623323,Geometric Node,914.4,305,457
SBMT-VP-001 (Parallel 1),18,Geometric GN_94,-23.525396003261594,-46.800037359544724,Geometric Node,914.4,305,457
SBMT-VP-001 (Parallel 1),19,RODOANEL_CASTELO,-23.527950843175848,-46.82849723990805,Waypoint,914.4,305,457
SBMT-VP-001 (Parallel 1),20,VP-001,-23.4866666666667,-46.8566666666667,Vertiport,760,305,457
SBMT-VP-001 (Parallel 2),1,SBMT,-23.509,-46.633,Airport,760,305,457
SBMT-VP-001 (Parallel 2),2,LUZ,-23.53860640056516,-46.63306474947433,Waypoint,1219,305,457
SBMT-VP-001 (Parallel 2),3,Geometric GN_149,-23.535355519610242,-46.64152807374524,Geometric Node,1219,305,457
SBMT-VP-001 (Parallel 2),4,Geometric GN_148,-23.531252540615213,-46.64456116201499,Geometric Node,1219,305,457
SBMT-VP-001 (Parallel 2),5,Geometric GN_147,-23.53033488632863,-46.646199830383885,Geometric Node,1219,305,457
SBMT-VP-001 (Parallel 2),6,Geometric GN_146,-23.53058029416979,-46.65219344496607,Geometric Node,1219,305,457
SBMT-VP-001 (Parallel 2),7,Geometric GN_145,-23.528459508758253,-46.66031625899376,Geometric Node,1219,305,457
SBMT-VP-001 (Parallel 2),8,VD_ANTARTICA,-23.526972871645278,-46.671277450585436,Waypoint,1219,305,457
SBMT-VP-001 (Parallel 2),9,Geometric GN_30,-23.5258389929876,-46.67705136954789,Geometric Node,1219,305,457
SBMT-VP-001 (Parallel 2),10,Geometric GN_29,-23.52482262894674,-46.68314955379333,Geometric Node,1219,305,457
SBMT-VP-001 (Parallel 2),11,Geometric GN_28,-23.52377558221212,-46.69278238375133,Geometric Node,1219,305,457
SBMT-VP-001 (Parallel 2),12,Geometric GN_27,-23.52205520837004,-46.69966387911975,Geometric Node,1219,305,457
SBMT-VP-001 (Parallel 2),13,Geometric GN_26,-23.518789758144766,-46.71007250171285,Geometric Node,1219,305,457
SBMT-VP-001 (Parallel 2),14,MARCO_ZERO,-23.51676638206952,-46.726000179005695,Waypoint,1219,305,457
SBMT-VP-001 (Parallel 2),15,Geometric GN_25,-23.520153648065616,-46.74212682564658,Geometric Node,1219,305,457
SBMT-VP-001 (Parallel 2),16,CEBOLAO,-23.528611684964975,-46.74923080456685,Waypoint,1219,305,457
SBMT-VP-001 (Parallel 2),17,Geometric GN_95,-23.535910743800176,-46.786640075771494,Geometric Node,914.4,305,457
SBMT-VP-001 (Parallel 2),18,Geometric GN_94,-23.52972637500093,-46.80169540276628,Geometric Node,914.4,305,457
SBMT-VP-001 (Parallel 2),19,RODOANEL_CASTELO,-23.53217870429184,-46.83059221070028,Waypoint,914.4,305,457
SBMT-VP-001 (Parallel 2),20,VP-001,-23.4866666666667,-46.8566666666667,Vertiport,760,305,457
SBMT-VP-002 (Parallel 1),1,SBMT,-23.509,-46.633,Airport,760,305,457
SBMT-VP-002 (Parallel 1),2,BRAS,-23.544921516049907,-46.619454729019914,Waypoint,1219,305,457
SBMT-VP-002 (Parallel 1),3,ALCANTARA_MACHADO,-23.552624774559753,-46.61439946562285,Waypoint,1219,305,457
SBMT-VP-002 (Parallel 1),4,ITAU_CTO,-23.556416918805503,-46.61755958582767,Waypoint,1219,305,457
SBMT-VP-002 (Parallel 1),5,PARQUE_ACLIMACAO,-23.57152171587711,-46.629391676867094,Waypoint,1219,305,457
SBMT-VP-002 (Parallel 1),6,VP-002,-23.5622222222222,-46.655,Vertiport,760,305,457
SBMT-VP-002 (Parallel 2),1,SBMT,-23.509,-46.633,Airport,760,305,457
SBMT-VP-002 (Parallel 2),2,BRAS,-23.542856261727895,-46.61498971542449,Waypoint,1219,305,457
SBMT-VP-002 (Parallel 2),3,ALCANTARA_MACHADO,-23.552930780995844,-46.60837831215494,Waypoint,1219,305,457
SBMT-VP-002 (Parallel 2),4,ITAU_CTO,-23.5591386367501,-46.61355152528353,Waypoint,1219,305,457
SBMT-VP-002 (Parallel 2),5,PARQUE_ACLIMACAO,-23.577367173011687,-46.6278305453551,Waypoint,1219,305,457
SBMT-VP-002 (Parallel 2),6,VP-002,-23.5622222222222,-46.655,Vertiport,760,305,457
SBMT-VP-003 (Parallel 1),1,SBMT,-23.509,-46.633,Airport,760,305,457
SBMT-VP-003 (Parallel 1),2,BRAS,-23.544921516049907,-46.619454729019914,Waypoint,1219,305,457
SBMT-VP-003 (Parallel 1),3,ALCANTARA_MACHADO,-23.552624774559753,-46.61439946562285,Waypoint,1219,305,457
SBMT-VP-003 (Parallel 1),4,ITAU_CTO,-23.556416918805503,-46.61755958582767,Waypoint,1219,305,457
SBMT-VP-003 (Parallel 1),5,PARQUE_ACLIMACAO,-23.572879167604274,-46.630455014053375,Waypoint,1219,305,457
SBMT-VP-003 (Parallel 1),6,ANA_ROSA,-23.58019832452846,-46.63994281006619,Waypoint,1219,305,457
SBMT-VP-003 (Parallel 1),7,CEBOLINHA,-23.58936597520106,-46.65172978950229,Waypoint,1219,305,457
SBMT-VP-003 (Parallel 1),8,VP-003,-23.5911111111111,-46.6855555555556,Vertiport,760,305,457
SBMT-VP-003 (Parallel 2),1,SBMT,-23.509,-46.633,Airport,760,305,457
SBMT-VP-003 (Parallel 2),2,BRAS,-23.542856261727895,-46.61498971542449,Waypoint,1219,305,457
SBMT-VP-003 (Parallel 2),3,ALCANTARA_MACHADO,-23.552930780995844,-46.60837831215494,Waypoint,1219,305,457
SBMT-VP-003 (Parallel 2),4,ITAU_CTO,-23.5591386367501,-46.61355152528353,Waypoint,1219,305,457
SBMT-VP-003 (Parallel 2),5,PARQUE_ACLIMACAO,-23.576009721284525,-46.62676720816882,Waypoint,1219,305,457
SBMT-VP-003 (Parallel 2),6,ANA_ROSA,-23.58369056436034,-46.63672385660041,Waypoint,1219,305,457
SBMT-VP-003 (Parallel 2),7,CEBOLINHA,-23.593967358132343,-46.649936877164315,Waypoint,1219,305,457
SBMT-VP-003 (Parallel 2),8,VP-003,-23.5911111111111,-46.6855555555556,Vertiport,760,305,457
SBMT-VP-004 (Parallel 1),1,SBMT,-23.509,-46.633,Airport,760,305,457
SBMT-VP-004 (Parallel 1),2,LUZ,-23.53194915499044,-46.637490806081274,Waypoint,1219,305,457
SBMT-VP-004 (Parallel 1),3,Geometric GN_149,-23.531664480389757,-46.638231926254754,Geometric Node,1219,305,457
SBMT-VP-004 (Parallel 1),4,Geometric GN_148,-23.527867459384787,-46.641038837985015,Geometric Node,1219,305,457
SBMT-VP-004 (Parallel 1),5,Geometric GN_147,-23.52570511367137,-46.644900169616115,Geometric Node,1219,305,457
SBMT-VP-004 (Parallel 1),6,Geometric GN_146,-23.525979705830206,-46.65160655503392,Geometric Node,1219,305,457
SBMT-VP-004 (Parallel 1),7,Geometric GN_145,-23.523980491241744,-46.65926374100624,Geometric Node,1219,305,457
SBMT-VP-004 (Parallel 1),8,VD_ANTARTICA,-23.52247157279912,-46.67038921608116,Waypoint,1219,305,457
SBMT-VP-004 (Parallel 1),9,Geometric GN_30,-23.5213534865182,-46.67608271735251,Geometric Node,1219,305,457
SBMT-VP-004 (Parallel 1),10,Geometric GN_29,-23.52029907971026,-46.68240915820047,Geometric Node,1219,305,457
SBMT-VP-004 (Parallel 1),11,Geometric GN_28,-23.519275355595877,-46.69182742005227,Geometric Node,1219,305,457
SBMT-VP-004 (Parallel 1),12,Geometric GN_27,-23.517682496079757,-46.69819885811685,Geometric Node,1219,305,457
SBMT-VP-004 (Parallel 1),13,Geometric GN_26,-23.514321479588634,-46.708912098182346,Geometric Node,1219,305,457
SBMT-VP-004 (Parallel 1),14,MARCO_ZERO,-23.512296194319728,-46.72485480432765,Waypoint,1219,305,457
SBMT-VP-004 (Parallel 1),15,Geometric GN_31,-23.514022994171626,-46.735263320477685,Geometric Node,914.4,305,457
SBMT-VP-004 (Parallel 1),16,Geometric GN_32,-23.51412521440881,-46.7454532607564,Geometric Node,914.4,305,457
SBMT-VP-004 (Parallel 1),17,Geometric GN_33,-23.509453432119745,-46.75809802321997,Geometric Node,914.4,305,457
SBMT-VP-004 (Parallel 1),18,Geometric GN_34,-23.500832318592792,-46.761453530510536,Geometric Node,914.4,305,457
SBMT-VP-004 (Parallel 1),19,Geometric GN_35,-23.499507422000907,-46.762902676244245,Geometric Node,914.4,305,457
SBMT-VP-004 (Parallel 1),20,Geometric GN_36,-23.496717011493725,-46.77076998893733,Geometric Node,914.4,305,457
SBMT-VP-004 (Parallel 1),21,PAO_DE_ACUCAR,-23.489930917128433,-46.7748460980334,Waypoint,914.4,305,457
SBMT-VP-004 (Parallel 1),22,VP-004,-23.4786111111111,-46.7811111111111,Vertiport,760,305,457
SBMT-VP-004 (Parallel 2),1,SBMT,-23.509,-46.633,Airport,760,305,457
SBMT-VP-004 (Parallel 2),2,LUZ,-23.53860640056516,-46.63306474947433,Waypoint,1219,305,457
SBMT-VP-004 (Parallel 2),3,Geometric GN_149,-23.535355519610242,-46.64152807374524,Geometric Node,1219,305,457
SBMT-VP-004 (Parallel 2),4,Geometric GN_148,-23.531252540615213,-46.64456116201499,Geometric Node,1219,305,457
SBMT-VP-004 (Parallel 2),5,Geometric GN_147,-23.53033488632863,-46.646199830383885,Geometric Node,1219,305,457
SBMT-VP-004 (Parallel 2),6,Geometric GN_146,-23.53058029416979,-46.65219344496607,Geometric Node,1219,305,457
SBMT-VP-004 (Parallel 2),7,Geometric GN_145,-23.528459508758253,-46.66031625899376,Geometric Node,1219,305,457
SBMT-VP-004 (Parallel 2),8,VD_ANTARTICA,-23.526972871645278,-46.671277450585436,Waypoint,1219,305,457
SBMT-VP-004 (Parallel 2),9,Geometric GN_30,-23.5258389929876,-46.67705136954789,Geometric Node,1219,305,457
SBMT-VP-004 (Parallel 2),10,Geometric GN_29,-23.52482262894674,-46.68314955379333,Geometric Node,1219,305,457
SBMT-VP-004 (Parallel 2),11,Geometric GN_28,-23.52377558221212,-46.69278238375133,Geometric Node,1219,305,457
SBMT-VP-004 (Parallel 2),12,Geometric GN_27,-23.52205520837004,-46.69966387911975,Geometric Node,1219,305,457
SBMT-VP-004 (Parallel 2),13,Geometric GN_26,-23.518789758144766,-46.71007250171285,Geometric Node,1219,305,457
SBMT-VP-004 (Parallel 2),14,MARCO_ZERO,-23.516592694569074,-46.727367417894556,Waypoint,1219,305,457
SBMT-VP-004 (Parallel 2),15,Geometric GN_31,-23.518480331799573,-46.737620862360394,Geometric Node,914.4,305,457
SBMT-VP-004 (Parallel 2),16,Geometric GN_32,-23.518659009094304,-46.74633254723625,Geometric Node,914.4,305,457
SBMT-VP-004 (Parallel 2),17,Geometric GN_33,-23.51307726344506,-46.76223814762554,Geometric Node,914.4,305,457
SBMT-VP-004 (Parallel 2),18,Geometric GN_34,-23.503138252853418,-46.7659596921844,Geometric Node,914.4,305,457
SBMT-VP-004 (Parallel 2),19,Geometric GN_35,-23.503510600518236,-46.76561730974362,Geometric Node,914.4,305,457
SBMT-VP-004 (Parallel 2),20,Geometric GN_36,-23.50047341900809,-46.77432366965997,Geometric Node,914.4,305,457
SBMT-VP-004 (Parallel 2),21,PAO_DE_ACUCAR,-23.493073140423256,-46.77872546080176,Waypoint,914.4,305,457
SBMT-VP-004 (Parallel 2),22,VP-004,-23.4786111111111,-46.7811111111111,Vertiport,760,305,457
SBMT-VP-005 (Parallel 1),1,SBMT,-23.509,-46.633,Airport,760,305,457
SBMT-VP-005 (Parallel 1),2,LUZ,-23.53194915499044,-46.637490806081274,Waypoint,1219,305,457
SBMT-VP-005 (Parallel 1),3,Geometric GN_149,-23.531664480389757,-46.638231926254754,Geometric Node,1219,305,457
SBMT-VP-005 (Parallel 1),4,Geometric GN_148,-23.527867459384787,-46.641038837985015,Geometric Node,1219,305,457
SBMT-VP-005 (Parallel 1),5,Geometric GN_147,-23.52570511367137,-46.644900169616115,Geometric Node,1219,305,457
SBMT-VP-005 (Parallel 1),6,Geometric GN_146,-23.525979705830206,-46.65160655503392,Geometric Node,1219,305,457
SBMT-VP-005 (Parallel 1),7,Geometric GN_145,-23.523980491241744,-46.65926374100624,Geometric Node,1219,305,457
SBMT-VP-005 (Parallel 1),8,VD_ANTARTICA,-23.52247157279912,-46.67038921608116,Waypoint,1219,305,457
SBMT-VP-005 (Parallel 1),9,Geometric GN_30,-23.5213534865182,-46.67608271735251,Geometric Node,1219,305,457
SBMT-VP-005 (Parallel 1),10,Geometric GN_29,-23.52029907971026,-46.68240915820047,Geometric Node,1219,305,457
SBMT-VP-005 (Parallel 1),11,Geometric GN_28,-23.519275355595877,-46.69182742005227,Geometric Node,1219,305,457
SBMT-VP-005 (Parallel 1),12,Geometric GN_27,-23.517682496079757,-46.69819885811685,Geometric Node,1219,305,457
SBMT-VP-005 (Parallel 1),13,Geometric GN_26,-23.514321479588634,-46.708912098182346,Geometric Node,1219,305,457
SBMT-VP-005 (Parallel 1),14,MARCO_ZERO,-23.51212250681928,-46.72622204321651,Waypoint,1219,305,457
SBMT-VP-005 (Parallel 1),15,Geometric GN_25,-23.51606374594118,-46.744986135177214,Geometric Node,1219,305,457
SBMT-VP-005 (Parallel 1),16,CEBOLAO,-23.523610537257223,-46.75132475098874,Waypoint,1219,305,457
SBMT-VP-005 (Parallel 1),17,Geometric GN_95,-23.531514765733224,-46.78514040623323,Geometric Node,914.4,305,457
SBMT-VP-005 (Parallel 1),18,Geometric GN_94,-23.525396003261594,-46.800037359544724,Geometric Node,914.4,305,457
SBMT-VP-005 (Parallel 1),19,RODOANEL_CASTELO,-23.52721994452362,-46.83161175410988,Waypoint,914.4,305,457
SBMT-VP-005 (Parallel 1),20,VP-005,-23.5647222222222,-46.8302777777778,Vertiport,760,305,457
SBMT-VP-005 (Parallel 2),1,SBMT,-23.509,-46.633,Airport,760,305,457
SBMT-VP-005 (Parallel 2),2,LUZ,-23.53860640056516,-46.63306474947433,Waypoint,1219,305,457
SBMT-VP-005 (Parallel 2),3,Geometric GN_149,-23.535355519610242,-46.64152807374524,Geometric Node,1219,305,457
SBMT-VP-005 (Parallel 2),4,Geometric GN_148,-23.531252540615213,-46.64456116201499,Geometric Node,1219,305,457
SBMT-VP-005 (Parallel 2),5,Geometric GN_147,-23.53033488632863,-46.646199830383885,Geometric Node,1219,305,457
SBMT-VP-005 (Parallel 2),6,Geometric GN_146,-23.53058029416979,-46.65219344496607,Geometric Node,1219,305,457
SBMT-VP-005 (Parallel 2),7,Geometric GN_145,-23.528459508758253,-46.66031625899376,Geometric Node,1219,305,457
SBMT-VP-005 (Parallel 2),8,VD_ANTARTICA,-23.526972871645278,-46.671277450585436,Waypoint,1219,305,457
SBMT-VP-005 (Parallel 2),9,Geometric GN_30,-23.5258389929876,-46.67705136954789,Geometric Node,1219,305,457
SBMT-VP-005 (Parallel 2),10,Geometric GN_29,-23.52482262894674,-46.68314955379333,Geometric Node,1219,305,457
SBMT-VP-005 (Parallel 2),11,Geometric GN_28,-23.52377558221212,-46.69278238375133,Geometric Node,1219,305,457
SBMT-VP-005 (Parallel 2),12,Geometric GN_27,-23.52205520837004,-46.69966387911975,Geometric Node,1219,305,457
SBMT-VP-005 (Parallel 2),13,Geometric GN_26,-23.518789758144766,-46.71007250171285,Geometric Node,1219,305,457
SBMT-VP-005 (Parallel 2),14,MARCO_ZERO,-23.51676638206952,-46.726000179005695,Waypoint,1219,305,457
SBMT-VP-005 (Parallel 2),15,Geometric GN_25,-23.520153648065616,-46.74212682564658,Geometric Node,1219,305,457
SBMT-VP-005 (Parallel 2),16,CEBOLAO,-23.528611684964975,-46.74923080456685,Waypoint,1219,305,457
SBMT-VP-005 (Parallel 2),17,Geometric GN_95,-23.535910743800176,-46.786640075771494,Geometric Node,914.4,305,457
SBMT-VP-005 (Parallel 2),18,Geometric GN_94,-23.52972637500093,-46.80169540276628,Geometric Node,914.4,305,457
SBMT-VP-005 (Parallel 2),19,RODOANEL_CASTELO,-23.53290960294407,-46.82747769651087,Waypoint,914.4,305,457
SBMT-VP-005 (Parallel 2),20,VP-005,-23.5647222222222,-46.8302777777778,Vertiport,760,305,457
SBMT-VP-006 (Parallel 1),1,SBMT,-23.509,-46.633,Airport,760,305,457
SBMT-VP-006 (Parallel 1),2,LUZ,-23.53194915499044,-46.637490806081274,Waypoint,1219,305,457
SBMT-VP-006 (Parallel 1),3,Geometric GN_149,-23.531664480389757,-46.638231926254754,Geometric Node,1219,305,457
SBMT-VP-006 (Parallel 1),4,Geometric GN_148,-23.527867459384787,-46.641038837985015,Geometric Node,1219,305,457
SBMT-VP-006 (Parallel 1),5,Geometric GN_147,-23.52570511367137,-46.644900169616115,Geometric Node,1219,305,457
SBMT-VP-006 (Parallel 1),6,Geometric GN_146,-23.525979705830206,-46.65160655503392,Geometric Node,1219,305,457
SBMT-VP-006 (Parallel 1),7,Geometric GN_145,-23.523980491241744,-46.65926374100624,Geometric Node,1219,305,457
SBMT-VP-006 (Parallel 1),8,VD_ANTARTICA,-23.52247157279912,-46.67038921608116,Waypoint,1219,305,457
SBMT-VP-006 (Parallel 1),9,Geometric GN_30,-23.5213534865182,-46.67608271735251,Geometric Node,1219,305,457
SBMT-VP-006 (Parallel 1),10,Geometric GN_29,-23.52029907971026,-46.68240915820047,Geometric Node,1219,305,457
SBMT-VP-006 (Parallel 1),11,Geometric GN_28,-23.519275355595877,-46.69182742005227,Geometric Node,1219,305,457
SBMT-VP-006 (Parallel 1),12,Geometric GN_27,-23.517682496079757,-46.69819885811685,Geometric Node,1219,305,457
SBMT-VP-006 (Parallel 1),13,Geometric GN_26,-23.514321479588634,-46.708912098182346,Geometric Node,1219,305,457
SBMT-VP-006 (Parallel 1),14,MARCO_ZERO,-23.51212250681928,-46.72622204321651,Waypoint,1219,305,457
SBMT-VP-006 (Parallel 1),15,Geometric GN_25,-23.51606374594118,-46.744986135177214,Geometric Node,1219,305,457
SBMT-VP-006 (Parallel 1),16,CEBOLAO,-23.525623394111516,-46.75301536700669,Waypoint,1219,305,457
SBMT-VP-006 (Parallel 1),17,Geometric GN_126,-23.535255230970282,-46.75008200423485,Geometric Node,1219,305,457
SBMT-VP-006 (Parallel 1),18,PONTE_JAGUARE,-23.545034584676422,-46.73917855508615,Waypoint,1219,305,457
SBMT-VP-006 (Parallel 1),19,VP-006,-23.5466666666667,-46.7369444444444,Vertiport,760,305,457
SBMT-VP-006 (Parallel 2),1,SBMT,-23.509,-46.633,Airport,760,305,457
SBMT-VP-006 (Parallel 2),2,LUZ,-23.53860640056516,-46.63306474947433,Waypoint,1219,305,457
SBMT-VP-006 (Parallel 2),3,Geometric GN_149,-23.535355519610242,-46.64152807374524,Geometric Node,1219,305,457
SBMT-VP-006 (Parallel 2),4,Geometric GN_148,-23.531252540615213,-46.64456116201499,Geometric Node,1219,305,457
SBMT-VP-006 (Parallel 2),5,Geometric GN_147,-23.53033488632863,-46.646199830383885,Geometric Node,1219,305,457
SBMT-VP-006 (Parallel 2),6,Geometric GN_146,-23.53058029416979,-46.65219344496607,Geometric Node,1219,305,457
SBMT-VP-006 (Parallel 2),7,Geometric GN_145,-23.528459508758253,-46.66031625899376,Geometric Node,1219,305,457
SBMT-VP-006 (Parallel 2),8,VD_ANTARTICA,-23.526972871645278,-46.671277450585436,Waypoint,1219,305,457
SBMT-VP-006 (Parallel 2),9,Geometric GN_30,-23.5258389929876,-46.67705136954789,Geometric Node,1219,305,457
SBMT-VP-006 (Parallel 2),10,Geometric GN_29,-23.52482262894674,-46.68314955379333,Geometric Node,1219,305,457
SBMT-VP-006 (Parallel 2),11,Geometric GN_28,-23.52377558221212,-46.69278238375133,Geometric Node,1219,305,457
SBMT-VP-006 (Parallel 2),12,Geometric GN_27,-23.52205520837004,-46.69966387911975,Geometric Node,1219,305,457
SBMT-VP-006 (Parallel 2),13,Geometric GN_26,-23.518789758144766,-46.71007250171285,Geometric Node,1219,305,457
SBMT-VP-006 (Parallel 2),14,MARCO_ZERO,-23.51676638206952,-46.726000179005695,Waypoint,1219,305,457
SBMT-VP-006 (Parallel 2),15,Geometric GN_25,-23.520153648065616,-46.74212682564658,Geometric Node,1219,305,457
SBMT-VP-006 (Parallel 2),16,CEBOLAO,-23.526598828110682,-46.7475401885489,Waypoint,1219,305,457
SBMT-VP-006 (Parallel 2),17,Geometric GN_126,-23.53284476902972,-46.74563799576516,Geometric Node,1219,305,457
SBMT-VP-006 (Parallel 2),18,PONTE_JAGUARE,-23.546632081990175,-46.73026588935826,Waypoint,1219,305,457
SBMT-VP-006 (Parallel 2),19,VP-006,-23.5466666666667,-46.7369444444444,Vertiport,760,305,457
SBMT-VP-007 (Parallel 1),1,SBMT,-23.509,-46.633,Airport,760,305,457
SBMT-VP-007 (Parallel 1),2,LUZ,-23.53194915499044,-46.637490806081274,Waypoint,1219,305,457
SBMT-VP-007 (Parallel 1),3,Geometric GN_149,-23.531664480389757,-46.638231926254754,Geometric Node,1219,305,457
SBMT-VP-007 (Parallel 1),4,Geometric GN_148,-23.527867459384787,-46.641038837985015,Geometric Node,1219,305,457
SBMT-VP-007 (Parallel 1),5,Geometric GN_147,-23.52570511367137,-46.644900169616115,Geometric Node,1219,305,457
SBMT-VP-007 (Parallel 1),6,Geometric GN_146,-23.525979705830206,-46.65160655503392,Geometric Node,1219,305,457
SBMT-VP-007 (Parallel 1),7,Geometric GN_145,-23.523980491241744,-46.65926374100624,Geometric Node,1219,305,457
SBMT-VP-007 (Parallel 1),8,VD_ANTARTICA,-23.52247157279912,-46.67038921608116,Waypoint,1219,305,457
SBMT-VP-007 (Parallel 1),9,Geometric GN_30,-23.5213534865182,-46.67608271735251,Geometric Node,1219,305,457
SBMT-VP-007 (Parallel 1),10,Geometric GN_29,-23.52029907971026,-46.68240915820047,Geometric Node,1219,305,457
SBMT-VP-007 (Parallel 1),11,Geometric GN_28,-23.519275355595877,-46.69182742005227,Geometric Node,1219,305,457
SBMT-VP-007 (Parallel 1),12,Geometric GN_27,-23.517682496079757,-46.69819885811685,Geometric Node,1219,305,457
SBMT-VP-007 (Parallel 1),13,Geometric GN_26,-23.514321479588634,-46.708912098182346,Geometric Node,1219,305,457
SBMT-VP-007 (Parallel 1),14,MARCO_ZERO,-23.51212250681928,-46.72622204321651,Waypoint,1219,305,457
SBMT-VP-007 (Parallel 1),15,Geometric GN_25,-23.51606374594118,-46.744986135177214,Geometric Node,1219,305,457
SBMT-VP-007 (Parallel 1),16,CEBOLAO,-23.525623394111516,-46.75301536700669,Waypoint,1219,305,457
SBMT-VP-007 (Parallel 1),17,Geometric GN_126,-23.535255230970282,-46.75008200423485,Geometric Node,1219,305,457
SBMT-VP-007 (Parallel 1),18,PONTE_JAGUARE,-23.547661812105744,-46.736249338949946,Waypoint,1219,305,457
SBMT-VP-007 (Parallel 1),19,Geometric GN_130,-23.562630800377182,-46.70853122413583,Geometric Node,1219,305,457
SBMT-VP-007 (Parallel 1),20,Geometric GN_129,-23.572478256400956,-46.702684297121614,Geometric Node,1219,305,457
SBMT-VP-007 (Parallel 1),21,VP-007,-23.5730555555556,-46.6975,Vertiport,760,305,457
SBMT-VP-007 (Parallel 2),1,SBMT,-23.509,-46.633,Airport,760,305,457
SBMT-VP-007 (Parallel 2),2,LUZ,-23.53860640056516,-46.63306474947433,Waypoint,1219,305,457
SBMT-VP-007 (Parallel 2),3,Geometric GN_149,-23.535355519610242,-46.64152807374524,Geometric Node,1219,305,457
SBMT-VP-007 (Parallel 2),4,Geometric GN_148,-23.531252540615213,-46.64456116201499,Geometric Node,1219,305,457
SBMT-VP-007 (Parallel 2),5,Geometric GN_147,-23.53033488632863,-46.646199830383885,Geometric Node,1219,305,457
SBMT-VP-007 (Parallel 2),6,Geometric GN_146,-23.53058029416979,-46.65219344496607,Geometric Node,1219,305,457
SBMT-VP-007 (Parallel 2),7,Geometric GN_145,-23.528459508758253,-46.66031625899376,Geometric Node,1219,305,457
SBMT-VP-007 (Parallel 2),8,VD_ANTARTICA,-23.526972871645278,-46.671277450585436,Waypoint,1219,305,457
SBMT-VP-007 (Parallel 2),9,Geometric GN_30,-23.5258389929876,-46.67705136954789,Geometric Node,1219,305,457
SBMT-VP-007 (Parallel 2),10,Geometric GN_29,-23.52482262894674,-46.68314955379333,Geometric Node,1219,305,457
SBMT-VP-007 (Parallel 2),11,Geometric GN_28,-23.52377558221212,-46.69278238375133,Geometric Node,1219,305,457
SBMT-VP-007 (Parallel 2),12,Geometric GN_27,-23.52205520837004,-46.69966387911975,Geometric Node,1219,305,457
SBMT-VP-007 (Parallel 2),13,Geometric GN_26,-23.518789758144766,-46.71007250171285,Geometric Node,1219,305,457
SBMT-VP-007 (Parallel 2),14,MARCO_ZERO,-23.51676638206952,-46.726000179005695,Waypoint,1219,305,457
SBMT-VP-007 (Parallel 2),15,Geometric GN_25,-23.520153648065616,-46.74212682564658,Geometric Node,1219,305,457
SBMT-VP-007 (Parallel 2),16,CEBOLAO,-23.526598828110682,-46.7475401885489,Waypoint,1219,305,457
SBMT-VP-007 (Parallel 2),17,Geometric GN_126,-23.53284476902972,-46.74563799576516,Geometric Node,1219,305,457
SBMT-VP-007 (Parallel 2),18,PONTE_JAGUARE,-23.544004854560853,-46.73319510549446,Waypoint,1219,305,457
SBMT-VP-007 (Parallel 2),19,Geometric GN_130,-23.559333763197618,-46.70481052519657,Geometric Node,1219,305,457
SBMT-VP-007 (Parallel 2),20,Geometric GN_129,-23.569365707323044,-46.698854058371985,Geometric Node,1219,305,457
SBMT-VP-007 (Parallel 2),21,VP-007,-23.5730555555556,-46.6975,Vertiport,760,305,457
SBMT-VP-008 (Parallel 1),1,SBMT,-23.509,-46.633,Airport,760,305,457
SBMT-VP-008 (Parallel 1),2,BRAS,-23.544921516049907,-46.619454729019914,Waypoint,1219,305,457
SBMT-VP-008 (Parallel 1),3,ALCANTARA_MACHADO,-23.553860797032886,-46.613588325874865,Waypoint,1219,305,457
SBMT-VP-008 (Parallel 1),4,VD_SAO_CARLOS,-23.5680227253123,-46.60623501696054,Waypoint,1219,305,457
SBMT-VP-008 (Parallel 1),5,VD_GRANDE_SAO_PAULO,-23.586822804168502,-46.60059499330372,Waypoint,1219,305,457
SBMT-VP-008 (Parallel 1),6,ENTRONCAMENTO,-23.603412367418485,-46.60304263378324,Waypoint,1219,305,457
SBMT-VP-008 (Parallel 1),7,Geometric GN_14,-23.621116487743908,-46.60380520848109,Geometric Node,1219,305,457
SBMT-VP-008 (Parallel 1),8,Geometric GN_13,-23.636903754041633,-46.5976993319687,Geometric Node,1219,305,457
SBMT-VP-008 (Parallel 1),9,Geometric GN_12,-23.64764439105236,-46.585394524519586,Geometric Node,1219,305,457
SBMT-VP-008 (Parallel 1),10,MERCEDES,-23.66600908545243,-46.576132125078445,Waypoint,1219,305,457
SBMT-VP-008 (Parallel 1),11,KENTINHA,-23.719486577288343,-46.60895989234411,Waypoint,1219,305,457
SBMT-VP-008 (Parallel 1),12,PIRATININGA,-23.700824539636233,-46.67387132765597,Waypoint,1219,305,457
SBMT-VP-008 (Parallel 1),13,VP-008,-23.7,-46.6952777777778,Vertiport,760,305,457
SBMT-VP-008 (Parallel 2),1,SBMT,-23.509,-46.633,Airport,760,305,457
SBMT-VP-008 (Parallel 2),2,BRAS,-23.542856261727895,-46.61498971542449,Waypoint,1219,305,457
SBMT-VP-008 (Parallel 2),3,ALCANTARA_MACHADO,-23.55169475852271,-46.60918945190293,Waypoint,1219,305,457
SBMT-VP-008 (Parallel 2),4,VD_SAO_CARLOS,-23.566421719132098,-46.60154276081727,Waypoint,1219,305,457
SBMT-VP-008 (Parallel 2),5,VD_GRANDE_SAO_PAULO,-23.5865105291649,-46.59551611780747,Waypoint,1219,305,457
SBMT-VP-008 (Parallel 2),6,ENTRONCAMENTO,-23.603809854803714,-46.59806847732796,Waypoint,1219,305,457
SBMT-VP-008 (Parallel 2),7,Geometric GN_14,-23.620417835930493,-46.598783837704914,Geometric Node,1219,305,457
SBMT-VP-008 (Parallel 2),8,Geometric GN_13,-23.634346131314366,-46.5933969360059,Geometric Node,1219,305,457
SBMT-VP-008 (Parallel 2),9,Geometric GN_12,-23.644934434047244,-46.58126664743821,Geometric Node,1219,305,457
SBMT-VP-008 (Parallel 2),10,MERCEDES,-23.66621313676977,-46.57053454158816,Waypoint,1219,305,457
SBMT-VP-008 (Parallel 2),11,KENTINHA,-23.724957867156057,-46.606595663211486,Waypoint,1219,305,457
SBMT-VP-008 (Parallel 2),12,PIRATININGA,-23.705286571474968,-46.67501756123283,Waypoint,1219,305,457
SBMT-VP-008 (Parallel 2),13,VP-008,-23.7,-46.6952777777778,Vertiport,760,305,457
SBMT-VP-009 (Parallel 1),1,SBMT,-23.509,-46.633,Airport,760,305,457
SBMT-VP-009 (Parallel 1),2,LUZ,-23.53194915499044,-46.637490806081274,Waypoint,1219,305,457
SBMT-VP-009 (Parallel 1),3,Geometric GN_149,-23.531664480389757,-46.638231926254754,Geometric Node,1219,305,457
SBMT-VP-009 (Parallel 1),4,Geometric GN_148,-23.527867459384787,-46.641038837985015,Geometric Node,1219,305,457
SBMT-VP-009 (Parallel 1),5,Geometric GN_147,-23.52570511367137,-46.644900169616115,Geometric Node,1219,305,457
SBMT-VP-009 (Parallel 1),6,Geometric GN_146,-23.525979705830206,-46.65160655503392,Geometric Node,1219,305,457
SBMT-VP-009 (Parallel 1),7,Geometric GN_145,-23.523980491241744,-46.65926374100624,Geometric Node,1219,305,457
SBMT-VP-009 (Parallel 1),8,VD_ANTARTICA,-23.522055940127608,-46.67345373620139,Waypoint,1219,305,457
SBMT-VP-009 (Parallel 1),9,VP-009,-23.5580555555556,-46.6692777777778,Vertiport,760,305,457
SBMT-VP-009 (Parallel 2),1,SBMT,-23.509,-46.633,Airport,760,305,457
SBMT-VP-009 (Parallel 2),2,LUZ,-23.53860640056516,-46.63306474947433,Waypoint,1219,305,457
SBMT-VP-009 (Parallel 2),3,Geometric GN_149,-23.535355519610242,-46.64152807374524,Geometric Node,1219,305,457
SBMT-VP-009 (Parallel 2),4,Geometric GN_148,-23.531252540615213,-46.64456116201499,Geometric Node,1219,305,457
SBMT-VP-009 (Parallel 2),5,Geometric GN_147,-23.53033488632863,-46.646199830383885,Geometric Node,1219,305,457
SBMT-VP-009 (Parallel 2),6,Geometric GN_146,-23.53058029416979,-46.65219344496607,Geometric Node,1219,305,457
SBMT-VP-009 (Parallel 2),7,Geometric GN_145,-23.528459508758253,-46.66031625899376,Geometric Node,1219,305,457
SBMT-VP-009 (Parallel 2),8,VD_ANTARTICA,-23.52738850431679,-46.66821293046521,Waypoint,1219,305,457
SBMT-VP-009 (Parallel 2),9,VP-009,-23.5580555555556,-46.6692777777778,Vertiport,760,305,457
SBMT-VP-010 (Parallel 1),1,SBMT,-23.509,-46.633,Airport,760,305,457
SBMT-VP-010 (Parallel 1),2,LUZ,-23.53194915499044,-46.637490806081274,Waypoint,1219,305,457
SBMT-VP-010 (Parallel 1),3,Geometric GN_149,-23.531664480389757,-46.638231926254754,Geometric Node,1219,305,457
SBMT-VP-010 (Parallel 1),4,Geometric GN_148,-23.527867459384787,-46.641038837985015,Geometric Node,1219,305,457
SBMT-VP-010 (Parallel 1),5,Geometric GN_147,-23.52570511367137,-46.644900169616115,Geometric Node,1219,305,457
SBMT-VP-010 (Parallel 1),6,Geometric GN_146,-23.525979705830206,-46.65160655503392,Geometric Node,1219,305,457
SBMT-VP-010 (Parallel 1),7,Geometric GN_145,-23.523980491241744,-46.65926374100624,Geometric Node,1219,305,457
SBMT-VP-010 (Parallel 1),8,VD_ANTARTICA,-23.52247157279912,-46.67038921608116,Waypoint,1219,305,457
SBMT-VP-010 (Parallel 1),9,Geometric GN_30,-23.5213534865182,-46.67608271735251,Geometric Node,1219,305,457
SBMT-VP-010 (Parallel 1),10,Geometric GN_29,-23.52029907971026,-46.68240915820047,Geometric Node,1219,305,457
SBMT-VP-010 (Parallel 1),11,Geometric GN_28,-23.519275355595877,-46.69182742005227,Geometric Node,1219,305,457
SBMT-VP-010 (Parallel 1),12,Geometric GN_27,-23.517682496079757,-46.69819885811685,Geometric Node,1219,305,457
SBMT-VP-010 (Parallel 1),13,Geometric GN_26,-23.514321479588634,-46.708912098182346,Geometric Node,1219,305,457
SBMT-VP-010 (Parallel 1),14,MARCO_ZERO,-23.512054933670868,-46.726753967713776,Waypoint,1219,305,457
SBMT-VP-010 (Parallel 1),15,VP-010,-23.5261111111111,-46.7438888888889,Vertiport,760,305,457
SBMT-VP-010 (Parallel 2),1,SBMT,-23.509,-46.633,Airport,760,305,457
SBMT-VP-010 (Parallel 2),2,LUZ,-23.53860640056516,-46.63306474947433,Waypoint,1219,305,457
SBMT-VP-010 (Parallel 2),3,Geometric GN_149,-23.535355519610242,-46.64152807374524,Geometric Node,1219,305,457
SBMT-VP-010 (Parallel 2),4,Geometric GN_148,-23.531252540615213,-46.64456116201499,Geometric Node,1219,305,457
SBMT-VP-010 (Parallel 2),5,Geometric GN_147,-23.53033488632863,-46.646199830383885,Geometric Node,1219,305,457
SBMT-VP-010 (Parallel 2),6,Geometric GN_146,-23.53058029416979,-46.65219344496607,Geometric Node,1219,305,457
SBMT-VP-010 (Parallel 2),7,Geometric GN_145,-23.528459508758253,-46.66031625899376,Geometric Node,1219,305,457
SBMT-VP-010 (Parallel 2),8,VD_ANTARTICA,-23.526972871645278,-46.671277450585436,Waypoint,1219,305,457
SBMT-VP-010 (Parallel 2),9,Geometric GN_30,-23.5258389929876,-46.67705136954789,Geometric Node,1219,305,457
SBMT-VP-010 (Parallel 2),10,Geometric GN_29,-23.52482262894674,-46.68314955379333,Geometric Node,1219,305,457
SBMT-VP-010 (Parallel 2),11,Geometric GN_28,-23.52377558221212,-46.69278238375133,Geometric Node,1219,305,457
SBMT-VP-010 (Parallel 2),12,Geometric GN_27,-23.52205520837004,-46.69966387911975,Geometric Node,1219,305,457
SBMT-VP-010 (Parallel 2),13,Geometric GN_26,-23.518789758144766,-46.71007250171285,Geometric Node,1219,305,457
SBMT-VP-010 (Parallel 2),14,MARCO_ZERO,-23.516833955217933,-46.72546825450843,Waypoint,1219,305,457
SBMT-VP-010 (Parallel 2),15,VP-010,-23.5261111111111,-46.7438888888889,Vertiport,760,305,457
SBMT-VP-011 (Parallel 1),1,SBMT,-23.509,-46.633,Airport,760,305,457
SBMT-VP-011 (Parallel 1),2,BRAS,-23.544921516049907,-46.619454729019914,Waypoint,1219,305,457
SBMT-VP-011 (Parallel 1),3,ALCANTARA_MACHADO,-23.553860797032886,-46.613588325874865,Waypoint,1219,305,457
SBMT-VP-011 (Parallel 1),4,VD_SAO_CARLOS,-23.5680227253123,-46.60623501696054,Waypoint,1219,305,457
SBMT-VP-011 (Parallel 1),5,VD_GRANDE_SAO_PAULO,-23.586822804168502,-46.60059499330372,Waypoint,1219,305,457
SBMT-VP-011 (Parallel 1),6,ENTRONCAMENTO,-23.603412367418485,-46.60304263378324,Waypoint,1219,305,457
SBMT-VP-011 (Parallel 1),7,Geometric GN_14,-23.621116487743908,-46.60380520848109,Geometric Node,1219,305,457
SBMT-VP-011 (Parallel 1),8,Geometric GN_13,-23.636903754041633,-46.5976993319687,Geometric Node,1219,305,457
SBMT-VP-011 (Parallel 1),9,Geometric GN_12,-23.64764439105236,-46.585394524519586,Geometric Node,1219,305,457
SBMT-VP-011 (Parallel 1),10,MERCEDES,-23.66600908545243,-46.576132125078445,Waypoint,1219,305,457
SBMT-VP-011 (Parallel 1),11,KENTINHA,-23.719486577288343,-46.60895989234411,Waypoint,1219,305,457
SBMT-VP-011 (Parallel 1),12,PIRATININGA,-23.7007695555556,-46.674062576632075,Waypoint,1219,305,457
SBMT-VP-011 (Parallel 1),13,VP-011,-23.7030555555556,-46.6925,Vertiport,760,305,457
SBMT-VP-011 (Parallel 2),1,SBMT,-23.509,-46.633,Airport,760,305,457
SBMT-VP-011 (Parallel 2),2,BRAS,-23.542856261727895,-46.61498971542449,Waypoint,1219,305,457
SBMT-VP-011 (Parallel 2),3,ALCANTARA_MACHADO,-23.55169475852271,-46.60918945190293,Waypoint,1219,305,457
SBMT-VP-011 (Parallel 2),4,VD_SAO_CARLOS,-23.566421719132098,-46.60154276081727,Waypoint,1219,305,457
SBMT-VP-011 (Parallel 2),5,VD_GRANDE_SAO_PAULO,-23.5865105291649,-46.59551611780747,Waypoint,1219,305,457
SBMT-VP-011 (Parallel 2),6,ENTRONCAMENTO,-23.603809854803714,-46.59806847732796,Waypoint,1219,305,457
SBMT-VP-011 (Parallel 2),7,Geometric GN_14,-23.620417835930493,-46.598783837704914,Geometric Node,1219,305,457
SBMT-VP-011 (Parallel 2),8,Geometric GN_13,-23.634346131314366,-46.5933969360059,Geometric Node,1219,305,457
SBMT-VP-011 (Parallel 2),9,Geometric GN_12,-23.644934434047244,-46.58126664743821,Geometric Node,1219,305,457
SBMT-VP-011 (Parallel 2),10,MERCEDES,-23.66621313676977,-46.57053454158816,Waypoint,1219,305,457
SBMT-VP-011 (Parallel 2),11,KENTINHA,-23.724957867156057,-46.606595663211486,Waypoint,1219,305,457
SBMT-VP-011 (Parallel 2),12,PIRATININGA,-23.705341555555602,-46.67482631225672,Waypoint,1219,305,457
SBMT-VP-011 (Parallel 2),13,VP-011,-23.7030555555556,-46.6925,Vertiport,760,305,457
SBMT-VP-012 (Parallel 1),1,SBMT,-23.509,-46.633,Airport,760,305,457
SBMT-VP-012 (Parallel 1),2,BRAS,-23.544921516049907,-46.619454729019914,Waypoint,1219,305,457
SBMT-VP-012 (Parallel 1),3,ALCANTARA_MACHADO,-23.552624774559753,-46.61439946562285,Waypoint,1219,305,457
SBMT-VP-012 (Parallel 1),4,ITAU_CTO,-23.556416918805503,-46.61755958582767,Waypoint,1219,305,457
SBMT-VP-012 (Parallel 1),5,PARQUE_ACLIMACAO,-23.572879167604274,-46.630455014053375,Waypoint,1219,305,457
SBMT-VP-012 (Parallel 1),6,ANA_ROSA,-23.58019832452846,-46.63994281006619,Waypoint,1219,305,457
SBMT-VP-012 (Parallel 1),7,CEBOLINHA,-23.58922847262852,-46.651553000480455,Waypoint,1219,305,457
SBMT-VP-012 (Parallel 1),8,VP-012,-23.5866666666667,-46.6816666666667,Vertiport,760,305,457
SBMT-VP-012 (Parallel 2),1,SBMT,-23.509,-46.633,Airport,760,305,457
SBMT-VP-012 (Parallel 2),2,BRAS,-23.542856261727895,-46.61498971542449,Waypoint,1219,305,457
SBMT-VP-012 (Parallel 2),3,ALCANTARA_MACHADO,-23.552930780995844,-46.60837831215494,Waypoint,1219,305,457
SBMT-VP-012 (Parallel 2),4,ITAU_CTO,-23.5591386367501,-46.61355152528353,Waypoint,1219,305,457
SBMT-VP-012 (Parallel 2),5,PARQUE_ACLIMACAO,-23.576009721284525,-46.62676720816882,Waypoint,1219,305,457
SBMT-VP-012 (Parallel 2),6,ANA_ROSA,-23.58369056436034,-46.63672385660041,Waypoint,1219,305,457
SBMT-VP-012 (Parallel 2),7,CEBOLINHA,-23.59410486070488,-46.65011366618615,Waypoint,1219,305,457
SBMT-VP-012 (Parallel 2),8,VP-012,-23.5866666666667,-46.6816666666667,Vertiport,760,305,457
VP-001-VP-002 (Parallel 1),1,VP-001,-23.4866666666667,-46.8566666666667,Vertiport,760,305,457
VP-001-VP-002 (Parallel 1),2,RODOANEL_CASTELO,-23.53217870429184,-46.83059221070028,Waypoint,914.4,305,457
VP-001-VP-002 (Parallel 1),3,Geometric GN_94,-23.52972637500093,-46.80169540276628,Geometric Node,914.4,305,457
VP-001-VP-002 (Parallel 1),4,Geometric GN_95,-23.535910743800176,-46.786640075771494,Geometric Node,914.4,305,457
VP-001-VP-002 (Parallel 1),5,CEBOLAO,-23.528611684964975,-46.74923080456685,Waypoint,1219,305,457
VP-001-VP-002 (Parallel 1),6,Geometric GN_25,-23.520153648065616,-46.74212682564658,Geometric Node,1219,305,457
VP-001-VP-002 (Parallel 1),7,MARCO_ZERO,-23.51676638206952,-46.726000179005695,Waypoint,1219,305,457
VP-001-VP-002 (Parallel 1),8,Geometric GN_26,-23.518789758144766,-46.71007250171285,Geometric Node,1219,305,457
VP-001-VP-002 (Parallel 1),9,Geometric GN_27,-23.52205520837004,-46.69966387911975,Geometric Node,1219,305,457
VP-001-VP-002 (Parallel 1),10,Geometric GN_28,-23.52377558221212,-46.69278238375133,Geometric Node,1219,305,457
VP-001-VP-002 (Parallel 1),11,Geometric GN_29,-23.52482262894674,-46.68314955379333,Geometric Node,1219,305,457
VP-001-VP-002 (Parallel 1),12,Geometric GN_30,-23.5258389929876,-46.67705136954789,Geometric Node,1219,305,457
VP-001-VP-002 (Parallel 1),13,VD_ANTARTICA,-23.52644928164613,-46.6739436672958,Waypoint,1219,305,457
VP-001-VP-002 (Parallel 1),14,Geometric GN_137,-23.551945029374984,-46.68165720167463,Geometric Node,1219,305,457
VP-001-VP-002 (Parallel 1),15,Geometric GN_136,-23.556612734308374,-46.68455117873327,Geometric Node,1219,305,457
VP-001-VP-002 (Parallel 1),16,Geometric GN_135,-23.56354589504475,-46.68098830446601,Geometric Node,1219,305,457
VP-001-VP-002 (Parallel 1),17,Geometric GN_134,-23.574747024642548,-46.67071288805819,Geometric Node,1219,305,457
VP-001-VP-002 (Parallel 1),18,VP-002,-23.5622222222222,-46.655,Vertiport,760,305,457
VP-001-VP-002 (Parallel 2),1,VP-001,-23.4866666666667,-46.8566666666667,Vertiport,760,305,457
VP-001-VP-002 (Parallel 2),2,RODOANEL_CASTELO,-23.527950843175848,-46.82849723990805,Waypoint,914.4,305,457
VP-001-VP-002 (Parallel 2),3,Geometric GN_94,-23.525396003261594,-46.800037359544724,Geometric Node,914.4,305,457
VP-001-VP-002 (Parallel 2),4,Geometric GN_95,-23.531514765733224,-46.78514040623323,Geometric Node,914.4,305,457
VP-001-VP-002 (Parallel 2),5,CEBOLAO,-23.523610537257223,-46.75132475098874,Waypoint,1219,305,457
VP-001-VP-002 (Parallel 2),6,Geometric GN_25,-23.51606374594118,-46.744986135177214,Geometric Node,1219,305,457
VP-001-VP-002 (Parallel 2),7,MARCO_ZERO,-23.51212250681928,-46.72622204321651,Waypoint,1219,305,457
VP-001-VP-002 (Parallel 2),8,Geometric GN_26,-23.514321479588634,-46.708912098182346,Geometric Node,1219,305,457
VP-001-VP-002 (Parallel 2),9,Geometric GN_27,-23.517682496079757,-46.69819885811685,Geometric Node,1219,305,457
VP-001-VP-002 (Parallel 2),10,Geometric GN_28,-23.519275355595877,-46.69182742005227,Geometric Node,1219,305,457
VP-001-VP-002 (Parallel 2),11,Geometric GN_29,-23.52029907971026,-46.68240915820047,Geometric Node,1219,305,457
VP-001-VP-002 (Parallel 2),12,Geometric GN_30,-23.5213534865182,-46.67608271735251,Geometric Node,1219,305,457
VP-001-VP-002 (Parallel 2),13,VD_ANTARTICA,-23.522995162798267,-46.667722999370795,Waypoint,1219,305,457
VP-001-VP-002 (Parallel 2),14,Geometric GN_137,-23.55371221376462,-46.677016197246964,Geometric Node,1219,305,457
VP-001-VP-002 (Parallel 2),15,Geometric GN_136,-23.556809899514626,-46.67893676241192,Geometric Node,1219,305,457
VP-001-VP-002 (Parallel 2),16,Geometric GN_135,-23.561058901362248,-46.676753247573586,Geometric Node,1219,305,457
VP-001-VP-002 (Parallel 2),17,Geometric GN_134,-23.568650017218253,-46.66978949666441,Geometric Node,1219,305,457
VP-001-VP-002 (Parallel 2),18,VP-002,-23.5622222222222,-46.655,Vertiport,760,305,457
VP-001-VP-003 (Parallel 1),1,VP-001,-23.4866666666667,-46.8566666666667,Vertiport,760,305,457
VP-001-VP-003 (Parallel 1),2,RODOANEL_CASTELO,-23.53217870429184,-46.83059221070028,Waypoint,914.4,305,457
VP-001-VP-003 (Parallel 1),3,Geometric GN_94,-23.52972637500093,-46.80169540276628,Geometric Node,914.4,305,457
VP-001-VP-003 (Parallel 1),4,Geometric GN_95,-23.535910743800176,-46.786640075771494,Geometric Node,914.4,305,457
VP-001-VP-003 (Parallel 1),5,CEBOLAO,-23.528101428313345,-46.75226068507202,Waypoint,1219,305,457
VP-001-VP-003 (Parallel 1),6,Geometric GN_126,-23.535255230970282,-46.75008200423485,Geometric Node,1219,305,457
VP-001-VP-003 (Parallel 1),7,PONTE_JAGUARE,-23.547661812105744,-46.736249338949946,Waypoint,1219,305,457
VP-001-VP-003 (Parallel 1),8,Geometric GN_130,-23.562630800377182,-46.70853122413583,Geometric Node,1219,305,457
VP-001-VP-003 (Parallel 1),9,Geometric GN_129,-23.57201626216759,-46.702958606197676,Geometric Node,1219,305,457
VP-001-VP-003 (Parallel 1),10,Geometric GN_128,-23.586939029582368,-46.694068446886796,Geometric Node,1219,305,457
VP-001-VP-003 (Parallel 1),11,VP-003,-23.5911111111111,-46.6855555555556,Vertiport,760,305,457
VP-001-VP-003 (Parallel 2),1,VP-001,-23.4866666666667,-46.8566666666667,Vertiport,760,305,457
VP-001-VP-003 (Parallel 2),2,RODOANEL_CASTELO,-23.527950843175848,-46.82849723990805,Waypoint,914.4,305,457
VP-001-VP-003 (Parallel 2),3,Geometric GN_94,-23.525396003261594,-46.800037359544724,Geometric Node,914.4,305,457
VP-001-VP-003 (Parallel 2),4,Geometric GN_95,-23.531514765733224,-46.78514040623323,Geometric Node,914.4,305,457
VP-001-VP-003 (Parallel 2),5,CEBOLAO,-23.524120793908853,-46.748294870483576,Waypoint,1219,305,457
VP-001-VP-003 (Parallel 2),6,Geometric GN_126,-23.53284476902972,-46.74563799576516,Geometric Node,1219,305,457
VP-001-VP-003 (Parallel 2),7,PONTE_JAGUARE,-23.544004854560853,-46.73319510549446,Waypoint,1219,305,457
VP-001-VP-003 (Parallel 2),8,Geometric GN_130,-23.559333763197618,-46.70481052519657,Geometric Node,1219,305,457
VP-001-VP-003 (Parallel 2),9,Geometric GN_129,-23.56982770155641,-46.698579749295924,Geometric Node,1219,305,457
VP-001-VP-003 (Parallel 2),10,Geometric GN_128,-23.58410280311103,-46.6900754334762,Geometric Node,1219,305,457
VP-001-VP-003 (Parallel 2),11,VP-003,-23.5911111111111,-46.6855555555556,Vertiport,760,305,457
VP-001-VP-004 (Parallel 1),1,VP-001,-23.4866666666667,-46.8566666666667,Vertiport,760,305,457
VP-001-VP-004 (Parallel 1),2,Geometric GN_108,-23.49856943440076,-46.828821658363516,Geometric Node,914.4,305,457
VP-001-VP-004 (Parallel 1),3,IMPERIAL,-23.483821783773077,-46.81114081009397,Waypoint,914.4,305,457
VP-001-VP-004 (Parallel 1),4,VP-004,-23.4786111111111,-46.7811111111111,Vertiport,760,305,457
VP-001-VP-004 (Parallel 2),1,VP-001,-23.4866666666667,-46.8566666666667,Vertiport,760,305,457
VP-001-VP-004 (Parallel 2),2,Geometric GN_108,-23.493286496771734,-46.82977739658175,Geometric Node,914.4,305,457
VP-001-VP-004 (Parallel 2),3,IMPERIAL,-23.479928950546952,-46.81385369960042,Waypoint,914.4,305,457
VP-001-VP-004 (Parallel 2),4,VP-004,-23.4786111111111,-46.7811111111111,Vertiport,760,305,457
VP-001-VP-005 (Parallel 1),1,VP-001,-23.4866666666667,-46.8566666666667,Vertiport,760,305,457
VP-001-VP-005 (Parallel 1),2,RODOANEL_CASTELO,-23.531142864926608,-46.8322365415476,Waypoint,914.4,305,457
VP-001-VP-005 (Parallel 1),3,VP-005,-23.5647222222222,-46.8302777777778,Vertiport,760,305,457
VP-001-VP-005 (Parallel 2),1,VP-001,-23.4866666666667,-46.8566666666667,Vertiport,760,305,457
VP-001-VP-005 (Parallel 2),2,RODOANEL_CASTELO,-23.52898668254108,-46.82685290904941,Waypoint,914.4,305,457
VP-001-VP-005 (Parallel 2),3,VP-005,-23.5647222222222,-46.8302777777778,Vertiport,760,305,457
VP-001-VP-006 (Parallel 1),1,VP-001,-23.4866666666667,-46.8566666666667,Vertiport,760,305,457
VP-001-VP-006 (Parallel 1),2,RODOANEL_CASTELO,-23.53217870429184,-46.83059221070028,Waypoint,914.4,305,457
VP-001-VP-006 (Parallel 1),3,Geometric GN_94,-23.52972637500093,-46.80169540276628,Geometric Node,914.4,305,457
VP-001-VP-006 (Parallel 1),4,Geometric GN_95,-23.535910743800176,-46.786640075771494,Geometric Node,914.4,305,457
VP-001-VP-006 (Parallel 1),5,CEBOLAO,-23.528101428313345,-46.75226068507202,Waypoint,1219,305,457
VP-001-VP-006 (Parallel 1),6,Geometric GN_126,-23.535255230970282,-46.75008200423485,Geometric Node,1219,305,457
VP-001-VP-006 (Parallel 1),7,PONTE_JAGUARE,-23.545034584676422,-46.73917855508615,Waypoint,1219,305,457
VP-001-VP-006 (Parallel 1),8,VP-006,-23.5466666666667,-46.7369444444444,Vertiport,760,305,457
VP-001-VP-006 (Parallel 2),1,VP-001,-23.4866666666667,-46.8566666666667,Vertiport,760,305,457
VP-001-VP-006 (Parallel 2),2,RODOANEL_CASTELO,-23.527950843175848,-46.82849723990805,Waypoint,914.4,305,457
VP-001-VP-006 (Parallel 2),3,Geometric GN_94,-23.525396003261594,-46.800037359544724,Geometric Node,914.4,305,457
VP-001-VP-006 (Parallel 2),4,Geometric GN_95,-23.531514765733224,-46.78514040623323,Geometric Node,914.4,305,457
VP-001-VP-006 (Parallel 2),5,CEBOLAO,-23.524120793908853,-46.748294870483576,Waypoint,1219,305,457
VP-001-VP-006 (Parallel 2),6,Geometric GN_126,-23.53284476902972,-46.74563799576516,Geometric Node,1219,305,457
VP-001-VP-006 (Parallel 2),7,PONTE_JAGUARE,-23.546632081990175,-46.73026588935826,Waypoint,1219,305,457
VP-001-VP-006 (Parallel 2),8,VP-006,-23.5466666666667,-46.7369444444444,Vertiport,760,305,457
VP-001-VP-007 (Parallel 1),1,VP-001,-23.4866666666667,-46.8566666666667,Vertiport,760,305,457
VP-001-VP-007 (Parallel 1),2,RODOANEL_CASTELO,-23.53217870429184,-46.83059221070028,Waypoint,914.4,305,457
VP-001-VP-007 (Parallel 1),3,Geometric GN_94,-23.52972637500093,-46.80169540276628,Geometric Node,914.4,305,457
VP-001-VP-007 (Parallel 1),4,Geometric GN_95,-23.535910743800176,-46.786640075771494,Geometric Node,914.4,305,457
VP-001-VP-007 (Parallel 1),5,CEBOLAO,-23.528101428313345,-46.75226068507202,Waypoint,1219,305,457
VP-001-VP-007 (Parallel 1),6,Geometric GN_126,-23.535255230970282,-46.75008200423485,Geometric Node,1219,305,457
VP-001-VP-007 (Parallel 1),7,PONTE_JAGUARE,-23.547661812105744,-46.736249338949946,Waypoint,1219,305,457
VP-001-VP-007 (Parallel 1),8,Geometric GN_130,-23.562630800377182,-46.70853122413583,Geometric Node,1219,305,457
VP-001-VP-007 (Parallel 1),9,Geometric GN_129,-23.572478256400956,-46.702684297121614,Geometric Node,1219,305,457
VP-001-VP-007 (Parallel 1),10,VP-007,-23.5730555555556,-46.6975,Vertiport,760,305,457
VP-001-VP-007 (Parallel 2),1,VP-001,-23.4866666666667,-46.8566666666667,Vertiport,760,305,457
VP-001-VP-007 (Parallel 2),2,RODOANEL_CASTELO,-23.527950843175848,-46.82849723990805,Waypoint,914.4,305,457
VP-001-VP-007 (Parallel 2),3,Geometric GN_94,-23.525396003261594,-46.800037359544724,Geometric Node,914.4,305,457
VP-001-VP-007 (Parallel 2),4,Geometric GN_95,-23.531514765733224,-46.78514040623323,Geometric Node,914.4,305,457
VP-001-VP-007 (Parallel 2),5,CEBOLAO,-23.524120793908853,-46.748294870483576,Waypoint,1219,305,457
VP-001-VP-007 (Parallel 2),6,Geometric GN_126,-23.53284476902972,-46.74563799576516,Geometric Node,1219,305,457
VP-001-VP-007 (Parallel 2),7,PONTE_JAGUARE,-23.544004854560853,-46.73319510549446,Waypoint,1219,305,457
VP-001-VP-007 (Parallel 2),8,Geometric GN_130,-23.559333763197618,-46.70481052519657,Geometric Node,1219,305,457
VP-001-VP-007 (Parallel 2),9,Geometric GN_129,-23.569365707323044,-46.698854058371985,Geometric Node,1219,305,457
VP-001-VP-007 (Parallel 2),10,VP-007,-23.5730555555556,-46.6975,Vertiport,760,305,457
VP-001-VP-008 (Parallel 1),1,VP-001,-23.4866666666667,-46.8566666666667,Vertiport,760,305,457
VP-001-VP-008 (Parallel 1),2,RODOANEL_CASTELO,-23.531732141769304,-46.8313011010507,Waypoint,914.4,305,457
VP-001-VP-008 (Parallel 1),3,Geometric GN_93,-23.531062244638914,-46.80916355751447,Geometric Node,914.4,305,457
VP-001-VP-008 (Parallel 1),4,Geometric GN_92,-23.561842009329553,-46.81328004234632,Geometric Node,914.4,305,457
VP-001-VP-008 (Parallel 1),5,Geometric GN_91,-23.57144178870282,-46.81628544436145,Geometric Node,1219,305,457
VP-001-VP-008 (Parallel 1),6,Geometric GN_90,-23.580304023159158,-46.811005815323625,Geometric Node,1219,305,457
VP-001-VP-008 (Parallel 1),7,RODOANEL_RAPOSO,-23.59384041556784,-46.81303789909177,Waypoint,1219,305,457
VP-001-VP-008 (Parallel 1),8,EXTRA_TABOAO,-23.610474939439754,-46.75354833066853,Waypoint,1219,305,457
VP-001-VP-008 (Parallel 1),9,Geometric GN_89,-23.64039748105766,-46.740759337322125,Geometric Node,1219,305,457
VP-001-VP-008 (Parallel 1),10,EMPRESARIAL,-23.653904485029354,-46.72533955270718,Waypoint,1219,305,457
VP-001-VP-008 (Parallel 1),11,VP-008,-23.7,-46.6952777777778,Vertiport,760,305,457
VP-001-VP-008 (Parallel 2),1,VP-001,-23.4866666666667,-46.8566666666667,Vertiport,760,305,457
VP-001-VP-008 (Parallel 2),2,RODOANEL_CASTELO,-23.528397405698385,-46.82778834955185,Waypoint,914.4,305,457
VP-001-VP-008 (Parallel 2),3,Geometric GN_93,-23.529672834219962,-46.80408082576784,Geometric Node,914.4,305,457
VP-001-VP-008 (Parallel 2),4,Geometric GN_92,-23.56026773121006,-46.808185710725276,Geometric Node,914.4,305,457
VP-001-VP-008 (Parallel 2),5,Geometric GN_91,-23.56883184046078,-46.812157626899356,Geometric Node,1219,305,457
VP-001-VP-008 (Parallel 2),6,Geometric GN_90,-23.57943485198404,-46.80584093918337,Geometric Node,1219,305,457
VP-001-VP-008 (Parallel 2),7,RODOANEL_RAPOSO,-23.590604028876562,-46.80751765646383,Waypoint,1219,305,457
VP-001-VP-008 (Parallel 2),8,EXTRA_TABOAO,-23.606747282782443,-46.74978500266487,Waypoint,1219,305,457
VP-001-VP-008 (Parallel 2),9,Geometric GN_89,-23.63778948664214,-46.736517461969676,Geometric Node,1219,305,457
VP-001-VP-008 (Parallel 2),10,EMPRESARIAL,-23.651095514970645,-46.72132711395942,Waypoint,1219,305,457
VP-001-VP-008 (Parallel 2),11,VP-008,-23.7,-46.6952777777778,Vertiport,760,305,457
VP-001-VP-009 (Parallel 1),1,VP-001,-23.4866666666667,-46.8566666666667,Vertiport,760,305,457
VP-001-VP-009 (Parallel 1),2,RODOANEL_CASTELO,-23.53217870429184,-46.83059221070028,Waypoint,914.4,305,457
VP-001-VP-009 (Parallel 1),3,Geometric GN_94,-23.52972637500093,-46.80169540276628,Geometric Node,914.4,305,457
VP-001-VP-009 (Parallel 1),4,Geometric GN_95,-23.535910743800176,-46.786640075771494,Geometric Node,914.4,305,457
VP-001-VP-009 (Parallel 1),5,CEBOLAO,-23.528611684964975,-46.74923080456685,Waypoint,1219,305,457
VP-001-VP-009 (Parallel 1),6,Geometric GN_25,-23.520153648065616,-46.74212682564658,Geometric Node,1219,305,457
VP-001-VP-009 (Parallel 1),7,MARCO_ZERO,-23.51676638206952,-46.726000179005695,Waypoint,1219,305,457
VP-001-VP-009 (Parallel 1),8,Geometric GN_26,-23.518789758144766,-46.71007250171285,Geometric Node,1219,305,457
VP-001-VP-009 (Parallel 1),9,Geometric GN_27,-23.52205520837004,-46.69966387911975,Geometric Node,1219,305,457
VP-001-VP-009 (Parallel 1),10,Geometric GN_28,-23.52377558221212,-46.69278238375133,Geometric Node,1219,305,457
VP-001-VP-009 (Parallel 1),11,Geometric GN_29,-23.52482262894674,-46.68314955379333,Geometric Node,1219,305,457
VP-001-VP-009 (Parallel 1),12,Geometric GN_30,-23.5258389929876,-46.67705136954789,Geometric Node,1219,305,457
VP-001-VP-009 (Parallel 1),13,VD_ANTARTICA,-23.52658701849806,-46.67324228587744,Waypoint,1219,305,457
VP-001-VP-009 (Parallel 1),14,VP-009,-23.5580555555556,-46.6692777777778,Vertiport,760,305,457
VP-001-VP-009 (Parallel 2),1,VP-001,-23.4866666666667,-46.8566666666667,Vertiport,760,305,457
VP-001-VP-009 (Parallel 2),2,RODOANEL_CASTELO,-23.527950843175848,-46.82849723990805,Waypoint,914.4,305,457
VP-001-VP-009 (Parallel 2),3,Geometric GN_94,-23.525396003261594,-46.800037359544724,Geometric Node,914.4,305,457
VP-001-VP-009 (Parallel 2),4,Geometric GN_95,-23.531514765733224,-46.78514040623323,Geometric Node,914.4,305,457
VP-001-VP-009 (Parallel 2),5,CEBOLAO,-23.523610537257223,-46.75132475098874,Waypoint,1219,305,457
VP-001-VP-009 (Parallel 2),6,Geometric GN_25,-23.51606374594118,-46.744986135177214,Geometric Node,1219,305,457
VP-001-VP-009 (Parallel 2),7,MARCO_ZERO,-23.51212250681928,-46.72622204321651,Waypoint,1219,305,457
VP-001-VP-009 (Parallel 2),8,Geometric GN_26,-23.514321479588634,-46.708912098182346,Geometric Node,1219,305,457
VP-001-VP-009 (Parallel 2),9,Geometric GN_27,-23.517682496079757,-46.69819885811685,Geometric Node,1219,305,457
VP-001-VP-009 (Parallel 2),10,Geometric GN_28,-23.519275355595877,-46.69182742005227,Geometric Node,1219,305,457
VP-001-VP-009 (Parallel 2),11,Geometric GN_29,-23.52029907971026,-46.68240915820047,Geometric Node,1219,305,457
VP-001-VP-009 (Parallel 2),12,Geometric GN_30,-23.5213534865182,-46.67608271735251,Geometric Node,1219,305,457
VP-001-VP-009 (Parallel 2),13,VD_ANTARTICA,-23.522857425946338,-46.668424380789155,Waypoint,1219,305,457
VP-001-VP-009 (Parallel 2),14,VP-009,-23.5580555555556,-46.6692777777778,Vertiport,760,305,457
VP-001-VP-010 (Parallel 1),1,VP-001,-23.4866666666667,-46.8566666666667,Vertiport,760,305,457
VP-001-VP-010 (Parallel 1),2,RODOANEL_CASTELO,-23.53217870429184,-46.83059221070028,Waypoint,914.4,305,457
VP-001-VP-010 (Parallel 1),3,Geometric GN_94,-23.52972637500093,-46.80169540276628,Geometric Node,914.4,305,457
VP-001-VP-010 (Parallel 1),4,Geometric GN_95,-23.535910743800176,-46.786640075771494,Geometric Node,914.4,305,457
VP-001-VP-010 (Parallel 1),5,CEBOLAO,-23.5283971111111,-46.750504934232175,Waypoint,1219,305,457
VP-001-VP-010 (Parallel 1),6,VP-010,-23.5261111111111,-46.7438888888889,Vertiport,760,305,457
VP-001-VP-010 (Parallel 2),1,VP-001,-23.4866666666667,-46.8566666666667,Vertiport,760,305,457
VP-001-VP-010 (Parallel 2),2,RODOANEL_CASTELO,-23.527950843175848,-46.82849723990805,Waypoint,914.4,305,457
VP-001-VP-010 (Parallel 2),3,Geometric GN_94,-23.525396003261594,-46.800037359544724,Geometric Node,914.4,305,457
VP-001-VP-010 (Parallel 2),4,Geometric GN_95,-23.531514765733224,-46.78514040623323,Geometric Node,914.4,305,457
VP-001-VP-010 (Parallel 2),5,CEBOLAO,-23.523825111111098,-46.75005062132342,Waypoint,1219,305,457
VP-001-VP-010 (Parallel 2),6,VP-010,-23.5261111111111,-46.7438888888889,Vertiport,760,305,457
VP-001-VP-011 (Parallel 1),1,VP-001,-23.4866666666667,-46.8566666666667,Vertiport,760,305,457
VP-001-VP-011 (Parallel 1),2,RODOANEL_CASTELO,-23.531732141769304,-46.8313011010507,Waypoint,914.4,305,457
VP-001-VP-011 (Parallel 1),3,Geometric GN_93,-23.531062244638914,-46.80916355751447,Geometric Node,914.4,305,457
VP-001-VP-011 (Parallel 1),4,Geometric GN_92,-23.561842009329553,-46.81328004234632,Geometric Node,914.4,305,457
VP-001-VP-011 (Parallel 1),5,Geometric GN_91,-23.57144178870282,-46.81628544436145,Geometric Node,1219,305,457
VP-001-VP-011 (Parallel 1),6,Geometric GN_90,-23.580304023159158,-46.811005815323625,Geometric Node,1219,305,457
VP-001-VP-011 (Parallel 1),7,RODOANEL_RAPOSO,-23.59384041556784,-46.81303789909177,Waypoint,1219,305,457
VP-001-VP-011 (Parallel 1),8,EXTRA_TABOAO,-23.610474939439754,-46.75354833066853,Waypoint,1219,305,457
VP-001-VP-011 (Parallel 1),9,Geometric GN_89,-23.64039748105766,-46.740759337322125,Geometric Node,1219,305,457
VP-001-VP-011 (Parallel 1),10,EMPRESARIAL,-23.653915431977467,-46.725327055518136,Waypoint,1219,305,457
VP-001-VP-011 (Parallel 1),11,VP-011,-23.7030555555556,-46.6925,Vertiport,760,305,457
VP-001-VP-011 (Parallel 2),1,VP-001,-23.4866666666667,-46.8566666666667,Vertiport,760,305,457
VP-001-VP-011 (Parallel 2),2,RODOANEL_CASTELO,-23.528397405698385,-46.82778834955185,Waypoint,914.4,305,457
VP-001-VP-011 (Parallel 2),3,Geometric GN_93,-23.529672834219962,-46.80408082576784,Geometric Node,914.4,305,457
VP-001-VP-011 (Parallel 2),4,Geometric GN_92,-23.56026773121006,-46.808185710725276,Geometric Node,914.4,305,457
VP-001-VP-011 (Parallel 2),5,Geometric GN_91,-23.56883184046078,-46.812157626899356,Geometric Node,1219,305,457
VP-001-VP-011 (Parallel 2),6,Geometric GN_90,-23.57943485198404,-46.80584093918337,Geometric Node,1219,305,457
VP-001-VP-011 (Parallel 2),7,RODOANEL_RAPOSO,-23.590604028876562,-46.80751765646383,Waypoint,1219,305,457
VP-001-VP-011 (Parallel 2),8,EXTRA_TABOAO,-23.606747282782443,-46.74978500266487,Waypoint,1219,305,457
VP-001-VP-011 (Parallel 2),9,Geometric GN_89,-23.63778948664214,-46.736517461969676,Geometric Node,1219,305,457
VP-001-VP-011 (Parallel 2),10,EMPRESARIAL,-23.651084568022533,-46.721339611148466,Waypoint,1219,305,457
VP-001-VP-011 (Parallel 2),11,VP-011,-23.7030555555556,-46.6925,Vertiport,760,305,457
VP-001-VP-012 (Parallel 1),1,VP-001,-23.4866666666667,-46.8566666666667,Vertiport,760,305,457
VP-001-VP-012 (Parallel 1),2,RODOANEL_CASTELO,-23.53217870429184,-46.83059221070028,Waypoint,914.4,305,457
VP-001-VP-012 (Parallel 1),3,Geometric GN_94,-23.52972637500093,-46.80169540276628,Geometric Node,914.4,305,457
VP-001-VP-012 (Parallel 1),4,Geometric GN_95,-23.535910743800176,-46.786640075771494,Geometric Node,914.4,305,457
VP-001-VP-012 (Parallel 1),5,CEBOLAO,-23.528101428313345,-46.75226068507202,Waypoint,1219,305,457
VP-001-VP-012 (Parallel 1),6,Geometric GN_126,-23.535255230970282,-46.75008200423485,Geometric Node,1219,305,457
VP-001-VP-012 (Parallel 1),7,PONTE_JAGUARE,-23.547661812105744,-46.736249338949946,Waypoint,1219,305,457
VP-001-VP-012 (Parallel 1),8,Geometric GN_130,-23.562630800377182,-46.70853122413583,Geometric Node,1219,305,457
VP-001-VP-012 (Parallel 1),9,Geometric GN_129,-23.57201626216759,-46.702958606197676,Geometric Node,1219,305,457
VP-001-VP-012 (Parallel 1),10,Geometric GN_128,-23.58765015748261,-46.69364479622283,Geometric Node,1219,305,457
VP-001-VP-012 (Parallel 1),11,VP-012,-23.5866666666667,-46.6816666666667,Vertiport,760,305,457
VP-001-VP-012 (Parallel 2),1,VP-001,-23.4866666666667,-46.8566666666667,Vertiport,760,305,457
VP-001-VP-012 (Parallel 2),2,RODOANEL_CASTELO,-23.527950843175848,-46.82849723990805,Waypoint,914.4,305,457
VP-001-VP-012 (Parallel 2),3,Geometric GN_94,-23.525396003261594,-46.800037359544724,Geometric Node,914.4,305,457
VP-001-VP-012 (Parallel 2),4,Geometric GN_95,-23.531514765733224,-46.78514040623323,Geometric Node,914.4,305,457
VP-001-VP-012 (Parallel 2),5,CEBOLAO,-23.524120793908853,-46.748294870483576,Waypoint,1219,305,457
VP-001-VP-012 (Parallel 2),6,Geometric GN_126,-23.53284476902972,-46.74563799576516,Geometric Node,1219,305,457
VP-001-VP-012 (Parallel 2),7,PONTE_JAGUARE,-23.544004854560853,-46.73319510549446,Waypoint,1219,305,457
VP-001-VP-012 (Parallel 2),8,Geometric GN_130,-23.559333763197618,-46.70481052519657,Geometric Node,1219,305,457
VP-001-VP-012 (Parallel 2),9,Geometric GN_129,-23.56982770155641,-46.698579749295924,Geometric Node,1219,305,457
VP-001-VP-012 (Parallel 2),10,Geometric GN_128,-23.583391675210787,-46.69049908414017,Geometric Node,1219,305,457
VP-001-VP-012 (Parallel 2),11,VP-012,-23.5866666666667,-46.6816666666667,Vertiport,760,305,457
VP-002-VP-003 (Parallel 1),1,VP-002,-23.5622222222222,-46.655,Vertiport,760,305,457
VP-002-VP-003 (Parallel 1),2,ANA_ROSA,-23.581615904174935,-46.64176541246878,Waypoint,1219,305,457
VP-002-VP-003 (Parallel 1),3,CEBOLINHA,-23.58936597520106,-46.65172978950229,Waypoint,1219,305,457
VP-002-VP-003 (Parallel 1),4,VP-003,-23.5911111111111,-46.6855555555556,Vertiport,760,305,457
VP-002-VP-003 (Parallel 2),1,VP-002,-23.5622222222222,-46.655,Vertiport,760,305,457
VP-002-VP-003 (Parallel 2),2,ANA_ROSA,-23.582272984713864,-46.63490125419782,Waypoint,1219,305,457
VP-002-VP-003 (Parallel 2),3,CEBOLINHA,-23.593967358132343,-46.649936877164315,Waypoint,1219,305,457
VP-002-VP-003 (Parallel 2),4,VP-003,-23.5911111111111,-46.6855555555556,Vertiport,760,305,457
VP-002-VP-004 (Parallel 1),1,VP-002,-23.5622222222222,-46.655,Vertiport,760,305,457
VP-002-VP-004 (Parallel 1),2,VP-009,-23.55636184785972,-46.666860841099925,Vertiport,760,305,457
VP-002-VP-004 (Parallel 1),3,VD_ANTARTICA,-23.522857425946338,-46.668424380789155,Waypoint,1219,305,457
VP-002-VP-004 (Parallel 1),4,Geometric GN_30,-23.5213534865182,-46.67608271735251,Geometric Node,1219,305,457
VP-002-VP-004 (Parallel 1),5,Geometric GN_29,-23.52029907971026,-46.68240915820047,Geometric Node,1219,305,457
VP-002-VP-004 (Parallel 1),6,Geometric GN_28,-23.519275355595877,-46.69182742005227,Geometric Node,1219,305,457
VP-002-VP-004 (Parallel 1),7,Geometric GN_27,-23.517682496079757,-46.69819885811685,Geometric Node,1219,305,457
VP-002-VP-004 (Parallel 1),8,Geometric GN_26,-23.514321479588634,-46.708912098182346,Geometric Node,1219,305,457
VP-002-VP-004 (Parallel 1),9,MARCO_ZERO,-23.512296194319728,-46.72485480432765,Waypoint,1219,305,457
VP-002-VP-004 (Parallel 1),10,Geometric GN_31,-23.514022994171626,-46.735263320477685,Geometric Node,914.4,305,457
VP-002-VP-004 (Parallel 1),11,Geometric GN_32,-23.51412521440881,-46.7454532607564,Geometric Node,914.4,305,457
VP-002-VP-004 (Parallel 1),12,Geometric GN_33,-23.509453432119745,-46.75809802321997,Geometric Node,914.4,305,457
VP-002-VP-004 (Parallel 1),13,Geometric GN_34,-23.500832318592792,-46.761453530510536,Geometric Node,914.4,305,457
VP-002-VP-004 (Parallel 1),14,Geometric GN_35,-23.499507422000907,-46.762902676244245,Geometric Node,914.4,305,457
VP-002-VP-004 (Parallel 1),15,Geometric GN_36,-23.496717011493725,-46.77076998893733,Geometric Node,914.4,305,457
VP-002-VP-004 (Parallel 1),16,PAO_DE_ACUCAR,-23.489930917128433,-46.7748460980334,Waypoint,914.4,305,457
VP-002-VP-004 (Parallel 1),17,VP-004,-23.4786111111111,-46.7811111111111,Vertiport,760,305,457
VP-002-VP-004 (Parallel 2),1,VP-002,-23.5622222222222,-46.655,Vertiport,760,305,457
VP-002-VP-004 (Parallel 2),2,VP-009,-23.559749263251483,-46.671694714455676,Vertiport,760,305,457
VP-002-VP-004 (Parallel 2),3,VD_ANTARTICA,-23.52658701849806,-46.67324228587744,Waypoint,1219,305,457
VP-002-VP-004 (Parallel 2),4,Geometric GN_30,-23.5258389929876,-46.67705136954789,Geometric Node,1219,305,457
VP-002-VP-004 (Parallel 2),5,Geometric GN_29,-23.52482262894674,-46.68314955379333,Geometric Node,1219,305,457
VP-002-VP-004 (Parallel 2),6,Geometric GN_28,-23.52377558221212,-46.69278238375133,Geometric Node,1219,305,457
VP-002-VP-004 (Parallel 2),7,Geometric GN_27,-23.52205520837004,-46.69966387911975,Geometric Node,1219,305,457
VP-002-VP-004 (Parallel 2),8,Geometric GN_26,-23.518789758144766,-46.71007250171285,Geometric Node,1219,305,457
VP-002-VP-004 (Parallel 2),9,MARCO_ZERO,-23.516592694569074,-46.727367417894556,Waypoint,1219,305,457
VP-002-VP-004 (Parallel 2),10,Geometric GN_31,-23.518480331799573,-46.737620862360394,Geometric Node,914.4,305,457
VP-002-VP-004 (Parallel 2),11,Geometric GN_32,-23.518659009094304,-46.74633254723625,Geometric Node,914.4,305,457
VP-002-VP-004 (Parallel 2),12,Geometric GN_33,-23.51307726344506,-46.76223814762554,Geometric Node,914.4,305,457
VP-002-VP-004 (Parallel 2),13,Geometric GN_34,-23.503138252853418,-46.7659596921844,Geometric Node,914.4,305,457
VP-002-VP-004 (Parallel 2),14,Geometric GN_35,-23.503510600518236,-46.76561730974362,Geometric Node,914.4,305,457
VP-002-VP-004 (Parallel 2),15,Geometric GN_36,-23.50047341900809,-46.77432366965997,Geometric Node,914.4,305,457
VP-002-VP-004 (Parallel 2),16,PAO_DE_ACUCAR,-23.493073140423256,-46.77872546080176,Waypoint,914.4,305,457
VP-002-VP-004 (Parallel 2),17,VP-004,-23.4786111111111,-46.7811111111111,Vertiport,760,305,457
VP-002-VP-005 (Parallel 1),1,VP-002,-23.5622222222222,-46.655,Vertiport,760,305,457
VP-002-VP-005 (Parallel 1),2,VP-009,-23.55636184785972,-46.666860841099925,Vertiport,760,305,457
VP-002-VP-005 (Parallel 1),3,VD_ANTARTICA,-23.522857425946338,-46.668424380789155,Waypoint,1219,305,457
VP-002-VP-005 (Parallel 1),4,Geometric GN_30,-23.5213534865182,-46.67608271735251,Geometric Node,1219,305,457
VP-002-VP-005 (Parallel 1),5,Geometric GN_29,-23.52029907971026,-46.68240915820047,Geometric Node,1219,305,457
VP-002-VP-005 (Parallel 1),6,Geometric GN_28,-23.519275355595877,-46.69182742005227,Geometric Node,1219,305,457
VP-002-VP-005 (Parallel 1),7,Geometric GN_27,-23.517682496079757,-46.69819885811685,Geometric Node,1219,305,457
VP-002-VP-005 (Parallel 1),8,Geometric GN_26,-23.514321479588634,-46.708912098182346,Geometric Node,1219,305,457
VP-002-VP-005 (Parallel 1),9,MARCO_ZERO,-23.51212250681928,-46.72622204321651,Waypoint,1219,305,457
VP-002-VP-005 (Parallel 1),10,Geometric GN_25,-23.51606374594118,-46.744986135177214,Geometric Node,1219,305,457
VP-002-VP-005 (Parallel 1),11,CEBOLAO,-23.523610537257223,-46.75132475098874,Waypoint,1219,305,457
VP-002-VP-005 (Parallel 1),12,Geometric GN_95,-23.531514765733224,-46.78514040623323,Geometric Node,914.4,305,457
VP-002-VP-005 (Parallel 1),13,Geometric GN_94,-23.525396003261594,-46.800037359544724,Geometric Node,914.4,305,457
VP-002-VP-005 (Parallel 1),14,RODOANEL_CASTELO,-23.52721994452362,-46.83161175410988,Waypoint,914.4,305,457
VP-002-VP-005 (Parallel 1),15,VP-005,-23.5647222222222,-46.8302777777778,Vertiport,760,305,457
VP-002-VP-005 (Parallel 2),1,VP-002,-23.5622222222222,-46.655,Vertiport,760,305,457
VP-002-VP-005 (Parallel 2),2,VP-009,-23.559749263251483,-46.671694714455676,Vertiport,760,305,457
VP-002-VP-005 (Parallel 2),3,VD_ANTARTICA,-23.52658701849806,-46.67324228587744,Waypoint,1219,305,457
VP-002-VP-005 (Parallel 2),4,Geometric GN_30,-23.5258389929876,-46.67705136954789,Geometric Node,1219,305,457
VP-002-VP-005 (Parallel 2),5,Geometric GN_29,-23.52482262894674,-46.68314955379333,Geometric Node,1219,305,457
VP-002-VP-005 (Parallel 2),6,Geometric GN_28,-23.52377558221212,-46.69278238375133,Geometric Node,1219,305,457
VP-002-VP-005 (Parallel 2),7,Geometric GN_27,-23.52205520837004,-46.69966387911975,Geometric Node,1219,305,457
VP-002-VP-005 (Parallel 2),8,Geometric GN_26,-23.518789758144766,-46.71007250171285,Geometric Node,1219,305,457
VP-002-VP-005 (Parallel 2),9,MARCO_ZERO,-23.51676638206952,-46.726000179005695,Waypoint,1219,305,457
VP-002-VP-005 (Parallel 2),10,Geometric GN_25,-23.520153648065616,-46.74212682564658,Geometric Node,1219,305,457
VP-002-VP-005 (Parallel 2),11,CEBOLAO,-23.528611684964975,-46.74923080456685,Waypoint,1219,305,457
VP-002-VP-005 (Parallel 2),12,Geometric GN_95,-23.535910743800176,-46.786640075771494,Geometric Node,914.4,305,457
VP-002-VP-005 (Parallel 2),13,Geometric GN_94,-23.52972637500093,-46.80169540276628,Geometric Node,914.4,305,457
VP-002-VP-005 (Parallel 2),14,RODOANEL_CASTELO,-23.53290960294407,-46.82747769651087,Waypoint,914.4,305,457
VP-002-VP-005 (Parallel 2),15,VP-005,-23.5647222222222,-46.8302777777778,Vertiport,760,305,457
VP-002-VP-006 (Parallel 1),1,VP-002,-23.5622222222222,-46.655,Vertiport,760,305,457
VP-002-VP-006 (Parallel 1),2,VP-009,-23.55636184785972,-46.666860841099925,Vertiport,760,305,457
VP-002-VP-006 (Parallel 1),3,VD_ANTARTICA,-23.522857425946338,-46.668424380789155,Waypoint,1219,305,457
VP-002-VP-006 (Parallel 1),4,Geometric GN_30,-23.5213534865182,-46.67608271735251,Geometric Node,1219,305,457
VP-002-VP-006 (Parallel 1),5,Geometric GN_29,-23.52029907971026,-46.68240915820047,Geometric Node,1219,305,457
VP-002-VP-006 (Parallel 1),6,Geometric GN_28,-23.519275355595877,-46.69182742005227,Geometric Node,1219,305,457
VP-002-VP-006 (Parallel 1),7,Geometric GN_27,-23.517682496079757,-46.69819885811685,Geometric Node,1219,305,457
VP-002-VP-006 (Parallel 1),8,Geometric GN_26,-23.514321479588634,-46.708912098182346,Geometric Node,1219,305,457
VP-002-VP-006 (Parallel 1),9,MARCO_ZERO,-23.51212250681928,-46.72622204321651,Waypoint,1219,305,457
VP-002-VP-006 (Parallel 1),10,Geometric GN_25,-23.51606374594118,-46.744986135177214,Geometric Node,1219,305,457
VP-002-VP-006 (Parallel 1),11,CEBOLAO,-23.525623394111516,-46.75301536700669,Waypoint,1219,305,457
VP-002-VP-006 (Parallel 1),12,Geometric GN_126,-23.535255230970282,-46.75008200423485,Geometric Node,1219,305,457
VP-002-VP-006 (Parallel 1),13,PONTE_JAGUARE,-23.545034584676422,-46.73917855508615,Waypoint,1219,305,457
VP-002-VP-006 (Parallel 1),14,VP-006,-23.5466666666667,-46.7369444444444,Vertiport,760,305,457
VP-002-VP-006 (Parallel 2),1,VP-002,-23.5622222222222,-46.655,Vertiport,760,305,457
VP-002-VP-006 (Parallel 2),2,VP-009,-23.559749263251483,-46.671694714455676,Vertiport,760,305,457
VP-002-VP-006 (Parallel 2),3,VD_ANTARTICA,-23.52658701849806,-46.67324228587744,Waypoint,1219,305,457
VP-002-VP-006 (Parallel 2),4,Geometric GN_30,-23.5258389929876,-46.67705136954789,Geometric Node,1219,305,457
VP-002-VP-006 (Parallel 2),5,Geometric GN_29,-23.52482262894674,-46.68314955379333,Geometric Node,1219,305,457
VP-002-VP-006 (Parallel 2),6,Geometric GN_28,-23.52377558221212,-46.69278238375133,Geometric Node,1219,305,457
VP-002-VP-006 (Parallel 2),7,Geometric GN_27,-23.52205520837004,-46.69966387911975,Geometric Node,1219,305,457
VP-002-VP-006 (Parallel 2),8,Geometric GN_26,-23.518789758144766,-46.71007250171285,Geometric Node,1219,305,457
VP-002-VP-006 (Parallel 2),9,MARCO_ZERO,-23.51676638206952,-46.726000179005695,Waypoint,1219,305,457
VP-002-VP-006 (Parallel 2),10,Geometric GN_25,-23.520153648065616,-46.74212682564658,Geometric Node,1219,305,457
VP-002-VP-006 (Parallel 2),11,CEBOLAO,-23.526598828110682,-46.7475401885489,Waypoint,1219,305,457
VP-002-VP-006 (Parallel 2),12,Geometric GN_126,-23.53284476902972,-46.74563799576516,Geometric Node,1219,305,457
VP-002-VP-006 (Parallel 2),13,PONTE_JAGUARE,-23.546632081990175,-46.73026588935826,Waypoint,1219,305,457
VP-002-VP-006 (Parallel 2),14,VP-006,-23.5466666666667,-46.7369444444444,Vertiport,760,305,457
VP-002-VP-007 (Parallel 1),1,VP-002,-23.5622222222222,-46.655,Vertiport,760,305,457
VP-002-VP-007 (Parallel 1),2,VP-009,-23.55636184785972,-46.666860841099925,Vertiport,760,305,457
VP-002-VP-007 (Parallel 1),3,VD_ANTARTICA,-23.522857425946338,-46.668424380789155,Waypoint,1219,305,457
VP-002-VP-007 (Parallel 1),4,Geometric GN_30,-23.5213534865182,-46.67608271735251,Geometric Node,1219,305,457
VP-002-VP-007 (Parallel 1),5,Geometric GN_29,-23.52029907971026,-46.68240915820047,Geometric Node,1219,305,457
VP-002-VP-007 (Parallel 1),6,Geometric GN_28,-23.519275355595877,-46.69182742005227,Geometric Node,1219,305,457
VP-002-VP-007 (Parallel 1),7,Geometric GN_27,-23.517682496079757,-46.69819885811685,Geometric Node,1219,305,457
VP-002-VP-007 (Parallel 1),8,Geometric GN_26,-23.514321479588634,-46.708912098182346,Geometric Node,1219,305,457
VP-002-VP-007 (Parallel 1),9,MARCO_ZERO,-23.51212250681928,-46.72622204321651,Waypoint,1219,305,457
VP-002-VP-007 (Parallel 1),10,Geometric GN_25,-23.51606374594118,-46.744986135177214,Geometric Node,1219,305,457
VP-002-VP-007 (Parallel 1),11,CEBOLAO,-23.525623394111516,-46.75301536700669,Waypoint,1219,305,457
VP-002-VP-007 (Parallel 1),12,Geometric GN_126,-23.535255230970282,-46.75008200423485,Geometric Node,1219,305,457
VP-002-VP-007 (Parallel 1),13,PONTE_JAGUARE,-23.547661812105744,-46.736249338949946,Waypoint,1219,305,457
VP-002-VP-007 (Parallel 1),14,Geometric GN_130,-23.562630800377182,-46.70853122413583,Geometric Node,1219,305,457
VP-002-VP-007 (Parallel 1),15,Geometric GN_129,-23.572478256400956,-46.702684297121614,Geometric Node,1219,305,457
VP-002-VP-007 (Parallel 1),16,VP-007,-23.5730555555556,-46.6975,Vertiport,760,305,457
VP-002-VP-007 (Parallel 2),1,VP-002,-23.5622222222222,-46.655,Vertiport,760,305,457
VP-002-VP-007 (Parallel 2),2,VP-009,-23.559749263251483,-46.671694714455676,Vertiport,760,305,457
VP-002-VP-007 (Parallel 2),3,VD_ANTARTICA,-23.52658701849806,-46.67324228587744,Waypoint,1219,305,457
VP-002-VP-007 (Parallel 2),4,Geometric GN_30,-23.5258389929876,-46.67705136954789,Geometric Node,1219,305,457
VP-002-VP-007 (Parallel 2),5,Geometric GN_29,-23.52482262894674,-46.68314955379333,Geometric Node,1219,305,457
VP-002-VP-007 (Parallel 2),6,Geometric GN_28,-23.52377558221212,-46.69278238375133,Geometric Node,1219,305,457
VP-002-VP-007 (Parallel 2),7,Geometric GN_27,-23.52205520837004,-46.69966387911975,Geometric Node,1219,305,457
VP-002-VP-007 (Parallel 2),8,Geometric GN_26,-23.518789758144766,-46.71007250171285,Geometric Node,1219,305,457
VP-002-VP-007 (Parallel 2),9,MARCO_ZERO,-23.51676638206952,-46.726000179005695,Waypoint,1219,305,457
VP-002-VP-007 (Parallel 2),10,Geometric GN_25,-23.520153648065616,-46.74212682564658,Geometric Node,1219,305,457
VP-002-VP-007 (Parallel 2),11,CEBOLAO,-23.526598828110682,-46.7475401885489,Waypoint,1219,305,457
VP-002-VP-007 (Parallel 2),12,Geometric GN_126,-23.53284476902972,-46.74563799576516,Geometric Node,1219,305,457
VP-002-VP-007 (Parallel 2),13,PONTE_JAGUARE,-23.544004854560853,-46.73319510549446,Waypoint,1219,305,457
VP-002-VP-007 (Parallel 2),14,Geometric GN_130,-23.559333763197618,-46.70481052519657,Geometric Node,1219,305,457
VP-002-VP-007 (Parallel 2),15,Geometric GN_129,-23.569365707323044,-46.698854058371985,Geometric Node,1219,305,457
VP-002-VP-007 (Parallel 2),16,VP-007,-23.5730555555556,-46.6975,Vertiport,760,305,457
VP-002-VP-008 (Parallel 1),1,VP-002,-23.5622222222222,-46.655,Vertiport,760,305,457
VP-002-VP-008 (Parallel 1),2,PARQUE_ACLIMACAO,-23.577367173011687,-46.6278305453551,Waypoint,1219,305,457
VP-002-VP-008 (Parallel 1),3,ITAU_CTO,-23.5591386367501,-46.61355152528353,Waypoint,1219,305,457
VP-002-VP-008 (Parallel 1),4,ALCANTARA_MACHADO,-23.55713975464183,-46.61188579019329,Waypoint,1219,305,457
VP-002-VP-008 (Parallel 1),5,VD_SAO_CARLOS,-23.5680227253123,-46.60623501696054,Waypoint,1219,305,457
VP-002-VP-008 (Parallel 1),6,VD_GRANDE_SAO_PAULO,-23.586822804168502,-46.60059499330372,Waypoint,1219,305,457
VP-002-VP-008 (Parallel 1),7,ENTRONCAMENTO,-23.603412367418485,-46.60304263378324,Waypoint,1219,305,457
VP-002-VP-008 (Parallel 1),8,Geometric GN_14,-23.621116487743908,-46.60380520848109,Geometric Node,1219,305,457
VP-002-VP-008 (Parallel 1),9,Geometric GN_13,-23.636903754041633,-46.5976993319687,Geometric Node,1219,305,457
VP-002-VP-008 (Parallel 1),10,Geometric GN_12,-23.64764439105236,-46.585394524519586,Geometric Node,1219,305,457
VP-002-VP-008 (Parallel 1),11,MERCEDES,-23.66600908545243,-46.576132125078445,Waypoint,1219,305,457
VP-002-VP-008 (Parallel 1),12,KENTINHA,-23.719486577288343,-46.60895989234411,Waypoint,1219,305,457
VP-002-VP-008 (Parallel 1),13,PIRATININGA,-23.700824539636233,-46.67387132765597,Waypoint,1219,305,457
VP-002-VP-008 (Parallel 1),14,VP-008,-23.7,-46.6952777777778,Vertiport,760,305,457
VP-002-VP-008 (Parallel 2),1,VP-002,-23.5622222222222,-46.655,Vertiport,760,305,457
VP-002-VP-008 (Parallel 2),2,PARQUE_ACLIMACAO,-23.57152171587711,-46.629391676867094,Waypoint,1219,305,457
VP-002-VP-008 (Parallel 2),3,ITAU_CTO,-23.556416918805503,-46.61755958582767,Waypoint,1219,305,457
VP-002-VP-008 (Parallel 2),4,ALCANTARA_MACHADO,-23.548415800913766,-46.6108919875845,Waypoint,1219,305,457
VP-002-VP-008 (Parallel 2),5,VD_SAO_CARLOS,-23.566421719132098,-46.60154276081727,Waypoint,1219,305,457
VP-002-VP-008 (Parallel 2),6,VD_GRANDE_SAO_PAULO,-23.5865105291649,-46.59551611780747,Waypoint,1219,305,457
VP-002-VP-008 (Parallel 2),7,ENTRONCAMENTO,-23.603809854803714,-46.59806847732796,Waypoint,1219,305,457
VP-002-VP-008 (Parallel 2),8,Geometric GN_14,-23.620417835930493,-46.598783837704914,Geometric Node,1219,305,457
VP-002-VP-008 (Parallel 2),9,Geometric GN_13,-23.634346131314366,-46.5933969360059,Geometric Node,1219,305,457
VP-002-VP-008 (Parallel 2),10,Geometric GN_12,-23.644934434047244,-46.58126664743821,Geometric Node,1219,305,457
VP-002-VP-008 (Parallel 2),11,MERCEDES,-23.66621313676977,-46.57053454158816,Waypoint,1219,305,457
VP-002-VP-008 (Parallel 2),12,KENTINHA,-23.724957867156057,-46.606595663211486,Waypoint,1219,305,457
VP-002-VP-008 (Parallel 2),13,PIRATININGA,-23.705286571474968,-46.67501756123283,Waypoint,1219,305,457
VP-002-VP-008 (Parallel 2),14,VP-008,-23.7,-46.6952777777778,Vertiport,760,305,457
VP-002-VP-009 (Parallel 1),1,VP-002,-23.5622222222222,-46.655,Vertiport,760,305,457
VP-002-VP-009 (Parallel 1),2,VP-009,-23.555877268706457,-46.66852133233179,Vertiport,760,305,457
VP-002-VP-009 (Parallel 1),3,WP 3,-23.5580555555556,-46.6692777777778,Waypoint,1219,305,457
VP-002-VP-009 (Parallel 2),1,VP-002,-23.5622222222222,-46.655,Vertiport,760,305,457
VP-002-VP-009 (Parallel 2),2,VP-009,-23.560233842404745,-46.67003422322381,Vertiport,760,305,457
VP-002-VP-009 (Parallel 2),3,WP 3,-23.5580555555556,-46.6692777777778,Waypoint,1219,305,457
VP-002-VP-010 (Parallel 1),1,VP-002,-23.5622222222222,-46.655,Vertiport,760,305,457
VP-002-VP-010 (Parallel 1),2,VP-009,-23.55636184785972,-46.666860841099925,Vertiport,760,305,457
VP-002-VP-010 (Parallel 1),3,VD_ANTARTICA,-23.522857425946338,-46.668424380789155,Waypoint,1219,305,457
VP-002-VP-010 (Parallel 1),4,Geometric GN_30,-23.5213534865182,-46.67608271735251,Geometric Node,1219,305,457
VP-002-VP-010 (Parallel 1),5,Geometric GN_29,-23.52029907971026,-46.68240915820047,Geometric Node,1219,305,457
VP-002-VP-010 (Parallel 1),6,Geometric GN_28,-23.519275355595877,-46.69182742005227,Geometric Node,1219,305,457
VP-002-VP-010 (Parallel 1),7,Geometric GN_27,-23.517682496079757,-46.69819885811685,Geometric Node,1219,305,457
VP-002-VP-010 (Parallel 1),8,Geometric GN_26,-23.514321479588634,-46.708912098182346,Geometric Node,1219,305,457
VP-002-VP-010 (Parallel 1),9,MARCO_ZERO,-23.512054933670868,-46.726753967713776,Waypoint,1219,305,457
VP-002-VP-010 (Parallel 1),10,VP-010,-23.5261111111111,-46.7438888888889,Vertiport,760,305,457
VP-002-VP-010 (Parallel 2),1,VP-002,-23.5622222222222,-46.655,Vertiport,760,305,457
VP-002-VP-010 (Parallel 2),2,VP-009,-23.559749263251483,-46.671694714455676,Vertiport,760,305,457
VP-002-VP-010 (Parallel 2),3,VD_ANTARTICA,-23.52658701849806,-46.67324228587744,Waypoint,1219,305,457
VP-002-VP-010 (Parallel 2),4,Geometric GN_30,-23.5258389929876,-46.67705136954789,Geometric Node,1219,305,457
VP-002-VP-010 (Parallel 2),5,Geometric GN_29,-23.52482262894674,-46.68314955379333,Geometric Node,1219,305,457
VP-002-VP-010 (Parallel 2),6,Geometric GN_28,-23.52377558221212,-46.69278238375133,Geometric Node,1219,305,457
VP-002-VP-010 (Parallel 2),7,Geometric GN_27,-23.52205520837004,-46.69966387911975,Geometric Node,1219,305,457
VP-002-VP-010 (Parallel 2),8,Geometric GN_26,-23.518789758144766,-46.71007250171285,Geometric Node,1219,305,457
VP-002-VP-010 (Parallel 2),9,MARCO_ZERO,-23.516833955217933,-46.72546825450843,Waypoint,1219,305,457
VP-002-VP-010 (Parallel 2),10,VP-010,-23.5261111111111,-46.7438888888889,Vertiport,760,305,457
VP-002-VP-011 (Parallel 1),1,VP-002,-23.5622222222222,-46.655,Vertiport,760,305,457
VP-002-VP-011 (Parallel 1),2,PARQUE_ACLIMACAO,-23.577367173011687,-46.6278305453551,Waypoint,1219,305,457
VP-002-VP-011 (Parallel 1),3,ITAU_CTO,-23.5591386367501,-46.61355152528353,Waypoint,1219,305,457
VP-002-VP-011 (Parallel 1),4,ALCANTARA_MACHADO,-23.55713975464183,-46.61188579019329,Waypoint,1219,305,457
VP-002-VP-011 (Parallel 1),5,VD_SAO_CARLOS,-23.5680227253123,-46.60623501696054,Waypoint,1219,305,457
VP-002-VP-011 (Parallel 1),6,VD_GRANDE_SAO_PAULO,-23.586822804168502,-46.60059499330372,Waypoint,1219,305,457
VP-002-VP-011 (Parallel 1),7,ENTRONCAMENTO,-23.603412367418485,-46.60304263378324,Waypoint,1219,305,457
VP-002-VP-011 (Parallel 1),8,Geometric GN_14,-23.621116487743908,-46.60380520848109,Geometric Node,1219,305,457
VP-002-VP-011 (Parallel 1),9,Geometric GN_13,-23.636903754041633,-46.5976993319687,Geometric Node,1219,305,457
VP-002-VP-011 (Parallel 1),10,Geometric GN_12,-23.64764439105236,-46.585394524519586,Geometric Node,1219,305,457
VP-002-VP-011 (Parallel 1),11,MERCEDES,-23.66600908545243,-46.576132125078445,Waypoint,1219,305,457
VP-002-VP-011 (Parallel 1),12,KENTINHA,-23.719486577288343,-46.60895989234411,Waypoint,1219,305,457
VP-002-VP-011 (Parallel 1),13,PIRATININGA,-23.7007695555556,-46.674062576632075,Waypoint,1219,305,457
VP-002-VP-011 (Parallel 1),14,VP-011,-23.7030555555556,-46.6925,Vertiport,760,305,457
VP-002-VP-011 (Parallel 2),1,VP-002,-23.5622222222222,-46.655,Vertiport,760,305,457
VP-002-VP-011 (Parallel 2),2,PARQUE_ACLIMACAO,-23.57152171587711,-46.629391676867094,Waypoint,1219,305,457
VP-002-VP-011 (Parallel 2),3,ITAU_CTO,-23.556416918805503,-46.61755958582767,Waypoint,1219,305,457
VP-002-VP-011 (Parallel 2),4,ALCANTARA_MACHADO,-23.548415800913766,-46.6108919875845,Waypoint,1219,305,457
VP-002-VP-011 (Parallel 2),5,VD_SAO_CARLOS,-23.566421719132098,-46.60154276081727,Waypoint,1219,305,457
VP-002-VP-011 (Parallel 2),6,VD_GRANDE_SAO_PAULO,-23.5865105291649,-46.59551611780747,Waypoint,1219,305,457
VP-002-VP-011 (Parallel 2),7,ENTRONCAMENTO,-23.603809854803714,-46.59806847732796,Waypoint,1219,305,457
VP-002-VP-011 (Parallel 2),8,Geometric GN_14,-23.620417835930493,-46.598783837704914,Geometric Node,1219,305,457
VP-002-VP-011 (Parallel 2),9,Geometric GN_13,-23.634346131314366,-46.5933969360059,Geometric Node,1219,305,457
VP-002-VP-011 (Parallel 2),10,Geometric GN_12,-23.644934434047244,-46.58126664743821,Geometric Node,1219,305,457
VP-002-VP-011 (Parallel 2),11,MERCEDES,-23.66621313676977,-46.57053454158816,Waypoint,1219,305,457
VP-002-VP-011 (Parallel 2),12,KENTINHA,-23.724957867156057,-46.606595663211486,Waypoint,1219,305,457
VP-002-VP-011 (Parallel 2),13,PIRATININGA,-23.705341555555602,-46.67482631225672,Waypoint,1219,305,457
VP-002-VP-011 (Parallel 2),14,VP-011,-23.7030555555556,-46.6925,Vertiport,760,305,457
VP-002-VP-012 (Parallel 1),1,VP-002,-23.5622222222222,-46.655,Vertiport,760,305,457
VP-002-VP-012 (Parallel 1),2,ANA_ROSA,-23.581615904174935,-46.64176541246878,Waypoint,1219,305,457
VP-002-VP-012 (Parallel 1),3,CEBOLINHA,-23.58922847262852,-46.651553000480455,Waypoint,1219,305,457
VP-002-VP-012 (Parallel 1),4,VP-012,-23.5866666666667,-46.6816666666667,Vertiport,760,305,457
VP-002-VP-012 (Parallel 2),1,VP-002,-23.5622222222222,-46.655,Vertiport,760,305,457
VP-002-VP-012 (Parallel 2),2,ANA_ROSA,-23.582272984713864,-46.63490125419782,Waypoint,1219,305,457
VP-002-VP-012 (Parallel 2),3,CEBOLINHA,-23.59410486070488,-46.65011366618615,Waypoint,1219,305,457
VP-002-VP-012 (Parallel 2),4,VP-012,-23.5866666666667,-46.6816666666667,Vertiport,760,305,457
VP-003-VP-004 (Parallel 1),1,VP-003,-23.5911111111111,-46.6855555555556,Vertiport,760,305,457
VP-003-VP-004 (Parallel 1),2,Geometric GN_128,-23.58410280311103,-46.6900754334762,Geometric Node,1219,305,457
VP-003-VP-004 (Parallel 1),3,Geometric GN_129,-23.56982770155641,-46.698579749295924,Geometric Node,1219,305,457
VP-003-VP-004 (Parallel 1),4,Geometric GN_130,-23.559333763197618,-46.70481052519657,Geometric Node,1219,305,457
VP-003-VP-004 (Parallel 1),5,PONTE_JAGUARE,-23.544004854560853,-46.73319510549446,Waypoint,1219,305,457
VP-003-VP-004 (Parallel 1),6,Geometric GN_126,-23.53284476902972,-46.74563799576516,Geometric Node,1219,305,457
VP-003-VP-004 (Parallel 1),7,CEBOLAO,-23.526598828110682,-46.7475401885489,Waypoint,1219,305,457
VP-003-VP-004 (Parallel 1),8,Geometric GN_25,-23.520153648065616,-46.74212682564658,Geometric Node,1219,305,457
VP-003-VP-004 (Parallel 1),9,MARCO_ZERO,-23.51581295517054,-46.72146094922112,Waypoint,1219,305,457
VP-003-VP-004 (Parallel 1),10,Geometric GN_31,-23.514022994171626,-46.735263320477685,Geometric Node,914.4,305,457
VP-003-VP-004 (Parallel 1),11,Geometric GN_32,-23.51412521440881,-46.7454532607564,Geometric Node,914.4,305,457
VP-003-VP-004 (Parallel 1),12,Geometric GN_33,-23.509453432119745,-46.75809802321997,Geometric Node,914.4,305,457
VP-003-VP-004 (Parallel 1),13,Geometric GN_34,-23.500832318592792,-46.761453530510536,Geometric Node,914.4,305,457
VP-003-VP-004 (Parallel 1),14,Geometric GN_35,-23.499507422000907,-46.762902676244245,Geometric Node,914.4,305,457
VP-003-VP-004 (Parallel 1),15,Geometric GN_36,-23.496717011493725,-46.77076998893733,Geometric Node,914.4,305,457
VP-003-VP-004 (Parallel 1),16,PAO_DE_ACUCAR,-23.489930917128433,-46.7748460980334,Waypoint,914.4,305,457
VP-003-VP-004 (Parallel 1),17,VP-004,-23.4786111111111,-46.7811111111111,Vertiport,760,305,457
VP-003-VP-004 (Parallel 2),1,VP-003,-23.5911111111111,-46.6855555555556,Vertiport,760,305,457
VP-003-VP-004 (Parallel 2),2,Geometric GN_128,-23.586939029582368,-46.694068446886796,Geometric Node,1219,305,457
VP-003-VP-004 (Parallel 2),3,Geometric GN_129,-23.57201626216759,-46.702958606197676,Geometric Node,1219,305,457
VP-003-VP-004 (Parallel 2),4,Geometric GN_130,-23.562630800377182,-46.70853122413583,Geometric Node,1219,305,457
VP-003-VP-004 (Parallel 2),5,PONTE_JAGUARE,-23.547661812105744,-46.736249338949946,Waypoint,1219,305,457
VP-003-VP-004 (Parallel 2),6,Geometric GN_126,-23.535255230970282,-46.75008200423485,Geometric Node,1219,305,457
VP-003-VP-004 (Parallel 2),7,CEBOLAO,-23.525623394111516,-46.75301536700669,Waypoint,1219,305,457
VP-003-VP-004 (Parallel 2),8,Geometric GN_25,-23.51606374594118,-46.744986135177214,Geometric Node,1219,305,457
VP-003-VP-004 (Parallel 2),9,MARCO_ZERO,-23.513075933718262,-46.730761273001086,Waypoint,1219,305,457
VP-003-VP-004 (Parallel 2),10,Geometric GN_31,-23.518480331799573,-46.737620862360394,Geometric Node,914.4,305,457
VP-003-VP-004 (Parallel 2),11,Geometric GN_32,-23.518659009094304,-46.74633254723625,Geometric Node,914.4,305,457
VP-003-VP-004 (Parallel 2),12,Geometric GN_33,-23.51307726344506,-46.76223814762554,Geometric Node,914.4,305,457
VP-003-VP-004 (Parallel 2),13,Geometric GN_34,-23.503138252853418,-46.7659596921844,Geometric Node,914.4,305,457
VP-003-VP-004 (Parallel 2),14,Geometric GN_35,-23.503510600518236,-46.76561730974362,Geometric Node,914.4,305,457
VP-003-VP-004 (Parallel 2),15,Geometric GN_36,-23.50047341900809,-46.77432366965997,Geometric Node,914.4,305,457
VP-003-VP-004 (Parallel 2),16,PAO_DE_ACUCAR,-23.493073140423256,-46.77872546080176,Waypoint,914.4,305,457
VP-003-VP-004 (Parallel 2),17,VP-004,-23.4786111111111,-46.7811111111111,Vertiport,760,305,457
VP-003-VP-005 (Parallel 1),1,VP-003,-23.5911111111111,-46.6855555555556,Vertiport,760,305,457
VP-003-VP-005 (Parallel 1),2,PONTE_ESTAIADA,-23.61036994370059,-46.70079334234522,Waypoint,1219,305,457
VP-003-VP-005 (Parallel 1),3,AVENIDA_MORUMBI,-23.609389520520164,-46.71255842051052,Waypoint,1219,305,457
VP-003-VP-005 (Parallel 1),4,EXTRA_TABOAO,-23.606354090644885,-46.75119116437716,Waypoint,1219,305,457
VP-003-VP-005 (Parallel 1),5,RODOANEL_RAPOSO,-23.59027412529078,-46.80869748115197,Waypoint,1219,305,457
VP-003-VP-005 (Parallel 1),6,VP-005,-23.5647222222222,-46.8302777777778,Vertiport,760,305,457
VP-003-VP-005 (Parallel 2),1,VP-003,-23.5911111111111,-46.6855555555556,Vertiport,760,305,457
VP-003-VP-005 (Parallel 2),2,PONTE_ESTAIADA,-23.61518561185501,-46.698095546543584,Waypoint,1219,305,457
VP-003-VP-005 (Parallel 2),3,AVENIDA_MORUMBI,-23.613943812813236,-46.712997135045086,Waypoint,1219,305,457
VP-003-VP-005 (Parallel 2),4,EXTRA_TABOAO,-23.610868131577313,-46.75214216895624,Waypoint,1219,305,457
VP-003-VP-005 (Parallel 2),5,RODOANEL_RAPOSO,-23.594170319153623,-46.81185807440363,Waypoint,1219,305,457
VP-003-VP-005 (Parallel 2),6,VP-005,-23.5647222222222,-46.8302777777778,Vertiport,760,305,457
VP-003-VP-006 (Parallel 1),1,VP-003,-23.5911111111111,-46.6855555555556,Vertiport,760,305,457
VP-003-VP-006 (Parallel 1),2,Geometric GN_128,-23.58410280311103,-46.6900754334762,Geometric Node,1219,305,457
VP-003-VP-006 (Parallel 1),3,Geometric GN_129,-23.56982770155641,-46.698579749295924,Geometric Node,1219,305,457
VP-003-VP-006 (Parallel 1),4,Geometric GN_130,-23.559333763197618,-46.70481052519657,Geometric Node,1219,305,457
VP-003-VP-006 (Parallel 1),5,PONTE_JAGUARE,-23.54328833441581,-46.734521887724945,Waypoint,1219,305,457
VP-003-VP-006 (Parallel 1),6,VP-006,-23.5466666666667,-46.7369444444444,Vertiport,760,305,457
VP-003-VP-006 (Parallel 2),1,VP-003,-23.5911111111111,-46.6855555555556,Vertiport,760,305,457
VP-003-VP-006 (Parallel 2),2,Geometric GN_128,-23.586939029582368,-46.694068446886796,Geometric Node,1219,305,457
VP-003-VP-006 (Parallel 2),3,Geometric GN_129,-23.57201626216759,-46.702958606197676,Geometric Node,1219,305,457
VP-003-VP-006 (Parallel 2),4,Geometric GN_130,-23.562630800377182,-46.70853122413583,Geometric Node,1219,305,457
VP-003-VP-006 (Parallel 2),5,PONTE_JAGUARE,-23.54837833225079,-46.73492255671946,Waypoint,1219,305,457
VP-003-VP-006 (Parallel 2),6,VP-006,-23.5466666666667,-46.7369444444444,Vertiport,760,305,457
VP-003-VP-007 (Parallel 1),1,VP-003,-23.5911111111111,-46.6855555555556,Vertiport,760,305,457
VP-003-VP-007 (Parallel 1),2,Geometric GN_128,-23.58410280311103,-46.6900754334762,Geometric Node,1219,305,457
VP-003-VP-007 (Parallel 1),3,Geometric GN_129,-23.57854717535465,-46.69338516916083,Geometric Node,1219,305,457
VP-003-VP-007 (Parallel 1),4,VP-007,-23.5730555555556,-46.6975,Vertiport,760,305,457
VP-003-VP-007 (Parallel 2),1,VP-003,-23.5911111111111,-46.6855555555556,Vertiport,760,305,457
VP-003-VP-007 (Parallel 2),2,Geometric GN_128,-23.586939029582368,-46.694068446886796,Geometric Node,1219,305,457
VP-003-VP-007 (Parallel 2),3,Geometric GN_129,-23.56329678836935,-46.70815318633277,Geometric Node,1219,305,457
VP-003-VP-007 (Parallel 2),4,VP-007,-23.5730555555556,-46.6975,Vertiport,760,305,457
VP-003-VP-008 (Parallel 1),1,VP-003,-23.5911111111111,-46.6855555555556,Vertiport,760,305,457
VP-003-VP-008 (Parallel 1),2,PONTE_ESTAIADA,-23.611889575389952,-46.70176746522301,Waypoint,1219,305,457
VP-003-VP-008 (Parallel 1),3,Geometric GN_127,-23.619419895770488,-46.703944069624775,Geometric Node,1219,305,457
VP-003-VP-008 (Parallel 1),4,GRANJA_JULIETA,-23.625206375304394,-46.7136015957552,Waypoint,1219,305,457
VP-003-VP-008 (Parallel 1),5,Geometric GN_75,-23.640026920157847,-46.72758610140735,Geometric Node,1219,305,457
VP-003-VP-008 (Parallel 1),6,EMPRESARIAL,-23.65321313243033,-46.72574789547035,Waypoint,1219,305,457
VP-003-VP-008 (Parallel 1),7,VP-008,-23.7,-46.6952777777778,Vertiport,760,305,457
VP-003-VP-008 (Parallel 2),1,VP-003,-23.5911111111111,-46.6855555555556,Vertiport,760,305,457
VP-003-VP-008 (Parallel 2),2,PONTE_ESTAIADA,-23.61366598016565,-46.6971214236658,Waypoint,1219,305,457
VP-003-VP-008 (Parallel 2),3,Geometric GN_127,-23.622286992141515,-46.69961328744663,Geometric Node,1219,305,457
VP-003-VP-008 (Parallel 2),4,GRANJA_JULIETA,-23.62868251358441,-46.7102872931336,Waypoint,1219,305,457
VP-003-VP-008 (Parallel 2),5,Geometric GN_75,-23.641473280900353,-46.72235652267906,Geometric Node,1219,305,457
VP-003-VP-008 (Parallel 2),6,EMPRESARIAL,-23.65178686756967,-46.72091877119625,Waypoint,1219,305,457
VP-003-VP-008 (Parallel 2),7,VP-008,-23.7,-46.6952777777778,Vertiport,760,305,457
VP-003-VP-009 (Parallel 1),1,VP-003,-23.5911111111111,-46.6855555555556,Vertiport,760,305,457
VP-003-VP-009 (Parallel 1),2,CEBOLINHA,-23.594026603946844,-46.64623401375824,Waypoint,1219,305,457
VP-003-VP-009 (Parallel 1),3,Geometric GN_133,-23.580448517696226,-46.6556796985332,Geometric Node,1219,305,457
VP-003-VP-009 (Parallel 1),4,Geometric GN_134,-23.570097488954858,-46.66846165069117,Geometric Node,1219,305,457
VP-003-VP-009 (Parallel 1),5,Geometric GN_135,-23.563081972079665,-46.67489737278324,Geometric Node,1219,305,457
VP-003-VP-009 (Parallel 1),6,VP-009,-23.5580555555556,-46.6692777777778,Vertiport,760,305,457
VP-003-VP-009 (Parallel 2),1,VP-003,-23.5911111111111,-46.6855555555556,Vertiport,760,305,457
VP-003-VP-009 (Parallel 2),2,CEBOLINHA,-23.589306729386557,-46.65543265290837,Waypoint,1219,305,457
VP-003-VP-009 (Parallel 2),3,Geometric GN_133,-23.583449155568573,-46.659507512561596,Geometric Node,1219,305,457
VP-003-VP-009 (Parallel 2),4,Geometric GN_134,-23.573299552905944,-46.67204073403143,Geometric Node,1219,305,457
VP-003-VP-009 (Parallel 2),5,Geometric GN_135,-23.561522824327334,-46.68284417925636,Geometric Node,1219,305,457
VP-003-VP-009 (Parallel 2),6,VP-009,-23.5580555555556,-46.6692777777778,Vertiport,760,305,457
VP-003-VP-010 (Parallel 1),1,VP-003,-23.5911111111111,-46.6855555555556,Vertiport,760,305,457
VP-003-VP-010 (Parallel 1),2,Geometric GN_128,-23.58410280311103,-46.6900754334762,Geometric Node,1219,305,457
VP-003-VP-010 (Parallel 1),3,Geometric GN_129,-23.56982770155641,-46.698579749295924,Geometric Node,1219,305,457
VP-003-VP-010 (Parallel 1),4,Geometric GN_130,-23.559333763197618,-46.70481052519657,Geometric Node,1219,305,457
VP-003-VP-010 (Parallel 1),5,PONTE_JAGUARE,-23.544004854560853,-46.73319510549446,Waypoint,1219,305,457
VP-003-VP-010 (Parallel 1),6,Geometric GN_126,-23.53284476902972,-46.74563799576516,Geometric Node,1219,305,457
VP-003-VP-010 (Parallel 1),7,CEBOLAO,-23.5283971111111,-46.74699252391505,Waypoint,1219,305,457
VP-003-VP-010 (Parallel 1),8,VP-010,-23.5261111111111,-46.7438888888889,Vertiport,760,305,457
VP-003-VP-010 (Parallel 2),1,VP-003,-23.5911111111111,-46.6855555555556,Vertiport,760,305,457
VP-003-VP-010 (Parallel 2),2,Geometric GN_128,-23.586939029582368,-46.694068446886796,Geometric Node,1219,305,457
VP-003-VP-010 (Parallel 2),3,Geometric GN_129,-23.57201626216759,-46.702958606197676,Geometric Node,1219,305,457
VP-003-VP-010 (Parallel 2),4,Geometric GN_130,-23.562630800377182,-46.70853122413583,Geometric Node,1219,305,457
VP-003-VP-010 (Parallel 2),5,PONTE_JAGUARE,-23.547661812105744,-46.736249338949946,Waypoint,1219,305,457
VP-003-VP-010 (Parallel 2),6,Geometric GN_126,-23.535255230970282,-46.75008200423485,Geometric Node,1219,305,457
VP-003-VP-010 (Parallel 2),7,CEBOLAO,-23.523825111111098,-46.753563031640546,Waypoint,1219,305,457
VP-003-VP-010 (Parallel 2),8,VP-010,-23.5261111111111,-46.7438888888889,Vertiport,760,305,457
VP-003-VP-011 (Parallel 1),1,VP-003,-23.5911111111111,-46.6855555555556,Vertiport,760,305,457
VP-003-VP-011 (Parallel 1),2,PONTE_ESTAIADA,-23.611889575389952,-46.70176746522301,Waypoint,1219,305,457
VP-003-VP-011 (Parallel 1),3,Geometric GN_127,-23.619419895770488,-46.703944069624775,Geometric Node,1219,305,457
VP-003-VP-011 (Parallel 1),4,GRANJA_JULIETA,-23.625206375304394,-46.7136015957552,Waypoint,1219,305,457
VP-003-VP-011 (Parallel 1),5,Geometric GN_75,-23.640026920157847,-46.72758610140735,Geometric Node,1219,305,457
VP-003-VP-011 (Parallel 1),6,EMPRESARIAL,-23.653229042761836,-46.725745677512286,Waypoint,1219,305,457
VP-003-VP-011 (Parallel 1),7,VP-011,-23.7030555555556,-46.6925,Vertiport,760,305,457
VP-003-VP-011 (Parallel 2),1,VP-003,-23.5911111111111,-46.6855555555556,Vertiport,760,305,457
VP-003-VP-011 (Parallel 2),2,PONTE_ESTAIADA,-23.61366598016565,-46.6971214236658,Waypoint,1219,305,457
VP-003-VP-011 (Parallel 2),3,Geometric GN_127,-23.622286992141515,-46.69961328744663,Geometric Node,1219,305,457
VP-003-VP-011 (Parallel 2),4,GRANJA_JULIETA,-23.62868251358441,-46.7102872931336,Waypoint,1219,305,457
VP-003-VP-011 (Parallel 2),5,Geometric GN_75,-23.641473280900353,-46.72235652267906,Geometric Node,1219,305,457
VP-003-VP-011 (Parallel 2),6,EMPRESARIAL,-23.651770957238163,-46.720920989154315,Waypoint,1219,305,457
VP-003-VP-011 (Parallel 2),7,VP-011,-23.7030555555556,-46.6925,Vertiport,760,305,457
VP-003-VP-012 (Parallel 1),1,VP-003,-23.5911111111111,-46.6855555555556,Vertiport,760,305,457
VP-003-VP-012 (Parallel 1),2,VP-012,-23.588097026512283,-46.67972143352711,Vertiport,760,305,457
VP-003-VP-012 (Parallel 1),3,WP 3,-23.5866666666667,-46.6816666666667,Waypoint,1219,305,457
VP-003-VP-012 (Parallel 2),1,VP-003,-23.5911111111111,-46.6855555555556,Vertiport,760,305,457
VP-003-VP-012 (Parallel 2),2,VP-012,-23.58523630682112,-46.683611899806294,Vertiport,760,305,457
VP-003-VP-012 (Parallel 2),3,WP 3,-23.5866666666667,-46.6816666666667,Waypoint,1219,305,457
VP-004-VP-005 (Parallel 1),1,VP-004,-23.4786111111111,-46.7811111111111,Vertiport,760,305,457
VP-004-VP-005 (Parallel 1),2,IMPERIAL,-23.479928950546952,-46.81385369960042,Waypoint,914.4,305,457
VP-004-VP-005 (Parallel 1),3,Geometric GN_108,-23.494806679858392,-46.83169886123875,Geometric Node,914.4,305,457
VP-004-VP-005 (Parallel 1),4,RODOANEL_CASTELO,-23.529803430030952,-46.83202321524125,Waypoint,914.4,305,457
VP-004-VP-005 (Parallel 1),5,VP-005,-23.5647222222222,-46.8302777777778,Vertiport,760,305,457
VP-004-VP-005 (Parallel 2),1,VP-004,-23.4786111111111,-46.7811111111111,Vertiport,760,305,457
VP-004-VP-005 (Parallel 2),2,IMPERIAL,-23.483821783773077,-46.81114081009397,Waypoint,914.4,305,457
VP-004-VP-005 (Parallel 2),3,Geometric GN_108,-23.497049251314102,-46.82690019368555,Geometric Node,914.4,305,457
VP-004-VP-005 (Parallel 2),4,RODOANEL_CASTELO,-23.530326117436736,-46.82706623535202,Waypoint,914.4,305,457
VP-004-VP-005 (Parallel 2),5,VP-005,-23.5647222222222,-46.8302777777778,Vertiport,760,305,457
VP-004-VP-006 (Parallel 1),1,VP-004,-23.4786111111111,-46.7811111111111,Vertiport,760,305,457
VP-004-VP-006 (Parallel 1),2,PAO_DE_ACUCAR,-23.493073140423256,-46.77872546080176,Waypoint,914.4,305,457
VP-004-VP-006 (Parallel 1),3,Geometric GN_36,-23.50047341900809,-46.77432366965997,Geometric Node,914.4,305,457
VP-004-VP-006 (Parallel 1),4,Geometric GN_35,-23.503510600518236,-46.76561730974362,Geometric Node,914.4,305,457
VP-004-VP-006 (Parallel 1),5,Geometric GN_34,-23.503138252853418,-46.7659596921844,Geometric Node,914.4,305,457
VP-004-VP-006 (Parallel 1),6,Geometric GN_33,-23.51307726344506,-46.76223814762554,Geometric Node,914.4,305,457
VP-004-VP-006 (Parallel 1),7,Geometric GN_32,-23.518659009094304,-46.74633254723625,Geometric Node,914.4,305,457
VP-004-VP-006 (Parallel 1),8,Geometric GN_31,-23.518480331799573,-46.737620862360394,Geometric Node,914.4,305,457
VP-004-VP-006 (Parallel 1),9,MARCO_ZERO,-23.513075933718262,-46.730761273001086,Waypoint,1219,305,457
VP-004-VP-006 (Parallel 1),10,Geometric GN_25,-23.51606374594118,-46.744986135177214,Geometric Node,1219,305,457
VP-004-VP-006 (Parallel 1),11,CEBOLAO,-23.525623394111516,-46.75301536700669,Waypoint,1219,305,457
VP-004-VP-006 (Parallel 1),12,Geometric GN_126,-23.535255230970282,-46.75008200423485,Geometric Node,1219,305,457
VP-004-VP-006 (Parallel 1),13,PONTE_JAGUARE,-23.545034584676422,-46.73917855508615,Waypoint,1219,305,457
VP-004-VP-006 (Parallel 1),14,VP-006,-23.5466666666667,-46.7369444444444,Vertiport,760,305,457
VP-004-VP-006 (Parallel 2),1,VP-004,-23.4786111111111,-46.7811111111111,Vertiport,760,305,457
VP-004-VP-006 (Parallel 2),2,PAO_DE_ACUCAR,-23.489930917128433,-46.7748460980334,Waypoint,914.4,305,457
VP-004-VP-006 (Parallel 2),3,Geometric GN_36,-23.496717011493725,-46.77076998893733,Geometric Node,914.4,305,457
VP-004-VP-006 (Parallel 2),4,Geometric GN_35,-23.499507422000907,-46.762902676244245,Geometric Node,914.4,305,457
VP-004-VP-006 (Parallel 2),5,Geometric GN_34,-23.500832318592792,-46.761453530510536,Geometric Node,914.4,305,457
VP-004-VP-006 (Parallel 2),6,Geometric GN_33,-23.509453432119745,-46.75809802321997,Geometric Node,914.4,305,457
VP-004-VP-006 (Parallel 2),7,Geometric GN_32,-23.51412521440881,-46.7454532607564,Geometric Node,914.4,305,457
VP-004-VP-006 (Parallel 2),8,Geometric GN_31,-23.514022994171626,-46.735263320477685,Geometric Node,914.4,305,457
VP-004-VP-006 (Parallel 2),9,MARCO_ZERO,-23.51581295517054,-46.72146094922112,Waypoint,1219,305,457
VP-004-VP-006 (Parallel 2),10,Geometric GN_25,-23.520153648065616,-46.74212682564658,Geometric Node,1219,305,457
VP-004-VP-006 (Parallel 2),11,CEBOLAO,-23.526598828110682,-46.7475401885489,Waypoint,1219,305,457
VP-004-VP-006 (Parallel 2),12,Geometric GN_126,-23.53284476902972,-46.74563799576516,Geometric Node,1219,305,457
VP-004-VP-006 (Parallel 2),13,PONTE_JAGUARE,-23.546632081990175,-46.73026588935826,Waypoint,1219,305,457
VP-004-VP-006 (Parallel 2),14,VP-006,-23.5466666666667,-46.7369444444444,Vertiport,760,305,457
VP-004-VP-007 (Parallel 1),1,VP-004,-23.4786111111111,-46.7811111111111,Vertiport,760,305,457
VP-004-VP-007 (Parallel 1),2,PAO_DE_ACUCAR,-23.493073140423256,-46.77872546080176,Waypoint,914.4,305,457
VP-004-VP-007 (Parallel 1),3,Geometric GN_36,-23.50047341900809,-46.77432366965997,Geometric Node,914.4,305,457
VP-004-VP-007 (Parallel 1),4,Geometric GN_35,-23.503510600518236,-46.76561730974362,Geometric Node,914.4,305,457
VP-004-VP-007 (Parallel 1),5,Geometric GN_34,-23.503138252853418,-46.7659596921844,Geometric Node,914.4,305,457
VP-004-VP-007 (Parallel 1),6,Geometric GN_33,-23.51307726344506,-46.76223814762554,Geometric Node,914.4,305,457
VP-004-VP-007 (Parallel 1),7,Geometric GN_32,-23.518659009094304,-46.74633254723625,Geometric Node,914.4,305,457
VP-004-VP-007 (Parallel 1),8,Geometric GN_31,-23.518480331799573,-46.737620862360394,Geometric Node,914.4,305,457
VP-004-VP-007 (Parallel 1),9,MARCO_ZERO,-23.513075933718262,-46.730761273001086,Waypoint,1219,305,457
VP-004-VP-007 (Parallel 1),10,Geometric GN_25,-23.51606374594118,-46.744986135177214,Geometric Node,1219,305,457
VP-004-VP-007 (Parallel 1),11,CEBOLAO,-23.525623394111516,-46.75301536700669,Waypoint,1219,305,457
VP-004-VP-007 (Parallel 1),12,Geometric GN_126,-23.535255230970282,-46.75008200423485,Geometric Node,1219,305,457
VP-004-VP-007 (Parallel 1),13,PONTE_JAGUARE,-23.547661812105744,-46.736249338949946,Waypoint,1219,305,457
VP-004-VP-007 (Parallel 1),14,Geometric GN_130,-23.562630800377182,-46.70853122413583,Geometric Node,1219,305,457
VP-004-VP-007 (Parallel 1),15,Geometric GN_129,-23.572478256400956,-46.702684297121614,Geometric Node,1219,305,457
VP-004-VP-007 (Parallel 1),16,VP-007,-23.5730555555556,-46.6975,Vertiport,760,305,457
VP-004-VP-007 (Parallel 2),1,VP-004,-23.4786111111111,-46.7811111111111,Vertiport,760,305,457
VP-004-VP-007 (Parallel 2),2,PAO_DE_ACUCAR,-23.489930917128433,-46.7748460980334,Waypoint,914.4,305,457
VP-004-VP-007 (Parallel 2),3,Geometric GN_36,-23.496717011493725,-46.77076998893733,Geometric Node,914.4,305,457
VP-004-VP-007 (Parallel 2),4,Geometric GN_35,-23.499507422000907,-46.762902676244245,Geometric Node,914.4,305,457
VP-004-VP-007 (Parallel 2),5,Geometric GN_34,-23.500832318592792,-46.761453530510536,Geometric Node,914.4,305,457
VP-004-VP-007 (Parallel 2),6,Geometric GN_33,-23.509453432119745,-46.75809802321997,Geometric Node,914.4,305,457
VP-004-VP-007 (Parallel 2),7,Geometric GN_32,-23.51412521440881,-46.7454532607564,Geometric Node,914.4,305,457
VP-004-VP-007 (Parallel 2),8,Geometric GN_31,-23.514022994171626,-46.735263320477685,Geometric Node,914.4,305,457
VP-004-VP-007 (Parallel 2),9,MARCO_ZERO,-23.51581295517054,-46.72146094922112,Waypoint,1219,305,457
VP-004-VP-007 (Parallel 2),10,Geometric GN_25,-23.520153648065616,-46.74212682564658,Geometric Node,1219,305,457
VP-004-VP-007 (Parallel 2),11,CEBOLAO,-23.526598828110682,-46.7475401885489,Waypoint,1219,305,457
VP-004-VP-007 (Parallel 2),12,Geometric GN_126,-23.53284476902972,-46.74563799576516,Geometric Node,1219,305,457
VP-004-VP-007 (Parallel 2),13,PONTE_JAGUARE,-23.544004854560853,-46.73319510549446,Waypoint,1219,305,457
VP-004-VP-007 (Parallel 2),14,Geometric GN_130,-23.559333763197618,-46.70481052519657,Geometric Node,1219,305,457
VP-004-VP-007 (Parallel 2),15,Geometric GN_129,-23.569365707323044,-46.698854058371985,Geometric Node,1219,305,457
VP-004-VP-007 (Parallel 2),16,VP-007,-23.5730555555556,-46.6975,Vertiport,760,305,457
VP-004-VP-008 (Parallel 1),1,VP-004,-23.4786111111111,-46.7811111111111,Vertiport,760,305,457
VP-004-VP-008 (Parallel 1),2,IMPERIAL,-23.479928950546952,-46.81385369960042,Waypoint,914.4,305,457
VP-004-VP-008 (Parallel 1),3,Geometric GN_108,-23.494806679858392,-46.83169886123875,Geometric Node,914.4,305,457
VP-004-VP-008 (Parallel 1),4,RODOANEL_CASTELO,-23.53073164959065,-46.83210865101813,Waypoint,914.4,305,457
VP-004-VP-008 (Parallel 1),5,Geometric GN_93,-23.531062244638914,-46.80916355751447,Geometric Node,914.4,305,457
VP-004-VP-008 (Parallel 1),6,Geometric GN_92,-23.561842009329553,-46.81328004234632,Geometric Node,914.4,305,457
VP-004-VP-008 (Parallel 1),7,Geometric GN_91,-23.57144178870282,-46.81628544436145,Geometric Node,1219,305,457
VP-004-VP-008 (Parallel 1),8,Geometric GN_90,-23.580304023159158,-46.811005815323625,Geometric Node,1219,305,457
VP-004-VP-008 (Parallel 1),9,RODOANEL_RAPOSO,-23.59384041556784,-46.81303789909177,Waypoint,1219,305,457
VP-004-VP-008 (Parallel 1),10,EXTRA_TABOAO,-23.610474939439754,-46.75354833066853,Waypoint,1219,305,457
VP-004-VP-008 (Parallel 1),11,Geometric GN_89,-23.64039748105766,-46.740759337322125,Geometric Node,1219,305,457
VP-004-VP-008 (Parallel 1),12,EMPRESARIAL,-23.653904485029354,-46.72533955270718,Waypoint,1219,305,457
VP-004-VP-008 (Parallel 1),13,VP-008,-23.7,-46.6952777777778,Vertiport,760,305,457
VP-004-VP-008 (Parallel 2),1,VP-004,-23.4786111111111,-46.7811111111111,Vertiport,760,305,457
VP-004-VP-008 (Parallel 2),2,IMPERIAL,-23.483821783773077,-46.81114081009397,Waypoint,914.4,305,457
VP-004-VP-008 (Parallel 2),3,Geometric GN_108,-23.497049251314102,-46.82690019368555,Geometric Node,914.4,305,457
VP-004-VP-008 (Parallel 2),4,RODOANEL_CASTELO,-23.52939789787704,-46.826980799576425,Waypoint,914.4,305,457
VP-004-VP-008 (Parallel 2),5,Geometric GN_93,-23.529672834219962,-46.80408082576784,Geometric Node,914.4,305,457
VP-004-VP-008 (Parallel 2),6,Geometric GN_92,-23.56026773121006,-46.808185710725276,Geometric Node,914.4,305,457
VP-004-VP-008 (Parallel 2),7,Geometric GN_91,-23.56883184046078,-46.812157626899356,Geometric Node,1219,305,457
VP-004-VP-008 (Parallel 2),8,Geometric GN_90,-23.57943485198404,-46.80584093918337,Geometric Node,1219,305,457
VP-004-VP-008 (Parallel 2),9,RODOANEL_RAPOSO,-23.590604028876562,-46.80751765646383,Waypoint,1219,305,457
VP-004-VP-008 (Parallel 2),10,EXTRA_TABOAO,-23.606747282782443,-46.74978500266487,Waypoint,1219,305,457
VP-004-VP-008 (Parallel 2),11,Geometric GN_89,-23.63778948664214,-46.736517461969676,Geometric Node,1219,305,457
VP-004-VP-008 (Parallel 2),12,EMPRESARIAL,-23.651095514970645,-46.72132711395942,Waypoint,1219,305,457
VP-004-VP-008 (Parallel 2),13,VP-008,-23.7,-46.6952777777778,Vertiport,760,305,457
VP-004-VP-009 (Parallel 1),1,VP-004,-23.4786111111111,-46.7811111111111,Vertiport,760,305,457
VP-004-VP-009 (Parallel 1),2,PAO_DE_ACUCAR,-23.493073140423256,-46.77872546080176,Waypoint,914.4,305,457
VP-004-VP-009 (Parallel 1),3,Geometric GN_36,-23.50047341900809,-46.77432366965997,Geometric Node,914.4,305,457
VP-004-VP-009 (Parallel 1),4,Geometric GN_35,-23.503510600518236,-46.76561730974362,Geometric Node,914.4,305,457
VP-004-VP-009 (Parallel 1),5,Geometric GN_34,-23.503138252853418,-46.7659596921844,Geometric Node,914.4,305,457
VP-004-VP-009 (Parallel 1),6,Geometric GN_33,-23.51307726344506,-46.76223814762554,Geometric Node,914.4,305,457
VP-004-VP-009 (Parallel 1),7,Geometric GN_32,-23.518659009094304,-46.74633254723625,Geometric Node,914.4,305,457
VP-004-VP-009 (Parallel 1),8,Geometric GN_31,-23.518480331799573,-46.737620862360394,Geometric Node,914.4,305,457
VP-004-VP-009 (Parallel 1),9,MARCO_ZERO,-23.516592694569074,-46.727367417894556,Waypoint,1219,305,457
VP-004-VP-009 (Parallel 1),10,Geometric GN_26,-23.518789758144766,-46.71007250171285,Geometric Node,1219,305,457
VP-004-VP-009 (Parallel 1),11,Geometric GN_27,-23.52205520837004,-46.69966387911975,Geometric Node,1219,305,457
VP-004-VP-009 (Parallel 1),12,Geometric GN_28,-23.52377558221212,-46.69278238375133,Geometric Node,1219,305,457
VP-004-VP-009 (Parallel 1),13,Geometric GN_29,-23.52482262894674,-46.68314955379333,Geometric Node,1219,305,457
VP-004-VP-009 (Parallel 1),14,Geometric GN_30,-23.5258389929876,-46.67705136954789,Geometric Node,1219,305,457
VP-004-VP-009 (Parallel 1),15,VD_ANTARTICA,-23.52658701849806,-46.67324228587744,Waypoint,1219,305,457
VP-004-VP-009 (Parallel 1),16,VP-009,-23.5580555555556,-46.6692777777778,Vertiport,760,305,457
VP-004-VP-009 (Parallel 2),1,VP-004,-23.4786111111111,-46.7811111111111,Vertiport,760,305,457
VP-004-VP-009 (Parallel 2),2,PAO_DE_ACUCAR,-23.489930917128433,-46.7748460980334,Waypoint,914.4,305,457
VP-004-VP-009 (Parallel 2),3,Geometric GN_36,-23.496717011493725,-46.77076998893733,Geometric Node,914.4,305,457
VP-004-VP-009 (Parallel 2),4,Geometric GN_35,-23.499507422000907,-46.762902676244245,Geometric Node,914.4,305,457
VP-004-VP-009 (Parallel 2),5,Geometric GN_34,-23.500832318592792,-46.761453530510536,Geometric Node,914.4,305,457
VP-004-VP-009 (Parallel 2),6,Geometric GN_33,-23.509453432119745,-46.75809802321997,Geometric Node,914.4,305,457
VP-004-VP-009 (Parallel 2),7,Geometric GN_32,-23.51412521440881,-46.7454532607564,Geometric Node,914.4,305,457
VP-004-VP-009 (Parallel 2),8,Geometric GN_31,-23.514022994171626,-46.735263320477685,Geometric Node,914.4,305,457
VP-004-VP-009 (Parallel 2),9,MARCO_ZERO,-23.512296194319728,-46.72485480432765,Waypoint,1219,305,457
VP-004-VP-009 (Parallel 2),10,Geometric GN_26,-23.514321479588634,-46.708912098182346,Geometric Node,1219,305,457
VP-004-VP-009 (Parallel 2),11,Geometric GN_27,-23.517682496079757,-46.69819885811685,Geometric Node,1219,305,457
VP-004-VP-009 (Parallel 2),12,Geometric GN_28,-23.519275355595877,-46.69182742005227,Geometric Node,1219,305,457
VP-004-VP-009 (Parallel 2),13,Geometric GN_29,-23.52029907971026,-46.68240915820047,Geometric Node,1219,305,457
VP-004-VP-009 (Parallel 2),14,Geometric GN_30,-23.5213534865182,-46.67608271735251,Geometric Node,1219,305,457
VP-004-VP-009 (Parallel 2),15,VD_ANTARTICA,-23.522857425946338,-46.668424380789155,Waypoint,1219,305,457
VP-004-VP-009 (Parallel 2),16,VP-009,-23.5580555555556,-46.6692777777778,Vertiport,760,305,457
VP-004-VP-010 (Parallel 1),1,VP-004,-23.4786111111111,-46.7811111111111,Vertiport,760,305,457
VP-004-VP-010 (Parallel 1),2,PAO_DE_ACUCAR,-23.493073140423256,-46.77872546080176,Waypoint,914.4,305,457
VP-004-VP-010 (Parallel 1),3,Geometric GN_36,-23.50047341900809,-46.77432366965997,Geometric Node,914.4,305,457
VP-004-VP-010 (Parallel 1),4,Geometric GN_35,-23.503510600518236,-46.76561730974362,Geometric Node,914.4,305,457
VP-004-VP-010 (Parallel 1),5,Geometric GN_34,-23.503138252853418,-46.7659596921844,Geometric Node,914.4,305,457
VP-004-VP-010 (Parallel 1),6,Geometric GN_33,-23.51307726344506,-46.76223814762554,Geometric Node,914.4,305,457
VP-004-VP-010 (Parallel 1),7,Geometric GN_32,-23.518659009094304,-46.74633254723625,Geometric Node,914.4,305,457
VP-004-VP-010 (Parallel 1),8,Geometric GN_31,-23.518480331799573,-46.737620862360394,Geometric Node,914.4,305,457
VP-004-VP-010 (Parallel 1),9,MARCO_ZERO,-23.514060920718983,-46.72981070988233,Waypoint,1219,305,457
VP-004-VP-010 (Parallel 1),10,VP-010,-23.5261111111111,-46.7438888888889,Vertiport,760,305,457
VP-004-VP-010 (Parallel 2),1,VP-004,-23.4786111111111,-46.7811111111111,Vertiport,760,305,457
VP-004-VP-010 (Parallel 2),2,PAO_DE_ACUCAR,-23.489930917128433,-46.7748460980334,Waypoint,914.4,305,457
VP-004-VP-010 (Parallel 2),3,Geometric GN_36,-23.496717011493725,-46.77076998893733,Geometric Node,914.4,305,457
VP-004-VP-010 (Parallel 2),4,Geometric GN_35,-23.499507422000907,-46.762902676244245,Geometric Node,914.4,305,457
VP-004-VP-010 (Parallel 2),5,Geometric GN_34,-23.500832318592792,-46.761453530510536,Geometric Node,914.4,305,457
VP-004-VP-010 (Parallel 2),6,Geometric GN_33,-23.509453432119745,-46.75809802321997,Geometric Node,914.4,305,457
VP-004-VP-010 (Parallel 2),7,Geometric GN_32,-23.51412521440881,-46.7454532607564,Geometric Node,914.4,305,457
VP-004-VP-010 (Parallel 2),8,Geometric GN_31,-23.514022994171626,-46.735263320477685,Geometric Node,914.4,305,457
VP-004-VP-010 (Parallel 2),9,MARCO_ZERO,-23.51482796816982,-46.722411512339875,Waypoint,1219,305,457
VP-004-VP-010 (Parallel 2),10,VP-010,-23.5261111111111,-46.7438888888889,Vertiport,760,305,457
VP-004-VP-011 (Parallel 1),1,VP-004,-23.4786111111111,-46.7811111111111,Vertiport,760,305,457
VP-004-VP-011 (Parallel 1),2,IMPERIAL,-23.479928950546952,-46.81385369960042,Waypoint,914.4,305,457
VP-004-VP-011 (Parallel 1),3,Geometric GN_108,-23.494806679858392,-46.83169886123875,Geometric Node,914.4,305,457
VP-004-VP-011 (Parallel 1),4,RODOANEL_CASTELO,-23.53073164959065,-46.83210865101813,Waypoint,914.4,305,457
VP-004-VP-011 (Parallel 1),5,Geometric GN_93,-23.531062244638914,-46.80916355751447,Geometric Node,914.4,305,457
VP-004-VP-011 (Parallel 1),6,Geometric GN_92,-23.561842009329553,-46.81328004234632,Geometric Node,914.4,305,457
VP-004-VP-011 (Parallel 1),7,Geometric GN_91,-23.57144178870282,-46.81628544436145,Geometric Node,1219,305,457
VP-004-VP-011 (Parallel 1),8,Geometric GN_90,-23.580304023159158,-46.811005815323625,Geometric Node,1219,305,457
VP-004-VP-011 (Parallel 1),9,RODOANEL_RAPOSO,-23.59384041556784,-46.81303789909177,Waypoint,1219,305,457
VP-004-VP-011 (Parallel 1),10,EXTRA_TABOAO,-23.610474939439754,-46.75354833066853,Waypoint,1219,305,457
VP-004-VP-011 (Parallel 1),11,Geometric GN_89,-23.64039748105766,-46.740759337322125,Geometric Node,1219,305,457
VP-004-VP-011 (Parallel 1),12,EMPRESARIAL,-23.653915431977467,-46.725327055518136,Waypoint,1219,305,457
VP-004-VP-011 (Parallel 1),13,VP-011,-23.7030555555556,-46.6925,Vertiport,760,305,457
VP-004-VP-011 (Parallel 2),1,VP-004,-23.4786111111111,-46.7811111111111,Vertiport,760,305,457
VP-004-VP-011 (Parallel 2),2,IMPERIAL,-23.483821783773077,-46.81114081009397,Waypoint,914.4,305,457
VP-004-VP-011 (Parallel 2),3,Geometric GN_108,-23.497049251314102,-46.82690019368555,Geometric Node,914.4,305,457
VP-004-VP-011 (Parallel 2),4,RODOANEL_CASTELO,-23.52939789787704,-46.826980799576425,Waypoint,914.4,305,457
VP-004-VP-011 (Parallel 2),5,Geometric GN_93,-23.529672834219962,-46.80408082576784,Geometric Node,914.4,305,457
VP-004-VP-011 (Parallel 2),6,Geometric GN_92,-23.56026773121006,-46.808185710725276,Geometric Node,914.4,305,457
VP-004-VP-011 (Parallel 2),7,Geometric GN_91,-23.56883184046078,-46.812157626899356,Geometric Node,1219,305,457
VP-004-VP-011 (Parallel 2),8,Geometric GN_90,-23.57943485198404,-46.80584093918337,Geometric Node,1219,305,457
VP-004-VP-011 (Parallel 2),9,RODOANEL_RAPOSO,-23.590604028876562,-46.80751765646383,Waypoint,1219,305,457
VP-004-VP-011 (Parallel 2),10,EXTRA_TABOAO,-23.606747282782443,-46.74978500266487,Waypoint,1219,305,457
VP-004-VP-011 (Parallel 2),11,Geometric GN_89,-23.63778948664214,-46.736517461969676,Geometric Node,1219,305,457
VP-004-VP-011 (Parallel 2),12,EMPRESARIAL,-23.651084568022533,-46.721339611148466,Waypoint,1219,305,457
VP-004-VP-011 (Parallel 2),13,VP-011,-23.7030555555556,-46.6925,Vertiport,760,305,457
VP-004-VP-012 (Parallel 1),1,VP-004,-23.4786111111111,-46.7811111111111,Vertiport,760,305,457
VP-004-VP-012 (Parallel 1),2,PAO_DE_ACUCAR,-23.493073140423256,-46.77872546080176,Waypoint,914.4,305,457
VP-004-VP-012 (Parallel 1),3,Geometric GN_36,-23.50047341900809,-46.77432366965997,Geometric Node,914.4,305,457
VP-004-VP-012 (Parallel 1),4,Geometric GN_35,-23.503510600518236,-46.76561730974362,Geometric Node,914.4,305,457
VP-004-VP-012 (Parallel 1),5,Geometric GN_34,-23.503138252853418,-46.7659596921844,Geometric Node,914.4,305,457
VP-004-VP-012 (Parallel 1),6,Geometric GN_33,-23.51307726344506,-46.76223814762554,Geometric Node,914.4,305,457
VP-004-VP-012 (Parallel 1),7,Geometric GN_32,-23.518659009094304,-46.74633254723625,Geometric Node,914.4,305,457
VP-004-VP-012 (Parallel 1),8,Geometric GN_31,-23.518480331799573,-46.737620862360394,Geometric Node,914.4,305,457
VP-004-VP-012 (Parallel 1),9,MARCO_ZERO,-23.513075933718262,-46.730761273001086,Waypoint,1219,305,457
VP-004-VP-012 (Parallel 1),10,Geometric GN_25,-23.51606374594118,-46.744986135177214,Geometric Node,1219,305,457
VP-004-VP-012 (Parallel 1),11,CEBOLAO,-23.525623394111516,-46.75301536700669,Waypoint,1219,305,457
VP-004-VP-012 (Parallel 1),12,Geometric GN_126,-23.535255230970282,-46.75008200423485,Geometric Node,1219,305,457
VP-004-VP-012 (Parallel 1),13,PONTE_JAGUARE,-23.547661812105744,-46.736249338949946,Waypoint,1219,305,457
VP-004-VP-012 (Parallel 1),14,Geometric GN_130,-23.562630800377182,-46.70853122413583,Geometric Node,1219,305,457
VP-004-VP-012 (Parallel 1),15,Geometric GN_129,-23.57201626216759,-46.702958606197676,Geometric Node,1219,305,457
VP-004-VP-012 (Parallel 1),16,Geometric GN_128,-23.58765015748261,-46.69364479622283,Geometric Node,1219,305,457
VP-004-VP-012 (Parallel 1),17,VP-012,-23.5866666666667,-46.6816666666667,Vertiport,760,305,457
VP-004-VP-012 (Parallel 2),1,VP-004,-23.4786111111111,-46.7811111111111,Vertiport,760,305,457
VP-004-VP-012 (Parallel 2),2,PAO_DE_ACUCAR,-23.489930917128433,-46.7748460980334,Waypoint,914.4,305,457
VP-004-VP-012 (Parallel 2),3,Geometric GN_36,-23.496717011493725,-46.77076998893733,Geometric Node,914.4,305,457
VP-004-VP-012 (Parallel 2),4,Geometric GN_35,-23.499507422000907,-46.762902676244245,Geometric Node,914.4,305,457
VP-004-VP-012 (Parallel 2),5,Geometric GN_34,-23.500832318592792,-46.761453530510536,Geometric Node,914.4,305,457
VP-004-VP-012 (Parallel 2),6,Geometric GN_33,-23.509453432119745,-46.75809802321997,Geometric Node,914.4,305,457
VP-004-VP-012 (Parallel 2),7,Geometric GN_32,-23.51412521440881,-46.7454532607564,Geometric Node,914.4,305,457
VP-004-VP-012 (Parallel 2),8,Geometric GN_31,-23.514022994171626,-46.735263320477685,Geometric Node,914.4,305,457
VP-004-VP-012 (Parallel 2),9,MARCO_ZERO,-23.51581295517054,-46.72146094922112,Waypoint,1219,305,457
VP-004-VP-012 (Parallel 2),10,Geometric GN_25,-23.520153648065616,-46.74212682564658,Geometric Node,1219,305,457
VP-004-VP-012 (Parallel 2),11,CEBOLAO,-23.526598828110682,-46.7475401885489,Waypoint,1219,305,457
VP-004-VP-012 (Parallel 2),12,Geometric GN_126,-23.53284476902972,-46.74563799576516,Geometric Node,1219,305,457
VP-004-VP-012 (Parallel 2),13,PONTE_JAGUARE,-23.544004854560853,-46.73319510549446,Waypoint,1219,305,457
VP-004-VP-012 (Parallel 2),14,Geometric GN_130,-23.559333763197618,-46.70481052519657,Geometric Node,1219,305,457
VP-004-VP-012 (Parallel 2),15,Geometric GN_129,-23.56982770155641,-46.698579749295924,Geometric Node,1219,305,457
VP-004-VP-012 (Parallel 2),16,Geometric GN_128,-23.583391675210787,-46.69049908414017,Geometric Node,1219,305,457
VP-004-VP-012 (Parallel 2),17,VP-012,-23.5866666666667,-46.6816666666667,Vertiport,760,305,457
VP-005-VP-006 (Parallel 1),1,VP-005,-23.5647222222222,-46.8302777777778,Vertiport,760,305,457
VP-005-VP-006 (Parallel 1),2,RODOANEL_CASTELO,-23.53290960294407,-46.82747769651087,Waypoint,914.4,305,457
VP-005-VP-006 (Parallel 1),3,Geometric GN_94,-23.52972637500093,-46.80169540276628,Geometric Node,914.4,305,457
VP-005-VP-006 (Parallel 1),4,Geometric GN_95,-23.535910743800176,-46.786640075771494,Geometric Node,914.4,305,457
VP-005-VP-006 (Parallel 1),5,CEBOLAO,-23.528101428313345,-46.75226068507202,Waypoint,1219,305,457
VP-005-VP-006 (Parallel 1),6,Geometric GN_126,-23.535255230970282,-46.75008200423485,Geometric Node,1219,305,457
VP-005-VP-006 (Parallel 1),7,PONTE_JAGUARE,-23.545034584676422,-46.73917855508615,Waypoint,1219,305,457
VP-005-VP-006 (Parallel 1),8,VP-006,-23.5466666666667,-46.7369444444444,Vertiport,760,305,457
VP-005-VP-006 (Parallel 2),1,VP-005,-23.5647222222222,-46.8302777777778,Vertiport,760,305,457
VP-005-VP-006 (Parallel 2),2,RODOANEL_CASTELO,-23.52721994452362,-46.83161175410988,Waypoint,914.4,305,457
VP-005-VP-006 (Parallel 2),3,Geometric GN_94,-23.525396003261594,-46.800037359544724,Geometric Node,914.4,305,457
VP-005-VP-006 (Parallel 2),4,Geometric GN_95,-23.531514765733224,-46.78514040623323,Geometric Node,914.4,305,457
VP-005-VP-006 (Parallel 2),5,CEBOLAO,-23.524120793908853,-46.748294870483576,Waypoint,1219,305,457
VP-005-VP-006 (Parallel 2),6,Geometric GN_126,-23.53284476902972,-46.74563799576516,Geometric Node,1219,305,457
VP-005-VP-006 (Parallel 2),7,PONTE_JAGUARE,-23.546632081990175,-46.73026588935826,Waypoint,1219,305,457
VP-005-VP-006 (Parallel 2),8,VP-006,-23.5466666666667,-46.7369444444444,Vertiport,760,305,457
VP-005-VP-007 (Parallel 1),1,VP-005,-23.5647222222222,-46.8302777777778,Vertiport,760,305,457
VP-005-VP-007 (Parallel 1),2,RODOANEL_RAPOSO,-23.594170319153623,-46.81185807440363,Waypoint,1219,305,457
VP-005-VP-007 (Parallel 1),3,EXTRA_TABOAO,-23.610868131577313,-46.75214216895624,Waypoint,1219,305,457
VP-005-VP-007 (Parallel 1),4,AVENIDA_MORUMBI,-23.613943812813236,-46.712997135045086,Waypoint,1219,305,457
VP-005-VP-007 (Parallel 1),5,PONTE_ESTAIADA,-23.61523198617174,-46.697539054742826,Waypoint,1219,305,457
VP-005-VP-007 (Parallel 1),6,Geometric GN_128,-23.58520676091455,-46.68941775648687,Geometric Node,1219,305,457
VP-005-VP-007 (Parallel 1),7,Geometric GN_129,-23.57854717535465,-46.69338516916083,Geometric Node,1219,305,457
VP-005-VP-007 (Parallel 1),8,VP-007,-23.5730555555556,-46.6975,Vertiport,760,305,457
VP-005-VP-007 (Parallel 2),1,VP-005,-23.5647222222222,-46.8302777777778,Vertiport,760,305,457
VP-005-VP-007 (Parallel 2),2,RODOANEL_RAPOSO,-23.59027412529078,-46.80869748115197,Waypoint,1219,305,457
VP-005-VP-007 (Parallel 2),3,EXTRA_TABOAO,-23.606354090644885,-46.75119116437716,Waypoint,1219,305,457
VP-005-VP-007 (Parallel 2),4,AVENIDA_MORUMBI,-23.609389520520164,-46.71255842051052,Waypoint,1219,305,457
VP-005-VP-007 (Parallel 2),5,PONTE_ESTAIADA,-23.610323569383862,-46.70134983414598,Waypoint,1219,305,457
VP-005-VP-007 (Parallel 2),6,Geometric GN_128,-23.58583507177885,-46.69472612387613,Geometric Node,1219,305,457
VP-005-VP-007 (Parallel 2),7,Geometric GN_129,-23.56329678836935,-46.70815318633277,Geometric Node,1219,305,457
VP-005-VP-007 (Parallel 2),8,VP-007,-23.5730555555556,-46.6975,Vertiport,760,305,457
VP-005-VP-008 (Parallel 1),1,VP-005,-23.5647222222222,-46.8302777777778,Vertiport,760,305,457
VP-005-VP-008 (Parallel 1),2,RODOANEL_RAPOSO,-23.594170319153623,-46.81185807440363,Waypoint,1219,305,457
VP-005-VP-008 (Parallel 1),3,EXTRA_TABOAO,-23.610474939439754,-46.75354833066853,Waypoint,1219,305,457
VP-005-VP-008 (Parallel 1),4,Geometric GN_89,-23.64039748105766,-46.740759337322125,Geometric Node,1219,305,457
VP-005-VP-008 (Parallel 1),5,EMPRESARIAL,-23.653904485029354,-46.72533955270718,Waypoint,1219,305,457
VP-005-VP-008 (Parallel 1),6,VP-008,-23.7,-46.6952777777778,Vertiport,760,305,457
VP-005-VP-008 (Parallel 2),1,VP-005,-23.5647222222222,-46.8302777777778,Vertiport,760,305,457
VP-005-VP-008 (Parallel 2),2,RODOANEL_RAPOSO,-23.59027412529078,-46.80869748115197,Waypoint,1219,305,457
VP-005-VP-008 (Parallel 2),3,EXTRA_TABOAO,-23.606747282782443,-46.74978500266487,Waypoint,1219,305,457
VP-005-VP-008 (Parallel 2),4,Geometric GN_89,-23.63778948664214,-46.736517461969676,Geometric Node,1219,305,457
VP-005-VP-008 (Parallel 2),5,EMPRESARIAL,-23.651095514970645,-46.72132711395942,Waypoint,1219,305,457
VP-005-VP-008 (Parallel 2),6,VP-008,-23.7,-46.6952777777778,Vertiport,760,305,457
VP-005-VP-009 (Parallel 1),1,VP-005,-23.5647222222222,-46.8302777777778,Vertiport,760,305,457
VP-005-VP-009 (Parallel 1),2,RODOANEL_CASTELO,-23.53290960294407,-46.82747769651087,Waypoint,914.4,305,457
VP-005-VP-009 (Parallel 1),3,Geometric GN_94,-23.52972637500093,-46.80169540276628,Geometric Node,914.4,305,457
VP-005-VP-009 (Parallel 1),4,Geometric GN_95,-23.535910743800176,-46.786640075771494,Geometric Node,914.4,305,457
VP-005-VP-009 (Parallel 1),5,CEBOLAO,-23.528611684964975,-46.74923080456685,Waypoint,1219,305,457
VP-005-VP-009 (Parallel 1),6,Geometric GN_25,-23.520153648065616,-46.74212682564658,Geometric Node,1219,305,457
VP-005-VP-009 (Parallel 1),7,MARCO_ZERO,-23.51676638206952,-46.726000179005695,Waypoint,1219,305,457
VP-005-VP-009 (Parallel 1),8,Geometric GN_26,-23.518789758144766,-46.71007250171285,Geometric Node,1219,305,457
VP-005-VP-009 (Parallel 1),9,Geometric GN_27,-23.52205520837004,-46.69966387911975,Geometric Node,1219,305,457
VP-005-VP-009 (Parallel 1),10,Geometric GN_28,-23.52377558221212,-46.69278238375133,Geometric Node,1219,305,457
VP-005-VP-009 (Parallel 1),11,Geometric GN_29,-23.52482262894674,-46.68314955379333,Geometric Node,1219,305,457
VP-005-VP-009 (Parallel 1),12,Geometric GN_30,-23.5258389929876,-46.67705136954789,Geometric Node,1219,305,457
VP-005-VP-009 (Parallel 1),13,VD_ANTARTICA,-23.52658701849806,-46.67324228587744,Waypoint,1219,305,457
VP-005-VP-009 (Parallel 1),14,VP-009,-23.5580555555556,-46.6692777777778,Vertiport,760,305,457
VP-005-VP-009 (Parallel 2),1,VP-005,-23.5647222222222,-46.8302777777778,Vertiport,760,305,457
VP-005-VP-009 (Parallel 2),2,RODOANEL_CASTELO,-23.52721994452362,-46.83161175410988,Waypoint,914.4,305,457
VP-005-VP-009 (Parallel 2),3,Geometric GN_94,-23.525396003261594,-46.800037359544724,Geometric Node,914.4,305,457
VP-005-VP-009 (Parallel 2),4,Geometric GN_95,-23.531514765733224,-46.78514040623323,Geometric Node,914.4,305,457
VP-005-VP-009 (Parallel 2),5,CEBOLAO,-23.523610537257223,-46.75132475098874,Waypoint,1219,305,457
VP-005-VP-009 (Parallel 2),6,Geometric GN_25,-23.51606374594118,-46.744986135177214,Geometric Node,1219,305,457
VP-005-VP-009 (Parallel 2),7,MARCO_ZERO,-23.51212250681928,-46.72622204321651,Waypoint,1219,305,457
VP-005-VP-009 (Parallel 2),8,Geometric GN_26,-23.514321479588634,-46.708912098182346,Geometric Node,1219,305,457
VP-005-VP-009 (Parallel 2),9,Geometric GN_27,-23.517682496079757,-46.69819885811685,Geometric Node,1219,305,457
VP-005-VP-009 (Parallel 2),10,Geometric GN_28,-23.519275355595877,-46.69182742005227,Geometric Node,1219,305,457
VP-005-VP-009 (Parallel 2),11,Geometric GN_29,-23.52029907971026,-46.68240915820047,Geometric Node,1219,305,457
VP-005-VP-009 (Parallel 2),12,Geometric GN_30,-23.5213534865182,-46.67608271735251,Geometric Node,1219,305,457
VP-005-VP-009 (Parallel 2),13,VD_ANTARTICA,-23.522857425946338,-46.668424380789155,Waypoint,1219,305,457
VP-005-VP-009 (Parallel 2),14,VP-009,-23.5580555555556,-46.6692777777778,Vertiport,760,305,457
VP-005-VP-010 (Parallel 1),1,VP-005,-23.5647222222222,-46.8302777777778,Vertiport,760,305,457
VP-005-VP-010 (Parallel 1),2,RODOANEL_CASTELO,-23.53290960294407,-46.82747769651087,Waypoint,914.4,305,457
VP-005-VP-010 (Parallel 1),3,Geometric GN_94,-23.52972637500093,-46.80169540276628,Geometric Node,914.4,305,457
VP-005-VP-010 (Parallel 1),4,Geometric GN_95,-23.535910743800176,-46.786640075771494,Geometric Node,914.4,305,457
VP-005-VP-010 (Parallel 1),5,CEBOLAO,-23.5283971111111,-46.750504934232175,Waypoint,1219,305,457
VP-005-VP-010 (Parallel 1),6,VP-010,-23.5261111111111,-46.7438888888889,Vertiport,760,305,457
VP-005-VP-010 (Parallel 2),1,VP-005,-23.5647222222222,-46.8302777777778,Vertiport,760,305,457
VP-005-VP-010 (Parallel 2),2,RODOANEL_CASTELO,-23.52721994452362,-46.83161175410988,Waypoint,914.4,305,457
VP-005-VP-010 (Parallel 2),3,Geometric GN_94,-23.525396003261594,-46.800037359544724,Geometric Node,914.4,305,457
VP-005-VP-010 (Parallel 2),4,Geometric GN_95,-23.531514765733224,-46.78514040623323,Geometric Node,914.4,305,457
VP-005-VP-010 (Parallel 2),5,CEBOLAO,-23.523825111111098,-46.75005062132342,Waypoint,1219,305,457
VP-005-VP-010 (Parallel 2),6,VP-010,-23.5261111111111,-46.7438888888889,Vertiport,760,305,457
VP-005-VP-011 (Parallel 1),1,VP-005,-23.5647222222222,-46.8302777777778,Vertiport,760,305,457
VP-005-VP-011 (Parallel 1),2,RODOANEL_RAPOSO,-23.594170319153623,-46.81185807440363,Waypoint,1219,305,457
VP-005-VP-011 (Parallel 1),3,EXTRA_TABOAO,-23.610474939439754,-46.75354833066853,Waypoint,1219,305,457
VP-005-VP-011 (Parallel 1),4,Geometric GN_89,-23.64039748105766,-46.740759337322125,Geometric Node,1219,305,457
VP-005-VP-011 (Parallel 1),5,EMPRESARIAL,-23.653915431977467,-46.725327055518136,Waypoint,1219,305,457
VP-005-VP-011 (Parallel 1),6,VP-011,-23.7030555555556,-46.6925,Vertiport,760,305,457
VP-005-VP-011 (Parallel 2),1,VP-005,-23.5647222222222,-46.8302777777778,Vertiport,760,305,457
VP-005-VP-011 (Parallel 2),2,RODOANEL_RAPOSO,-23.59027412529078,-46.80869748115197,Waypoint,1219,305,457
VP-005-VP-011 (Parallel 2),3,EXTRA_TABOAO,-23.606747282782443,-46.74978500266487,Waypoint,1219,305,457
VP-005-VP-011 (Parallel 2),4,Geometric GN_89,-23.63778948664214,-46.736517461969676,Geometric Node,1219,305,457
VP-005-VP-011 (Parallel 2),5,EMPRESARIAL,-23.651084568022533,-46.721339611148466,Waypoint,1219,305,457
VP-005-VP-011 (Parallel 2),6,VP-011,-23.7030555555556,-46.6925,Vertiport,760,305,457
VP-005-VP-012 (Parallel 1),1,VP-005,-23.5647222222222,-46.8302777777778,Vertiport,760,305,457
VP-005-VP-012 (Parallel 1),2,RODOANEL_RAPOSO,-23.594170319153623,-46.81185807440363,Waypoint,1219,305,457
VP-005-VP-012 (Parallel 1),3,EXTRA_TABOAO,-23.610868131577313,-46.75214216895624,Waypoint,1219,305,457
VP-005-VP-012 (Parallel 1),4,AVENIDA_MORUMBI,-23.613943812813236,-46.712997135045086,Waypoint,1219,305,457
VP-005-VP-012 (Parallel 1),5,PONTE_ESTAIADA,-23.615181769820246,-46.698141650960736,Waypoint,1219,305,457
VP-005-VP-012 (Parallel 1),6,VP-012,-23.5866666666667,-46.6816666666667,Vertiport,760,305,457
VP-005-VP-012 (Parallel 2),1,VP-005,-23.5647222222222,-46.8302777777778,Vertiport,760,305,457
VP-005-VP-012 (Parallel 2),2,RODOANEL_RAPOSO,-23.59027412529078,-46.80869748115197,Waypoint,1219,305,457
VP-005-VP-012 (Parallel 2),3,EXTRA_TABOAO,-23.606354090644885,-46.75119116437716,Waypoint,1219,305,457
VP-005-VP-012 (Parallel 2),4,AVENIDA_MORUMBI,-23.609389520520164,-46.71255842051052,Waypoint,1219,305,457
VP-005-VP-012 (Parallel 2),5,PONTE_ESTAIADA,-23.610373785735355,-46.70074723792807,Waypoint,1219,305,457
VP-005-VP-012 (Parallel 2),6,VP-012,-23.5866666666667,-46.6816666666667,Vertiport,760,305,457
VP-006-VP-007 (Parallel 1),1,VP-006,-23.5466666666667,-46.7369444444444,Vertiport,760,305,457
VP-006-VP-007 (Parallel 1),2,PONTE_JAGUARE,-23.54837833225079,-46.73492255671946,Waypoint,1219,305,457
VP-006-VP-007 (Parallel 1),3,Geometric GN_130,-23.562630800377182,-46.70853122413583,Geometric Node,1219,305,457
VP-006-VP-007 (Parallel 1),4,Geometric GN_129,-23.572478256400956,-46.702684297121614,Geometric Node,1219,305,457
VP-006-VP-007 (Parallel 1),5,VP-007,-23.5730555555556,-46.6975,Vertiport,760,305,457
VP-006-VP-007 (Parallel 2),1,VP-006,-23.5466666666667,-46.7369444444444,Vertiport,760,305,457
VP-006-VP-007 (Parallel 2),2,PONTE_JAGUARE,-23.54328833441581,-46.734521887724945,Waypoint,1219,305,457
VP-006-VP-007 (Parallel 2),3,Geometric GN_130,-23.559333763197618,-46.70481052519657,Geometric Node,1219,305,457
VP-006-VP-007 (Parallel 2),4,Geometric GN_129,-23.569365707323044,-46.698854058371985,Geometric Node,1219,305,457
VP-006-VP-007 (Parallel 2),5,VP-007,-23.5730555555556,-46.6975,Vertiport,760,305,457
VP-006-VP-008 (Parallel 1),1,VP-006,-23.5466666666667,-46.7369444444444,Vertiport,760,305,457
VP-006-VP-008 (Parallel 1),2,PONTE_JAGUARE,-23.54837833225079,-46.73492255671946,Waypoint,1219,305,457
VP-006-VP-008 (Parallel 1),3,Geometric GN_130,-23.562630800377182,-46.70853122413583,Geometric Node,1219,305,457
VP-006-VP-008 (Parallel 1),4,Geometric GN_129,-23.57201626216759,-46.702958606197676,Geometric Node,1219,305,457
VP-006-VP-008 (Parallel 1),5,Geometric GN_128,-23.58583507177885,-46.69472612387613,Geometric Node,1219,305,457
VP-006-VP-008 (Parallel 1),6,PONTE_ESTAIADA,-23.612209900443315,-46.701860053703435,Waypoint,1219,305,457
VP-006-VP-008 (Parallel 1),7,Geometric GN_127,-23.619419895770488,-46.703944069624775,Geometric Node,1219,305,457
VP-006-VP-008 (Parallel 1),8,GRANJA_JULIETA,-23.625206375304394,-46.7136015957552,Waypoint,1219,305,457
VP-006-VP-008 (Parallel 1),9,Geometric GN_75,-23.640026920157847,-46.72758610140735,Geometric Node,1219,305,457
VP-006-VP-008 (Parallel 1),10,EMPRESARIAL,-23.65321313243033,-46.72574789547035,Waypoint,1219,305,457
VP-006-VP-008 (Parallel 1),11,VP-008,-23.7,-46.6952777777778,Vertiport,760,305,457
VP-006-VP-008 (Parallel 2),1,VP-006,-23.5466666666667,-46.7369444444444,Vertiport,760,305,457
VP-006-VP-008 (Parallel 2),2,PONTE_JAGUARE,-23.54328833441581,-46.734521887724945,Waypoint,1219,305,457
VP-006-VP-008 (Parallel 2),3,Geometric GN_130,-23.559333763197618,-46.70481052519657,Geometric Node,1219,305,457
VP-006-VP-008 (Parallel 2),4,Geometric GN_129,-23.56982770155641,-46.698579749295924,Geometric Node,1219,305,457
VP-006-VP-008 (Parallel 2),5,Geometric GN_128,-23.58520676091455,-46.68941775648687,Geometric Node,1219,305,457
VP-006-VP-008 (Parallel 2),6,PONTE_ESTAIADA,-23.613345655112287,-46.69702883518537,Waypoint,1219,305,457
VP-006-VP-008 (Parallel 2),7,Geometric GN_127,-23.622286992141515,-46.69961328744663,Geometric Node,1219,305,457
VP-006-VP-008 (Parallel 2),8,GRANJA_JULIETA,-23.62868251358441,-46.7102872931336,Waypoint,1219,305,457
VP-006-VP-008 (Parallel 2),9,Geometric GN_75,-23.641473280900353,-46.72235652267906,Geometric Node,1219,305,457
VP-006-VP-008 (Parallel 2),10,EMPRESARIAL,-23.65178686756967,-46.72091877119625,Waypoint,1219,305,457
VP-006-VP-008 (Parallel 2),11,VP-008,-23.7,-46.6952777777778,Vertiport,760,305,457
VP-006-VP-009 (Parallel 1),1,VP-006,-23.5466666666667,-46.7369444444444,Vertiport,760,305,457
VP-006-VP-009 (Parallel 1),2,PONTE_JAGUARE,-23.546632081990175,-46.73026588935826,Waypoint,1219,305,457
VP-006-VP-009 (Parallel 1),3,Geometric GN_126,-23.53284476902972,-46.74563799576516,Geometric Node,1219,305,457
VP-006-VP-009 (Parallel 1),4,CEBOLAO,-23.526598828110682,-46.7475401885489,Waypoint,1219,305,457
VP-006-VP-009 (Parallel 1),5,Geometric GN_25,-23.520153648065616,-46.74212682564658,Geometric Node,1219,305,457
VP-006-VP-009 (Parallel 1),6,MARCO_ZERO,-23.51676638206952,-46.726000179005695,Waypoint,1219,305,457
VP-006-VP-009 (Parallel 1),7,Geometric GN_26,-23.518789758144766,-46.71007250171285,Geometric Node,1219,305,457
VP-006-VP-009 (Parallel 1),8,Geometric GN_27,-23.52205520837004,-46.69966387911975,Geometric Node,1219,305,457
VP-006-VP-009 (Parallel 1),9,Geometric GN_28,-23.52377558221212,-46.69278238375133,Geometric Node,1219,305,457
VP-006-VP-009 (Parallel 1),10,Geometric GN_29,-23.52482262894674,-46.68314955379333,Geometric Node,1219,305,457
VP-006-VP-009 (Parallel 1),11,Geometric GN_30,-23.5258389929876,-46.67705136954789,Geometric Node,1219,305,457
VP-006-VP-009 (Parallel 1),12,VD_ANTARTICA,-23.52658701849806,-46.67324228587744,Waypoint,1219,305,457
VP-006-VP-009 (Parallel 1),13,VP-009,-23.5580555555556,-46.6692777777778,Vertiport,760,305,457
VP-006-VP-009 (Parallel 2),1,VP-006,-23.5466666666667,-46.7369444444444,Vertiport,760,305,457
VP-006-VP-009 (Parallel 2),2,PONTE_JAGUARE,-23.545034584676422,-46.73917855508615,Waypoint,1219,305,457
VP-006-VP-009 (Parallel 2),3,Geometric GN_126,-23.535255230970282,-46.75008200423485,Geometric Node,1219,305,457
VP-006-VP-009 (Parallel 2),4,CEBOLAO,-23.525623394111516,-46.75301536700669,Waypoint,1219,305,457
VP-006-VP-009 (Parallel 2),5,Geometric GN_25,-23.51606374594118,-46.744986135177214,Geometric Node,1219,305,457
VP-006-VP-009 (Parallel 2),6,MARCO_ZERO,-23.51212250681928,-46.72622204321651,Waypoint,1219,305,457
VP-006-VP-009 (Parallel 2),7,Geometric GN_26,-23.514321479588634,-46.708912098182346,Geometric Node,1219,305,457
VP-006-VP-009 (Parallel 2),8,Geometric GN_27,-23.517682496079757,-46.69819885811685,Geometric Node,1219,305,457
VP-006-VP-009 (Parallel 2),9,Geometric GN_28,-23.519275355595877,-46.69182742005227,Geometric Node,1219,305,457
VP-006-VP-009 (Parallel 2),10,Geometric GN_29,-23.52029907971026,-46.68240915820047,Geometric Node,1219,305,457
VP-006-VP-009 (Parallel 2),11,Geometric GN_30,-23.5213534865182,-46.67608271735251,Geometric Node,1219,305,457
VP-006-VP-009 (Parallel 2),12,VD_ANTARTICA,-23.522857425946338,-46.668424380789155,Waypoint,1219,305,457
VP-006-VP-009 (Parallel 2),13,VP-009,-23.5580555555556,-46.6692777777778,Vertiport,760,305,457
VP-006-VP-010 (Parallel 1),1,VP-006,-23.5466666666667,-46.7369444444444,Vertiport,760,305,457
VP-006-VP-010 (Parallel 1),2,PONTE_JAGUARE,-23.546632081990175,-46.73026588935826,Waypoint,1219,305,457
VP-006-VP-010 (Parallel 1),3,Geometric GN_126,-23.53284476902972,-46.74563799576516,Geometric Node,1219,305,457
VP-006-VP-010 (Parallel 1),4,CEBOLAO,-23.5283971111111,-46.74699252391505,Waypoint,1219,305,457
VP-006-VP-010 (Parallel 1),5,VP-010,-23.5261111111111,-46.7438888888889,Vertiport,760,305,457
VP-006-VP-010 (Parallel 2),1,VP-006,-23.5466666666667,-46.7369444444444,Vertiport,760,305,457
VP-006-VP-010 (Parallel 2),2,PONTE_JAGUARE,-23.545034584676422,-46.73917855508615,Waypoint,1219,305,457
VP-006-VP-010 (Parallel 2),3,Geometric GN_126,-23.535255230970282,-46.75008200423485,Geometric Node,1219,305,457
VP-006-VP-010 (Parallel 2),4,CEBOLAO,-23.523825111111098,-46.753563031640546,Waypoint,1219,305,457
VP-006-VP-010 (Parallel 2),5,VP-010,-23.5261111111111,-46.7438888888889,Vertiport,760,305,457
VP-006-VP-011 (Parallel 1),1,VP-006,-23.5466666666667,-46.7369444444444,Vertiport,760,305,457
VP-006-VP-011 (Parallel 1),2,PONTE_JAGUARE,-23.54837833225079,-46.73492255671946,Waypoint,1219,305,457
VP-006-VP-011 (Parallel 1),3,Geometric GN_130,-23.562630800377182,-46.70853122413583,Geometric Node,1219,305,457
VP-006-VP-011 (Parallel 1),4,Geometric GN_129,-23.57201626216759,-46.702958606197676,Geometric Node,1219,305,457
VP-006-VP-011 (Parallel 1),5,Geometric GN_128,-23.58583507177885,-46.69472612387613,Geometric Node,1219,305,457
VP-006-VP-011 (Parallel 1),6,PONTE_ESTAIADA,-23.612209900443315,-46.701860053703435,Waypoint,1219,305,457
VP-006-VP-011 (Parallel 1),7,Geometric GN_127,-23.619419895770488,-46.703944069624775,Geometric Node,1219,305,457
VP-006-VP-011 (Parallel 1),8,GRANJA_JULIETA,-23.625206375304394,-46.7136015957552,Waypoint,1219,305,457
VP-006-VP-011 (Parallel 1),9,Geometric GN_75,-23.640026920157847,-46.72758610140735,Geometric Node,1219,305,457
VP-006-VP-011 (Parallel 1),10,EMPRESARIAL,-23.653229042761836,-46.725745677512286,Waypoint,1219,305,457
VP-006-VP-011 (Parallel 1),11,VP-011,-23.7030555555556,-46.6925,Vertiport,760,305,457
VP-006-VP-011 (Parallel 2),1,VP-006,-23.5466666666667,-46.7369444444444,Vertiport,760,305,457
VP-006-VP-011 (Parallel 2),2,PONTE_JAGUARE,-23.54328833441581,-46.734521887724945,Waypoint,1219,305,457
VP-006-VP-011 (Parallel 2),3,Geometric GN_130,-23.559333763197618,-46.70481052519657,Geometric Node,1219,305,457
VP-006-VP-011 (Parallel 2),4,Geometric GN_129,-23.56982770155641,-46.698579749295924,Geometric Node,1219,305,457
VP-006-VP-011 (Parallel 2),5,Geometric GN_128,-23.58520676091455,-46.68941775648687,Geometric Node,1219,305,457
VP-006-VP-011 (Parallel 2),6,PONTE_ESTAIADA,-23.613345655112287,-46.69702883518537,Waypoint,1219,305,457
VP-006-VP-011 (Parallel 2),7,Geometric GN_127,-23.622286992141515,-46.69961328744663,Geometric Node,1219,305,457
VP-006-VP-011 (Parallel 2),8,GRANJA_JULIETA,-23.62868251358441,-46.7102872931336,Waypoint,1219,305,457
VP-006-VP-011 (Parallel 2),9,Geometric GN_75,-23.641473280900353,-46.72235652267906,Geometric Node,1219,305,457
VP-006-VP-011 (Parallel 2),10,EMPRESARIAL,-23.651770957238163,-46.720920989154315,Waypoint,1219,305,457
VP-006-VP-011 (Parallel 2),11,VP-011,-23.7030555555556,-46.6925,Vertiport,760,305,457
VP-006-VP-012 (Parallel 1),1,VP-006,-23.5466666666667,-46.7369444444444,Vertiport,760,305,457
VP-006-VP-012 (Parallel 1),2,PONTE_JAGUARE,-23.54837833225079,-46.73492255671946,Waypoint,1219,305,457
VP-006-VP-012 (Parallel 1),3,Geometric GN_130,-23.562630800377182,-46.70853122413583,Geometric Node,1219,305,457
VP-006-VP-012 (Parallel 1),4,Geometric GN_129,-23.57201626216759,-46.702958606197676,Geometric Node,1219,305,457
VP-006-VP-012 (Parallel 1),5,Geometric GN_128,-23.58765015748261,-46.69364479622283,Geometric Node,1219,305,457
VP-006-VP-012 (Parallel 1),6,VP-012,-23.5866666666667,-46.6816666666667,Vertiport,760,305,457
VP-006-VP-012 (Parallel 2),1,VP-006,-23.5466666666667,-46.7369444444444,Vertiport,760,305,457
VP-006-VP-012 (Parallel 2),2,PONTE_JAGUARE,-23.54328833441581,-46.734521887724945,Waypoint,1219,305,457
VP-006-VP-012 (Parallel 2),3,Geometric GN_130,-23.559333763197618,-46.70481052519657,Geometric Node,1219,305,457
VP-006-VP-012 (Parallel 2),4,Geometric GN_129,-23.56982770155641,-46.698579749295924,Geometric Node,1219,305,457
VP-006-VP-012 (Parallel 2),5,Geometric GN_128,-23.583391675210787,-46.69049908414017,Geometric Node,1219,305,457
VP-006-VP-012 (Parallel 2),6,VP-012,-23.5866666666667,-46.6816666666667,Vertiport,760,305,457
VP-007-VP-008 (Parallel 1),1,VP-007,-23.5730555555556,-46.6975,Vertiport,760,305,457
VP-007-VP-008 (Parallel 1),2,Geometric GN_129,-23.56329678836935,-46.70815318633277,Geometric Node,1219,305,457
VP-007-VP-008 (Parallel 1),3,Geometric GN_128,-23.58583507177885,-46.69472612387613,Geometric Node,1219,305,457
VP-007-VP-008 (Parallel 1),4,PONTE_ESTAIADA,-23.612209900443315,-46.701860053703435,Waypoint,1219,305,457
VP-007-VP-008 (Parallel 1),5,Geometric GN_127,-23.619419895770488,-46.703944069624775,Geometric Node,1219,305,457
VP-007-VP-008 (Parallel 1),6,GRANJA_JULIETA,-23.625206375304394,-46.7136015957552,Waypoint,1219,305,457
VP-007-VP-008 (Parallel 1),7,Geometric GN_75,-23.640026920157847,-46.72758610140735,Geometric Node,1219,305,457
VP-007-VP-008 (Parallel 1),8,EMPRESARIAL,-23.65321313243033,-46.72574789547035,Waypoint,1219,305,457
VP-007-VP-008 (Parallel 1),9,VP-008,-23.7,-46.6952777777778,Vertiport,760,305,457
VP-007-VP-008 (Parallel 2),1,VP-007,-23.5730555555556,-46.6975,Vertiport,760,305,457
VP-007-VP-008 (Parallel 2),2,Geometric GN_129,-23.57854717535465,-46.69338516916083,Geometric Node,1219,305,457
VP-007-VP-008 (Parallel 2),3,Geometric GN_128,-23.58520676091455,-46.68941775648687,Geometric Node,1219,305,457
VP-007-VP-008 (Parallel 2),4,PONTE_ESTAIADA,-23.613345655112287,-46.69702883518537,Waypoint,1219,305,457
VP-007-VP-008 (Parallel 2),5,Geometric GN_127,-23.622286992141515,-46.69961328744663,Geometric Node,1219,305,457
VP-007-VP-008 (Parallel 2),6,GRANJA_JULIETA,-23.62868251358441,-46.7102872931336,Waypoint,1219,305,457
VP-007-VP-008 (Parallel 2),7,Geometric GN_75,-23.641473280900353,-46.72235652267906,Geometric Node,1219,305,457
VP-007-VP-008 (Parallel 2),8,EMPRESARIAL,-23.65178686756967,-46.72091877119625,Waypoint,1219,305,457
VP-007-VP-008 (Parallel 2),9,VP-008,-23.7,-46.6952777777778,Vertiport,760,305,457
VP-007-VP-009 (Parallel 1),1,VP-007,-23.5730555555556,-46.6975,Vertiport,760,305,457
VP-007-VP-009 (Parallel 1),2,Geometric GN_129,-23.569365707323044,-46.698854058371985,Geometric Node,1219,305,457
VP-007-VP-009 (Parallel 1),3,Geometric GN_130,-23.559333763197618,-46.70481052519657,Geometric Node,1219,305,457
VP-007-VP-009 (Parallel 1),4,PONTE_JAGUARE,-23.544004854560853,-46.73319510549446,Waypoint,1219,305,457
VP-007-VP-009 (Parallel 1),5,Geometric GN_126,-23.53284476902972,-46.74563799576516,Geometric Node,1219,305,457
VP-007-VP-009 (Parallel 1),6,CEBOLAO,-23.526598828110682,-46.7475401885489,Waypoint,1219,305,457
VP-007-VP-009 (Parallel 1),7,Geometric GN_25,-23.520153648065616,-46.74212682564658,Geometric Node,1219,305,457
VP-007-VP-009 (Parallel 1),8,MARCO_ZERO,-23.51676638206952,-46.726000179005695,Waypoint,1219,305,457
VP-007-VP-009 (Parallel 1),9,Geometric GN_26,-23.518789758144766,-46.71007250171285,Geometric Node,1219,305,457
VP-007-VP-009 (Parallel 1),10,Geometric GN_27,-23.52205520837004,-46.69966387911975,Geometric Node,1219,305,457
VP-007-VP-009 (Parallel 1),11,Geometric GN_28,-23.52377558221212,-46.69278238375133,Geometric Node,1219,305,457
VP-007-VP-009 (Parallel 1),12,Geometric GN_29,-23.52482262894674,-46.68314955379333,Geometric Node,1219,305,457
VP-007-VP-009 (Parallel 1),13,Geometric GN_30,-23.5258389929876,-46.67705136954789,Geometric Node,1219,305,457
VP-007-VP-009 (Parallel 1),14,VD_ANTARTICA,-23.52658701849806,-46.67324228587744,Waypoint,1219,305,457
VP-007-VP-009 (Parallel 1),15,VP-009,-23.5580555555556,-46.6692777777778,Vertiport,760,305,457
VP-007-VP-009 (Parallel 2),1,VP-007,-23.5730555555556,-46.6975,Vertiport,760,305,457
VP-007-VP-009 (Parallel 2),2,Geometric GN_129,-23.572478256400956,-46.702684297121614,Geometric Node,1219,305,457
VP-007-VP-009 (Parallel 2),3,Geometric GN_130,-23.562630800377182,-46.70853122413583,Geometric Node,1219,305,457
VP-007-VP-009 (Parallel 2),4,PONTE_JAGUARE,-23.547661812105744,-46.736249338949946,Waypoint,1219,305,457
VP-007-VP-009 (Parallel 2),5,Geometric GN_126,-23.535255230970282,-46.75008200423485,Geometric Node,1219,305,457
VP-007-VP-009 (Parallel 2),6,CEBOLAO,-23.525623394111516,-46.75301536700669,Waypoint,1219,305,457
VP-007-VP-009 (Parallel 2),7,Geometric GN_25,-23.51606374594118,-46.744986135177214,Geometric Node,1219,305,457
VP-007-VP-009 (Parallel 2),8,MARCO_ZERO,-23.51212250681928,-46.72622204321651,Waypoint,1219,305,457
VP-007-VP-009 (Parallel 2),9,Geometric GN_26,-23.514321479588634,-46.708912098182346,Geometric Node,1219,305,457
VP-007-VP-009 (Parallel 2),10,Geometric GN_27,-23.517682496079757,-46.69819885811685,Geometric Node,1219,305,457
VP-007-VP-009 (Parallel 2),11,Geometric GN_28,-23.519275355595877,-46.69182742005227,Geometric Node,1219,305,457
VP-007-VP-009 (Parallel 2),12,Geometric GN_29,-23.52029907971026,-46.68240915820047,Geometric Node,1219,305,457
VP-007-VP-009 (Parallel 2),13,Geometric GN_30,-23.5213534865182,-46.67608271735251,Geometric Node,1219,305,457
VP-007-VP-009 (Parallel 2),14,VD_ANTARTICA,-23.522857425946338,-46.668424380789155,Waypoint,1219,305,457
VP-007-VP-009 (Parallel 2),15,VP-009,-23.5580555555556,-46.6692777777778,Vertiport,760,305,457
VP-007-VP-010 (Parallel 1),1,VP-007,-23.5730555555556,-46.6975,Vertiport,760,305,457
VP-007-VP-010 (Parallel 1),2,Geometric GN_129,-23.569365707323044,-46.698854058371985,Geometric Node,1219,305,457
VP-007-VP-010 (Parallel 1),3,Geometric GN_130,-23.559333763197618,-46.70481052519657,Geometric Node,1219,305,457
VP-007-VP-010 (Parallel 1),4,PONTE_JAGUARE,-23.544004854560853,-46.73319510549446,Waypoint,1219,305,457
VP-007-VP-010 (Parallel 1),5,Geometric GN_126,-23.53284476902972,-46.74563799576516,Geometric Node,1219,305,457
VP-007-VP-010 (Parallel 1),6,CEBOLAO,-23.5283971111111,-46.74699252391505,Waypoint,1219,305,457
VP-007-VP-010 (Parallel 1),7,VP-010,-23.5261111111111,-46.7438888888889,Vertiport,760,305,457
VP-007-VP-010 (Parallel 2),1,VP-007,-23.5730555555556,-46.6975,Vertiport,760,305,457
VP-007-VP-010 (Parallel 2),2,Geometric GN_129,-23.572478256400956,-46.702684297121614,Geometric Node,1219,305,457
VP-007-VP-010 (Parallel 2),3,Geometric GN_130,-23.562630800377182,-46.70853122413583,Geometric Node,1219,305,457
VP-007-VP-010 (Parallel 2),4,PONTE_JAGUARE,-23.547661812105744,-46.736249338949946,Waypoint,1219,305,457
VP-007-VP-010 (Parallel 2),5,Geometric GN_126,-23.535255230970282,-46.75008200423485,Geometric Node,1219,305,457
VP-007-VP-010 (Parallel 2),6,CEBOLAO,-23.523825111111098,-46.753563031640546,Waypoint,1219,305,457
VP-007-VP-010 (Parallel 2),7,VP-010,-23.5261111111111,-46.7438888888889,Vertiport,760,305,457
VP-007-VP-011 (Parallel 1),1,VP-007,-23.5730555555556,-46.6975,Vertiport,760,305,457
VP-007-VP-011 (Parallel 1),2,Geometric GN_129,-23.56329678836935,-46.70815318633277,Geometric Node,1219,305,457
VP-007-VP-011 (Parallel 1),3,Geometric GN_128,-23.58583507177885,-46.69472612387613,Geometric Node,1219,305,457
VP-007-VP-011 (Parallel 1),4,PONTE_ESTAIADA,-23.612209900443315,-46.701860053703435,Waypoint,1219,305,457
VP-007-VP-011 (Parallel 1),5,Geometric GN_127,-23.619419895770488,-46.703944069624775,Geometric Node,1219,305,457
VP-007-VP-011 (Parallel 1),6,GRANJA_JULIETA,-23.625206375304394,-46.7136015957552,Waypoint,1219,305,457
VP-007-VP-011 (Parallel 1),7,Geometric GN_75,-23.640026920157847,-46.72758610140735,Geometric Node,1219,305,457
VP-007-VP-011 (Parallel 1),8,EMPRESARIAL,-23.653229042761836,-46.725745677512286,Waypoint,1219,305,457
VP-007-VP-011 (Parallel 1),9,VP-011,-23.7030555555556,-46.6925,Vertiport,760,305,457
VP-007-VP-011 (Parallel 2),1,VP-007,-23.5730555555556,-46.6975,Vertiport,760,305,457
VP-007-VP-011 (Parallel 2),2,Geometric GN_129,-23.57854717535465,-46.69338516916083,Geometric Node,1219,305,457
VP-007-VP-011 (Parallel 2),3,Geometric GN_128,-23.58520676091455,-46.68941775648687,Geometric Node,1219,305,457
VP-007-VP-011 (Parallel 2),4,PONTE_ESTAIADA,-23.613345655112287,-46.69702883518537,Waypoint,1219,305,457
VP-007-VP-011 (Parallel 2),5,Geometric GN_127,-23.622286992141515,-46.69961328744663,Geometric Node,1219,305,457
VP-007-VP-011 (Parallel 2),6,GRANJA_JULIETA,-23.62868251358441,-46.7102872931336,Waypoint,1219,305,457
VP-007-VP-011 (Parallel 2),7,Geometric GN_75,-23.641473280900353,-46.72235652267906,Geometric Node,1219,305,457
VP-007-VP-011 (Parallel 2),8,EMPRESARIAL,-23.651770957238163,-46.720920989154315,Waypoint,1219,305,457
VP-007-VP-011 (Parallel 2),9,VP-011,-23.7030555555556,-46.6925,Vertiport,760,305,457
VP-007-VP-012 (Parallel 1),1,VP-007,-23.5730555555556,-46.6975,Vertiport,760,305,457
VP-007-VP-012 (Parallel 1),2,Geometric GN_129,-23.56329678836935,-46.70815318633277,Geometric Node,1219,305,457
VP-007-VP-012 (Parallel 1),3,Geometric GN_128,-23.58765015748261,-46.69364479622283,Geometric Node,1219,305,457
VP-007-VP-012 (Parallel 1),4,VP-012,-23.5866666666667,-46.6816666666667,Vertiport,760,305,457
VP-007-VP-012 (Parallel 2),1,VP-007,-23.5730555555556,-46.6975,Vertiport,760,305,457
VP-007-VP-012 (Parallel 2),2,Geometric GN_129,-23.57854717535465,-46.69338516916083,Geometric Node,1219,305,457
VP-007-VP-012 (Parallel 2),3,Geometric GN_128,-23.583391675210787,-46.69049908414017,Geometric Node,1219,305,457
VP-007-VP-012 (Parallel 2),4,VP-012,-23.5866666666667,-46.6816666666667,Vertiport,760,305,457
VP-008-VP-009 (Parallel 1),1,VP-008,-23.7,-46.6952777777778,Vertiport,760,305,457
VP-008-VP-009 (Parallel 1),2,EMPRESARIAL,-23.65178686756967,-46.72091877119625,Waypoint,1219,305,457
VP-008-VP-009 (Parallel 1),3,Geometric GN_75,-23.641473280900353,-46.72235652267906,Geometric Node,1219,305,457
VP-008-VP-009 (Parallel 1),4,GRANJA_JULIETA,-23.62868251358441,-46.7102872931336,Waypoint,1219,305,457
VP-008-VP-009 (Parallel 1),5,Geometric GN_127,-23.622286992141515,-46.69961328744663,Geometric Node,1219,305,457
VP-008-VP-009 (Parallel 1),6,PONTE_ESTAIADA,-23.61074626445474,-46.696277493295355,Waypoint,1219,305,457
VP-008-VP-009 (Parallel 1),7,AVENIDA_MORUMBI,-23.60946509000826,-46.71165158665334,Waypoint,1219,305,457
VP-008-VP-009 (Parallel 1),8,Geometric GN_142,-23.600798797887954,-46.72108787857553,Geometric Node,1219,305,457
VP-008-VP-009 (Parallel 1),9,EXTRA_JAGUARE,-23.555999563062727,-46.74537818213205,Waypoint,1219,305,457
VP-008-VP-009 (Parallel 1),10,SHOPPING_CONTINENTAL,-23.54748722357915,-46.75260077320909,Waypoint,1219,305,457
VP-008-VP-009 (Parallel 1),11,CEBOLAO,-23.527090941810673,-46.74795351913527,Waypoint,1219,305,457
VP-008-VP-009 (Parallel 1),12,Geometric GN_25,-23.520153648065616,-46.74212682564658,Geometric Node,1219,305,457
VP-008-VP-009 (Parallel 1),13,MARCO_ZERO,-23.51676638206952,-46.726000179005695,Waypoint,1219,305,457
VP-008-VP-009 (Parallel 1),14,Geometric GN_26,-23.518789758144766,-46.71007250171285,Geometric Node,1219,305,457
VP-008-VP-009 (Parallel 1),15,Geometric GN_27,-23.52205520837004,-46.69966387911975,Geometric Node,1219,305,457
VP-008-VP-009 (Parallel 1),16,Geometric GN_28,-23.52377558221212,-46.69278238375133,Geometric Node,1219,305,457
VP-008-VP-009 (Parallel 1),17,Geometric GN_29,-23.52482262894674,-46.68314955379333,Geometric Node,1219,305,457
VP-008-VP-009 (Parallel 1),18,Geometric GN_30,-23.5258389929876,-46.67705136954789,Geometric Node,1219,305,457
VP-008-VP-009 (Parallel 1),19,VD_ANTARTICA,-23.52658701849806,-46.67324228587744,Waypoint,1219,305,457
VP-008-VP-009 (Parallel 1),20,VP-009,-23.5580555555556,-46.6692777777778,Vertiport,760,305,457
VP-008-VP-009 (Parallel 2),1,VP-008,-23.7,-46.6952777777778,Vertiport,760,305,457
VP-008-VP-009 (Parallel 2),2,EMPRESARIAL,-23.65321313243033,-46.72574789547035,Waypoint,1219,305,457
VP-008-VP-009 (Parallel 2),3,Geometric GN_75,-23.640026920157847,-46.72758610140735,Geometric Node,1219,305,457
VP-008-VP-009 (Parallel 2),4,GRANJA_JULIETA,-23.625206375304394,-46.7136015957552,Waypoint,1219,305,457
VP-008-VP-009 (Parallel 2),5,Geometric GN_127,-23.619419895770488,-46.703944069624775,Geometric Node,1219,305,457
VP-008-VP-009 (Parallel 2),6,PONTE_ESTAIADA,-23.614809291100862,-46.70261139559345,Waypoint,1219,305,457
VP-008-VP-009 (Parallel 2),7,AVENIDA_MORUMBI,-23.61386824332514,-46.713903968902265,Waypoint,1219,305,457
VP-008-VP-009 (Parallel 2),8,Geometric GN_142,-23.60350120211205,-46.72519212142447,Geometric Node,1219,305,457
VP-008-VP-009 (Parallel 2),9,EXTRA_JAGUARE,-23.558444881381675,-46.749621817867954,Waypoint,1219,305,457
VP-008-VP-009 (Parallel 2),10,SHOPPING_CONTINENTAL,-23.54862388753205,-46.75795478234651,Waypoint,1219,305,457
VP-008-VP-009 (Parallel 2),11,CEBOLAO,-23.525131280411525,-46.75260203642032,Waypoint,1219,305,457
VP-008-VP-009 (Parallel 2),12,Geometric GN_25,-23.51606374594118,-46.744986135177214,Geometric Node,1219,305,457
VP-008-VP-009 (Parallel 2),13,MARCO_ZERO,-23.51212250681928,-46.72622204321651,Waypoint,1219,305,457
VP-008-VP-009 (Parallel 2),14,Geometric GN_26,-23.514321479588634,-46.708912098182346,Geometric Node,1219,305,457
VP-008-VP-009 (Parallel 2),15,Geometric GN_27,-23.517682496079757,-46.69819885811685,Geometric Node,1219,305,457
VP-008-VP-009 (Parallel 2),16,Geometric GN_28,-23.519275355595877,-46.69182742005227,Geometric Node,1219,305,457
VP-008-VP-009 (Parallel 2),17,Geometric GN_29,-23.52029907971026,-46.68240915820047,Geometric Node,1219,305,457
VP-008-VP-009 (Parallel 2),18,Geometric GN_30,-23.5213534865182,-46.67608271735251,Geometric Node,1219,305,457
VP-008-VP-009 (Parallel 2),19,VD_ANTARTICA,-23.522857425946338,-46.668424380789155,Waypoint,1219,305,457
VP-008-VP-009 (Parallel 2),20,VP-009,-23.5580555555556,-46.6692777777778,Vertiport,760,305,457
VP-008-VP-010 (Parallel 1),1,VP-008,-23.7,-46.6952777777778,Vertiport,760,305,457
VP-008-VP-010 (Parallel 1),2,EMPRESARIAL,-23.65178686756967,-46.72091877119625,Waypoint,1219,305,457
VP-008-VP-010 (Parallel 1),3,Geometric GN_75,-23.641473280900353,-46.72235652267906,Geometric Node,1219,305,457
VP-008-VP-010 (Parallel 1),4,GRANJA_JULIETA,-23.62868251358441,-46.7102872931336,Waypoint,1219,305,457
VP-008-VP-010 (Parallel 1),5,Geometric GN_127,-23.622286992141515,-46.69961328744663,Geometric Node,1219,305,457
VP-008-VP-010 (Parallel 1),6,PONTE_ESTAIADA,-23.61074626445474,-46.696277493295355,Waypoint,1219,305,457
VP-008-VP-010 (Parallel 1),7,AVENIDA_MORUMBI,-23.60946509000826,-46.71165158665334,Waypoint,1219,305,457
VP-008-VP-010 (Parallel 1),8,Geometric GN_142,-23.600798797887954,-46.72108787857553,Geometric Node,1219,305,457
VP-008-VP-010 (Parallel 1),9,EXTRA_JAGUARE,-23.555999563062727,-46.74537818213205,Waypoint,1219,305,457
VP-008-VP-010 (Parallel 1),10,SHOPPING_CONTINENTAL,-23.54748722357915,-46.75260077320909,Waypoint,1219,305,457
VP-008-VP-010 (Parallel 1),11,CEBOLAO,-23.5283971111111,-46.748251127330306,Waypoint,1219,305,457
VP-008-VP-010 (Parallel 1),12,VP-010,-23.5261111111111,-46.7438888888889,Vertiport,760,305,457
VP-008-VP-010 (Parallel 2),1,VP-008,-23.7,-46.6952777777778,Vertiport,760,305,457
VP-008-VP-010 (Parallel 2),2,EMPRESARIAL,-23.65321313243033,-46.72574789547035,Waypoint,1219,305,457
VP-008-VP-010 (Parallel 2),3,Geometric GN_75,-23.640026920157847,-46.72758610140735,Geometric Node,1219,305,457
VP-008-VP-010 (Parallel 2),4,GRANJA_JULIETA,-23.625206375304394,-46.7136015957552,Waypoint,1219,305,457
VP-008-VP-010 (Parallel 2),5,Geometric GN_127,-23.619419895770488,-46.703944069624775,Geometric Node,1219,305,457
VP-008-VP-010 (Parallel 2),6,PONTE_ESTAIADA,-23.614809291100862,-46.70261139559345,Waypoint,1219,305,457
VP-008-VP-010 (Parallel 2),7,AVENIDA_MORUMBI,-23.61386824332514,-46.713903968902265,Waypoint,1219,305,457
VP-008-VP-010 (Parallel 2),8,Geometric GN_142,-23.60350120211205,-46.72519212142447,Geometric Node,1219,305,457
VP-008-VP-010 (Parallel 2),9,EXTRA_JAGUARE,-23.558444881381675,-46.749621817867954,Waypoint,1219,305,457
VP-008-VP-010 (Parallel 2),10,SHOPPING_CONTINENTAL,-23.54862388753205,-46.75795478234651,Waypoint,1219,305,457
VP-008-VP-010 (Parallel 2),11,CEBOLAO,-23.523825111111098,-46.75230442822529,Waypoint,1219,305,457
VP-008-VP-010 (Parallel 2),12,VP-010,-23.5261111111111,-46.7438888888889,Vertiport,760,305,457
VP-008-VP-011 (Parallel 1),1,VP-008,-23.7,-46.6952777777778,Vertiport,760,305,457
VP-008-VP-011 (Parallel 1),2,VP-011,-23.704519059570377,-46.694415671359835,Vertiport,760,305,457
VP-008-VP-011 (Parallel 1),3,WP 3,-23.7030555555556,-46.6925,Waypoint,1219,305,457
VP-008-VP-011 (Parallel 2),1,VP-008,-23.7,-46.6952777777778,Vertiport,760,305,457
VP-008-VP-011 (Parallel 2),2,VP-011,-23.701592051540825,-46.69058432864017,Vertiport,760,305,457
VP-008-VP-011 (Parallel 2),3,WP 3,-23.7030555555556,-46.6925,Waypoint,1219,305,457
VP-008-VP-012 (Parallel 1),1,VP-008,-23.7,-46.6952777777778,Vertiport,760,305,457
VP-008-VP-012 (Parallel 1),2,EMPRESARIAL,-23.65178686756967,-46.72091877119625,Waypoint,1219,305,457
VP-008-VP-012 (Parallel 1),3,Geometric GN_75,-23.641473280900353,-46.72235652267906,Geometric Node,1219,305,457
VP-008-VP-012 (Parallel 1),4,GRANJA_JULIETA,-23.62868251358441,-46.7102872931336,Waypoint,1219,305,457
VP-008-VP-012 (Parallel 1),5,Geometric GN_127,-23.622286992141515,-46.69961328744663,Geometric Node,1219,305,457
VP-008-VP-012 (Parallel 1),6,PONTE_ESTAIADA,-23.613696096380817,-46.697130128618994,Waypoint,1219,305,457
VP-008-VP-012 (Parallel 1),7,VP-012,-23.5866666666667,-46.6816666666667,Vertiport,760,305,457
VP-008-VP-012 (Parallel 2),1,VP-008,-23.7,-46.6952777777778,Vertiport,760,305,457
VP-008-VP-012 (Parallel 2),2,EMPRESARIAL,-23.65321313243033,-46.72574789547035,Waypoint,1219,305,457
VP-008-VP-012 (Parallel 2),3,Geometric GN_75,-23.640026920157847,-46.72758610140735,Geometric Node,1219,305,457
VP-008-VP-012 (Parallel 2),4,GRANJA_JULIETA,-23.625206375304394,-46.7136015957552,Waypoint,1219,305,457
VP-008-VP-012 (Parallel 2),5,Geometric GN_127,-23.619419895770488,-46.703944069624775,Geometric Node,1219,305,457
VP-008-VP-012 (Parallel 2),6,PONTE_ESTAIADA,-23.611859459174784,-46.70175876026981,Waypoint,1219,305,457
VP-008-VP-012 (Parallel 2),7,VP-012,-23.5866666666667,-46.6816666666667,Vertiport,760,305,457
VP-009-VP-010 (Parallel 1),1,VP-009,-23.5580555555556,-46.6692777777778,Vertiport,760,305,457
VP-009-VP-010 (Parallel 1),2,VD_ANTARTICA,-23.522857425946338,-46.668424380789155,Waypoint,1219,305,457
VP-009-VP-010 (Parallel 1),3,Geometric GN_30,-23.5213534865182,-46.67608271735251,Geometric Node,1219,305,457
VP-009-VP-010 (Parallel 1),4,Geometric GN_29,-23.52029907971026,-46.68240915820047,Geometric Node,1219,305,457
VP-009-VP-010 (Parallel 1),5,Geometric GN_28,-23.519275355595877,-46.69182742005227,Geometric Node,1219,305,457
VP-009-VP-010 (Parallel 1),6,Geometric GN_27,-23.517682496079757,-46.69819885811685,Geometric Node,1219,305,457
VP-009-VP-010 (Parallel 1),7,Geometric GN_26,-23.514321479588634,-46.708912098182346,Geometric Node,1219,305,457
VP-009-VP-010 (Parallel 1),8,MARCO_ZERO,-23.512054933670868,-46.726753967713776,Waypoint,1219,305,457
VP-009-VP-010 (Parallel 1),9,VP-010,-23.5261111111111,-46.7438888888889,Vertiport,760,305,457
VP-009-VP-010 (Parallel 2),1,VP-009,-23.5580555555556,-46.6692777777778,Vertiport,760,305,457
VP-009-VP-010 (Parallel 2),2,VD_ANTARTICA,-23.52658701849806,-46.67324228587744,Waypoint,1219,305,457
VP-009-VP-010 (Parallel 2),3,Geometric GN_30,-23.5258389929876,-46.67705136954789,Geometric Node,1219,305,457
VP-009-VP-010 (Parallel 2),4,Geometric GN_29,-23.52482262894674,-46.68314955379333,Geometric Node,1219,305,457
VP-009-VP-010 (Parallel 2),5,Geometric GN_28,-23.52377558221212,-46.69278238375133,Geometric Node,1219,305,457
VP-009-VP-010 (Parallel 2),6,Geometric GN_27,-23.52205520837004,-46.69966387911975,Geometric Node,1219,305,457
VP-009-VP-010 (Parallel 2),7,Geometric GN_26,-23.518789758144766,-46.71007250171285,Geometric Node,1219,305,457
VP-009-VP-010 (Parallel 2),8,MARCO_ZERO,-23.516833955217933,-46.72546825450843,Waypoint,1219,305,457
VP-009-VP-010 (Parallel 2),9,VP-010,-23.5261111111111,-46.7438888888889,Vertiport,760,305,457
VP-009-VP-011 (Parallel 1),1,VP-009,-23.5580555555556,-46.6692777777778,Vertiport,760,305,457
VP-009-VP-011 (Parallel 1),2,VD_ANTARTICA,-23.522857425946338,-46.668424380789155,Waypoint,1219,305,457
VP-009-VP-011 (Parallel 1),3,Geometric GN_30,-23.5213534865182,-46.67608271735251,Geometric Node,1219,305,457
VP-009-VP-011 (Parallel 1),4,Geometric GN_29,-23.52029907971026,-46.68240915820047,Geometric Node,1219,305,457
VP-009-VP-011 (Parallel 1),5,Geometric GN_28,-23.519275355595877,-46.69182742005227,Geometric Node,1219,305,457
VP-009-VP-011 (Parallel 1),6,Geometric GN_27,-23.517682496079757,-46.69819885811685,Geometric Node,1219,305,457
VP-009-VP-011 (Parallel 1),7,Geometric GN_26,-23.514321479588634,-46.708912098182346,Geometric Node,1219,305,457
VP-009-VP-011 (Parallel 1),8,MARCO_ZERO,-23.51212250681928,-46.72622204321651,Waypoint,1219,305,457
VP-009-VP-011 (Parallel 1),9,Geometric GN_25,-23.51606374594118,-46.744986135177214,Geometric Node,1219,305,457
VP-009-VP-011 (Parallel 1),10,CEBOLAO,-23.525131280411525,-46.75260203642032,Waypoint,1219,305,457
VP-009-VP-011 (Parallel 1),11,SHOPPING_CONTINENTAL,-23.54862388753205,-46.75795478234651,Waypoint,1219,305,457
VP-009-VP-011 (Parallel 1),12,EXTRA_JAGUARE,-23.558444881381675,-46.749621817867954,Waypoint,1219,305,457
VP-009-VP-011 (Parallel 1),13,Geometric GN_142,-23.60350120211205,-46.72519212142447,Geometric Node,1219,305,457
VP-009-VP-011 (Parallel 1),14,AVENIDA_MORUMBI,-23.61386824332514,-46.713903968902265,Waypoint,1219,305,457
VP-009-VP-011 (Parallel 1),15,PONTE_ESTAIADA,-23.614809291100862,-46.70261139559345,Waypoint,1219,305,457
VP-009-VP-011 (Parallel 1),16,Geometric GN_127,-23.619419895770488,-46.703944069624775,Geometric Node,1219,305,457
VP-009-VP-011 (Parallel 1),17,GRANJA_JULIETA,-23.625206375304394,-46.7136015957552,Waypoint,1219,305,457
VP-009-VP-011 (Parallel 1),18,Geometric GN_75,-23.640026920157847,-46.72758610140735,Geometric Node,1219,305,457
VP-009-VP-011 (Parallel 1),19,EMPRESARIAL,-23.653229042761836,-46.725745677512286,Waypoint,1219,305,457
VP-009-VP-011 (Parallel 1),20,VP-011,-23.7030555555556,-46.6925,Vertiport,760,305,457
VP-009-VP-011 (Parallel 2),1,VP-009,-23.5580555555556,-46.6692777777778,Vertiport,760,305,457
VP-009-VP-011 (Parallel 2),2,VD_ANTARTICA,-23.52658701849806,-46.67324228587744,Waypoint,1219,305,457
VP-009-VP-011 (Parallel 2),3,Geometric GN_30,-23.5258389929876,-46.67705136954789,Geometric Node,1219,305,457
VP-009-VP-011 (Parallel 2),4,Geometric GN_29,-23.52482262894674,-46.68314955379333,Geometric Node,1219,305,457
VP-009-VP-011 (Parallel 2),5,Geometric GN_28,-23.52377558221212,-46.69278238375133,Geometric Node,1219,305,457
VP-009-VP-011 (Parallel 2),6,Geometric GN_27,-23.52205520837004,-46.69966387911975,Geometric Node,1219,305,457
VP-009-VP-011 (Parallel 2),7,Geometric GN_26,-23.518789758144766,-46.71007250171285,Geometric Node,1219,305,457
VP-009-VP-011 (Parallel 2),8,MARCO_ZERO,-23.51676638206952,-46.726000179005695,Waypoint,1219,305,457
VP-009-VP-011 (Parallel 2),9,Geometric GN_25,-23.520153648065616,-46.74212682564658,Geometric Node,1219,305,457
VP-009-VP-011 (Parallel 2),10,CEBOLAO,-23.527090941810673,-46.74795351913527,Waypoint,1219,305,457
VP-009-VP-011 (Parallel 2),11,SHOPPING_CONTINENTAL,-23.54748722357915,-46.75260077320909,Waypoint,1219,305,457
VP-009-VP-011 (Parallel 2),12,EXTRA_JAGUARE,-23.555999563062727,-46.74537818213205,Waypoint,1219,305,457
VP-009-VP-011 (Parallel 2),13,Geometric GN_142,-23.600798797887954,-46.72108787857553,Geometric Node,1219,305,457
VP-009-VP-011 (Parallel 2),14,AVENIDA_MORUMBI,-23.60946509000826,-46.71165158665334,Waypoint,1219,305,457
VP-009-VP-011 (Parallel 2),15,PONTE_ESTAIADA,-23.61074626445474,-46.696277493295355,Waypoint,1219,305,457
VP-009-VP-011 (Parallel 2),16,Geometric GN_127,-23.622286992141515,-46.69961328744663,Geometric Node,1219,305,457
VP-009-VP-011 (Parallel 2),17,GRANJA_JULIETA,-23.62868251358441,-46.7102872931336,Waypoint,1219,305,457
VP-009-VP-011 (Parallel 2),18,Geometric GN_75,-23.641473280900353,-46.72235652267906,Geometric Node,1219,305,457
VP-009-VP-011 (Parallel 2),19,EMPRESARIAL,-23.651770957238163,-46.720920989154315,Waypoint,1219,305,457
VP-009-VP-011 (Parallel 2),20,VP-011,-23.7030555555556,-46.6925,Vertiport,760,305,457
VP-009-VP-012 (Parallel 1),1,VP-009,-23.5580555555556,-46.6692777777778,Vertiport,760,305,457
VP-009-VP-012 (Parallel 1),2,Geometric GN_135,-23.561522824327334,-46.68284417925636,Geometric Node,1219,305,457
VP-009-VP-012 (Parallel 1),3,Geometric GN_134,-23.573299552905944,-46.67204073403143,Geometric Node,1219,305,457
VP-009-VP-012 (Parallel 1),4,Geometric GN_133,-23.583449155568573,-46.659507512561596,Geometric Node,1219,305,457
VP-009-VP-012 (Parallel 1),5,CEBOLINHA,-23.58850939293785,-46.65598732523958,Waypoint,1219,305,457
VP-009-VP-012 (Parallel 1),6,VP-012,-23.5866666666667,-46.6816666666667,Vertiport,760,305,457
VP-009-VP-012 (Parallel 2),1,VP-009,-23.5580555555556,-46.6692777777778,Vertiport,760,305,457
VP-009-VP-012 (Parallel 2),2,Geometric GN_135,-23.563081972079665,-46.67489737278324,Geometric Node,1219,305,457
VP-009-VP-012 (Parallel 2),3,Geometric GN_134,-23.570097488954858,-46.66846165069117,Geometric Node,1219,305,457
VP-009-VP-012 (Parallel 2),4,Geometric GN_133,-23.580448517696226,-46.6556796985332,Geometric Node,1219,305,457
VP-009-VP-012 (Parallel 2),5,CEBOLINHA,-23.59482394039555,-46.64567934142703,Waypoint,1219,305,457
VP-009-VP-012 (Parallel 2),6,VP-012,-23.5866666666667,-46.6816666666667,Vertiport,760,305,457
VP-010-VP-011 (Parallel 1),1,VP-010,-23.5261111111111,-46.7438888888889,Vertiport,760,305,457
VP-010-VP-011 (Parallel 1),2,CEBOLAO,-23.523825111111098,-46.75230442822529,Waypoint,1219,305,457
VP-010-VP-011 (Parallel 1),3,SHOPPING_CONTINENTAL,-23.54862388753205,-46.75795478234651,Waypoint,1219,305,457
VP-010-VP-011 (Parallel 1),4,EXTRA_JAGUARE,-23.558444881381675,-46.749621817867954,Waypoint,1219,305,457
VP-010-VP-011 (Parallel 1),5,Geometric GN_142,-23.60350120211205,-46.72519212142447,Geometric Node,1219,305,457
VP-010-VP-011 (Parallel 1),6,AVENIDA_MORUMBI,-23.61386824332514,-46.713903968902265,Waypoint,1219,305,457
VP-010-VP-011 (Parallel 1),7,PONTE_ESTAIADA,-23.614809291100862,-46.70261139559345,Waypoint,1219,305,457
VP-010-VP-011 (Parallel 1),8,Geometric GN_127,-23.619419895770488,-46.703944069624775,Geometric Node,1219,305,457
VP-010-VP-011 (Parallel 1),9,GRANJA_JULIETA,-23.625206375304394,-46.7136015957552,Waypoint,1219,305,457
VP-010-VP-011 (Parallel 1),10,Geometric GN_75,-23.640026920157847,-46.72758610140735,Geometric Node,1219,305,457
VP-010-VP-011 (Parallel 1),11,EMPRESARIAL,-23.653229042761836,-46.725745677512286,Waypoint,1219,305,457
VP-010-VP-011 (Parallel 1),12,VP-011,-23.7030555555556,-46.6925,Vertiport,760,305,457
VP-010-VP-011 (Parallel 2),1,VP-010,-23.5261111111111,-46.7438888888889,Vertiport,760,305,457
VP-010-VP-011 (Parallel 2),2,CEBOLAO,-23.5283971111111,-46.748251127330306,Waypoint,1219,305,457
VP-010-VP-011 (Parallel 2),3,SHOPPING_CONTINENTAL,-23.54748722357915,-46.75260077320909,Waypoint,1219,305,457
VP-010-VP-011 (Parallel 2),4,EXTRA_JAGUARE,-23.555999563062727,-46.74537818213205,Waypoint,1219,305,457
VP-010-VP-011 (Parallel 2),5,Geometric GN_142,-23.600798797887954,-46.72108787857553,Geometric Node,1219,305,457
VP-010-VP-011 (Parallel 2),6,AVENIDA_MORUMBI,-23.60946509000826,-46.71165158665334,Waypoint,1219,305,457
VP-010-VP-011 (Parallel 2),7,PONTE_ESTAIADA,-23.61074626445474,-46.696277493295355,Waypoint,1219,305,457
VP-010-VP-011 (Parallel 2),8,Geometric GN_127,-23.622286992141515,-46.69961328744663,Geometric Node,1219,305,457
VP-010-VP-011 (Parallel 2),9,GRANJA_JULIETA,-23.62868251358441,-46.7102872931336,Waypoint,1219,305,457
VP-010-VP-011 (Parallel 2),10,Geometric GN_75,-23.641473280900353,-46.72235652267906,Geometric Node,1219,305,457
VP-010-VP-011 (Parallel 2),11,EMPRESARIAL,-23.651770957238163,-46.720920989154315,Waypoint,1219,305,457
VP-010-VP-011 (Parallel 2),12,VP-011,-23.7030555555556,-46.6925,Vertiport,760,305,457
VP-010-VP-012 (Parallel 1),1,VP-010,-23.5261111111111,-46.7438888888889,Vertiport,760,305,457
VP-010-VP-012 (Parallel 1),2,CEBOLAO,-23.523825111111098,-46.753563031640546,Waypoint,1219,305,457
VP-010-VP-012 (Parallel 1),3,Geometric GN_126,-23.535255230970282,-46.75008200423485,Geometric Node,1219,305,457
VP-010-VP-012 (Parallel 1),4,PONTE_JAGUARE,-23.547661812105744,-46.736249338949946,Waypoint,1219,305,457
VP-010-VP-012 (Parallel 1),5,Geometric GN_130,-23.562630800377182,-46.70853122413583,Geometric Node,1219,305,457
VP-010-VP-012 (Parallel 1),6,Geometric GN_129,-23.57201626216759,-46.702958606197676,Geometric Node,1219,305,457
VP-010-VP-012 (Parallel 1),7,Geometric GN_128,-23.58765015748261,-46.69364479622283,Geometric Node,1219,305,457
VP-010-VP-012 (Parallel 1),8,VP-012,-23.5866666666667,-46.6816666666667,Vertiport,760,305,457
VP-010-VP-012 (Parallel 2),1,VP-010,-23.5261111111111,-46.7438888888889,Vertiport,760,305,457
VP-010-VP-012 (Parallel 2),2,CEBOLAO,-23.5283971111111,-46.74699252391505,Waypoint,1219,305,457
VP-010-VP-012 (Parallel 2),3,Geometric GN_126,-23.53284476902972,-46.74563799576516,Geometric Node,1219,305,457
VP-010-VP-012 (Parallel 2),4,PONTE_JAGUARE,-23.544004854560853,-46.73319510549446,Waypoint,1219,305,457
VP-010-VP-012 (Parallel 2),5,Geometric GN_130,-23.559333763197618,-46.70481052519657,Geometric Node,1219,305,457
VP-010-VP-012 (Parallel 2),6,Geometric GN_129,-23.56982770155641,-46.698579749295924,Geometric Node,1219,305,457
VP-010-VP-012 (Parallel 2),7,Geometric GN_128,-23.583391675210787,-46.69049908414017,Geometric Node,1219,305,457
VP-010-VP-012 (Parallel 2),8,VP-012,-23.5866666666667,-46.6816666666667,Vertiport,760,305,457
VP-011-VP-012 (Parallel 1),1,VP-011,-23.7030555555556,-46.6925,Vertiport,760,305,457
VP-011-VP-012 (Parallel 1),2,EMPRESARIAL,-23.651770957238163,-46.720920989154315,Waypoint,1219,305,457
VP-011-VP-012 (Parallel 1),3,Geometric GN_75,-23.641473280900353,-46.72235652267906,Geometric Node,1219,305,457
VP-011-VP-012 (Parallel 1),4,GRANJA_JULIETA,-23.62868251358441,-46.7102872931336,Waypoint,1219,305,457
VP-011-VP-012 (Parallel 1),5,Geometric GN_127,-23.622286992141515,-46.69961328744663,Geometric Node,1219,305,457
VP-011-VP-012 (Parallel 1),6,PONTE_ESTAIADA,-23.613696096380817,-46.697130128618994,Waypoint,1219,305,457
VP-011-VP-012 (Parallel 1),7,VP-012,-23.5866666666667,-46.6816666666667,Vertiport,760,305,457
VP-011-VP-012 (Parallel 2),1,VP-011,-23.7030555555556,-46.6925,Vertiport,760,305,457
VP-011-VP-012 (Parallel 2),2,EMPRESARIAL,-23.653229042761836,-46.725745677512286,Waypoint,1219,305,457
VP-011-VP-012 (Parallel 2),3,Geometric GN_75,-23.640026920157847,-46.72758610140735,Geometric Node,1219,305,457
VP-011-VP-012 (Parallel 2),4,GRANJA_JULIETA,-23.625206375304394,-46.7136015957552,Waypoint,1219,305,457
VP-011-VP-012 (Parallel 2),5,Geometric GN_127,-23.619419895770488,-46.703944069624775,Geometric Node,1219,305,457
VP-011-VP-012 (Parallel 2),6,PONTE_ESTAIADA,-23.611859459174784,-46.70175876026981,Waypoint,1219,305,457
VP-011-VP-012 (Parallel 2),7,VP-012,-23.5866666666667,-46.6816666666667,Vertiport,760,305,457
